-- ========================== SCRIPT DE IMPORTACION =============================
DELETE FROM MOVIMIENTO_HISTORICO_PRODUCTO;
DELETE FROM PEDIDO_VENTA_DETALLE; 
DELETE FROM PEDIDO_VENTA_ESTADO; 
DELETE FROM PEDIDO_VENTA;
DELETE FROM CLIENTE_CONTACTO;
DELETE FROM PROVEEDOR_CONTACTO;
DELETE FROM CONTACTO;
DELETE FROM CLIENTE;
DELETE FROM PROVEEDOR_PRODUCTO;
DELETE FROM PRODUCTO_MULTIMEDIO;
DELETE FROM PROVEEDOR;
DELETE FROM MULTIMEDIO;
DELETE FROM ALMACEN_PRODUCTO;
DELETE FROM PRODUCTO;
DELETE FROM MARCA;
DELETE FROM LINEA;
DELETE FROM INDUSTRIA;

-- =================================================================================

-- ==================== PROVEEDOR: 29 ITEMS
INSERT INTO PROVEEDOR(ID,RAZON_SOCIAL,RFC,TELEFONOS,TELEFONOS_MOVILES,FAXES,CALLE,NUM_EXTERIOR,NUM_INTERIOR,POBLACION_ID,EMAIL,URL) VALUES(1,'4E DE MEXICO, S.A. DE C.V.','KAJE010101XXX','55-1234-5678,55-1234-5678','55-1234-5678,55-1234-5678','55-1234-5678,55-1234-5678','CALLE XX','IN','EX',60816,'nomail@mail.com','http://pagina.com');
INSERT INTO PROVEEDOR(ID,RAZON_SOCIAL,RFC,TELEFONOS,TELEFONOS_MOVILES,FAXES,CALLE,NUM_EXTERIOR,NUM_INTERIOR,POBLACION_ID,EMAIL,URL) VALUES(2,'ALEJANDRO','KAJE010101XXX','55-1234-5678,55-1234-5678','55-1234-5678,55-1234-5678','55-1234-5678,55-1234-5678','CALLE XX','IN','EX',60816,'nomail@mail.com','http://pagina.com');
INSERT INTO PROVEEDOR(ID,RAZON_SOCIAL,RFC,TELEFONOS,TELEFONOS_MOVILES,FAXES,CALLE,NUM_EXTERIOR,NUM_INTERIOR,POBLACION_ID,EMAIL,URL) VALUES(3,'ALGODONES ALBY','KAJE010101XXX','55-1234-5678,55-1234-5678','55-1234-5678,55-1234-5678','55-1234-5678,55-1234-5678','CALLE XX','IN','EX',60816,'nomail@mail.com','http://pagina.com');
INSERT INTO PROVEEDOR(ID,RAZON_SOCIAL,RFC,TELEFONOS,TELEFONOS_MOVILES,FAXES,CALLE,NUM_EXTERIOR,NUM_INTERIOR,POBLACION_ID,EMAIL,URL) VALUES(4,'BDF MEXICO, S.A. DE C.V.','KAJE010101XXX','55-1234-5678,55-1234-5678','55-1234-5678,55-1234-5678','55-1234-5678,55-1234-5678','CALLE XX','IN','EX',60816,'nomail@mail.com','http://pagina.com');
INSERT INTO PROVEEDOR(ID,RAZON_SOCIAL,RFC,TELEFONOS,TELEFONOS_MOVILES,FAXES,CALLE,NUM_EXTERIOR,NUM_INTERIOR,POBLACION_ID,EMAIL,URL) VALUES(5,'BODEGA AURRERA','KAJE010101XXX','55-1234-5678,55-1234-5678','55-1234-5678,55-1234-5678','55-1234-5678,55-1234-5678','CALLE XX','IN','EX',60816,'nomail@mail.com','http://pagina.com');
INSERT INTO PROVEEDOR(ID,RAZON_SOCIAL,RFC,TELEFONOS,TELEFONOS_MOVILES,FAXES,CALLE,NUM_EXTERIOR,NUM_INTERIOR,POBLACION_ID,EMAIL,URL) VALUES(6,'COLGATE PALMOLIVE, S.A. DE C.V.','KAJE010101XXX','55-1234-5678,55-1234-5678','55-1234-5678,55-1234-5678','55-1234-5678,55-1234-5678','CALLE XX','IN','EX',60816,'nomail@mail.com','http://pagina.com');
INSERT INTO PROVEEDOR(ID,RAZON_SOCIAL,RFC,TELEFONOS,TELEFONOS_MOVILES,FAXES,CALLE,NUM_EXTERIOR,NUM_INTERIOR,POBLACION_ID,EMAIL,URL) VALUES(7,'COMERCIALIZADORA 4 TODAY, S.A. DE C.V.','KAJE010101XXX','55-1234-5678,55-1234-5678','55-1234-5678,55-1234-5678','55-1234-5678,55-1234-5678','CALLE XX','IN','EX',60816,'nomail@mail.com','http://pagina.com');
INSERT INTO PROVEEDOR(ID,RAZON_SOCIAL,RFC,TELEFONOS,TELEFONOS_MOVILES,FAXES,CALLE,NUM_EXTERIOR,NUM_INTERIOR,POBLACION_ID,EMAIL,URL) VALUES(8,'COSDELVA, S.A. DE C.V.','KAJE010101XXX','55-1234-5678,55-1234-5678','55-1234-5678,55-1234-5678','55-1234-5678,55-1234-5678','CALLE XX','IN','EX',60816,'nomail@mail.com','http://pagina.com');
INSERT INTO PROVEEDOR(ID,RAZON_SOCIAL,RFC,TELEFONOS,TELEFONOS_MOVILES,FAXES,CALLE,NUM_EXTERIOR,NUM_INTERIOR,POBLACION_ID,EMAIL,URL) VALUES(9,'DALUX, S.A. DE C.V.','KAJE010101XXX','55-1234-5678,55-1234-5678','55-1234-5678,55-1234-5678','55-1234-5678,55-1234-5678','CALLE XX','IN','EX',60816,'nomail@mail.com','http://pagina.com');
INSERT INTO PROVEEDOR(ID,RAZON_SOCIAL,RFC,TELEFONOS,TELEFONOS_MOVILES,FAXES,CALLE,NUM_EXTERIOR,NUM_INTERIOR,POBLACION_ID,EMAIL,URL) VALUES(10,'DISTRIBUIDORA ZALAMANDRA','KAJE010101XXX','55-1234-5678,55-1234-5678','55-1234-5678,55-1234-5678','55-1234-5678,55-1234-5678','CALLE XX','IN','EX',60816,'nomail@mail.com','http://pagina.com');
INSERT INTO PROVEEDOR(ID,RAZON_SOCIAL,RFC,TELEFONOS,TELEFONOS_MOVILES,FAXES,CALLE,NUM_EXTERIOR,NUM_INTERIOR,POBLACION_ID,EMAIL,URL) VALUES(11,'DISTRIBUIDORA ZALAMANDRA, S.A. DE C.V.','KAJE010101XXX','55-1234-5678,55-1234-5678','55-1234-5678,55-1234-5678','55-1234-5678,55-1234-5678','CALLE XX','IN','EX',60816,'nomail@mail.com','http://pagina.com');
INSERT INTO PROVEEDOR(ID,RAZON_SOCIAL,RFC,TELEFONOS,TELEFONOS_MOVILES,FAXES,CALLE,NUM_EXTERIOR,NUM_INTERIOR,POBLACION_ID,EMAIL,URL) VALUES(12,'DYPTEL MEXICO, S.A. DE C.V.','KAJE010101XXX','55-1234-5678,55-1234-5678','55-1234-5678,55-1234-5678','55-1234-5678,55-1234-5678','CALLE XX','IN','EX',60816,'nomail@mail.com','http://pagina.com');
INSERT INTO PROVEEDOR(ID,RAZON_SOCIAL,RFC,TELEFONOS,TELEFONOS_MOVILES,FAXES,CALLE,NUM_EXTERIOR,NUM_INTERIOR,POBLACION_ID,EMAIL,URL) VALUES(13,'ELIAS HADID VERDUZCO','KAJE010101XXX','55-1234-5678,55-1234-5678','55-1234-5678,55-1234-5678','55-1234-5678,55-1234-5678','CALLE XX','IN','EX',60816,'nomail@mail.com','http://pagina.com');
INSERT INTO PROVEEDOR(ID,RAZON_SOCIAL,RFC,TELEFONOS,TELEFONOS_MOVILES,FAXES,CALLE,NUM_EXTERIOR,NUM_INTERIOR,POBLACION_ID,EMAIL,URL) VALUES(14,'ERNESTO DIAS','KAJE010101XXX','55-1234-5678,55-1234-5678','55-1234-5678,55-1234-5678','55-1234-5678,55-1234-5678','CALLE XX','IN','EX',60816,'nomail@mail.com','http://pagina.com');
INSERT INTO PROVEEDOR(ID,RAZON_SOCIAL,RFC,TELEFONOS,TELEFONOS_MOVILES,FAXES,CALLE,NUM_EXTERIOR,NUM_INTERIOR,POBLACION_ID,EMAIL,URL) VALUES(15,'GP POWERCELL DE MEXICO, S.A. DE C.V.','KAJE010101XXX','55-1234-5678,55-1234-5678','55-1234-5678,55-1234-5678','55-1234-5678,55-1234-5678','CALLE XX','IN','EX',60816,'nomail@mail.com','http://pagina.com');
INSERT INTO PROVEEDOR(ID,RAZON_SOCIAL,RFC,TELEFONOS,TELEFONOS_MOVILES,FAXES,CALLE,NUM_EXTERIOR,NUM_INTERIOR,POBLACION_ID,EMAIL,URL) VALUES(16,'GRUPO INDUSTRIAL MONT PRIE, S.A. DE C.V.','KAJE010101XXX','55-1234-5678,55-1234-5678','55-1234-5678,55-1234-5678','55-1234-5678,55-1234-5678','CALLE XX','IN','EX',60816,'nomail@mail.com','http://pagina.com');
INSERT INTO PROVEEDOR(ID,RAZON_SOCIAL,RFC,TELEFONOS,TELEFONOS_MOVILES,FAXES,CALLE,NUM_EXTERIOR,NUM_INTERIOR,POBLACION_ID,EMAIL,URL) VALUES(17,'GRUPO Y DISTRIBUCIONES DE ORIENTE, S.A. DE C.V.','KAJE010101XXX','55-1234-5678,55-1234-5678','55-1234-5678,55-1234-5678','55-1234-5678,55-1234-5678','CALLE XX','IN','EX',60816,'nomail@mail.com','http://pagina.com');
INSERT INTO PROVEEDOR(ID,RAZON_SOCIAL,RFC,TELEFONOS,TELEFONOS_MOVILES,FAXES,CALLE,NUM_EXTERIOR,NUM_INTERIOR,POBLACION_ID,EMAIL,URL) VALUES(18,'HELLEN OF TROY DE MEXICO, S. DE R.L. DE C.V.','KAJE010101XXX','55-1234-5678,55-1234-5678','55-1234-5678,55-1234-5678','55-1234-5678,55-1234-5678','CALLE XX','IN','EX',60816,'nomail@mail.com','http://pagina.com');
INSERT INTO PROVEEDOR(ID,RAZON_SOCIAL,RFC,TELEFONOS,TELEFONOS_MOVILES,FAXES,CALLE,NUM_EXTERIOR,NUM_INTERIOR,POBLACION_ID,EMAIL,URL) VALUES(19,'JUAN JOSE SERAFIN DIAZ','KAJE010101XXX','55-1234-5678,55-1234-5678','55-1234-5678,55-1234-5678','55-1234-5678,55-1234-5678','CALLE XX','IN','EX',60816,'nomail@mail.com','http://pagina.com');
INSERT INTO PROVEEDOR(ID,RAZON_SOCIAL,RFC,TELEFONOS,TELEFONOS_MOVILES,FAXES,CALLE,NUM_EXTERIOR,NUM_INTERIOR,POBLACION_ID,EMAIL,URL) VALUES(20,'LABORATORIOS BUSTILLOS, S.A. DE C.V.','KAJE010101XXX','55-1234-5678,55-1234-5678','55-1234-5678,55-1234-5678','55-1234-5678,55-1234-5678','CALLE XX','IN','EX',60816,'nomail@mail.com','http://pagina.com');
INSERT INTO PROVEEDOR(ID,RAZON_SOCIAL,RFC,TELEFONOS,TELEFONOS_MOVILES,FAXES,CALLE,NUM_EXTERIOR,NUM_INTERIOR,POBLACION_ID,EMAIL,URL) VALUES(21,'MEDIKAVA, S.A. DE C.V.','KAJE010101XXX','55-1234-5678,55-1234-5678','55-1234-5678,55-1234-5678','55-1234-5678,55-1234-5678','CALLE XX','IN','EX',60816,'nomail@mail.com','http://pagina.com');
INSERT INTO PROVEEDOR(ID,RAZON_SOCIAL,RFC,TELEFONOS,TELEFONOS_MOVILES,FAXES,CALLE,NUM_EXTERIOR,NUM_INTERIOR,POBLACION_ID,EMAIL,URL) VALUES(22,'NATTURA LABORATORIOS, S.A. DE C.V.','KAJE010101XXX','55-1234-5678,55-1234-5678','55-1234-5678,55-1234-5678','55-1234-5678,55-1234-5678','CALLE XX','IN','EX',60816,'nomail@mail.com','http://pagina.com');
INSERT INTO PROVEEDOR(ID,RAZON_SOCIAL,RFC,TELEFONOS,TELEFONOS_MOVILES,FAXES,CALLE,NUM_EXTERIOR,NUM_INTERIOR,POBLACION_ID,EMAIL,URL) VALUES(23,'OMAR HERRERA','KAJE010101XXX','55-1234-5678,55-1234-5678','55-1234-5678,55-1234-5678','55-1234-5678,55-1234-5678','CALLE XX','IN','EX',60816,'nomail@mail.com','http://pagina.com');
INSERT INTO PROVEEDOR(ID,RAZON_SOCIAL,RFC,TELEFONOS,TELEFONOS_MOVILES,FAXES,CALLE,NUM_EXTERIOR,NUM_INTERIOR,POBLACION_ID,EMAIL,URL) VALUES(24,'PROCTER & GAMBLE INTERNATIONAL OPERATIONS, S.A.','KAJE010101XXX','55-1234-5678,55-1234-5678','55-1234-5678,55-1234-5678','55-1234-5678,55-1234-5678','CALLE XX','IN','EX',60816,'nomail@mail.com','http://pagina.com');
INSERT INTO PROVEEDOR(ID,RAZON_SOCIAL,RFC,TELEFONOS,TELEFONOS_MOVILES,FAXES,CALLE,NUM_EXTERIOR,NUM_INTERIOR,POBLACION_ID,EMAIL,URL) VALUES(25,'PROVEEDORA DE PRODUCTOS Y SERVICIOS GRUPO KAJESKA, S. DE R.L. DE C.V.','KAJE010101XXX','55-1234-5678,55-1234-5678','55-1234-5678,55-1234-5678','55-1234-5678,55-1234-5678','CALLE XX','IN','EX',60816,'nomail@mail.com','http://pagina.com');
INSERT INTO PROVEEDOR(ID,RAZON_SOCIAL,RFC,TELEFONOS,TELEFONOS_MOVILES,FAXES,CALLE,NUM_EXTERIOR,NUM_INTERIOR,POBLACION_ID,EMAIL,URL) VALUES(26,'SAFLOSA INDUSTRIA REAL, S.A. DE C.V.','KAJE010101XXX','55-1234-5678,55-1234-5678','55-1234-5678,55-1234-5678','55-1234-5678,55-1234-5678','CALLE XX','IN','EX',60816,'nomail@mail.com','http://pagina.com');
INSERT INTO PROVEEDOR(ID,RAZON_SOCIAL,RFC,TELEFONOS,TELEFONOS_MOVILES,FAXES,CALLE,NUM_EXTERIOR,NUM_INTERIOR,POBLACION_ID,EMAIL,URL) VALUES(27,'SKN IMAGEN Y BELLEZA, S.A. DE C.V.','KAJE010101XXX','55-1234-5678,55-1234-5678','55-1234-5678,55-1234-5678','55-1234-5678,55-1234-5678','CALLE XX','IN','EX',60816,'nomail@mail.com','http://pagina.com');
INSERT INTO PROVEEDOR(ID,RAZON_SOCIAL,RFC,TELEFONOS,TELEFONOS_MOVILES,FAXES,CALLE,NUM_EXTERIOR,NUM_INTERIOR,POBLACION_ID,EMAIL,URL) VALUES(28,'SR. VICTOR','KAJE010101XXX','55-1234-5678,55-1234-5678','55-1234-5678,55-1234-5678','55-1234-5678,55-1234-5678','CALLE XX','IN','EX',60816,'nomail@mail.com','http://pagina.com');
INSERT INTO PROVEEDOR(ID,RAZON_SOCIAL,RFC,TELEFONOS,TELEFONOS_MOVILES,FAXES,CALLE,NUM_EXTERIOR,NUM_INTERIOR,POBLACION_ID,EMAIL,URL) VALUES(29,'TALCO MAX, S.A. DE C.V.','KAJE010101XXX','55-1234-5678,55-1234-5678','55-1234-5678,55-1234-5678','55-1234-5678,55-1234-5678','CALLE XX','IN','EX',60816,'nomail@mail.com','http://pagina.com');
-- ==================== CLIENTE: 2 ITEMS
INSERT INTO CLIENTE(ID,RAZON_SOCIAL,RFC,TELEFONOS,TELEFONOS_MOVILES,FAXES,CALLE,NUM_EXTERIOR,NUM_INTERIOR,POBLACION_ID,EMAIL,URL) VALUES(1,'PUBLICO GENERAL','XAXX010101000','5.9367894E7','55-1234-5678,55-1234-5678','55-1234-5678,55-1234-5678','FRANCISCO VILLA','Mz 98','Lt 3',60818,'nomail@mail.com','http://pagina.com');
INSERT INTO CLIENTE(ID,RAZON_SOCIAL,RFC,TELEFONOS,TELEFONOS_MOVILES,FAXES,CALLE,NUM_EXTERIOR,NUM_INTERIOR,POBLACION_ID,EMAIL,URL) VALUES(2,'SERVICIOS DE LOGISTICA EMPRESARIAL KENIA, S.A. DE C.V.','SLE120202M92','5.9362597E7','55-1234-5678,55-1234-5678','55-1234-5678,55-1234-5678','CALLE XX','IN','EX',60816,'nomail@mail.com','http://pagina.com');
-- ==================== INDUSTRIA: 33 ITEMS
INSERT INTO INDUSTRIA(ID,NOMBRE) VALUES (1,'COTY MEXICO, S.A. DE C.V.');
INSERT INTO INDUSTRIA(ID,NOMBRE) VALUES (2,'PUIG MEXICO, S.A. DE C.V.');
INSERT INTO INDUSTRIA(ID,NOMBRE) VALUES (3,'MEJVIDA, S.A. DE C.V.');
INSERT INTO INDUSTRIA(ID,NOMBRE) VALUES (4,'NOVARTIS FARMACEUTICA, S.A. DE C.V.');
INSERT INTO INDUSTRIA(ID,NOMBRE) VALUES (5,'HELLEN OF TROY DE MEXICO, S. DE R.L. DE C.V.');
INSERT INTO INDUSTRIA(ID,NOMBRE) VALUES (6,'PROCTER & GAMBLE INTERNATIONAL OPERATIONS, S.A.');
INSERT INTO INDUSTRIA(ID,NOMBRE) VALUES (7,'COSBEL, S.A. DE C.V.');
INSERT INTO INDUSTRIA(ID,NOMBRE) VALUES (8,'COLGATE PALMOLIVE, S.A. DE C.V.');
INSERT INTO INDUSTRIA(ID,NOMBRE) VALUES (9,'UNILEVER DE MEXICO, S DE R.L. DE C.V.');
INSERT INTO INDUSTRIA(ID,NOMBRE) VALUES (10,'INDUSTRIAS BRANER, S.A. DE C.V.');
INSERT INTO INDUSTRIA(ID,NOMBRE) VALUES (11,'CLARINS');
INSERT INTO INDUSTRIA(ID,NOMBRE) VALUES (12,'ALBERTO CULVER, S.A. DE C.V.');
INSERT INTO INDUSTRIA(ID,NOMBRE) VALUES (13,'BDF MEXICO, S.A. DE C.V.');
INSERT INTO INDUSTRIA(ID,NOMBRE) VALUES (14,'JAN BELL DE MEXICO, S. DE R.L. DE C.V.');
INSERT INTO INDUSTRIA(ID,NOMBRE) VALUES (15,'ESTILO Y VANIDAD, S.A. DE C.V.');
INSERT INTO INDUSTRIA(ID,NOMBRE) VALUES (16,'MOCHILAS Y NOVEDADES DEL NORTE, S.A. DE C.V.');
INSERT INTO INDUSTRIA(ID,NOMBRE) VALUES (17,'SKN IMAGEN Y BELLEZA, S.A. DE C.V.');
INSERT INTO INDUSTRIA(ID,NOMBRE) VALUES (18,'SAFLOSA INDUSTRIA REAL, S.A. DE C.V.');
INSERT INTO INDUSTRIA(ID,NOMBRE) VALUES (19,'GENOMA LABORATORIES, S.A. DE C.V.');
INSERT INTO INDUSTRIA(ID,NOMBRE) VALUES (20,'TALCO MAX, S.A. DE C.V.');
INSERT INTO INDUSTRIA(ID,NOMBRE) VALUES (21,'LABORATORIOS BUSTILLOS, S.A. DE C.V.');
INSERT INTO INDUSTRIA(ID,NOMBRE) VALUES (22,'NATTURA LABORATORIOS, S.A. DE C.V.');
INSERT INTO INDUSTRIA(ID,NOMBRE) VALUES (23,'DISNEY');
INSERT INTO INDUSTRIA(ID,NOMBRE) VALUES (24,'ALGODONES ALBY');
INSERT INTO INDUSTRIA(ID,NOMBRE) VALUES (25,'GP POWERCELL DE MEXICO, S.A. DE C.V.');
INSERT INTO INDUSTRIA(ID,NOMBRE) VALUES (26,'4E DE MEXICO, S.A. DE C.V.');
INSERT INTO INDUSTRIA(ID,NOMBRE) VALUES (27,'GRUPO INDUSTRIAL MONT PRIE, S.A. DE C.V.');
INSERT INTO INDUSTRIA(ID,NOMBRE) VALUES (28,'MICRODYN');
INSERT INTO INDUSTRIA(ID,NOMBRE) VALUES (29,'COSDELVA, S.A. DE C.V.');
INSERT INTO INDUSTRIA(ID,NOMBRE) VALUES (30,'CUTEX');
INSERT INTO INDUSTRIA(ID,NOMBRE) VALUES (31,'JOHNSONS & JOHNSONS COMPANY');
INSERT INTO INDUSTRIA(ID,NOMBRE) VALUES (32,'INDUSTRIAS SELECTAS, S.A. DE C.V.');
INSERT INTO INDUSTRIA(ID,NOMBRE) VALUES (33,'DALUX, S.A. DE C.V.');
-- ==================== LINEA: 19 ITEMS
INSERT INTO LINEA(ID,NOMBRE) VALUES (1, 'LOCIONES Y FRAGANCIAS');
INSERT INTO LINEA(ID,NOMBRE) VALUES (2, 'FIJADORES Y ESTILIZADORES');
INSERT INTO LINEA(ID,NOMBRE) VALUES (3, 'PROD DIVERSOS');
INSERT INTO LINEA(ID,NOMBRE) VALUES (4, 'DESODORANTES');
INSERT INTO LINEA(ID,NOMBRE) VALUES (5, 'MEDICAMENTO');
INSERT INTO LINEA(ID,NOMBRE) VALUES (6, 'TALCOS');
INSERT INTO LINEA(ID,NOMBRE) VALUES (7, 'PROD BEBE');
INSERT INTO LINEA(ID,NOMBRE) VALUES (8, 'PROD AFEITAR');
INSERT INTO LINEA(ID,NOMBRE) VALUES (9, 'PROD HOGAR');
INSERT INTO LINEA(ID,NOMBRE) VALUES (10, 'CREMAS');
INSERT INTO LINEA(ID,NOMBRE) VALUES (11, 'LIMPIEZA BUCAL');
INSERT INTO LINEA(ID,NOMBRE) VALUES (12, 'JABON LIQ');
INSERT INTO LINEA(ID,NOMBRE) VALUES (13, 'CUIDADO FACIAL');
INSERT INTO LINEA(ID,NOMBRE) VALUES (14, 'SHAMPOOS');
INSERT INTO LINEA(ID,NOMBRE) VALUES (15, 'JAB TOCADOR');
INSERT INTO LINEA(ID,NOMBRE) VALUES (16, 'PROD KIDS');
INSERT INTO LINEA(ID,NOMBRE) VALUES (17, 'ALGODONES');
INSERT INTO LINEA(ID,NOMBRE) VALUES (18, 'PILAS');
INSERT INTO LINEA(ID,NOMBRE) VALUES (19, 'APARATOS');
-- ==================== MARCA: 101 ITEMS
INSERT INTO MARCA(ID,INDUSTRIA_ID,NOMBRE) VALUES (1,1, 'JOVAN');
INSERT INTO MARCA(ID,INDUSTRIA_ID,NOMBRE) VALUES (2,1, 'ADIDAS');
INSERT INTO MARCA(ID,INDUSTRIA_ID,NOMBRE) VALUES (3,1, 'CELINE DION');
INSERT INTO MARCA(ID,INDUSTRIA_ID,NOMBRE) VALUES (4,2, 'DIAVOLO');
INSERT INTO MARCA(ID,INDUSTRIA_ID,NOMBRE) VALUES (5,2, 'CITRE SHINE');
INSERT INTO MARCA(ID,INDUSTRIA_ID,NOMBRE) VALUES (6,3, 'VIVE');
INSERT INTO MARCA(ID,INDUSTRIA_ID,NOMBRE) VALUES (7,1, 'BRUMEL');
INSERT INTO MARCA(ID,INDUSTRIA_ID,NOMBRE) VALUES (8,1, 'HENO PRAVIA');
INSERT INTO MARCA(ID,INDUSTRIA_ID,NOMBRE) VALUES (9,1, 'COTY');
INSERT INTO MARCA(ID,INDUSTRIA_ID,NOMBRE) VALUES (10,4, 'CATAFLAM');
INSERT INTO MARCA(ID,INDUSTRIA_ID,NOMBRE) VALUES (11,5, 'BRUT');
INSERT INTO MARCA(ID,INDUSTRIA_ID,NOMBRE) VALUES (12,5, 'AMMENS');
INSERT INTO MARCA(ID,INDUSTRIA_ID,NOMBRE) VALUES (13,6, 'GILLETTE');
INSERT INTO MARCA(ID,INDUSTRIA_ID,NOMBRE) VALUES (14,7, 'FRUCTIS');
INSERT INTO MARCA(ID,INDUSTRIA_ID,NOMBRE) VALUES (15,8, 'LADY SS');
INSERT INTO MARCA(ID,INDUSTRIA_ID,NOMBRE) VALUES (16,8, 'AJAX');
INSERT INTO MARCA(ID,INDUSTRIA_ID,NOMBRE) VALUES (17,8, 'PALMOLIVE');
INSERT INTO MARCA(ID,INDUSTRIA_ID,NOMBRE) VALUES (18,8, 'NEUTRO BALANCE');
INSERT INTO MARCA(ID,INDUSTRIA_ID,NOMBRE) VALUES (19,9, 'REXONA');
INSERT INTO MARCA(ID,INDUSTRIA_ID,NOMBRE) VALUES (20,8, 'COLGATE PLAX');
INSERT INTO MARCA(ID,INDUSTRIA_ID,NOMBRE) VALUES (21,7, 'ELVIVE');
INSERT INTO MARCA(ID,INDUSTRIA_ID,NOMBRE) VALUES (22,7, 'LOREAL');
INSERT INTO MARCA(ID,INDUSTRIA_ID,NOMBRE) VALUES (23,8, 'SOFTSOAP');
INSERT INTO MARCA(ID,INDUSTRIA_ID,NOMBRE) VALUES (24,2, 'SPORT MAN');
INSERT INTO MARCA(ID,INDUSTRIA_ID,NOMBRE) VALUES (25,10, 'BABY BRANER');
INSERT INTO MARCA(ID,INDUSTRIA_ID,NOMBRE) VALUES (26,8, 'SPEED STICK');
INSERT INTO MARCA(ID,INDUSTRIA_ID,NOMBRE) VALUES (27,8, 'VEL ROSITA');
INSERT INTO MARCA(ID,INDUSTRIA_ID,NOMBRE) VALUES (28,7, 'GARNIER');
INSERT INTO MARCA(ID,INDUSTRIA_ID,NOMBRE) VALUES (29,5, 'SKIN MILK');
INSERT INTO MARCA(ID,INDUSTRIA_ID,NOMBRE) VALUES (30,9, 'PONDS');
INSERT INTO MARCA(ID,INDUSTRIA_ID,NOMBRE) VALUES (31,11, 'CLARINS');
INSERT INTO MARCA(ID,INDUSTRIA_ID,NOMBRE) VALUES (32,8, 'PROTEX');
INSERT INTO MARCA(ID,INDUSTRIA_ID,NOMBRE) VALUES (33,12, 'FOLICURE');
INSERT INTO MARCA(ID,INDUSTRIA_ID,NOMBRE) VALUES (34,8, 'ALERT');
INSERT INTO MARCA(ID,INDUSTRIA_ID,NOMBRE) VALUES (35,8, 'COLGATE');
INSERT INTO MARCA(ID,INDUSTRIA_ID,NOMBRE) VALUES (36,8, 'CAPRICE');
INSERT INTO MARCA(ID,INDUSTRIA_ID,NOMBRE) VALUES (37,5, 'SURE');
INSERT INTO MARCA(ID,INDUSTRIA_ID,NOMBRE) VALUES (38,1, 'MISTRAL');
INSERT INTO MARCA(ID,INDUSTRIA_ID,NOMBRE) VALUES (39,9, 'PATRICHS');
INSERT INTO MARCA(ID,INDUSTRIA_ID,NOMBRE) VALUES (40,13, 'CURITAS');
INSERT INTO MARCA(ID,INDUSTRIA_ID,NOMBRE) VALUES (41,13, 'NIVEA');
INSERT INTO MARCA(ID,INDUSTRIA_ID,NOMBRE) VALUES (42,14, 'ENGLISH LEATHER');
INSERT INTO MARCA(ID,INDUSTRIA_ID,NOMBRE) VALUES (43,6, 'OLD SPICE');
INSERT INTO MARCA(ID,INDUSTRIA_ID,NOMBRE) VALUES (44,9, 'AXE');
INSERT INTO MARCA(ID,INDUSTRIA_ID,NOMBRE) VALUES (45,7, 'OBAO');
INSERT INTO MARCA(ID,INDUSTRIA_ID,NOMBRE) VALUES (46,9, 'DOVE');
INSERT INTO MARCA(ID,INDUSTRIA_ID,NOMBRE) VALUES (47,7, 'BIO GARNIER');
INSERT INTO MARCA(ID,INDUSTRIA_ID,NOMBRE) VALUES (48,6, 'MUM');
INSERT INTO MARCA(ID,INDUSTRIA_ID,NOMBRE) VALUES (49,8, 'STEFANO');
INSERT INTO MARCA(ID,INDUSTRIA_ID,NOMBRE) VALUES (50,15, 'VANART');
INSERT INTO MARCA(ID,INDUSTRIA_ID,NOMBRE) VALUES (51,6, 'SECRET');
INSERT INTO MARCA(ID,INDUSTRIA_ID,NOMBRE) VALUES (52,16, '4 TODAY');
INSERT INTO MARCA(ID,INDUSTRIA_ID,NOMBRE) VALUES (53,17, 'NATURAL GLOSS');
INSERT INTO MARCA(ID,INDUSTRIA_ID,NOMBRE) VALUES (54,18, 'REAL');
INSERT INTO MARCA(ID,INDUSTRIA_ID,NOMBRE) VALUES (55,19, 'ASEPXIA');
INSERT INTO MARCA(ID,INDUSTRIA_ID,NOMBRE) VALUES (56,20, 'MAX O FRESH');
INSERT INTO MARCA(ID,INDUSTRIA_ID,NOMBRE) VALUES (57,8, 'MENNEN');
INSERT INTO MARCA(ID,INDUSTRIA_ID,NOMBRE) VALUES (58,17, 'SILK HAIR');
INSERT INTO MARCA(ID,INDUSTRIA_ID,NOMBRE) VALUES (59,2, 'BARBIE');
INSERT INTO MARCA(ID,INDUSTRIA_ID,NOMBRE) VALUES (60,21, 'BUSTILLOS');
INSERT INTO MARCA(ID,INDUSTRIA_ID,NOMBRE) VALUES (61,22, 'MOCO GORILA');
INSERT INTO MARCA(ID,INDUSTRIA_ID,NOMBRE) VALUES (62,9, 'ST IVES');
INSERT INTO MARCA(ID,INDUSTRIA_ID,NOMBRE) VALUES (63,6, 'HERBAL ESSENCES');
INSERT INTO MARCA(ID,INDUSTRIA_ID,NOMBRE) VALUES (64,18, 'SUALISS');
INSERT INTO MARCA(ID,INDUSTRIA_ID,NOMBRE) VALUES (65,23, 'DISNEY SUN');
INSERT INTO MARCA(ID,INDUSTRIA_ID,NOMBRE) VALUES (66,6, 'ORAL B');
INSERT INTO MARCA(ID,INDUSTRIA_ID,NOMBRE) VALUES (67,8, 'CURITY');
INSERT INTO MARCA(ID,INDUSTRIA_ID,NOMBRE) VALUES (68,8, 'SUAVITEL');
INSERT INTO MARCA(ID,INDUSTRIA_ID,NOMBRE) VALUES (69,8, 'AXION');
INSERT INTO MARCA(ID,INDUSTRIA_ID,NOMBRE) VALUES (70,24, 'ALBY');
INSERT INTO MARCA(ID,INDUSTRIA_ID,NOMBRE) VALUES (71,9, 'VASENOL');
INSERT INTO MARCA(ID,INDUSTRIA_ID,NOMBRE) VALUES (72,25, 'GP POWERCELL');
INSERT INTO MARCA(ID,INDUSTRIA_ID,NOMBRE) VALUES (73,26, 'BLUMEN');
INSERT INTO MARCA(ID,INDUSTRIA_ID,NOMBRE) VALUES (74,26, 'VIDE');
INSERT INTO MARCA(ID,INDUSTRIA_ID,NOMBRE) VALUES (75,22, 'CHILES');
INSERT INTO MARCA(ID,INDUSTRIA_ID,NOMBRE) VALUES (76,27, 'TERSSURA');
INSERT INTO MARCA(ID,INDUSTRIA_ID,NOMBRE) VALUES (77,28, 'MICRODYN');
INSERT INTO MARCA(ID,INDUSTRIA_ID,NOMBRE) VALUES (78,29, 'FIJA MAX');
INSERT INTO MARCA(ID,INDUSTRIA_ID,NOMBRE) VALUES (79,22, 'FRUITT');
INSERT INTO MARCA(ID,INDUSTRIA_ID,NOMBRE) VALUES (80,8, 'MAGITEL');
INSERT INTO MARCA(ID,INDUSTRIA_ID,NOMBRE) VALUES (81,13, 'EUCERIN');
INSERT INTO MARCA(ID,INDUSTRIA_ID,NOMBRE) VALUES (82,8, 'FABULOSO');
INSERT INTO MARCA(ID,INDUSTRIA_ID,NOMBRE) VALUES (83,8, 'WILDROOT');
INSERT INTO MARCA(ID,INDUSTRIA_ID,NOMBRE) VALUES (84,6, 'CREST');
INSERT INTO MARCA(ID,INDUSTRIA_ID,NOMBRE) VALUES (85,30, 'CUTEX');
INSERT INTO MARCA(ID,INDUSTRIA_ID,NOMBRE) VALUES (86,31, 'JOHNSONS');
INSERT INTO MARCA(ID,INDUSTRIA_ID,NOMBRE) VALUES (87,7, 'MAYBELLINE');
INSERT INTO MARCA(ID,INDUSTRIA_ID,NOMBRE) VALUES (88,29, 'MAXY');
INSERT INTO MARCA(ID,INDUSTRIA_ID,NOMBRE) VALUES (89,33, 'DALUX');
INSERT INTO MARCA(ID,INDUSTRIA_ID,NOMBRE) VALUES (90,33, 'FRESH CARE');
INSERT INTO MARCA(ID,INDUSTRIA_ID,NOMBRE) VALUES (91,33, 'COMETA');
INSERT INTO MARCA(ID,INDUSTRIA_ID,NOMBRE) VALUES (92,10, 'FRESH GO');
INSERT INTO MARCA(ID,INDUSTRIA_ID,NOMBRE) VALUES (93,22, 'XTRIM');
INSERT INTO MARCA(ID,INDUSTRIA_ID,NOMBRE) VALUES (94,31, 'LUBRIDERM');
INSERT INTO MARCA(ID,INDUSTRIA_ID,NOMBRE) VALUES (95,2, 'ANTONIO BANDERAS');
INSERT INTO MARCA(ID,INDUSTRIA_ID,NOMBRE) VALUES (96,1, 'ALEJANDRO SANZ');
INSERT INTO MARCA(ID,INDUSTRIA_ID,NOMBRE) VALUES (97,32, 'MAJA');
INSERT INTO MARCA(ID,INDUSTRIA_ID,NOMBRE) VALUES (98,1, 'EXCLAMATION');
INSERT INTO MARCA(ID,INDUSTRIA_ID,NOMBRE) VALUES (99,8, 'NORDIKO');
INSERT INTO MARCA(ID,INDUSTRIA_ID,NOMBRE) VALUES (100,5, 'REVLON');
INSERT INTO MARCA(ID,INDUSTRIA_ID,NOMBRE) VALUES (101,5, 'VIDAL SASSOON');
-- ==================== PRODUCTO: 1238 ITEMS
-- ===========PRODUCTO [1]
INSERT INTO PRODUCTO(ID,MARCA_ID,LINEA_ID,NOMBRE,PRESENTACION,CONTENIDO,UNIDADES_POR_CAJA,COSTO,COSTO_VENTA,PRECIO_BASE,UNIDAD_MEDIDA,CODIGO_BARRAS,ABREBIATURA) VALUES(1,1,1,'Jovan Estuche 2 Colonias','White Musk',2.0,4.0,0.000000,0.000000,0.000000,'Pz','31655713434','Jovan Est White 2Pz');

INSERT INTO MOVIMIENTO_HISTORICO_PRODUCTO (ALMACEN_ID,PRODUCTO_ID,FECHA,TIPO_MOVIMIENTO_ID,CANTIDAD,COSTO,PRECIO,USUARIO_ID) VALUES(1,1,now(),30,3,0.000000,0.000000,'root');
INSERT INTO ALMACEN_PRODUCTO(ALMACEN_ID,PRODUCTO_ID,CANTIDAD_ACTUAL,PRECIO_VENTA) VALUES (1,1,3,0.000000);

INSERT INTO ALMACEN_PRODUCTO(ALMACEN_ID,PRODUCTO_ID,CANTIDAD_ACTUAL,PRECIO_VENTA) VALUES (2,1,0,0.000000);

INSERT INTO ALMACEN_PRODUCTO(ALMACEN_ID,PRODUCTO_ID,CANTIDAD_ACTUAL,PRECIO_VENTA) VALUES (3,1,3,0.000000);

INSERT INTO ALMACEN_PRODUCTO(ALMACEN_ID,PRODUCTO_ID,CANTIDAD_ACTUAL,PRECIO_VENTA) VALUES (4,1,0,0.000000);

INSERT INTO PROVEEDOR_PRODUCTO(PROVEEDOR_ID,PRODUCTO_ID,PRECIO_COMPRA) VALUES(13,1, 0.000000);

-- ===========PRODUCTO [2]
INSERT INTO PRODUCTO(ID,MARCA_ID,LINEA_ID,NOMBRE,PRESENTACION,CONTENIDO,UNIDADES_POR_CAJA,COSTO,COSTO_VENTA,PRECIO_BASE,UNIDAD_MEDIDA,CODIGO_BARRAS,ABREBIATURA) VALUES(2,2,1,'Adidas Estuche Colonia + Locion','Victory League',2.0,4.0,107.334770,107.334770,149.410000,'Pz','7501737401991','Adidas Est Col Aft Vic');

INSERT INTO MOVIMIENTO_HISTORICO_PRODUCTO (ALMACEN_ID,PRODUCTO_ID,FECHA,TIPO_MOVIMIENTO_ID,CANTIDAD,COSTO,PRECIO,USUARIO_ID) VALUES(1,2,now(),30,2,107.334770,149.410000,'root');
INSERT INTO ALMACEN_PRODUCTO(ALMACEN_ID,PRODUCTO_ID,CANTIDAD_ACTUAL,PRECIO_VENTA) VALUES (1,2,2,149.410000);

INSERT INTO ALMACEN_PRODUCTO(ALMACEN_ID,PRODUCTO_ID,CANTIDAD_ACTUAL,PRECIO_VENTA) VALUES (2,2,0,0.000000);

INSERT INTO ALMACEN_PRODUCTO(ALMACEN_ID,PRODUCTO_ID,CANTIDAD_ACTUAL,PRECIO_VENTA) VALUES (3,2,2,149.000000);

INSERT INTO ALMACEN_PRODUCTO(ALMACEN_ID,PRODUCTO_ID,CANTIDAD_ACTUAL,PRECIO_VENTA) VALUES (4,2,0,0.000000);

INSERT INTO PROVEEDOR_PRODUCTO(PROVEEDOR_ID,PRODUCTO_ID,PRECIO_COMPRA) VALUES(13,2, 107.334770);

-- ===========PRODUCTO [3]
INSERT INTO PRODUCTO(ID,MARCA_ID,LINEA_ID,NOMBRE,PRESENTACION,CONTENIDO,UNIDADES_POR_CAJA,COSTO,COSTO_VENTA,PRECIO_BASE,UNIDAD_MEDIDA,CODIGO_BARRAS,ABREBIATURA) VALUES(3,2,1,'Adidas Estuche Colonia + Locion','Victory League',2.0,4.0,107.334770,107.334770,149.410000,'Pz','7501737406705','Adidas Est Col Aft Vic');

INSERT INTO MOVIMIENTO_HISTORICO_PRODUCTO (ALMACEN_ID,PRODUCTO_ID,FECHA,TIPO_MOVIMIENTO_ID,CANTIDAD,COSTO,PRECIO,USUARIO_ID) VALUES(1,3,now(),30,1,107.334770,149.410000,'root');
INSERT INTO ALMACEN_PRODUCTO(ALMACEN_ID,PRODUCTO_ID,CANTIDAD_ACTUAL,PRECIO_VENTA) VALUES (1,3,1,149.410000);

INSERT INTO ALMACEN_PRODUCTO(ALMACEN_ID,PRODUCTO_ID,CANTIDAD_ACTUAL,PRECIO_VENTA) VALUES (2,3,0,0.000000);

INSERT INTO ALMACEN_PRODUCTO(ALMACEN_ID,PRODUCTO_ID,CANTIDAD_ACTUAL,PRECIO_VENTA) VALUES (3,3,1,149.000000);

INSERT INTO ALMACEN_PRODUCTO(ALMACEN_ID,PRODUCTO_ID,CANTIDAD_ACTUAL,PRECIO_VENTA) VALUES (4,3,0,0.000000);

INSERT INTO PROVEEDOR_PRODUCTO(PROVEEDOR_ID,PRODUCTO_ID,PRECIO_COMPRA) VALUES(13,3, 107.334770);

-- ===========PRODUCTO [4]
INSERT INTO PRODUCTO(ID,MARCA_ID,LINEA_ID,NOMBRE,PRESENTACION,CONTENIDO,UNIDADES_POR_CAJA,COSTO,COSTO_VENTA,PRECIO_BASE,UNIDAD_MEDIDA,CODIGO_BARRAS,ABREBIATURA) VALUES(4,1,1,'Jovan Colonia Dama','Fresh Musk',100.0,12.0,0.000000,0.000000,0.000000,'ML','7501737414076','Jovan Frsh Musk 100');

INSERT INTO MOVIMIENTO_HISTORICO_PRODUCTO (ALMACEN_ID,PRODUCTO_ID,FECHA,TIPO_MOVIMIENTO_ID,CANTIDAD,COSTO,PRECIO,USUARIO_ID) VALUES(1,4,now(),30,3,0.000000,0.000000,'root');
INSERT INTO ALMACEN_PRODUCTO(ALMACEN_ID,PRODUCTO_ID,CANTIDAD_ACTUAL,PRECIO_VENTA) VALUES (1,4,3,0.000000);

INSERT INTO ALMACEN_PRODUCTO(ALMACEN_ID,PRODUCTO_ID,CANTIDAD_ACTUAL,PRECIO_VENTA) VALUES (2,4,0,0.000000);

INSERT INTO ALMACEN_PRODUCTO(ALMACEN_ID,PRODUCTO_ID,CANTIDAD_ACTUAL,PRECIO_VENTA) VALUES (3,4,3,0.000000);

INSERT INTO ALMACEN_PRODUCTO(ALMACEN_ID,PRODUCTO_ID,CANTIDAD_ACTUAL,PRECIO_VENTA) VALUES (4,4,0,0.000000);

INSERT INTO PROVEEDOR_PRODUCTO(PROVEEDOR_ID,PRODUCTO_ID,PRECIO_COMPRA) VALUES(13,4, 0.000000);

-- ===========PRODUCTO [5]
INSERT INTO PRODUCTO(ID,MARCA_ID,LINEA_ID,NOMBRE,PRESENTACION,CONTENIDO,UNIDADES_POR_CAJA,COSTO,COSTO_VENTA,PRECIO_BASE,UNIDAD_MEDIDA,CODIGO_BARRAS,ABREBIATURA) VALUES(5,1,1,'Jovan Colonia Dama','Island Gardenia',44.0,15.0,0.000000,0.000000,0.000000,'ML','35017010353','Jovan Island Gard 44');

INSERT INTO MOVIMIENTO_HISTORICO_PRODUCTO (ALMACEN_ID,PRODUCTO_ID,FECHA,TIPO_MOVIMIENTO_ID,CANTIDAD,COSTO,PRECIO,USUARIO_ID) VALUES(1,5,now(),30,3,0.000000,0.000000,'root');
INSERT INTO ALMACEN_PRODUCTO(ALMACEN_ID,PRODUCTO_ID,CANTIDAD_ACTUAL,PRECIO_VENTA) VALUES (1,5,3,0.000000);

INSERT INTO ALMACEN_PRODUCTO(ALMACEN_ID,PRODUCTO_ID,CANTIDAD_ACTUAL,PRECIO_VENTA) VALUES (2,5,0,0.000000);

INSERT INTO ALMACEN_PRODUCTO(ALMACEN_ID,PRODUCTO_ID,CANTIDAD_ACTUAL,PRECIO_VENTA) VALUES (3,5,3,0.000000);

INSERT INTO ALMACEN_PRODUCTO(ALMACEN_ID,PRODUCTO_ID,CANTIDAD_ACTUAL,PRECIO_VENTA) VALUES (4,5,0,0.000000);

INSERT INTO PROVEEDOR_PRODUCTO(PROVEEDOR_ID,PRODUCTO_ID,PRECIO_COMPRA) VALUES(13,5, 0.000000);

-- ===========PRODUCTO [6]
INSERT INTO PRODUCTO(ID,MARCA_ID,LINEA_ID,NOMBRE,PRESENTACION,CONTENIDO,UNIDADES_POR_CAJA,COSTO,COSTO_VENTA,PRECIO_BASE,UNIDAD_MEDIDA,CODIGO_BARRAS,ABREBIATURA) VALUES(6,3,1,'Celine Dion Parfums','Eau de Toilette',30.0,6.0,0.000000,0.000000,0.000000,'ML','3412242000026','Celine Perfume 30ml');

INSERT INTO MOVIMIENTO_HISTORICO_PRODUCTO (ALMACEN_ID,PRODUCTO_ID,FECHA,TIPO_MOVIMIENTO_ID,CANTIDAD,COSTO,PRECIO,USUARIO_ID) VALUES(1,6,now(),30,3,0.000000,0.000000,'root');
INSERT INTO ALMACEN_PRODUCTO(ALMACEN_ID,PRODUCTO_ID,CANTIDAD_ACTUAL,PRECIO_VENTA) VALUES (1,6,3,0.000000);

INSERT INTO ALMACEN_PRODUCTO(ALMACEN_ID,PRODUCTO_ID,CANTIDAD_ACTUAL,PRECIO_VENTA) VALUES (2,6,0,0.000000);

INSERT INTO ALMACEN_PRODUCTO(ALMACEN_ID,PRODUCTO_ID,CANTIDAD_ACTUAL,PRECIO_VENTA) VALUES (3,6,3,0.000000);

INSERT INTO ALMACEN_PRODUCTO(ALMACEN_ID,PRODUCTO_ID,CANTIDAD_ACTUAL,PRECIO_VENTA) VALUES (4,6,0,0.000000);

INSERT INTO PROVEEDOR_PRODUCTO(PROVEEDOR_ID,PRODUCTO_ID,PRECIO_COMPRA) VALUES(13,6, 0.000000);

-- ===========PRODUCTO [7]
INSERT INTO PRODUCTO(ID,MARCA_ID,LINEA_ID,NOMBRE,PRESENTACION,CONTENIDO,UNIDADES_POR_CAJA,COSTO,COSTO_VENTA,PRECIO_BASE,UNIDAD_MEDIDA,CODIGO_BARRAS,ABREBIATURA) VALUES(7,4,1,'Diavolo Colonia Dama','PerDonna',50.0,16.0,0.000000,0.000000,0.000000,'ML','602102002427','Diavol Perdona 50ml');

INSERT INTO MOVIMIENTO_HISTORICO_PRODUCTO (ALMACEN_ID,PRODUCTO_ID,FECHA,TIPO_MOVIMIENTO_ID,CANTIDAD,COSTO,PRECIO,USUARIO_ID) VALUES(1,7,now(),30,3,0.000000,0.000000,'root');
INSERT INTO ALMACEN_PRODUCTO(ALMACEN_ID,PRODUCTO_ID,CANTIDAD_ACTUAL,PRECIO_VENTA) VALUES (1,7,3,0.000000);

INSERT INTO ALMACEN_PRODUCTO(ALMACEN_ID,PRODUCTO_ID,CANTIDAD_ACTUAL,PRECIO_VENTA) VALUES (2,7,0,0.000000);

INSERT INTO ALMACEN_PRODUCTO(ALMACEN_ID,PRODUCTO_ID,CANTIDAD_ACTUAL,PRECIO_VENTA) VALUES (3,7,3,0.000000);

INSERT INTO ALMACEN_PRODUCTO(ALMACEN_ID,PRODUCTO_ID,CANTIDAD_ACTUAL,PRECIO_VENTA) VALUES (4,7,0,0.000000);

INSERT INTO PROVEEDOR_PRODUCTO(PROVEEDOR_ID,PRODUCTO_ID,PRECIO_COMPRA) VALUES(13,7, 0.000000);

-- ===========PRODUCTO [8]
INSERT INTO PRODUCTO(ID,MARCA_ID,LINEA_ID,NOMBRE,PRESENTACION,CONTENIDO,UNIDADES_POR_CAJA,COSTO,COSTO_VENTA,PRECIO_BASE,UNIDAD_MEDIDA,CODIGO_BARRAS,ABREBIATURA) VALUES(8,2,1,'Adidas Colonia Dama','Natural Vitality',50.0,6.0,59.870690,59.870690,83.340000,'ML','3661163403601','Adi Col Natural 50ml');

INSERT INTO MOVIMIENTO_HISTORICO_PRODUCTO (ALMACEN_ID,PRODUCTO_ID,FECHA,TIPO_MOVIMIENTO_ID,CANTIDAD,COSTO,PRECIO,USUARIO_ID) VALUES(1,8,now(),30,3,59.870690,83.340000,'root');
INSERT INTO ALMACEN_PRODUCTO(ALMACEN_ID,PRODUCTO_ID,CANTIDAD_ACTUAL,PRECIO_VENTA) VALUES (1,8,3,83.340000);

INSERT INTO ALMACEN_PRODUCTO(ALMACEN_ID,PRODUCTO_ID,CANTIDAD_ACTUAL,PRECIO_VENTA) VALUES (2,8,0,0.000000);

INSERT INTO ALMACEN_PRODUCTO(ALMACEN_ID,PRODUCTO_ID,CANTIDAD_ACTUAL,PRECIO_VENTA) VALUES (3,8,3,89.000000);

INSERT INTO ALMACEN_PRODUCTO(ALMACEN_ID,PRODUCTO_ID,CANTIDAD_ACTUAL,PRECIO_VENTA) VALUES (4,8,0,0.000000);

INSERT INTO PROVEEDOR_PRODUCTO(PROVEEDOR_ID,PRODUCTO_ID,PRECIO_COMPRA) VALUES(13,8, 59.870690);

-- ===========PRODUCTO [9]
INSERT INTO PRODUCTO(ID,MARCA_ID,LINEA_ID,NOMBRE,PRESENTACION,CONTENIDO,UNIDADES_POR_CAJA,COSTO,COSTO_VENTA,PRECIO_BASE,UNIDAD_MEDIDA,CODIGO_BARRAS,ABREBIATURA) VALUES(9,2,1,'Adidas Colonia Dama','Fresh Vibes',50.0,6.0,59.870690,59.870690,83.340000,'ML','3412244410021','Adi Col Fresh V 50ml');

INSERT INTO MOVIMIENTO_HISTORICO_PRODUCTO (ALMACEN_ID,PRODUCTO_ID,FECHA,TIPO_MOVIMIENTO_ID,CANTIDAD,COSTO,PRECIO,USUARIO_ID) VALUES(1,9,now(),30,3,59.870690,83.340000,'root');
INSERT INTO ALMACEN_PRODUCTO(ALMACEN_ID,PRODUCTO_ID,CANTIDAD_ACTUAL,PRECIO_VENTA) VALUES (1,9,3,83.340000);

INSERT INTO ALMACEN_PRODUCTO(ALMACEN_ID,PRODUCTO_ID,CANTIDAD_ACTUAL,PRECIO_VENTA) VALUES (2,9,0,0.000000);

INSERT INTO ALMACEN_PRODUCTO(ALMACEN_ID,PRODUCTO_ID,CANTIDAD_ACTUAL,PRECIO_VENTA) VALUES (3,9,3,89.000000);

INSERT INTO ALMACEN_PRODUCTO(ALMACEN_ID,PRODUCTO_ID,CANTIDAD_ACTUAL,PRECIO_VENTA) VALUES (4,9,0,0.000000);

INSERT INTO PROVEEDOR_PRODUCTO(PROVEEDOR_ID,PRODUCTO_ID,PRECIO_COMPRA) VALUES(13,9, 59.870690);

-- ===========PRODUCTO [10]
INSERT INTO PRODUCTO(ID,MARCA_ID,LINEA_ID,NOMBRE,PRESENTACION,CONTENIDO,UNIDADES_POR_CAJA,COSTO,COSTO_VENTA,PRECIO_BASE,UNIDAD_MEDIDA,CODIGO_BARRAS,ABREBIATURA) VALUES(10,2,1,'Adidas Colonia Dama','Tropical Passion',50.0,6.0,59.870690,59.870690,83.340000,'ML','3412245410013','Adi Col Tropic 50ml');

INSERT INTO MOVIMIENTO_HISTORICO_PRODUCTO (ALMACEN_ID,PRODUCTO_ID,FECHA,TIPO_MOVIMIENTO_ID,CANTIDAD,COSTO,PRECIO,USUARIO_ID) VALUES(1,10,now(),30,3,59.870690,83.340000,'root');
INSERT INTO ALMACEN_PRODUCTO(ALMACEN_ID,PRODUCTO_ID,CANTIDAD_ACTUAL,PRECIO_VENTA) VALUES (1,10,3,83.340000);

INSERT INTO ALMACEN_PRODUCTO(ALMACEN_ID,PRODUCTO_ID,CANTIDAD_ACTUAL,PRECIO_VENTA) VALUES (2,10,0,0.000000);

INSERT INTO ALMACEN_PRODUCTO(ALMACEN_ID,PRODUCTO_ID,CANTIDAD_ACTUAL,PRECIO_VENTA) VALUES (3,10,3,89.000000);

INSERT INTO ALMACEN_PRODUCTO(ALMACEN_ID,PRODUCTO_ID,CANTIDAD_ACTUAL,PRECIO_VENTA) VALUES (4,10,0,0.000000);

INSERT INTO PROVEEDOR_PRODUCTO(PROVEEDOR_ID,PRODUCTO_ID,PRECIO_COMPRA) VALUES(13,10, 59.870690);

-- ===========PRODUCTO [11]
INSERT INTO PRODUCTO(ID,MARCA_ID,LINEA_ID,NOMBRE,PRESENTACION,CONTENIDO,UNIDADES_POR_CAJA,COSTO,COSTO_VENTA,PRECIO_BASE,UNIDAD_MEDIDA,CODIGO_BARRAS,ABREBIATURA) VALUES(11,2,1,'Adidas Colonia Dama','Pure Lightness',50.0,6.0,59.870690,59.870690,83.340000,'ML','3412245810028','Adi Col Pure L 50ml');

INSERT INTO MOVIMIENTO_HISTORICO_PRODUCTO (ALMACEN_ID,PRODUCTO_ID,FECHA,TIPO_MOVIMIENTO_ID,CANTIDAD,COSTO,PRECIO,USUARIO_ID) VALUES(1,11,now(),30,6,59.870690,83.340000,'root');
INSERT INTO ALMACEN_PRODUCTO(ALMACEN_ID,PRODUCTO_ID,CANTIDAD_ACTUAL,PRECIO_VENTA) VALUES (1,11,6,83.340000);

INSERT INTO ALMACEN_PRODUCTO(ALMACEN_ID,PRODUCTO_ID,CANTIDAD_ACTUAL,PRECIO_VENTA) VALUES (2,11,0,0.000000);

INSERT INTO ALMACEN_PRODUCTO(ALMACEN_ID,PRODUCTO_ID,CANTIDAD_ACTUAL,PRECIO_VENTA) VALUES (3,11,6,89.000000);

INSERT INTO ALMACEN_PRODUCTO(ALMACEN_ID,PRODUCTO_ID,CANTIDAD_ACTUAL,PRECIO_VENTA) VALUES (4,11,0,0.000000);

INSERT INTO PROVEEDOR_PRODUCTO(PROVEEDOR_ID,PRODUCTO_ID,PRECIO_COMPRA) VALUES(13,11, 59.870690);

-- ===========PRODUCTO [12]
INSERT INTO PRODUCTO(ID,MARCA_ID,LINEA_ID,NOMBRE,PRESENTACION,CONTENIDO,UNIDADES_POR_CAJA,COSTO,COSTO_VENTA,PRECIO_BASE,UNIDAD_MEDIDA,CODIGO_BARRAS,ABREBIATURA) VALUES(12,5,2,'Citre Shine Tratamiento Ampolletas 18ml','Reapara y Fortalece',3.0,6.0,0.000000,0.000000,0.000000,'PZ','52336204263','Citre Sh Trat Amp 118');

INSERT INTO MOVIMIENTO_HISTORICO_PRODUCTO (ALMACEN_ID,PRODUCTO_ID,FECHA,TIPO_MOVIMIENTO_ID,CANTIDAD,COSTO,PRECIO,USUARIO_ID) VALUES(1,12,now(),30,0,0.000000,0.000000,'root');
INSERT INTO ALMACEN_PRODUCTO(ALMACEN_ID,PRODUCTO_ID,CANTIDAD_ACTUAL,PRECIO_VENTA) VALUES (1,12,0,0.000000);

INSERT INTO ALMACEN_PRODUCTO(ALMACEN_ID,PRODUCTO_ID,CANTIDAD_ACTUAL,PRECIO_VENTA) VALUES (2,12,0,0.000000);

INSERT INTO PROVEEDOR_PRODUCTO(PROVEEDOR_ID,PRODUCTO_ID,PRECIO_COMPRA) VALUES(13,12, 0.000000);

-- ===========PRODUCTO [13]
INSERT INTO PRODUCTO(ID,MARCA_ID,LINEA_ID,NOMBRE,PRESENTACION,CONTENIDO,UNIDADES_POR_CAJA,COSTO,COSTO_VENTA,PRECIO_BASE,UNIDAD_MEDIDA,CODIGO_BARRAS,ABREBIATURA) VALUES(13,3,1,'Celine Dion Parfums Estuche','Perfume + Shower Gel',2.0,6.0,0.000000,0.000000,0.000000,'PZ','7501737461278','Celine Est Perf + Gel');

INSERT INTO MOVIMIENTO_HISTORICO_PRODUCTO (ALMACEN_ID,PRODUCTO_ID,FECHA,TIPO_MOVIMIENTO_ID,CANTIDAD,COSTO,PRECIO,USUARIO_ID) VALUES(1,13,now(),30,2,0.000000,0.000000,'root');
INSERT INTO ALMACEN_PRODUCTO(ALMACEN_ID,PRODUCTO_ID,CANTIDAD_ACTUAL,PRECIO_VENTA) VALUES (1,13,2,0.000000);

INSERT INTO ALMACEN_PRODUCTO(ALMACEN_ID,PRODUCTO_ID,CANTIDAD_ACTUAL,PRECIO_VENTA) VALUES (2,13,0,0.000000);

INSERT INTO ALMACEN_PRODUCTO(ALMACEN_ID,PRODUCTO_ID,CANTIDAD_ACTUAL,PRECIO_VENTA) VALUES (3,13,2,0.000000);

INSERT INTO ALMACEN_PRODUCTO(ALMACEN_ID,PRODUCTO_ID,CANTIDAD_ACTUAL,PRECIO_VENTA) VALUES (4,13,0,0.000000);

INSERT INTO PROVEEDOR_PRODUCTO(PROVEEDOR_ID,PRODUCTO_ID,PRECIO_COMPRA) VALUES(13,13, 0.000000);

-- ===========PRODUCTO [14]
INSERT INTO PRODUCTO(ID,MARCA_ID,LINEA_ID,NOMBRE,PRESENTACION,CONTENIDO,UNIDADES_POR_CAJA,COSTO,COSTO_VENTA,PRECIO_BASE,UNIDAD_MEDIDA,CODIGO_BARRAS,ABREBIATURA) VALUES(14,3,1,'Celine Dion Parfums Estuche','Perfume + Crema Corporal',2.0,6.0,0.000000,0.000000,0.000000,'PZ','7501737461285','Celine Est Perf + Crem');

INSERT INTO MOVIMIENTO_HISTORICO_PRODUCTO (ALMACEN_ID,PRODUCTO_ID,FECHA,TIPO_MOVIMIENTO_ID,CANTIDAD,COSTO,PRECIO,USUARIO_ID) VALUES(1,14,now(),30,2,0.000000,0.000000,'root');
INSERT INTO ALMACEN_PRODUCTO(ALMACEN_ID,PRODUCTO_ID,CANTIDAD_ACTUAL,PRECIO_VENTA) VALUES (1,14,2,0.000000);

INSERT INTO ALMACEN_PRODUCTO(ALMACEN_ID,PRODUCTO_ID,CANTIDAD_ACTUAL,PRECIO_VENTA) VALUES (2,14,0,0.000000);

INSERT INTO ALMACEN_PRODUCTO(ALMACEN_ID,PRODUCTO_ID,CANTIDAD_ACTUAL,PRECIO_VENTA) VALUES (3,14,2,0.000000);

INSERT INTO ALMACEN_PRODUCTO(ALMACEN_ID,PRODUCTO_ID,CANTIDAD_ACTUAL,PRECIO_VENTA) VALUES (4,14,0,0.000000);

INSERT INTO PROVEEDOR_PRODUCTO(PROVEEDOR_ID,PRODUCTO_ID,PRECIO_COMPRA) VALUES(13,14, 0.000000);

-- ===========PRODUCTO [15]
INSERT INTO PRODUCTO(ID,MARCA_ID,LINEA_ID,NOMBRE,PRESENTACION,CONTENIDO,UNIDADES_POR_CAJA,COSTO,COSTO_VENTA,PRECIO_BASE,UNIDAD_MEDIDA,CODIGO_BARRAS,ABREBIATURA) VALUES(15,1,1,'Jovan Musk Oil Bolita','Pretenders',1.3,6.0,0.000000,0.000000,0.000000,'Oz','7729013789712','Jovan Bol Pretender');

INSERT INTO MOVIMIENTO_HISTORICO_PRODUCTO (ALMACEN_ID,PRODUCTO_ID,FECHA,TIPO_MOVIMIENTO_ID,CANTIDAD,COSTO,PRECIO,USUARIO_ID) VALUES(1,15,now(),30,6,0.000000,0.000000,'root');
INSERT INTO ALMACEN_PRODUCTO(ALMACEN_ID,PRODUCTO_ID,CANTIDAD_ACTUAL,PRECIO_VENTA) VALUES (1,15,6,0.000000);

INSERT INTO ALMACEN_PRODUCTO(ALMACEN_ID,PRODUCTO_ID,CANTIDAD_ACTUAL,PRECIO_VENTA) VALUES (2,15,0,0.000000);

INSERT INTO ALMACEN_PRODUCTO(ALMACEN_ID,PRODUCTO_ID,CANTIDAD_ACTUAL,PRECIO_VENTA) VALUES (3,15,6,0.000000);

INSERT INTO ALMACEN_PRODUCTO(ALMACEN_ID,PRODUCTO_ID,CANTIDAD_ACTUAL,PRECIO_VENTA) VALUES (4,15,0,0.000000);

INSERT INTO PROVEEDOR_PRODUCTO(PROVEEDOR_ID,PRODUCTO_ID,PRECIO_COMPRA) VALUES(13,15, 0.000000);

-- ===========PRODUCTO [16]
INSERT INTO PRODUCTO(ID,MARCA_ID,LINEA_ID,NOMBRE,PRESENTACION,CONTENIDO,UNIDADES_POR_CAJA,COSTO,COSTO_VENTA,PRECIO_BASE,UNIDAD_MEDIDA,CODIGO_BARRAS,ABREBIATURA) VALUES(16,6,3,'Vive Colors Condones','Chocolate',3.0,432.0,0.000000,0.000000,0.000000,'Pz','7404001750347','Vive Cond Chocol 3Pz');

INSERT INTO MOVIMIENTO_HISTORICO_PRODUCTO (ALMACEN_ID,PRODUCTO_ID,FECHA,TIPO_MOVIMIENTO_ID,CANTIDAD,COSTO,PRECIO,USUARIO_ID) VALUES(1,16,now(),30,12,0.000000,0.000000,'root');
INSERT INTO ALMACEN_PRODUCTO(ALMACEN_ID,PRODUCTO_ID,CANTIDAD_ACTUAL,PRECIO_VENTA) VALUES (1,16,12,0.000000);

INSERT INTO ALMACEN_PRODUCTO(ALMACEN_ID,PRODUCTO_ID,CANTIDAD_ACTUAL,PRECIO_VENTA) VALUES (2,16,0,0.000000);

INSERT INTO ALMACEN_PRODUCTO(ALMACEN_ID,PRODUCTO_ID,CANTIDAD_ACTUAL,PRECIO_VENTA) VALUES (3,16,12,0.000000);

INSERT INTO ALMACEN_PRODUCTO(ALMACEN_ID,PRODUCTO_ID,CANTIDAD_ACTUAL,PRECIO_VENTA) VALUES (4,16,0,0.000000);

INSERT INTO PROVEEDOR_PRODUCTO(PROVEEDOR_ID,PRODUCTO_ID,PRECIO_COMPRA) VALUES(21,16, 0.000000);

-- ===========PRODUCTO [17]
INSERT INTO PRODUCTO(ID,MARCA_ID,LINEA_ID,NOMBRE,PRESENTACION,CONTENIDO,UNIDADES_POR_CAJA,COSTO,COSTO_VENTA,PRECIO_BASE,UNIDAD_MEDIDA,CODIGO_BARRAS,ABREBIATURA) VALUES(17,2,1,'Adidas Locion Caballero','Fair Play',100.0,6.0,62.363506,62.363506,86.810000,'ML','3661163941066','Adid Loc Fair P 100ml');

INSERT INTO MOVIMIENTO_HISTORICO_PRODUCTO (ALMACEN_ID,PRODUCTO_ID,FECHA,TIPO_MOVIMIENTO_ID,CANTIDAD,COSTO,PRECIO,USUARIO_ID) VALUES(1,17,now(),30,3,62.363506,86.810000,'root');
INSERT INTO ALMACEN_PRODUCTO(ALMACEN_ID,PRODUCTO_ID,CANTIDAD_ACTUAL,PRECIO_VENTA) VALUES (1,17,3,86.810000);

INSERT INTO ALMACEN_PRODUCTO(ALMACEN_ID,PRODUCTO_ID,CANTIDAD_ACTUAL,PRECIO_VENTA) VALUES (2,17,0,0.000000);

INSERT INTO ALMACEN_PRODUCTO(ALMACEN_ID,PRODUCTO_ID,CANTIDAD_ACTUAL,PRECIO_VENTA) VALUES (3,17,3,87.500000);

INSERT INTO ALMACEN_PRODUCTO(ALMACEN_ID,PRODUCTO_ID,CANTIDAD_ACTUAL,PRECIO_VENTA) VALUES (4,17,0,0.000000);

INSERT INTO PROVEEDOR_PRODUCTO(PROVEEDOR_ID,PRODUCTO_ID,PRECIO_COMPRA) VALUES(13,17, 62.363506);

-- ===========PRODUCTO [18]
INSERT INTO PRODUCTO(ID,MARCA_ID,LINEA_ID,NOMBRE,PRESENTACION,CONTENIDO,UNIDADES_POR_CAJA,COSTO,COSTO_VENTA,PRECIO_BASE,UNIDAD_MEDIDA,CODIGO_BARRAS,ABREBIATURA) VALUES(18,2,1,'Adidas Locion Caballero','Victory League',100.0,6.0,62.363506,62.363506,86.810000,'ML','3412241230158','Adid Loc Victory 100ml');

INSERT INTO MOVIMIENTO_HISTORICO_PRODUCTO (ALMACEN_ID,PRODUCTO_ID,FECHA,TIPO_MOVIMIENTO_ID,CANTIDAD,COSTO,PRECIO,USUARIO_ID) VALUES(1,18,now(),30,3,62.363506,86.810000,'root');
INSERT INTO ALMACEN_PRODUCTO(ALMACEN_ID,PRODUCTO_ID,CANTIDAD_ACTUAL,PRECIO_VENTA) VALUES (1,18,3,86.810000);

INSERT INTO ALMACEN_PRODUCTO(ALMACEN_ID,PRODUCTO_ID,CANTIDAD_ACTUAL,PRECIO_VENTA) VALUES (2,18,0,0.000000);

INSERT INTO ALMACEN_PRODUCTO(ALMACEN_ID,PRODUCTO_ID,CANTIDAD_ACTUAL,PRECIO_VENTA) VALUES (3,18,3,87.500000);

INSERT INTO ALMACEN_PRODUCTO(ALMACEN_ID,PRODUCTO_ID,CANTIDAD_ACTUAL,PRECIO_VENTA) VALUES (4,18,0,0.000000);

INSERT INTO PROVEEDOR_PRODUCTO(PROVEEDOR_ID,PRODUCTO_ID,PRECIO_COMPRA) VALUES(13,18, 62.363506);

-- ===========PRODUCTO [19]
INSERT INTO PRODUCTO(ID,MARCA_ID,LINEA_ID,NOMBRE,PRESENTACION,CONTENIDO,UNIDADES_POR_CAJA,COSTO,COSTO_VENTA,PRECIO_BASE,UNIDAD_MEDIDA,CODIGO_BARRAS,ABREBIATURA) VALUES(19,2,1,'Adidas Locion Caballero','Game Spirit',100.0,6.0,62.363506,62.363506,86.810000,'ML','7501737402486','Adid Loc Game 100ml');

INSERT INTO MOVIMIENTO_HISTORICO_PRODUCTO (ALMACEN_ID,PRODUCTO_ID,FECHA,TIPO_MOVIMIENTO_ID,CANTIDAD,COSTO,PRECIO,USUARIO_ID) VALUES(1,19,now(),30,3,62.363506,86.810000,'root');
INSERT INTO ALMACEN_PRODUCTO(ALMACEN_ID,PRODUCTO_ID,CANTIDAD_ACTUAL,PRECIO_VENTA) VALUES (1,19,3,86.810000);

INSERT INTO ALMACEN_PRODUCTO(ALMACEN_ID,PRODUCTO_ID,CANTIDAD_ACTUAL,PRECIO_VENTA) VALUES (2,19,0,0.000000);

INSERT INTO ALMACEN_PRODUCTO(ALMACEN_ID,PRODUCTO_ID,CANTIDAD_ACTUAL,PRECIO_VENTA) VALUES (3,19,3,87.500000);

INSERT INTO ALMACEN_PRODUCTO(ALMACEN_ID,PRODUCTO_ID,CANTIDAD_ACTUAL,PRECIO_VENTA) VALUES (4,19,0,0.000000);

INSERT INTO PROVEEDOR_PRODUCTO(PROVEEDOR_ID,PRODUCTO_ID,PRECIO_COMPRA) VALUES(13,19, 62.363506);

-- ===========PRODUCTO [20]
INSERT INTO PRODUCTO(ID,MARCA_ID,LINEA_ID,NOMBRE,PRESENTACION,CONTENIDO,UNIDADES_POR_CAJA,COSTO,COSTO_VENTA,PRECIO_BASE,UNIDAD_MEDIDA,CODIGO_BARRAS,ABREBIATURA) VALUES(20,2,1,'Adidas Colonia Caballero','Pure Game',100.0,6.0,66.522989,66.522989,92.600000,'ML','3607345216805','Adid Loc Pure G 100ml');

INSERT INTO MOVIMIENTO_HISTORICO_PRODUCTO (ALMACEN_ID,PRODUCTO_ID,FECHA,TIPO_MOVIMIENTO_ID,CANTIDAD,COSTO,PRECIO,USUARIO_ID) VALUES(1,20,now(),30,4,66.522989,92.600000,'root');
INSERT INTO ALMACEN_PRODUCTO(ALMACEN_ID,PRODUCTO_ID,CANTIDAD_ACTUAL,PRECIO_VENTA) VALUES (1,20,4,92.600000);

INSERT INTO ALMACEN_PRODUCTO(ALMACEN_ID,PRODUCTO_ID,CANTIDAD_ACTUAL,PRECIO_VENTA) VALUES (2,20,0,0.000000);

INSERT INTO ALMACEN_PRODUCTO(ALMACEN_ID,PRODUCTO_ID,CANTIDAD_ACTUAL,PRECIO_VENTA) VALUES (3,20,4,96.000000);

INSERT INTO ALMACEN_PRODUCTO(ALMACEN_ID,PRODUCTO_ID,CANTIDAD_ACTUAL,PRECIO_VENTA) VALUES (4,20,0,0.000000);

INSERT INTO PROVEEDOR_PRODUCTO(PROVEEDOR_ID,PRODUCTO_ID,PRECIO_COMPRA) VALUES(13,20, 66.522989);

-- ===========PRODUCTO [21]
INSERT INTO PRODUCTO(ID,MARCA_ID,LINEA_ID,NOMBRE,PRESENTACION,CONTENIDO,UNIDADES_POR_CAJA,COSTO,COSTO_VENTA,PRECIO_BASE,UNIDAD_MEDIDA,CODIGO_BARRAS,ABREBIATURA) VALUES(21,7,1,'Brumel Agua de Colonia','Clasica',500.0,12.0,0.000000,0.000000,0.000000,'ML','8410669760108','Brumel Colonia 500ml');

INSERT INTO MOVIMIENTO_HISTORICO_PRODUCTO (ALMACEN_ID,PRODUCTO_ID,FECHA,TIPO_MOVIMIENTO_ID,CANTIDAD,COSTO,PRECIO,USUARIO_ID) VALUES(1,21,now(),30,3,0.000000,0.000000,'root');
INSERT INTO ALMACEN_PRODUCTO(ALMACEN_ID,PRODUCTO_ID,CANTIDAD_ACTUAL,PRECIO_VENTA) VALUES (1,21,3,0.000000);

INSERT INTO ALMACEN_PRODUCTO(ALMACEN_ID,PRODUCTO_ID,CANTIDAD_ACTUAL,PRECIO_VENTA) VALUES (2,21,0,0.000000);

INSERT INTO ALMACEN_PRODUCTO(ALMACEN_ID,PRODUCTO_ID,CANTIDAD_ACTUAL,PRECIO_VENTA) VALUES (3,21,3,0.000000);

INSERT INTO ALMACEN_PRODUCTO(ALMACEN_ID,PRODUCTO_ID,CANTIDAD_ACTUAL,PRECIO_VENTA) VALUES (4,21,0,0.000000);

INSERT INTO PROVEEDOR_PRODUCTO(PROVEEDOR_ID,PRODUCTO_ID,PRECIO_COMPRA) VALUES(13,21, 0.000000);

-- ===========PRODUCTO [22]
INSERT INTO PRODUCTO(ID,MARCA_ID,LINEA_ID,NOMBRE,PRESENTACION,CONTENIDO,UNIDADES_POR_CAJA,COSTO,COSTO_VENTA,PRECIO_BASE,UNIDAD_MEDIDA,CODIGO_BARRAS,ABREBIATURA) VALUES(22,8,4,'Heno de Pravia Aerosol','Active Plus',140.0,24.0,0.000000,0.000000,0.000000,'G','7501057503740','Heno Pravia Spr 140g');

INSERT INTO MOVIMIENTO_HISTORICO_PRODUCTO (ALMACEN_ID,PRODUCTO_ID,FECHA,TIPO_MOVIMIENTO_ID,CANTIDAD,COSTO,PRECIO,USUARIO_ID) VALUES(1,22,now(),30,12,0.000000,0.000000,'root');
INSERT INTO ALMACEN_PRODUCTO(ALMACEN_ID,PRODUCTO_ID,CANTIDAD_ACTUAL,PRECIO_VENTA) VALUES (1,22,12,0.000000);

INSERT INTO ALMACEN_PRODUCTO(ALMACEN_ID,PRODUCTO_ID,CANTIDAD_ACTUAL,PRECIO_VENTA) VALUES (2,22,0,0.000000);

INSERT INTO ALMACEN_PRODUCTO(ALMACEN_ID,PRODUCTO_ID,CANTIDAD_ACTUAL,PRECIO_VENTA) VALUES (3,22,12,0.000000);

INSERT INTO ALMACEN_PRODUCTO(ALMACEN_ID,PRODUCTO_ID,CANTIDAD_ACTUAL,PRECIO_VENTA) VALUES (4,22,0,0.000000);

INSERT INTO PROVEEDOR_PRODUCTO(PROVEEDOR_ID,PRODUCTO_ID,PRECIO_COMPRA) VALUES(13,22, 0.000000);

-- ===========PRODUCTO [23]
INSERT INTO PRODUCTO(ID,MARCA_ID,LINEA_ID,NOMBRE,PRESENTACION,CONTENIDO,UNIDADES_POR_CAJA,COSTO,COSTO_VENTA,PRECIO_BASE,UNIDAD_MEDIDA,CODIGO_BARRAS,ABREBIATURA) VALUES(23,2,1,'Adidas Colonia Caballero','Team Force',100.0,12.0,66.522989,66.522989,92.600000,'ML','7501737476319','Adid Col Team F 100ml');

INSERT INTO MOVIMIENTO_HISTORICO_PRODUCTO (ALMACEN_ID,PRODUCTO_ID,FECHA,TIPO_MOVIMIENTO_ID,CANTIDAD,COSTO,PRECIO,USUARIO_ID) VALUES(1,23,now(),30,3,66.522989,92.600000,'root');
INSERT INTO ALMACEN_PRODUCTO(ALMACEN_ID,PRODUCTO_ID,CANTIDAD_ACTUAL,PRECIO_VENTA) VALUES (1,23,3,92.600000);

INSERT INTO ALMACEN_PRODUCTO(ALMACEN_ID,PRODUCTO_ID,CANTIDAD_ACTUAL,PRECIO_VENTA) VALUES (2,23,0,0.000000);

INSERT INTO ALMACEN_PRODUCTO(ALMACEN_ID,PRODUCTO_ID,CANTIDAD_ACTUAL,PRECIO_VENTA) VALUES (3,23,3,96.000000);

INSERT INTO ALMACEN_PRODUCTO(ALMACEN_ID,PRODUCTO_ID,CANTIDAD_ACTUAL,PRECIO_VENTA) VALUES (4,23,0,0.000000);

INSERT INTO PROVEEDOR_PRODUCTO(PROVEEDOR_ID,PRODUCTO_ID,PRECIO_COMPRA) VALUES(13,23, 66.522989);

-- ===========PRODUCTO [24]
INSERT INTO PRODUCTO(ID,MARCA_ID,LINEA_ID,NOMBRE,PRESENTACION,CONTENIDO,UNIDADES_POR_CAJA,COSTO,COSTO_VENTA,PRECIO_BASE,UNIDAD_MEDIDA,CODIGO_BARRAS,ABREBIATURA) VALUES(24,9,1,'Coty Body Fresh Locion','Spa Tropics',236.0,12.0,0.000000,0.000000,0.000000,'ML','7501737457608','Coty Loc Spa Tro 236ml');

INSERT INTO MOVIMIENTO_HISTORICO_PRODUCTO (ALMACEN_ID,PRODUCTO_ID,FECHA,TIPO_MOVIMIENTO_ID,CANTIDAD,COSTO,PRECIO,USUARIO_ID) VALUES(1,24,now(),30,12,0.000000,0.000000,'root');
INSERT INTO ALMACEN_PRODUCTO(ALMACEN_ID,PRODUCTO_ID,CANTIDAD_ACTUAL,PRECIO_VENTA) VALUES (1,24,12,0.000000);

INSERT INTO ALMACEN_PRODUCTO(ALMACEN_ID,PRODUCTO_ID,CANTIDAD_ACTUAL,PRECIO_VENTA) VALUES (2,24,0,0.000000);

INSERT INTO ALMACEN_PRODUCTO(ALMACEN_ID,PRODUCTO_ID,CANTIDAD_ACTUAL,PRECIO_VENTA) VALUES (3,24,12,0.000000);

INSERT INTO ALMACEN_PRODUCTO(ALMACEN_ID,PRODUCTO_ID,CANTIDAD_ACTUAL,PRECIO_VENTA) VALUES (4,24,0,0.000000);

INSERT INTO PROVEEDOR_PRODUCTO(PROVEEDOR_ID,PRODUCTO_ID,PRECIO_COMPRA) VALUES(13,24, 0.000000);

-- ===========PRODUCTO [25]
INSERT INTO PRODUCTO(ID,MARCA_ID,LINEA_ID,NOMBRE,PRESENTACION,CONTENIDO,UNIDADES_POR_CAJA,COSTO,COSTO_VENTA,PRECIO_BASE,UNIDAD_MEDIDA,CODIGO_BARRAS,ABREBIATURA) VALUES(25,9,1,'Coty Body Fresh Locion','Juicy Melon',236.0,12.0,0.000000,0.000000,0.000000,'ML','7501737410856','Coty Loc Melon 236ml');

INSERT INTO MOVIMIENTO_HISTORICO_PRODUCTO (ALMACEN_ID,PRODUCTO_ID,FECHA,TIPO_MOVIMIENTO_ID,CANTIDAD,COSTO,PRECIO,USUARIO_ID) VALUES(1,25,now(),30,12,0.000000,0.000000,'root');
INSERT INTO ALMACEN_PRODUCTO(ALMACEN_ID,PRODUCTO_ID,CANTIDAD_ACTUAL,PRECIO_VENTA) VALUES (1,25,12,0.000000);

INSERT INTO ALMACEN_PRODUCTO(ALMACEN_ID,PRODUCTO_ID,CANTIDAD_ACTUAL,PRECIO_VENTA) VALUES (2,25,0,0.000000);

INSERT INTO ALMACEN_PRODUCTO(ALMACEN_ID,PRODUCTO_ID,CANTIDAD_ACTUAL,PRECIO_VENTA) VALUES (3,25,12,0.000000);

INSERT INTO ALMACEN_PRODUCTO(ALMACEN_ID,PRODUCTO_ID,CANTIDAD_ACTUAL,PRECIO_VENTA) VALUES (4,25,0,0.000000);

INSERT INTO PROVEEDOR_PRODUCTO(PROVEEDOR_ID,PRODUCTO_ID,PRECIO_COMPRA) VALUES(13,25, 0.000000);

-- ===========PRODUCTO [26]
INSERT INTO PRODUCTO(ID,MARCA_ID,LINEA_ID,NOMBRE,PRESENTACION,CONTENIDO,UNIDADES_POR_CAJA,COSTO,COSTO_VENTA,PRECIO_BASE,UNIDAD_MEDIDA,CODIGO_BARRAS,ABREBIATURA) VALUES(26,9,1,'Coty Body Fresh Locion','Peach',236.0,12.0,0.000000,0.000000,0.000000,'ML','7501737420015','Coty Locion Peach 236');

INSERT INTO MOVIMIENTO_HISTORICO_PRODUCTO (ALMACEN_ID,PRODUCTO_ID,FECHA,TIPO_MOVIMIENTO_ID,CANTIDAD,COSTO,PRECIO,USUARIO_ID) VALUES(1,26,now(),30,12,0.000000,0.000000,'root');
INSERT INTO ALMACEN_PRODUCTO(ALMACEN_ID,PRODUCTO_ID,CANTIDAD_ACTUAL,PRECIO_VENTA) VALUES (1,26,12,0.000000);

INSERT INTO ALMACEN_PRODUCTO(ALMACEN_ID,PRODUCTO_ID,CANTIDAD_ACTUAL,PRECIO_VENTA) VALUES (2,26,0,0.000000);

INSERT INTO ALMACEN_PRODUCTO(ALMACEN_ID,PRODUCTO_ID,CANTIDAD_ACTUAL,PRECIO_VENTA) VALUES (3,26,12,0.000000);

INSERT INTO ALMACEN_PRODUCTO(ALMACEN_ID,PRODUCTO_ID,CANTIDAD_ACTUAL,PRECIO_VENTA) VALUES (4,26,0,0.000000);

INSERT INTO PROVEEDOR_PRODUCTO(PROVEEDOR_ID,PRODUCTO_ID,PRECIO_COMPRA) VALUES(13,26, 0.000000);

-- ===========PRODUCTO [27]
INSERT INTO PRODUCTO(ID,MARCA_ID,LINEA_ID,NOMBRE,PRESENTACION,CONTENIDO,UNIDADES_POR_CAJA,COSTO,COSTO_VENTA,PRECIO_BASE,UNIDAD_MEDIDA,CODIGO_BARRAS,ABREBIATURA) VALUES(27,9,1,'Coty Body Fresh Locion','Tahitian Orchid',59.0,12.0,0.000000,0.000000,0.000000,'ML','7501737418128','Coty Locion Taitian 236');

INSERT INTO MOVIMIENTO_HISTORICO_PRODUCTO (ALMACEN_ID,PRODUCTO_ID,FECHA,TIPO_MOVIMIENTO_ID,CANTIDAD,COSTO,PRECIO,USUARIO_ID) VALUES(1,27,now(),30,12,0.000000,0.000000,'root');
INSERT INTO ALMACEN_PRODUCTO(ALMACEN_ID,PRODUCTO_ID,CANTIDAD_ACTUAL,PRECIO_VENTA) VALUES (1,27,12,0.000000);

INSERT INTO ALMACEN_PRODUCTO(ALMACEN_ID,PRODUCTO_ID,CANTIDAD_ACTUAL,PRECIO_VENTA) VALUES (2,27,0,0.000000);

INSERT INTO ALMACEN_PRODUCTO(ALMACEN_ID,PRODUCTO_ID,CANTIDAD_ACTUAL,PRECIO_VENTA) VALUES (3,27,12,0.000000);

INSERT INTO ALMACEN_PRODUCTO(ALMACEN_ID,PRODUCTO_ID,CANTIDAD_ACTUAL,PRECIO_VENTA) VALUES (4,27,0,0.000000);

INSERT INTO PROVEEDOR_PRODUCTO(PROVEEDOR_ID,PRODUCTO_ID,PRECIO_COMPRA) VALUES(13,27, 0.000000);

-- ===========PRODUCTO [28]
INSERT INTO PRODUCTO(ID,MARCA_ID,LINEA_ID,NOMBRE,PRESENTACION,CONTENIDO,UNIDADES_POR_CAJA,COSTO,COSTO_VENTA,PRECIO_BASE,UNIDAD_MEDIDA,CODIGO_BARRAS,ABREBIATURA) VALUES(28,9,1,'Coty Body Fresh Locion','Energetica',59.0,12.0,0.000000,0.000000,0.000000,'ML','7501737406644','Coty Loc Energetica 236');

INSERT INTO MOVIMIENTO_HISTORICO_PRODUCTO (ALMACEN_ID,PRODUCTO_ID,FECHA,TIPO_MOVIMIENTO_ID,CANTIDAD,COSTO,PRECIO,USUARIO_ID) VALUES(1,28,now(),30,12,0.000000,0.000000,'root');
INSERT INTO ALMACEN_PRODUCTO(ALMACEN_ID,PRODUCTO_ID,CANTIDAD_ACTUAL,PRECIO_VENTA) VALUES (1,28,12,0.000000);

INSERT INTO ALMACEN_PRODUCTO(ALMACEN_ID,PRODUCTO_ID,CANTIDAD_ACTUAL,PRECIO_VENTA) VALUES (2,28,0,0.000000);

INSERT INTO ALMACEN_PRODUCTO(ALMACEN_ID,PRODUCTO_ID,CANTIDAD_ACTUAL,PRECIO_VENTA) VALUES (3,28,12,0.000000);

INSERT INTO ALMACEN_PRODUCTO(ALMACEN_ID,PRODUCTO_ID,CANTIDAD_ACTUAL,PRECIO_VENTA) VALUES (4,28,0,0.000000);

INSERT INTO PROVEEDOR_PRODUCTO(PROVEEDOR_ID,PRODUCTO_ID,PRECIO_COMPRA) VALUES(13,28, 0.000000);

-- ===========PRODUCTO [29]
INSERT INTO PRODUCTO(ID,MARCA_ID,LINEA_ID,NOMBRE,PRESENTACION,CONTENIDO,UNIDADES_POR_CAJA,COSTO,COSTO_VENTA,PRECIO_BASE,UNIDAD_MEDIDA,CODIGO_BARRAS,ABREBIATURA) VALUES(29,9,1,'Coty Body Fresh Locion','Dias de Rosas',59.0,12.0,0.000000,0.000000,0.000000,'ML','7501737422156','Coty Locion Rosas 236');

INSERT INTO MOVIMIENTO_HISTORICO_PRODUCTO (ALMACEN_ID,PRODUCTO_ID,FECHA,TIPO_MOVIMIENTO_ID,CANTIDAD,COSTO,PRECIO,USUARIO_ID) VALUES(1,29,now(),30,12,0.000000,0.000000,'root');
INSERT INTO ALMACEN_PRODUCTO(ALMACEN_ID,PRODUCTO_ID,CANTIDAD_ACTUAL,PRECIO_VENTA) VALUES (1,29,12,0.000000);

INSERT INTO ALMACEN_PRODUCTO(ALMACEN_ID,PRODUCTO_ID,CANTIDAD_ACTUAL,PRECIO_VENTA) VALUES (2,29,0,0.000000);

INSERT INTO ALMACEN_PRODUCTO(ALMACEN_ID,PRODUCTO_ID,CANTIDAD_ACTUAL,PRECIO_VENTA) VALUES (3,29,12,0.000000);

INSERT INTO ALMACEN_PRODUCTO(ALMACEN_ID,PRODUCTO_ID,CANTIDAD_ACTUAL,PRECIO_VENTA) VALUES (4,29,0,0.000000);

INSERT INTO PROVEEDOR_PRODUCTO(PROVEEDOR_ID,PRODUCTO_ID,PRECIO_COMPRA) VALUES(13,29, 0.000000);

-- ===========PRODUCTO [30]
INSERT INTO PRODUCTO(ID,MARCA_ID,LINEA_ID,NOMBRE,PRESENTACION,CONTENIDO,UNIDADES_POR_CAJA,COSTO,COSTO_VENTA,PRECIO_BASE,UNIDAD_MEDIDA,CODIGO_BARRAS,ABREBIATURA) VALUES(30,10,5,'Cataflam DD','Dicofenaco Potasico',50.0,12.0,0.000000,0.000000,0.000000,'MG','7501094910105','Cataflam Diclof 50 Mg');

INSERT INTO MOVIMIENTO_HISTORICO_PRODUCTO (ALMACEN_ID,PRODUCTO_ID,FECHA,TIPO_MOVIMIENTO_ID,CANTIDAD,COSTO,PRECIO,USUARIO_ID) VALUES(1,30,now(),30,0,0.000000,0.000000,'root');
INSERT INTO ALMACEN_PRODUCTO(ALMACEN_ID,PRODUCTO_ID,CANTIDAD_ACTUAL,PRECIO_VENTA) VALUES (1,30,0,0.000000);

INSERT INTO ALMACEN_PRODUCTO(ALMACEN_ID,PRODUCTO_ID,CANTIDAD_ACTUAL,PRECIO_VENTA) VALUES (2,30,0,0.000000);

INSERT INTO PROVEEDOR_PRODUCTO(PROVEEDOR_ID,PRODUCTO_ID,PRECIO_COMPRA) VALUES(2,30, 0.000000);

-- ===========PRODUCTO [31]
INSERT INTO PRODUCTO(ID,MARCA_ID,LINEA_ID,NOMBRE,PRESENTACION,CONTENIDO,UNIDADES_POR_CAJA,COSTO,COSTO_VENTA,PRECIO_BASE,UNIDAD_MEDIDA,CODIGO_BARRAS,ABREBIATURA) VALUES(31,9,1,'Coty Body Fresh Locion','Magic Dream',59.0,12.0,0.000000,0.000000,0.000000,'ML','7501737406637','Coty Loc Magig 236ml');

INSERT INTO MOVIMIENTO_HISTORICO_PRODUCTO (ALMACEN_ID,PRODUCTO_ID,FECHA,TIPO_MOVIMIENTO_ID,CANTIDAD,COSTO,PRECIO,USUARIO_ID) VALUES(1,31,now(),30,12,0.000000,0.000000,'root');
INSERT INTO ALMACEN_PRODUCTO(ALMACEN_ID,PRODUCTO_ID,CANTIDAD_ACTUAL,PRECIO_VENTA) VALUES (1,31,12,0.000000);

INSERT INTO ALMACEN_PRODUCTO(ALMACEN_ID,PRODUCTO_ID,CANTIDAD_ACTUAL,PRECIO_VENTA) VALUES (2,31,0,0.000000);

INSERT INTO ALMACEN_PRODUCTO(ALMACEN_ID,PRODUCTO_ID,CANTIDAD_ACTUAL,PRECIO_VENTA) VALUES (3,31,12,0.000000);

INSERT INTO ALMACEN_PRODUCTO(ALMACEN_ID,PRODUCTO_ID,CANTIDAD_ACTUAL,PRECIO_VENTA) VALUES (4,31,0,0.000000);

INSERT INTO PROVEEDOR_PRODUCTO(PROVEEDOR_ID,PRODUCTO_ID,PRECIO_COMPRA) VALUES(13,31, 0.000000);

-- ===========PRODUCTO [32]
INSERT INTO PRODUCTO(ID,MARCA_ID,LINEA_ID,NOMBRE,PRESENTACION,CONTENIDO,UNIDADES_POR_CAJA,COSTO,COSTO_VENTA,PRECIO_BASE,UNIDAD_MEDIDA,CODIGO_BARRAS,ABREBIATURA) VALUES(32,11,4,'Brut Aerosol Caballero','Classic AP',97.0,12.0,0.000000,0.000000,0.000000,'ML','7502221184741','Brut Aer Classic AP 97');

INSERT INTO MOVIMIENTO_HISTORICO_PRODUCTO (ALMACEN_ID,PRODUCTO_ID,FECHA,TIPO_MOVIMIENTO_ID,CANTIDAD,COSTO,PRECIO,USUARIO_ID) VALUES(1,32,now(),30,12,0.000000,0.000000,'root');
INSERT INTO ALMACEN_PRODUCTO(ALMACEN_ID,PRODUCTO_ID,CANTIDAD_ACTUAL,PRECIO_VENTA) VALUES (1,32,12,0.000000);

INSERT INTO ALMACEN_PRODUCTO(ALMACEN_ID,PRODUCTO_ID,CANTIDAD_ACTUAL,PRECIO_VENTA) VALUES (2,32,0,0.000000);

INSERT INTO ALMACEN_PRODUCTO(ALMACEN_ID,PRODUCTO_ID,CANTIDAD_ACTUAL,PRECIO_VENTA) VALUES (3,32,12,19.900000);

INSERT INTO ALMACEN_PRODUCTO(ALMACEN_ID,PRODUCTO_ID,CANTIDAD_ACTUAL,PRECIO_VENTA) VALUES (4,32,0,0.000000);

INSERT INTO PROVEEDOR_PRODUCTO(PROVEEDOR_ID,PRODUCTO_ID,PRECIO_COMPRA) VALUES(18,32, 0.000000);

-- ===========PRODUCTO [33]
INSERT INTO PRODUCTO(ID,MARCA_ID,LINEA_ID,NOMBRE,PRESENTACION,CONTENIDO,UNIDADES_POR_CAJA,COSTO,COSTO_VENTA,PRECIO_BASE,UNIDAD_MEDIDA,CODIGO_BARRAS,ABREBIATURA) VALUES(33,11,4,'Brut Aerosol Caballero','Addiction',210.0,12.0,0.000000,0.000000,0.000000,'ML','7502221184765','Brut Aer Addict 210ml');

INSERT INTO MOVIMIENTO_HISTORICO_PRODUCTO (ALMACEN_ID,PRODUCTO_ID,FECHA,TIPO_MOVIMIENTO_ID,CANTIDAD,COSTO,PRECIO,USUARIO_ID) VALUES(1,33,now(),30,12,0.000000,0.000000,'root');
INSERT INTO ALMACEN_PRODUCTO(ALMACEN_ID,PRODUCTO_ID,CANTIDAD_ACTUAL,PRECIO_VENTA) VALUES (1,33,12,0.000000);

INSERT INTO ALMACEN_PRODUCTO(ALMACEN_ID,PRODUCTO_ID,CANTIDAD_ACTUAL,PRECIO_VENTA) VALUES (2,33,0,0.000000);

INSERT INTO ALMACEN_PRODUCTO(ALMACEN_ID,PRODUCTO_ID,CANTIDAD_ACTUAL,PRECIO_VENTA) VALUES (3,33,12,34.900000);

INSERT INTO ALMACEN_PRODUCTO(ALMACEN_ID,PRODUCTO_ID,CANTIDAD_ACTUAL,PRECIO_VENTA) VALUES (4,33,0,0.000000);

INSERT INTO PROVEEDOR_PRODUCTO(PROVEEDOR_ID,PRODUCTO_ID,PRECIO_COMPRA) VALUES(18,33, 0.000000);

-- ===========PRODUCTO [34]
INSERT INTO PRODUCTO(ID,MARCA_ID,LINEA_ID,NOMBRE,PRESENTACION,CONTENIDO,UNIDADES_POR_CAJA,COSTO,COSTO_VENTA,PRECIO_BASE,UNIDAD_MEDIDA,CODIGO_BARRAS,ABREBIATURA) VALUES(34,11,4,'Brut Aerosol Caballero','Tattoo Classic',208.0,12.0,0.000000,0.000000,0.000000,'ML','7502221184697','Brut Aer Tat Clas 208ml');

INSERT INTO MOVIMIENTO_HISTORICO_PRODUCTO (ALMACEN_ID,PRODUCTO_ID,FECHA,TIPO_MOVIMIENTO_ID,CANTIDAD,COSTO,PRECIO,USUARIO_ID) VALUES(1,34,now(),30,12,0.000000,0.000000,'root');
INSERT INTO ALMACEN_PRODUCTO(ALMACEN_ID,PRODUCTO_ID,CANTIDAD_ACTUAL,PRECIO_VENTA) VALUES (1,34,12,0.000000);

INSERT INTO ALMACEN_PRODUCTO(ALMACEN_ID,PRODUCTO_ID,CANTIDAD_ACTUAL,PRECIO_VENTA) VALUES (2,34,0,0.000000);

INSERT INTO ALMACEN_PRODUCTO(ALMACEN_ID,PRODUCTO_ID,CANTIDAD_ACTUAL,PRECIO_VENTA) VALUES (3,34,12,34.900000);

INSERT INTO ALMACEN_PRODUCTO(ALMACEN_ID,PRODUCTO_ID,CANTIDAD_ACTUAL,PRECIO_VENTA) VALUES (4,34,0,0.000000);

INSERT INTO PROVEEDOR_PRODUCTO(PROVEEDOR_ID,PRODUCTO_ID,PRECIO_COMPRA) VALUES(18,34, 0.000000);

-- ===========PRODUCTO [35]
INSERT INTO PRODUCTO(ID,MARCA_ID,LINEA_ID,NOMBRE,PRESENTACION,CONTENIDO,UNIDADES_POR_CAJA,COSTO,COSTO_VENTA,PRECIO_BASE,UNIDAD_MEDIDA,CODIGO_BARRAS,ABREBIATURA) VALUES(35,11,4,'Brut Aerosol Caballero','Tattoo Fragance',208.0,12.0,0.000000,0.000000,0.000000,'ML','7502221184703','Brut Aer Tat Frag 208m');

INSERT INTO MOVIMIENTO_HISTORICO_PRODUCTO (ALMACEN_ID,PRODUCTO_ID,FECHA,TIPO_MOVIMIENTO_ID,CANTIDAD,COSTO,PRECIO,USUARIO_ID) VALUES(1,35,now(),30,12,0.000000,0.000000,'root');
INSERT INTO ALMACEN_PRODUCTO(ALMACEN_ID,PRODUCTO_ID,CANTIDAD_ACTUAL,PRECIO_VENTA) VALUES (1,35,12,0.000000);

INSERT INTO ALMACEN_PRODUCTO(ALMACEN_ID,PRODUCTO_ID,CANTIDAD_ACTUAL,PRECIO_VENTA) VALUES (2,35,0,0.000000);

INSERT INTO ALMACEN_PRODUCTO(ALMACEN_ID,PRODUCTO_ID,CANTIDAD_ACTUAL,PRECIO_VENTA) VALUES (3,35,12,34.900000);

INSERT INTO ALMACEN_PRODUCTO(ALMACEN_ID,PRODUCTO_ID,CANTIDAD_ACTUAL,PRECIO_VENTA) VALUES (4,35,0,0.000000);

INSERT INTO PROVEEDOR_PRODUCTO(PROVEEDOR_ID,PRODUCTO_ID,PRECIO_COMPRA) VALUES(18,35, 0.000000);

-- ===========PRODUCTO [36]
INSERT INTO PRODUCTO(ID,MARCA_ID,LINEA_ID,NOMBRE,PRESENTACION,CONTENIDO,UNIDADES_POR_CAJA,COSTO,COSTO_VENTA,PRECIO_BASE,UNIDAD_MEDIDA,CODIGO_BARRAS,ABREBIATURA) VALUES(36,12,6,'Ammens Talco Desodorante','Fresco',125.0,12.0,12.751437,12.751437,17.750000,'G','7502221182167','Ammens Talc Fco 125g');

INSERT INTO MOVIMIENTO_HISTORICO_PRODUCTO (ALMACEN_ID,PRODUCTO_ID,FECHA,TIPO_MOVIMIENTO_ID,CANTIDAD,COSTO,PRECIO,USUARIO_ID) VALUES(1,36,now(),30,14,12.751437,17.750000,'root');
INSERT INTO ALMACEN_PRODUCTO(ALMACEN_ID,PRODUCTO_ID,CANTIDAD_ACTUAL,PRECIO_VENTA) VALUES (1,36,14,17.750000);

INSERT INTO ALMACEN_PRODUCTO(ALMACEN_ID,PRODUCTO_ID,CANTIDAD_ACTUAL,PRECIO_VENTA) VALUES (2,36,21,6.000000);

INSERT INTO ALMACEN_PRODUCTO(ALMACEN_ID,PRODUCTO_ID,CANTIDAD_ACTUAL,PRECIO_VENTA) VALUES (3,36,14,16.500000);

INSERT INTO ALMACEN_PRODUCTO(ALMACEN_ID,PRODUCTO_ID,CANTIDAD_ACTUAL,PRECIO_VENTA) VALUES (4,36,21,6.000000);

INSERT INTO PROVEEDOR_PRODUCTO(PROVEEDOR_ID,PRODUCTO_ID,PRECIO_COMPRA) VALUES(18,36, 12.751437);

-- ===========PRODUCTO [37]
INSERT INTO PRODUCTO(ID,MARCA_ID,LINEA_ID,NOMBRE,PRESENTACION,CONTENIDO,UNIDADES_POR_CAJA,COSTO,COSTO_VENTA,PRECIO_BASE,UNIDAD_MEDIDA,CODIGO_BARRAS,ABREBIATURA) VALUES(37,12,7,'Ammens Talco Desodorante','Baby',125.0,12.0,12.751437,12.751437,17.750000,'G','7502221182181','Ammens Talc Baby 125');

INSERT INTO MOVIMIENTO_HISTORICO_PRODUCTO (ALMACEN_ID,PRODUCTO_ID,FECHA,TIPO_MOVIMIENTO_ID,CANTIDAD,COSTO,PRECIO,USUARIO_ID) VALUES(1,37,now(),30,12,12.751437,17.750000,'root');
INSERT INTO ALMACEN_PRODUCTO(ALMACEN_ID,PRODUCTO_ID,CANTIDAD_ACTUAL,PRECIO_VENTA) VALUES (1,37,12,17.750000);

INSERT INTO ALMACEN_PRODUCTO(ALMACEN_ID,PRODUCTO_ID,CANTIDAD_ACTUAL,PRECIO_VENTA) VALUES (2,37,25,6.000000);

INSERT INTO ALMACEN_PRODUCTO(ALMACEN_ID,PRODUCTO_ID,CANTIDAD_ACTUAL,PRECIO_VENTA) VALUES (3,37,12,16.500000);

INSERT INTO ALMACEN_PRODUCTO(ALMACEN_ID,PRODUCTO_ID,CANTIDAD_ACTUAL,PRECIO_VENTA) VALUES (4,37,25,6.000000);

INSERT INTO PROVEEDOR_PRODUCTO(PROVEEDOR_ID,PRODUCTO_ID,PRECIO_COMPRA) VALUES(18,37, 12.751437);

-- ===========PRODUCTO [38]
INSERT INTO PRODUCTO(ID,MARCA_ID,LINEA_ID,NOMBRE,PRESENTACION,CONTENIDO,UNIDADES_POR_CAJA,COSTO,COSTO_VENTA,PRECIO_BASE,UNIDAD_MEDIDA,CODIGO_BARRAS,ABREBIATURA) VALUES(38,12,6,'Ammens Talco Desodorante','Original',125.0,12.0,12.751437,12.751437,17.750000,'G','7502221182143','Ammens Talco Orig 125');

INSERT INTO MOVIMIENTO_HISTORICO_PRODUCTO (ALMACEN_ID,PRODUCTO_ID,FECHA,TIPO_MOVIMIENTO_ID,CANTIDAD,COSTO,PRECIO,USUARIO_ID) VALUES(1,38,now(),30,12,12.751437,17.750000,'root');
INSERT INTO ALMACEN_PRODUCTO(ALMACEN_ID,PRODUCTO_ID,CANTIDAD_ACTUAL,PRECIO_VENTA) VALUES (1,38,12,17.750000);

INSERT INTO ALMACEN_PRODUCTO(ALMACEN_ID,PRODUCTO_ID,CANTIDAD_ACTUAL,PRECIO_VENTA) VALUES (2,38,5,6.000000);

INSERT INTO ALMACEN_PRODUCTO(ALMACEN_ID,PRODUCTO_ID,CANTIDAD_ACTUAL,PRECIO_VENTA) VALUES (3,38,12,16.500000);

INSERT INTO ALMACEN_PRODUCTO(ALMACEN_ID,PRODUCTO_ID,CANTIDAD_ACTUAL,PRECIO_VENTA) VALUES (4,38,5,6.000000);

INSERT INTO PROVEEDOR_PRODUCTO(PROVEEDOR_ID,PRODUCTO_ID,PRECIO_COMPRA) VALUES(18,38, 12.751437);

-- ===========PRODUCTO [39]
INSERT INTO PRODUCTO(ID,MARCA_ID,LINEA_ID,NOMBRE,PRESENTACION,CONTENIDO,UNIDADES_POR_CAJA,COSTO,COSTO_VENTA,PRECIO_BASE,UNIDAD_MEDIDA,CODIGO_BARRAS,ABREBIATURA) VALUES(39,13,8,'Gillette Gel Afeitar','Deep Cleasing',72.0,24.0,0.000000,0.000000,0.000000,'ML','3014260326784','Gillette Afeit Deep 72');

INSERT INTO MOVIMIENTO_HISTORICO_PRODUCTO (ALMACEN_ID,PRODUCTO_ID,FECHA,TIPO_MOVIMIENTO_ID,CANTIDAD,COSTO,PRECIO,USUARIO_ID) VALUES(1,39,now(),30,24,0.000000,0.000000,'root');
INSERT INTO ALMACEN_PRODUCTO(ALMACEN_ID,PRODUCTO_ID,CANTIDAD_ACTUAL,PRECIO_VENTA) VALUES (1,39,24,0.000000);

INSERT INTO ALMACEN_PRODUCTO(ALMACEN_ID,PRODUCTO_ID,CANTIDAD_ACTUAL,PRECIO_VENTA) VALUES (2,39,0,0.000000);

INSERT INTO ALMACEN_PRODUCTO(ALMACEN_ID,PRODUCTO_ID,CANTIDAD_ACTUAL,PRECIO_VENTA) VALUES (3,39,24,0.000000);

INSERT INTO ALMACEN_PRODUCTO(ALMACEN_ID,PRODUCTO_ID,CANTIDAD_ACTUAL,PRECIO_VENTA) VALUES (4,39,0,0.000000);

INSERT INTO PROVEEDOR_PRODUCTO(PROVEEDOR_ID,PRODUCTO_ID,PRECIO_COMPRA) VALUES(24,39, 0.000000);

-- ===========PRODUCTO [40]
INSERT INTO PRODUCTO(ID,MARCA_ID,LINEA_ID,NOMBRE,PRESENTACION,CONTENIDO,UNIDADES_POR_CAJA,COSTO,COSTO_VENTA,PRECIO_BASE,UNIDAD_MEDIDA,CODIGO_BARRAS,ABREBIATURA) VALUES(40,14,2,'Fructis Garnier Tratamiento','Long & Strong',350.0,12.0,0.000000,0.000000,0.000000,'G','7501839104653','Fructis Trat Long 350g');

INSERT INTO MOVIMIENTO_HISTORICO_PRODUCTO (ALMACEN_ID,PRODUCTO_ID,FECHA,TIPO_MOVIMIENTO_ID,CANTIDAD,COSTO,PRECIO,USUARIO_ID) VALUES(1,40,now(),30,12,0.000000,0.000000,'root');
INSERT INTO ALMACEN_PRODUCTO(ALMACEN_ID,PRODUCTO_ID,CANTIDAD_ACTUAL,PRECIO_VENTA) VALUES (1,40,12,0.000000);

INSERT INTO ALMACEN_PRODUCTO(ALMACEN_ID,PRODUCTO_ID,CANTIDAD_ACTUAL,PRECIO_VENTA) VALUES (2,40,0,0.000000);

INSERT INTO ALMACEN_PRODUCTO(ALMACEN_ID,PRODUCTO_ID,CANTIDAD_ACTUAL,PRECIO_VENTA) VALUES (3,40,12,0.000000);

INSERT INTO ALMACEN_PRODUCTO(ALMACEN_ID,PRODUCTO_ID,CANTIDAD_ACTUAL,PRECIO_VENTA) VALUES (4,40,0,0.000000);

INSERT INTO PROVEEDOR_PRODUCTO(PROVEEDOR_ID,PRODUCTO_ID,PRECIO_COMPRA) VALUES(13,40, 0.000000);

-- ===========PRODUCTO [41]
INSERT INTO PRODUCTO(ID,MARCA_ID,LINEA_ID,NOMBRE,PRESENTACION,CONTENIDO,UNIDADES_POR_CAJA,COSTO,COSTO_VENTA,PRECIO_BASE,UNIDAD_MEDIDA,CODIGO_BARRAS,ABREBIATURA) VALUES(41,14,2,'Fructis Garnier Tratamiento','Hidra Rizos',350.0,12.0,0.000000,0.000000,0.000000,'G','7501839108873','Fructis Trat Hidra 350g');

INSERT INTO MOVIMIENTO_HISTORICO_PRODUCTO (ALMACEN_ID,PRODUCTO_ID,FECHA,TIPO_MOVIMIENTO_ID,CANTIDAD,COSTO,PRECIO,USUARIO_ID) VALUES(1,41,now(),30,12,0.000000,0.000000,'root');
INSERT INTO ALMACEN_PRODUCTO(ALMACEN_ID,PRODUCTO_ID,CANTIDAD_ACTUAL,PRECIO_VENTA) VALUES (1,41,12,0.000000);

INSERT INTO ALMACEN_PRODUCTO(ALMACEN_ID,PRODUCTO_ID,CANTIDAD_ACTUAL,PRECIO_VENTA) VALUES (2,41,0,0.000000);

INSERT INTO ALMACEN_PRODUCTO(ALMACEN_ID,PRODUCTO_ID,CANTIDAD_ACTUAL,PRECIO_VENTA) VALUES (3,41,12,0.000000);

INSERT INTO ALMACEN_PRODUCTO(ALMACEN_ID,PRODUCTO_ID,CANTIDAD_ACTUAL,PRECIO_VENTA) VALUES (4,41,0,0.000000);

INSERT INTO PROVEEDOR_PRODUCTO(PROVEEDOR_ID,PRODUCTO_ID,PRECIO_COMPRA) VALUES(13,41, 0.000000);

-- ===========PRODUCTO [42]
INSERT INTO PRODUCTO(ID,MARCA_ID,LINEA_ID,NOMBRE,PRESENTACION,CONTENIDO,UNIDADES_POR_CAJA,COSTO,COSTO_VENTA,PRECIO_BASE,UNIDAD_MEDIDA,CODIGO_BARRAS,ABREBIATURA) VALUES(42,15,4,'Lady Speed Stick Barra','double Defense Active Fresh',45.0,12.0,0.000000,0.000000,0.000000,'G','7509546015514','Lady SS Bar Activ F 45g');

INSERT INTO MOVIMIENTO_HISTORICO_PRODUCTO (ALMACEN_ID,PRODUCTO_ID,FECHA,TIPO_MOVIMIENTO_ID,CANTIDAD,COSTO,PRECIO,USUARIO_ID) VALUES(1,42,now(),30,12,0.000000,0.000000,'root');
INSERT INTO ALMACEN_PRODUCTO(ALMACEN_ID,PRODUCTO_ID,CANTIDAD_ACTUAL,PRECIO_VENTA) VALUES (1,42,12,0.000000);

INSERT INTO ALMACEN_PRODUCTO(ALMACEN_ID,PRODUCTO_ID,CANTIDAD_ACTUAL,PRECIO_VENTA) VALUES (2,42,3,13.000000);

INSERT INTO ALMACEN_PRODUCTO(ALMACEN_ID,PRODUCTO_ID,CANTIDAD_ACTUAL,PRECIO_VENTA) VALUES (3,42,12,21.900000);

INSERT INTO ALMACEN_PRODUCTO(ALMACEN_ID,PRODUCTO_ID,CANTIDAD_ACTUAL,PRECIO_VENTA) VALUES (4,42,3,13.000000);

INSERT INTO PROVEEDOR_PRODUCTO(PROVEEDOR_ID,PRODUCTO_ID,PRECIO_COMPRA) VALUES(6,42, 0.000000);

-- ===========PRODUCTO [43]
INSERT INTO PRODUCTO(ID,MARCA_ID,LINEA_ID,NOMBRE,PRESENTACION,CONTENIDO,UNIDADES_POR_CAJA,COSTO,COSTO_VENTA,PRECIO_BASE,UNIDAD_MEDIDA,CODIGO_BARRAS,ABREBIATURA) VALUES(43,15,4,'Lady Speed Stick Gel','double Defense Active Fresh',65.0,12.0,0.000000,0.000000,0.000000,'G','7509546015545','Lady SS Gel Activ F 45g');

INSERT INTO MOVIMIENTO_HISTORICO_PRODUCTO (ALMACEN_ID,PRODUCTO_ID,FECHA,TIPO_MOVIMIENTO_ID,CANTIDAD,COSTO,PRECIO,USUARIO_ID) VALUES(1,43,now(),30,12,0.000000,0.000000,'root');
INSERT INTO ALMACEN_PRODUCTO(ALMACEN_ID,PRODUCTO_ID,CANTIDAD_ACTUAL,PRECIO_VENTA) VALUES (1,43,12,0.000000);

INSERT INTO ALMACEN_PRODUCTO(ALMACEN_ID,PRODUCTO_ID,CANTIDAD_ACTUAL,PRECIO_VENTA) VALUES (2,43,3,15.000000);

INSERT INTO ALMACEN_PRODUCTO(ALMACEN_ID,PRODUCTO_ID,CANTIDAD_ACTUAL,PRECIO_VENTA) VALUES (3,43,12,0.000000);

INSERT INTO ALMACEN_PRODUCTO(ALMACEN_ID,PRODUCTO_ID,CANTIDAD_ACTUAL,PRECIO_VENTA) VALUES (4,43,3,15.000000);

INSERT INTO PROVEEDOR_PRODUCTO(PROVEEDOR_ID,PRODUCTO_ID,PRECIO_COMPRA) VALUES(6,43, 0.000000);

-- ===========PRODUCTO [44]
INSERT INTO PRODUCTO(ID,MARCA_ID,LINEA_ID,NOMBRE,PRESENTACION,CONTENIDO,UNIDADES_POR_CAJA,COSTO,COSTO_VENTA,PRECIO_BASE,UNIDAD_MEDIDA,CODIGO_BARRAS,ABREBIATURA) VALUES(44,15,4,'Lady Speed Stick Gel','Double Defense Floral Fresh',65.0,12.0,0.000000,0.000000,0.000000,'G','7509546029153','Lady SS Gel Flor F 45g');

INSERT INTO MOVIMIENTO_HISTORICO_PRODUCTO (ALMACEN_ID,PRODUCTO_ID,FECHA,TIPO_MOVIMIENTO_ID,CANTIDAD,COSTO,PRECIO,USUARIO_ID) VALUES(1,44,now(),30,12,0.000000,0.000000,'root');
INSERT INTO ALMACEN_PRODUCTO(ALMACEN_ID,PRODUCTO_ID,CANTIDAD_ACTUAL,PRECIO_VENTA) VALUES (1,44,12,0.000000);

INSERT INTO ALMACEN_PRODUCTO(ALMACEN_ID,PRODUCTO_ID,CANTIDAD_ACTUAL,PRECIO_VENTA) VALUES (2,44,2,15.000000);

INSERT INTO ALMACEN_PRODUCTO(ALMACEN_ID,PRODUCTO_ID,CANTIDAD_ACTUAL,PRECIO_VENTA) VALUES (3,44,12,0.000000);

INSERT INTO ALMACEN_PRODUCTO(ALMACEN_ID,PRODUCTO_ID,CANTIDAD_ACTUAL,PRECIO_VENTA) VALUES (4,44,2,15.000000);

INSERT INTO PROVEEDOR_PRODUCTO(PROVEEDOR_ID,PRODUCTO_ID,PRECIO_COMPRA) VALUES(6,44, 0.000000);

-- ===========PRODUCTO [45]
INSERT INTO PRODUCTO(ID,MARCA_ID,LINEA_ID,NOMBRE,PRESENTACION,CONTENIDO,UNIDADES_POR_CAJA,COSTO,COSTO_VENTA,PRECIO_BASE,UNIDAD_MEDIDA,CODIGO_BARRAS,ABREBIATURA) VALUES(45,15,4,'Lady Speed Stick Barra','Invisible Floral',45.0,12.0,0.000000,0.000000,0.000000,'G','7501035908925','Lady SS Bar Inv Flor 45');

INSERT INTO MOVIMIENTO_HISTORICO_PRODUCTO (ALMACEN_ID,PRODUCTO_ID,FECHA,TIPO_MOVIMIENTO_ID,CANTIDAD,COSTO,PRECIO,USUARIO_ID) VALUES(1,45,now(),30,12,0.000000,0.000000,'root');
INSERT INTO ALMACEN_PRODUCTO(ALMACEN_ID,PRODUCTO_ID,CANTIDAD_ACTUAL,PRECIO_VENTA) VALUES (1,45,12,0.000000);

INSERT INTO ALMACEN_PRODUCTO(ALMACEN_ID,PRODUCTO_ID,CANTIDAD_ACTUAL,PRECIO_VENTA) VALUES (2,45,5,13.000000);

INSERT INTO ALMACEN_PRODUCTO(ALMACEN_ID,PRODUCTO_ID,CANTIDAD_ACTUAL,PRECIO_VENTA) VALUES (3,45,12,21.900000);

INSERT INTO ALMACEN_PRODUCTO(ALMACEN_ID,PRODUCTO_ID,CANTIDAD_ACTUAL,PRECIO_VENTA) VALUES (4,45,5,13.000000);

INSERT INTO PROVEEDOR_PRODUCTO(PROVEEDOR_ID,PRODUCTO_ID,PRECIO_COMPRA) VALUES(6,45, 0.000000);

-- ===========PRODUCTO [46]
INSERT INTO PRODUCTO(ID,MARCA_ID,LINEA_ID,NOMBRE,PRESENTACION,CONTENIDO,UNIDADES_POR_CAJA,COSTO,COSTO_VENTA,PRECIO_BASE,UNIDAD_MEDIDA,CODIGO_BARRAS,ABREBIATURA) VALUES(46,15,4,'Lady Speed Stick Barra','Naturals & Protect',45.0,12.0,0.000000,0.000000,0.000000,'G','7509546055312','Lady SS Bar Nat & Pr 45');

INSERT INTO MOVIMIENTO_HISTORICO_PRODUCTO (ALMACEN_ID,PRODUCTO_ID,FECHA,TIPO_MOVIMIENTO_ID,CANTIDAD,COSTO,PRECIO,USUARIO_ID) VALUES(1,46,now(),30,12,0.000000,0.000000,'root');
INSERT INTO ALMACEN_PRODUCTO(ALMACEN_ID,PRODUCTO_ID,CANTIDAD_ACTUAL,PRECIO_VENTA) VALUES (1,46,12,0.000000);

INSERT INTO ALMACEN_PRODUCTO(ALMACEN_ID,PRODUCTO_ID,CANTIDAD_ACTUAL,PRECIO_VENTA) VALUES (2,46,2,13.000000);

INSERT INTO ALMACEN_PRODUCTO(ALMACEN_ID,PRODUCTO_ID,CANTIDAD_ACTUAL,PRECIO_VENTA) VALUES (3,46,12,21.900000);

INSERT INTO ALMACEN_PRODUCTO(ALMACEN_ID,PRODUCTO_ID,CANTIDAD_ACTUAL,PRECIO_VENTA) VALUES (4,46,2,13.000000);

INSERT INTO PROVEEDOR_PRODUCTO(PROVEEDOR_ID,PRODUCTO_ID,PRECIO_COMPRA) VALUES(6,46, 0.000000);

-- ===========PRODUCTO [47]
INSERT INTO PRODUCTO(ID,MARCA_ID,LINEA_ID,NOMBRE,PRESENTACION,CONTENIDO,UNIDADES_POR_CAJA,COSTO,COSTO_VENTA,PRECIO_BASE,UNIDAD_MEDIDA,CODIGO_BARRAS,ABREBIATURA) VALUES(47,15,4,'Lady Speed Stick Barra','Double Defense Floral Fresh',45.0,12.0,0.000000,0.000000,0.000000,'G','7509546029146','Lady SS Bar Flor Fr 45g');

INSERT INTO MOVIMIENTO_HISTORICO_PRODUCTO (ALMACEN_ID,PRODUCTO_ID,FECHA,TIPO_MOVIMIENTO_ID,CANTIDAD,COSTO,PRECIO,USUARIO_ID) VALUES(1,47,now(),30,12,0.000000,0.000000,'root');
INSERT INTO ALMACEN_PRODUCTO(ALMACEN_ID,PRODUCTO_ID,CANTIDAD_ACTUAL,PRECIO_VENTA) VALUES (1,47,12,0.000000);

INSERT INTO ALMACEN_PRODUCTO(ALMACEN_ID,PRODUCTO_ID,CANTIDAD_ACTUAL,PRECIO_VENTA) VALUES (2,47,1,13.000000);

INSERT INTO ALMACEN_PRODUCTO(ALMACEN_ID,PRODUCTO_ID,CANTIDAD_ACTUAL,PRECIO_VENTA) VALUES (3,47,12,21.900000);

INSERT INTO ALMACEN_PRODUCTO(ALMACEN_ID,PRODUCTO_ID,CANTIDAD_ACTUAL,PRECIO_VENTA) VALUES (4,47,1,13.000000);

INSERT INTO PROVEEDOR_PRODUCTO(PROVEEDOR_ID,PRODUCTO_ID,PRECIO_COMPRA) VALUES(6,47, 0.000000);

-- ===========PRODUCTO [48]
INSERT INTO PRODUCTO(ID,MARCA_ID,LINEA_ID,NOMBRE,PRESENTACION,CONTENIDO,UNIDADES_POR_CAJA,COSTO,COSTO_VENTA,PRECIO_BASE,UNIDAD_MEDIDA,CODIGO_BARRAS,ABREBIATURA) VALUES(48,15,4,'Lady Speed Stick Barra','Orchard Blossom',45.0,12.0,0.000000,0.000000,0.000000,'G','7509546004488','Lady SS Bar Orch Bl 45');

INSERT INTO MOVIMIENTO_HISTORICO_PRODUCTO (ALMACEN_ID,PRODUCTO_ID,FECHA,TIPO_MOVIMIENTO_ID,CANTIDAD,COSTO,PRECIO,USUARIO_ID) VALUES(1,48,now(),30,12,0.000000,0.000000,'root');
INSERT INTO ALMACEN_PRODUCTO(ALMACEN_ID,PRODUCTO_ID,CANTIDAD_ACTUAL,PRECIO_VENTA) VALUES (1,48,12,0.000000);

INSERT INTO ALMACEN_PRODUCTO(ALMACEN_ID,PRODUCTO_ID,CANTIDAD_ACTUAL,PRECIO_VENTA) VALUES (2,48,0,0.000000);

INSERT INTO ALMACEN_PRODUCTO(ALMACEN_ID,PRODUCTO_ID,CANTIDAD_ACTUAL,PRECIO_VENTA) VALUES (3,48,12,24.900000);

INSERT INTO ALMACEN_PRODUCTO(ALMACEN_ID,PRODUCTO_ID,CANTIDAD_ACTUAL,PRECIO_VENTA) VALUES (4,48,0,0.000000);

INSERT INTO PROVEEDOR_PRODUCTO(PROVEEDOR_ID,PRODUCTO_ID,PRECIO_COMPRA) VALUES(6,48, 0.000000);

-- ===========PRODUCTO [49]
INSERT INTO PRODUCTO(ID,MARCA_ID,LINEA_ID,NOMBRE,PRESENTACION,CONTENIDO,UNIDADES_POR_CAJA,COSTO,COSTO_VENTA,PRECIO_BASE,UNIDAD_MEDIDA,CODIGO_BARRAS,ABREBIATURA) VALUES(49,15,4,'Lady Speed Stick Barra','Stainguard',65.0,12.0,0.000000,0.000000,0.000000,'G','7509546050966','Lady SS Bar Staing 45g');

INSERT INTO MOVIMIENTO_HISTORICO_PRODUCTO (ALMACEN_ID,PRODUCTO_ID,FECHA,TIPO_MOVIMIENTO_ID,CANTIDAD,COSTO,PRECIO,USUARIO_ID) VALUES(1,49,now(),30,24,0.000000,0.000000,'root');
INSERT INTO ALMACEN_PRODUCTO(ALMACEN_ID,PRODUCTO_ID,CANTIDAD_ACTUAL,PRECIO_VENTA) VALUES (1,49,24,0.000000);

INSERT INTO ALMACEN_PRODUCTO(ALMACEN_ID,PRODUCTO_ID,CANTIDAD_ACTUAL,PRECIO_VENTA) VALUES (2,49,0,0.000000);

INSERT INTO ALMACEN_PRODUCTO(ALMACEN_ID,PRODUCTO_ID,CANTIDAD_ACTUAL,PRECIO_VENTA) VALUES (3,49,24,0.000000);

INSERT INTO ALMACEN_PRODUCTO(ALMACEN_ID,PRODUCTO_ID,CANTIDAD_ACTUAL,PRECIO_VENTA) VALUES (4,49,0,0.000000);

INSERT INTO PROVEEDOR_PRODUCTO(PROVEEDOR_ID,PRODUCTO_ID,PRECIO_COMPRA) VALUES(6,49, 0.000000);

-- ===========PRODUCTO [50]
INSERT INTO PRODUCTO(ID,MARCA_ID,LINEA_ID,NOMBRE,PRESENTACION,CONTENIDO,UNIDADES_POR_CAJA,COSTO,COSTO_VENTA,PRECIO_BASE,UNIDAD_MEDIDA,CODIGO_BARRAS,ABREBIATURA) VALUES(50,15,4,'Lady Speed Stick Barra','Ph Active',65.0,12.0,0.000000,0.000000,0.000000,'G','7509546052670','Lady SS Bar PH Act 45g');

INSERT INTO MOVIMIENTO_HISTORICO_PRODUCTO (ALMACEN_ID,PRODUCTO_ID,FECHA,TIPO_MOVIMIENTO_ID,CANTIDAD,COSTO,PRECIO,USUARIO_ID) VALUES(1,50,now(),30,12,0.000000,0.000000,'root');
INSERT INTO ALMACEN_PRODUCTO(ALMACEN_ID,PRODUCTO_ID,CANTIDAD_ACTUAL,PRECIO_VENTA) VALUES (1,50,12,0.000000);

INSERT INTO ALMACEN_PRODUCTO(ALMACEN_ID,PRODUCTO_ID,CANTIDAD_ACTUAL,PRECIO_VENTA) VALUES (2,50,0,0.000000);

INSERT INTO ALMACEN_PRODUCTO(ALMACEN_ID,PRODUCTO_ID,CANTIDAD_ACTUAL,PRECIO_VENTA) VALUES (3,50,12,0.000000);

INSERT INTO ALMACEN_PRODUCTO(ALMACEN_ID,PRODUCTO_ID,CANTIDAD_ACTUAL,PRECIO_VENTA) VALUES (4,50,0,0.000000);

INSERT INTO PROVEEDOR_PRODUCTO(PROVEEDOR_ID,PRODUCTO_ID,PRECIO_COMPRA) VALUES(6,50, 0.000000);

-- ===========PRODUCTO [51]
INSERT INTO PRODUCTO(ID,MARCA_ID,LINEA_ID,NOMBRE,PRESENTACION,CONTENIDO,UNIDADES_POR_CAJA,COSTO,COSTO_VENTA,PRECIO_BASE,UNIDAD_MEDIDA,CODIGO_BARRAS,ABREBIATURA) VALUES(51,15,4,'Lady Speed Stick Barra','Invisible floral',65.0,12.0,0.000000,0.000000,0.000000,'G','7509546015828','Lady SS Bar Inv Flor 65');

INSERT INTO MOVIMIENTO_HISTORICO_PRODUCTO (ALMACEN_ID,PRODUCTO_ID,FECHA,TIPO_MOVIMIENTO_ID,CANTIDAD,COSTO,PRECIO,USUARIO_ID) VALUES(1,51,now(),30,12,0.000000,0.000000,'root');
INSERT INTO ALMACEN_PRODUCTO(ALMACEN_ID,PRODUCTO_ID,CANTIDAD_ACTUAL,PRECIO_VENTA) VALUES (1,51,12,0.000000);

INSERT INTO ALMACEN_PRODUCTO(ALMACEN_ID,PRODUCTO_ID,CANTIDAD_ACTUAL,PRECIO_VENTA) VALUES (2,51,1,16.000000);

INSERT INTO ALMACEN_PRODUCTO(ALMACEN_ID,PRODUCTO_ID,CANTIDAD_ACTUAL,PRECIO_VENTA) VALUES (3,51,12,0.000000);

INSERT INTO ALMACEN_PRODUCTO(ALMACEN_ID,PRODUCTO_ID,CANTIDAD_ACTUAL,PRECIO_VENTA) VALUES (4,51,1,16.000000);

INSERT INTO PROVEEDOR_PRODUCTO(PROVEEDOR_ID,PRODUCTO_ID,PRECIO_COMPRA) VALUES(6,51, 0.000000);

-- ===========PRODUCTO [52]
INSERT INTO PRODUCTO(ID,MARCA_ID,LINEA_ID,NOMBRE,PRESENTACION,CONTENIDO,UNIDADES_POR_CAJA,COSTO,COSTO_VENTA,PRECIO_BASE,UNIDAD_MEDIDA,CODIGO_BARRAS,ABREBIATURA) VALUES(52,15,4,'Lady Speed Stick Barra','Invisible Wild Freesia',65.0,12.0,0.000000,0.000000,0.000000,'G','7509546044217','Lady SS Bar Wild F 65');

INSERT INTO MOVIMIENTO_HISTORICO_PRODUCTO (ALMACEN_ID,PRODUCTO_ID,FECHA,TIPO_MOVIMIENTO_ID,CANTIDAD,COSTO,PRECIO,USUARIO_ID) VALUES(1,52,now(),30,12,0.000000,0.000000,'root');
INSERT INTO ALMACEN_PRODUCTO(ALMACEN_ID,PRODUCTO_ID,CANTIDAD_ACTUAL,PRECIO_VENTA) VALUES (1,52,12,0.000000);

INSERT INTO ALMACEN_PRODUCTO(ALMACEN_ID,PRODUCTO_ID,CANTIDAD_ACTUAL,PRECIO_VENTA) VALUES (2,52,0,0.000000);

INSERT INTO ALMACEN_PRODUCTO(ALMACEN_ID,PRODUCTO_ID,CANTIDAD_ACTUAL,PRECIO_VENTA) VALUES (3,52,12,0.000000);

INSERT INTO ALMACEN_PRODUCTO(ALMACEN_ID,PRODUCTO_ID,CANTIDAD_ACTUAL,PRECIO_VENTA) VALUES (4,52,0,0.000000);

INSERT INTO PROVEEDOR_PRODUCTO(PROVEEDOR_ID,PRODUCTO_ID,PRECIO_COMPRA) VALUES(6,52, 0.000000);

-- ===========PRODUCTO [53]
INSERT INTO PRODUCTO(ID,MARCA_ID,LINEA_ID,NOMBRE,PRESENTACION,CONTENIDO,UNIDADES_POR_CAJA,COSTO,COSTO_VENTA,PRECIO_BASE,UNIDAD_MEDIDA,CODIGO_BARRAS,ABREBIATURA) VALUES(53,16,9,'Ajax Limpiador Liquido','Amonia',1000.0,12.0,11.896552,11.896552,16.560000,'ML','7501035905054','Ajax Limp Amonia 1Lt');

INSERT INTO MOVIMIENTO_HISTORICO_PRODUCTO (ALMACEN_ID,PRODUCTO_ID,FECHA,TIPO_MOVIMIENTO_ID,CANTIDAD,COSTO,PRECIO,USUARIO_ID) VALUES(1,53,now(),30,14,11.896552,16.560000,'root');
INSERT INTO ALMACEN_PRODUCTO(ALMACEN_ID,PRODUCTO_ID,CANTIDAD_ACTUAL,PRECIO_VENTA) VALUES (1,53,14,16.560000);

INSERT INTO ALMACEN_PRODUCTO(ALMACEN_ID,PRODUCTO_ID,CANTIDAD_ACTUAL,PRECIO_VENTA) VALUES (2,53,5,9.000000);

INSERT INTO ALMACEN_PRODUCTO(ALMACEN_ID,PRODUCTO_ID,CANTIDAD_ACTUAL,PRECIO_VENTA) VALUES (3,53,14,17.900000);

INSERT INTO ALMACEN_PRODUCTO(ALMACEN_ID,PRODUCTO_ID,CANTIDAD_ACTUAL,PRECIO_VENTA) VALUES (4,53,5,9.000000);

INSERT INTO PROVEEDOR_PRODUCTO(PROVEEDOR_ID,PRODUCTO_ID,PRECIO_COMPRA) VALUES(6,53, 11.896552);

-- ===========PRODUCTO [54]
INSERT INTO PRODUCTO(ID,MARCA_ID,LINEA_ID,NOMBRE,PRESENTACION,CONTENIDO,UNIDADES_POR_CAJA,COSTO,COSTO_VENTA,PRECIO_BASE,UNIDAD_MEDIDA,CODIGO_BARRAS,ABREBIATURA) VALUES(54,17,10,'Palmolive Hydra Natura Solida','Humectacion Profunda',450.0,12.0,0.000000,0.000000,0.000000,'G','7509546030326','Palm Hyd Humect 450g');

INSERT INTO MOVIMIENTO_HISTORICO_PRODUCTO (ALMACEN_ID,PRODUCTO_ID,FECHA,TIPO_MOVIMIENTO_ID,CANTIDAD,COSTO,PRECIO,USUARIO_ID) VALUES(1,54,now(),30,12,0.000000,0.000000,'root');
INSERT INTO ALMACEN_PRODUCTO(ALMACEN_ID,PRODUCTO_ID,CANTIDAD_ACTUAL,PRECIO_VENTA) VALUES (1,54,12,0.000000);

INSERT INTO ALMACEN_PRODUCTO(ALMACEN_ID,PRODUCTO_ID,CANTIDAD_ACTUAL,PRECIO_VENTA) VALUES (2,54,0,0.000000);

INSERT INTO ALMACEN_PRODUCTO(ALMACEN_ID,PRODUCTO_ID,CANTIDAD_ACTUAL,PRECIO_VENTA) VALUES (3,54,12,0.000000);

INSERT INTO ALMACEN_PRODUCTO(ALMACEN_ID,PRODUCTO_ID,CANTIDAD_ACTUAL,PRECIO_VENTA) VALUES (4,54,0,0.000000);

INSERT INTO PROVEEDOR_PRODUCTO(PROVEEDOR_ID,PRODUCTO_ID,PRECIO_COMPRA) VALUES(6,54, 0.000000);

-- ===========PRODUCTO [55]
INSERT INTO PRODUCTO(ID,MARCA_ID,LINEA_ID,NOMBRE,PRESENTACION,CONTENIDO,UNIDADES_POR_CAJA,COSTO,COSTO_VENTA,PRECIO_BASE,UNIDAD_MEDIDA,CODIGO_BARRAS,ABREBIATURA) VALUES(55,18,10,'Palmolive Crema Solida','Neutro Balance',450.0,12.0,0.000000,0.000000,0.000000,'G','7501035917316','Neutr Balan Crem 450g');

INSERT INTO MOVIMIENTO_HISTORICO_PRODUCTO (ALMACEN_ID,PRODUCTO_ID,FECHA,TIPO_MOVIMIENTO_ID,CANTIDAD,COSTO,PRECIO,USUARIO_ID) VALUES(1,55,now(),30,12,0.000000,0.000000,'root');
INSERT INTO ALMACEN_PRODUCTO(ALMACEN_ID,PRODUCTO_ID,CANTIDAD_ACTUAL,PRECIO_VENTA) VALUES (1,55,12,0.000000);

INSERT INTO ALMACEN_PRODUCTO(ALMACEN_ID,PRODUCTO_ID,CANTIDAD_ACTUAL,PRECIO_VENTA) VALUES (2,55,0,0.000000);

INSERT INTO ALMACEN_PRODUCTO(ALMACEN_ID,PRODUCTO_ID,CANTIDAD_ACTUAL,PRECIO_VENTA) VALUES (3,55,12,0.000000);

INSERT INTO ALMACEN_PRODUCTO(ALMACEN_ID,PRODUCTO_ID,CANTIDAD_ACTUAL,PRECIO_VENTA) VALUES (4,55,0,0.000000);

INSERT INTO PROVEEDOR_PRODUCTO(PROVEEDOR_ID,PRODUCTO_ID,PRECIO_COMPRA) VALUES(6,55, 0.000000);

-- ===========PRODUCTO [56]
INSERT INTO PRODUCTO(ID,MARCA_ID,LINEA_ID,NOMBRE,PRESENTACION,CONTENIDO,UNIDADES_POR_CAJA,COSTO,COSTO_VENTA,PRECIO_BASE,UNIDAD_MEDIDA,CODIGO_BARRAS,ABREBIATURA) VALUES(56,15,4,'Lady Speed Stick Barra','Ph Active',45.0,12.0,0.000000,0.000000,0.000000,'G','7509546052656','Lady SS Bar PH Act 65g');

INSERT INTO MOVIMIENTO_HISTORICO_PRODUCTO (ALMACEN_ID,PRODUCTO_ID,FECHA,TIPO_MOVIMIENTO_ID,CANTIDAD,COSTO,PRECIO,USUARIO_ID) VALUES(1,56,now(),30,12,0.000000,0.000000,'root');
INSERT INTO ALMACEN_PRODUCTO(ALMACEN_ID,PRODUCTO_ID,CANTIDAD_ACTUAL,PRECIO_VENTA) VALUES (1,56,12,0.000000);

INSERT INTO ALMACEN_PRODUCTO(ALMACEN_ID,PRODUCTO_ID,CANTIDAD_ACTUAL,PRECIO_VENTA) VALUES (2,56,4,13.000000);

INSERT INTO ALMACEN_PRODUCTO(ALMACEN_ID,PRODUCTO_ID,CANTIDAD_ACTUAL,PRECIO_VENTA) VALUES (3,56,12,21.900000);

INSERT INTO ALMACEN_PRODUCTO(ALMACEN_ID,PRODUCTO_ID,CANTIDAD_ACTUAL,PRECIO_VENTA) VALUES (4,56,4,13.000000);

INSERT INTO PROVEEDOR_PRODUCTO(PROVEEDOR_ID,PRODUCTO_ID,PRECIO_COMPRA) VALUES(6,56, 0.000000);

-- ===========PRODUCTO [57]
INSERT INTO PRODUCTO(ID,MARCA_ID,LINEA_ID,NOMBRE,PRESENTACION,CONTENIDO,UNIDADES_POR_CAJA,COSTO,COSTO_VENTA,PRECIO_BASE,UNIDAD_MEDIDA,CODIGO_BARRAS,ABREBIATURA) VALUES(57,19,4,'Rexona Stick Caballero','Absolute Ginseng',45.0,12.0,0.000000,0.000000,0.000000,'G','75028947','Rex Bar Abs Gins 45g');

INSERT INTO MOVIMIENTO_HISTORICO_PRODUCTO (ALMACEN_ID,PRODUCTO_ID,FECHA,TIPO_MOVIMIENTO_ID,CANTIDAD,COSTO,PRECIO,USUARIO_ID) VALUES(1,57,now(),30,12,0.000000,0.000000,'root');
INSERT INTO ALMACEN_PRODUCTO(ALMACEN_ID,PRODUCTO_ID,CANTIDAD_ACTUAL,PRECIO_VENTA) VALUES (1,57,12,0.000000);

INSERT INTO ALMACEN_PRODUCTO(ALMACEN_ID,PRODUCTO_ID,CANTIDAD_ACTUAL,PRECIO_VENTA) VALUES (2,57,0,0.000000);

INSERT INTO ALMACEN_PRODUCTO(ALMACEN_ID,PRODUCTO_ID,CANTIDAD_ACTUAL,PRECIO_VENTA) VALUES (3,57,12,0.000000);

INSERT INTO ALMACEN_PRODUCTO(ALMACEN_ID,PRODUCTO_ID,CANTIDAD_ACTUAL,PRECIO_VENTA) VALUES (4,57,0,0.000000);

INSERT INTO PROVEEDOR_PRODUCTO(PROVEEDOR_ID,PRODUCTO_ID,PRECIO_COMPRA) VALUES(17,57, 0.000000);

-- ===========PRODUCTO [58]
INSERT INTO PRODUCTO(ID,MARCA_ID,LINEA_ID,NOMBRE,PRESENTACION,CONTENIDO,UNIDADES_POR_CAJA,COSTO,COSTO_VENTA,PRECIO_BASE,UNIDAD_MEDIDA,CODIGO_BARRAS,ABREBIATURA) VALUES(58,20,11,'Plax Colgate Enjuague Bucal','PerioGard',250.0,12.0,0.000000,0.000000,0.000000,'ML','7891024179901','Plax PerioGard 250ml');

INSERT INTO MOVIMIENTO_HISTORICO_PRODUCTO (ALMACEN_ID,PRODUCTO_ID,FECHA,TIPO_MOVIMIENTO_ID,CANTIDAD,COSTO,PRECIO,USUARIO_ID) VALUES(1,58,now(),30,11,0.000000,0.000000,'root');
INSERT INTO ALMACEN_PRODUCTO(ALMACEN_ID,PRODUCTO_ID,CANTIDAD_ACTUAL,PRECIO_VENTA) VALUES (1,58,11,0.000000);

INSERT INTO ALMACEN_PRODUCTO(ALMACEN_ID,PRODUCTO_ID,CANTIDAD_ACTUAL,PRECIO_VENTA) VALUES (2,58,0,0.000000);

INSERT INTO ALMACEN_PRODUCTO(ALMACEN_ID,PRODUCTO_ID,CANTIDAD_ACTUAL,PRECIO_VENTA) VALUES (3,58,11,29.900000);

INSERT INTO ALMACEN_PRODUCTO(ALMACEN_ID,PRODUCTO_ID,CANTIDAD_ACTUAL,PRECIO_VENTA) VALUES (4,58,0,0.000000);

INSERT INTO PROVEEDOR_PRODUCTO(PROVEEDOR_ID,PRODUCTO_ID,PRECIO_COMPRA) VALUES(6,58, 0.000000);

-- ===========PRODUCTO [59]
INSERT INTO PRODUCTO(ID,MARCA_ID,LINEA_ID,NOMBRE,PRESENTACION,CONTENIDO,UNIDADES_POR_CAJA,COSTO,COSTO_VENTA,PRECIO_BASE,UNIDAD_MEDIDA,CODIGO_BARRAS,ABREBIATURA) VALUES(59,18,10,'Palmolive Liquida','Neutro Balance',400.0,12.0,0.000000,0.000000,0.000000,'ML','7501035906341','Neutr Balan Crem 400ml');

INSERT INTO MOVIMIENTO_HISTORICO_PRODUCTO (ALMACEN_ID,PRODUCTO_ID,FECHA,TIPO_MOVIMIENTO_ID,CANTIDAD,COSTO,PRECIO,USUARIO_ID) VALUES(1,59,now(),30,12,0.000000,0.000000,'root');
INSERT INTO ALMACEN_PRODUCTO(ALMACEN_ID,PRODUCTO_ID,CANTIDAD_ACTUAL,PRECIO_VENTA) VALUES (1,59,12,0.000000);

INSERT INTO ALMACEN_PRODUCTO(ALMACEN_ID,PRODUCTO_ID,CANTIDAD_ACTUAL,PRECIO_VENTA) VALUES (2,59,0,0.000000);

INSERT INTO ALMACEN_PRODUCTO(ALMACEN_ID,PRODUCTO_ID,CANTIDAD_ACTUAL,PRECIO_VENTA) VALUES (3,59,12,0.000000);

INSERT INTO ALMACEN_PRODUCTO(ALMACEN_ID,PRODUCTO_ID,CANTIDAD_ACTUAL,PRECIO_VENTA) VALUES (4,59,0,0.000000);

INSERT INTO PROVEEDOR_PRODUCTO(PROVEEDOR_ID,PRODUCTO_ID,PRECIO_COMPRA) VALUES(6,59, 0.000000);

-- ===========PRODUCTO [60]
INSERT INTO PRODUCTO(ID,MARCA_ID,LINEA_ID,NOMBRE,PRESENTACION,CONTENIDO,UNIDADES_POR_CAJA,COSTO,COSTO_VENTA,PRECIO_BASE,UNIDAD_MEDIDA,CODIGO_BARRAS,ABREBIATURA) VALUES(60,14,2,'Fructis Style Gel Fijador','Hard',200.0,12.0,0.000000,0.000000,0.000000,'G','7501839186796','Fructis Gel Hard 200g');

INSERT INTO MOVIMIENTO_HISTORICO_PRODUCTO (ALMACEN_ID,PRODUCTO_ID,FECHA,TIPO_MOVIMIENTO_ID,CANTIDAD,COSTO,PRECIO,USUARIO_ID) VALUES(1,60,now(),30,12,0.000000,0.000000,'root');
INSERT INTO ALMACEN_PRODUCTO(ALMACEN_ID,PRODUCTO_ID,CANTIDAD_ACTUAL,PRECIO_VENTA) VALUES (1,60,12,0.000000);

INSERT INTO ALMACEN_PRODUCTO(ALMACEN_ID,PRODUCTO_ID,CANTIDAD_ACTUAL,PRECIO_VENTA) VALUES (2,60,0,0.000000);

INSERT INTO ALMACEN_PRODUCTO(ALMACEN_ID,PRODUCTO_ID,CANTIDAD_ACTUAL,PRECIO_VENTA) VALUES (3,60,12,0.000000);

INSERT INTO ALMACEN_PRODUCTO(ALMACEN_ID,PRODUCTO_ID,CANTIDAD_ACTUAL,PRECIO_VENTA) VALUES (4,60,0,0.000000);

INSERT INTO PROVEEDOR_PRODUCTO(PROVEEDOR_ID,PRODUCTO_ID,PRECIO_COMPRA) VALUES(13,60, 0.000000);

-- ===========PRODUCTO [61]
INSERT INTO PRODUCTO(ID,MARCA_ID,LINEA_ID,NOMBRE,PRESENTACION,CONTENIDO,UNIDADES_POR_CAJA,COSTO,COSTO_VENTA,PRECIO_BASE,UNIDAD_MEDIDA,CODIGO_BARRAS,ABREBIATURA) VALUES(61,14,2,'Fructis Style Gel Fijador','Resistencia 24h',200.0,12.0,0.000000,0.000000,0.000000,'G','7501839198690','Fructis Gel Resist 200g');

INSERT INTO MOVIMIENTO_HISTORICO_PRODUCTO (ALMACEN_ID,PRODUCTO_ID,FECHA,TIPO_MOVIMIENTO_ID,CANTIDAD,COSTO,PRECIO,USUARIO_ID) VALUES(1,61,now(),30,12,0.000000,0.000000,'root');
INSERT INTO ALMACEN_PRODUCTO(ALMACEN_ID,PRODUCTO_ID,CANTIDAD_ACTUAL,PRECIO_VENTA) VALUES (1,61,12,0.000000);

INSERT INTO ALMACEN_PRODUCTO(ALMACEN_ID,PRODUCTO_ID,CANTIDAD_ACTUAL,PRECIO_VENTA) VALUES (2,61,0,0.000000);

INSERT INTO ALMACEN_PRODUCTO(ALMACEN_ID,PRODUCTO_ID,CANTIDAD_ACTUAL,PRECIO_VENTA) VALUES (3,61,12,0.000000);

INSERT INTO ALMACEN_PRODUCTO(ALMACEN_ID,PRODUCTO_ID,CANTIDAD_ACTUAL,PRECIO_VENTA) VALUES (4,61,0,0.000000);

INSERT INTO PROVEEDOR_PRODUCTO(PROVEEDOR_ID,PRODUCTO_ID,PRECIO_COMPRA) VALUES(13,61, 0.000000);

-- ===========PRODUCTO [62]
INSERT INTO PRODUCTO(ID,MARCA_ID,LINEA_ID,NOMBRE,PRESENTACION,CONTENIDO,UNIDADES_POR_CAJA,COSTO,COSTO_VENTA,PRECIO_BASE,UNIDAD_MEDIDA,CODIGO_BARRAS,ABREBIATURA) VALUES(62,21,2,'Elvive Crema Peinar','Reparacion Total 5',200.0,12.0,0.000000,0.000000,0.000000,'ML','7506078975910','Elvi Peina Rep 5 200ml');

INSERT INTO MOVIMIENTO_HISTORICO_PRODUCTO (ALMACEN_ID,PRODUCTO_ID,FECHA,TIPO_MOVIMIENTO_ID,CANTIDAD,COSTO,PRECIO,USUARIO_ID) VALUES(1,62,now(),30,12,0.000000,0.000000,'root');
INSERT INTO ALMACEN_PRODUCTO(ALMACEN_ID,PRODUCTO_ID,CANTIDAD_ACTUAL,PRECIO_VENTA) VALUES (1,62,12,0.000000);

INSERT INTO ALMACEN_PRODUCTO(ALMACEN_ID,PRODUCTO_ID,CANTIDAD_ACTUAL,PRECIO_VENTA) VALUES (2,62,0,0.000000);

INSERT INTO ALMACEN_PRODUCTO(ALMACEN_ID,PRODUCTO_ID,CANTIDAD_ACTUAL,PRECIO_VENTA) VALUES (3,62,12,0.000000);

INSERT INTO ALMACEN_PRODUCTO(ALMACEN_ID,PRODUCTO_ID,CANTIDAD_ACTUAL,PRECIO_VENTA) VALUES (4,62,0,0.000000);

INSERT INTO PROVEEDOR_PRODUCTO(PROVEEDOR_ID,PRODUCTO_ID,PRECIO_COMPRA) VALUES(13,62, 0.000000);

-- ===========PRODUCTO [63]
INSERT INTO PRODUCTO(ID,MARCA_ID,LINEA_ID,NOMBRE,PRESENTACION,CONTENIDO,UNIDADES_POR_CAJA,COSTO,COSTO_VENTA,PRECIO_BASE,UNIDAD_MEDIDA,CODIGO_BARRAS,ABREBIATURA) VALUES(63,22,2,'Loreal Crema Peinar','Curl Power',150.0,12.0,0.000000,0.000000,0.000000,'ML','7506078939325','Lorea Peinar Cur 150ml');

INSERT INTO MOVIMIENTO_HISTORICO_PRODUCTO (ALMACEN_ID,PRODUCTO_ID,FECHA,TIPO_MOVIMIENTO_ID,CANTIDAD,COSTO,PRECIO,USUARIO_ID) VALUES(1,63,now(),30,12,0.000000,0.000000,'root');
INSERT INTO ALMACEN_PRODUCTO(ALMACEN_ID,PRODUCTO_ID,CANTIDAD_ACTUAL,PRECIO_VENTA) VALUES (1,63,12,0.000000);

INSERT INTO ALMACEN_PRODUCTO(ALMACEN_ID,PRODUCTO_ID,CANTIDAD_ACTUAL,PRECIO_VENTA) VALUES (2,63,0,0.000000);

INSERT INTO ALMACEN_PRODUCTO(ALMACEN_ID,PRODUCTO_ID,CANTIDAD_ACTUAL,PRECIO_VENTA) VALUES (3,63,12,0.000000);

INSERT INTO ALMACEN_PRODUCTO(ALMACEN_ID,PRODUCTO_ID,CANTIDAD_ACTUAL,PRECIO_VENTA) VALUES (4,63,0,0.000000);

INSERT INTO PROVEEDOR_PRODUCTO(PROVEEDOR_ID,PRODUCTO_ID,PRECIO_COMPRA) VALUES(13,63, 0.000000);

-- ===========PRODUCTO [64]
INSERT INTO PRODUCTO(ID,MARCA_ID,LINEA_ID,NOMBRE,PRESENTACION,CONTENIDO,UNIDADES_POR_CAJA,COSTO,COSTO_VENTA,PRECIO_BASE,UNIDAD_MEDIDA,CODIGO_BARRAS,ABREBIATURA) VALUES(64,23,12,'SoftSoap Jabn Liquida','CocoNut Scrub',443.0,6.0,0.000000,0.000000,0.000000,'ML','7509546056470','Soft So Jab Coco 443ml');

INSERT INTO MOVIMIENTO_HISTORICO_PRODUCTO (ALMACEN_ID,PRODUCTO_ID,FECHA,TIPO_MOVIMIENTO_ID,CANTIDAD,COSTO,PRECIO,USUARIO_ID) VALUES(1,64,now(),30,6,0.000000,0.000000,'root');
INSERT INTO ALMACEN_PRODUCTO(ALMACEN_ID,PRODUCTO_ID,CANTIDAD_ACTUAL,PRECIO_VENTA) VALUES (1,64,6,0.000000);

INSERT INTO ALMACEN_PRODUCTO(ALMACEN_ID,PRODUCTO_ID,CANTIDAD_ACTUAL,PRECIO_VENTA) VALUES (2,64,0,0.000000);

INSERT INTO ALMACEN_PRODUCTO(ALMACEN_ID,PRODUCTO_ID,CANTIDAD_ACTUAL,PRECIO_VENTA) VALUES (3,64,6,0.000000);

INSERT INTO ALMACEN_PRODUCTO(ALMACEN_ID,PRODUCTO_ID,CANTIDAD_ACTUAL,PRECIO_VENTA) VALUES (4,64,0,0.000000);

INSERT INTO PROVEEDOR_PRODUCTO(PROVEEDOR_ID,PRODUCTO_ID,PRECIO_COMPRA) VALUES(6,64, 0.000000);

-- ===========PRODUCTO [65]
INSERT INTO PRODUCTO(ID,MARCA_ID,LINEA_ID,NOMBRE,PRESENTACION,CONTENIDO,UNIDADES_POR_CAJA,COSTO,COSTO_VENTA,PRECIO_BASE,UNIDAD_MEDIDA,CODIGO_BARRAS,ABREBIATURA) VALUES(65,11,8,'Brut Crema Afeitar','Classic',118.0,12.0,0.000000,0.000000,0.000000,'ML','7502221181573','Brut Cr Afeit Clas 118');

INSERT INTO MOVIMIENTO_HISTORICO_PRODUCTO (ALMACEN_ID,PRODUCTO_ID,FECHA,TIPO_MOVIMIENTO_ID,CANTIDAD,COSTO,PRECIO,USUARIO_ID) VALUES(1,65,now(),30,6,0.000000,0.000000,'root');
INSERT INTO ALMACEN_PRODUCTO(ALMACEN_ID,PRODUCTO_ID,CANTIDAD_ACTUAL,PRECIO_VENTA) VALUES (1,65,6,0.000000);

INSERT INTO ALMACEN_PRODUCTO(ALMACEN_ID,PRODUCTO_ID,CANTIDAD_ACTUAL,PRECIO_VENTA) VALUES (2,65,0,0.000000);

INSERT INTO ALMACEN_PRODUCTO(ALMACEN_ID,PRODUCTO_ID,CANTIDAD_ACTUAL,PRECIO_VENTA) VALUES (3,65,6,0.000000);

INSERT INTO ALMACEN_PRODUCTO(ALMACEN_ID,PRODUCTO_ID,CANTIDAD_ACTUAL,PRECIO_VENTA) VALUES (4,65,0,0.000000);

INSERT INTO PROVEEDOR_PRODUCTO(PROVEEDOR_ID,PRODUCTO_ID,PRECIO_COMPRA) VALUES(18,65, 0.000000);

-- ===========PRODUCTO [66]
INSERT INTO PRODUCTO(ID,MARCA_ID,LINEA_ID,NOMBRE,PRESENTACION,CONTENIDO,UNIDADES_POR_CAJA,COSTO,COSTO_VENTA,PRECIO_BASE,UNIDAD_MEDIDA,CODIGO_BARRAS,ABREBIATURA) VALUES(66,24,4,'Sport Man Aerosol','Pro',100.0,12.0,0.000000,0.000000,0.000000,'G','8411061602782','Sport Man Deo Aer 100');

INSERT INTO MOVIMIENTO_HISTORICO_PRODUCTO (ALMACEN_ID,PRODUCTO_ID,FECHA,TIPO_MOVIMIENTO_ID,CANTIDAD,COSTO,PRECIO,USUARIO_ID) VALUES(1,66,now(),30,12,0.000000,0.000000,'root');
INSERT INTO ALMACEN_PRODUCTO(ALMACEN_ID,PRODUCTO_ID,CANTIDAD_ACTUAL,PRECIO_VENTA) VALUES (1,66,12,0.000000);

INSERT INTO ALMACEN_PRODUCTO(ALMACEN_ID,PRODUCTO_ID,CANTIDAD_ACTUAL,PRECIO_VENTA) VALUES (2,66,0,0.000000);

INSERT INTO ALMACEN_PRODUCTO(ALMACEN_ID,PRODUCTO_ID,CANTIDAD_ACTUAL,PRECIO_VENTA) VALUES (3,66,12,0.000000);

INSERT INTO ALMACEN_PRODUCTO(ALMACEN_ID,PRODUCTO_ID,CANTIDAD_ACTUAL,PRECIO_VENTA) VALUES (4,66,0,0.000000);

INSERT INTO PROVEEDOR_PRODUCTO(PROVEEDOR_ID,PRODUCTO_ID,PRECIO_COMPRA) VALUES(13,66, 0.000000);

-- ===========PRODUCTO [67]
INSERT INTO PRODUCTO(ID,MARCA_ID,LINEA_ID,NOMBRE,PRESENTACION,CONTENIDO,UNIDADES_POR_CAJA,COSTO,COSTO_VENTA,PRECIO_BASE,UNIDAD_MEDIDA,CODIGO_BARRAS,ABREBIATURA) VALUES(67,11,2,'Brut XT Gel Fijacion Extrema','Urban',100.0,12.0,0.000000,0.000000,0.000000,'ML','78921011','Brut Gel Xt Urba 100ml');

INSERT INTO MOVIMIENTO_HISTORICO_PRODUCTO (ALMACEN_ID,PRODUCTO_ID,FECHA,TIPO_MOVIMIENTO_ID,CANTIDAD,COSTO,PRECIO,USUARIO_ID) VALUES(1,67,now(),30,12,0.000000,0.000000,'root');
INSERT INTO ALMACEN_PRODUCTO(ALMACEN_ID,PRODUCTO_ID,CANTIDAD_ACTUAL,PRECIO_VENTA) VALUES (1,67,12,0.000000);

INSERT INTO ALMACEN_PRODUCTO(ALMACEN_ID,PRODUCTO_ID,CANTIDAD_ACTUAL,PRECIO_VENTA) VALUES (2,67,0,0.000000);

INSERT INTO ALMACEN_PRODUCTO(ALMACEN_ID,PRODUCTO_ID,CANTIDAD_ACTUAL,PRECIO_VENTA) VALUES (3,67,12,0.000000);

INSERT INTO ALMACEN_PRODUCTO(ALMACEN_ID,PRODUCTO_ID,CANTIDAD_ACTUAL,PRECIO_VENTA) VALUES (4,67,0,0.000000);

INSERT INTO PROVEEDOR_PRODUCTO(PROVEEDOR_ID,PRODUCTO_ID,PRECIO_COMPRA) VALUES(18,67, 0.000000);

-- ===========PRODUCTO [68]
INSERT INTO PRODUCTO(ID,MARCA_ID,LINEA_ID,NOMBRE,PRESENTACION,CONTENIDO,UNIDADES_POR_CAJA,COSTO,COSTO_VENTA,PRECIO_BASE,UNIDAD_MEDIDA,CODIGO_BARRAS,ABREBIATURA) VALUES(68,11,2,'Brut XT Gel Fijacion Extrema','Ego',100.0,12.0,0.000000,0.000000,0.000000,'ML','78921012','Brut Gel Xt Ego 100ml');

INSERT INTO MOVIMIENTO_HISTORICO_PRODUCTO (ALMACEN_ID,PRODUCTO_ID,FECHA,TIPO_MOVIMIENTO_ID,CANTIDAD,COSTO,PRECIO,USUARIO_ID) VALUES(1,68,now(),30,12,0.000000,0.000000,'root');
INSERT INTO ALMACEN_PRODUCTO(ALMACEN_ID,PRODUCTO_ID,CANTIDAD_ACTUAL,PRECIO_VENTA) VALUES (1,68,12,0.000000);

INSERT INTO ALMACEN_PRODUCTO(ALMACEN_ID,PRODUCTO_ID,CANTIDAD_ACTUAL,PRECIO_VENTA) VALUES (2,68,0,0.000000);

INSERT INTO ALMACEN_PRODUCTO(ALMACEN_ID,PRODUCTO_ID,CANTIDAD_ACTUAL,PRECIO_VENTA) VALUES (3,68,12,0.000000);

INSERT INTO ALMACEN_PRODUCTO(ALMACEN_ID,PRODUCTO_ID,CANTIDAD_ACTUAL,PRECIO_VENTA) VALUES (4,68,0,0.000000);

INSERT INTO PROVEEDOR_PRODUCTO(PROVEEDOR_ID,PRODUCTO_ID,PRECIO_COMPRA) VALUES(18,68, 0.000000);

-- ===========PRODUCTO [69]
INSERT INTO PRODUCTO(ID,MARCA_ID,LINEA_ID,NOMBRE,PRESENTACION,CONTENIDO,UNIDADES_POR_CAJA,COSTO,COSTO_VENTA,PRECIO_BASE,UNIDAD_MEDIDA,CODIGO_BARRAS,ABREBIATURA) VALUES(69,11,2,'Brut XT Gel Fijacion Extrema','Code',100.0,12.0,0.000000,0.000000,0.000000,'ML','78921013','Brut Gel Xt Code 100ml');

INSERT INTO MOVIMIENTO_HISTORICO_PRODUCTO (ALMACEN_ID,PRODUCTO_ID,FECHA,TIPO_MOVIMIENTO_ID,CANTIDAD,COSTO,PRECIO,USUARIO_ID) VALUES(1,69,now(),30,12,0.000000,0.000000,'root');
INSERT INTO ALMACEN_PRODUCTO(ALMACEN_ID,PRODUCTO_ID,CANTIDAD_ACTUAL,PRECIO_VENTA) VALUES (1,69,12,0.000000);

INSERT INTO ALMACEN_PRODUCTO(ALMACEN_ID,PRODUCTO_ID,CANTIDAD_ACTUAL,PRECIO_VENTA) VALUES (2,69,0,0.000000);

INSERT INTO ALMACEN_PRODUCTO(ALMACEN_ID,PRODUCTO_ID,CANTIDAD_ACTUAL,PRECIO_VENTA) VALUES (3,69,12,0.000000);

INSERT INTO ALMACEN_PRODUCTO(ALMACEN_ID,PRODUCTO_ID,CANTIDAD_ACTUAL,PRECIO_VENTA) VALUES (4,69,0,0.000000);

INSERT INTO PROVEEDOR_PRODUCTO(PROVEEDOR_ID,PRODUCTO_ID,PRECIO_COMPRA) VALUES(18,69, 0.000000);

-- ===========PRODUCTO [70]
INSERT INTO PRODUCTO(ID,MARCA_ID,LINEA_ID,NOMBRE,PRESENTACION,CONTENIDO,UNIDADES_POR_CAJA,COSTO,COSTO_VENTA,PRECIO_BASE,UNIDAD_MEDIDA,CODIGO_BARRAS,ABREBIATURA) VALUES(70,11,2,'Brut XT Gel Fijacion Extrema','Excess',100.0,12.0,0.000000,0.000000,0.000000,'ML','78921014','Brut Gel Xt Exce 100ml');

INSERT INTO MOVIMIENTO_HISTORICO_PRODUCTO (ALMACEN_ID,PRODUCTO_ID,FECHA,TIPO_MOVIMIENTO_ID,CANTIDAD,COSTO,PRECIO,USUARIO_ID) VALUES(1,70,now(),30,3,0.000000,0.000000,'root');
INSERT INTO ALMACEN_PRODUCTO(ALMACEN_ID,PRODUCTO_ID,CANTIDAD_ACTUAL,PRECIO_VENTA) VALUES (1,70,3,0.000000);

INSERT INTO ALMACEN_PRODUCTO(ALMACEN_ID,PRODUCTO_ID,CANTIDAD_ACTUAL,PRECIO_VENTA) VALUES (2,70,0,0.000000);

INSERT INTO ALMACEN_PRODUCTO(ALMACEN_ID,PRODUCTO_ID,CANTIDAD_ACTUAL,PRECIO_VENTA) VALUES (3,70,3,0.000000);

INSERT INTO ALMACEN_PRODUCTO(ALMACEN_ID,PRODUCTO_ID,CANTIDAD_ACTUAL,PRECIO_VENTA) VALUES (4,70,0,0.000000);

INSERT INTO PROVEEDOR_PRODUCTO(PROVEEDOR_ID,PRODUCTO_ID,PRECIO_COMPRA) VALUES(18,70, 0.000000);

-- ===========PRODUCTO [71]
INSERT INTO PRODUCTO(ID,MARCA_ID,LINEA_ID,NOMBRE,PRESENTACION,CONTENIDO,UNIDADES_POR_CAJA,COSTO,COSTO_VENTA,PRECIO_BASE,UNIDAD_MEDIDA,CODIGO_BARRAS,ABREBIATURA) VALUES(71,11,4,'Brut Aerosol','Futbol Fire',208.0,12.0,0.000000,0.000000,0.000000,'ML','7502221184376','Brut Aer Fut Fire 208ml');

INSERT INTO MOVIMIENTO_HISTORICO_PRODUCTO (ALMACEN_ID,PRODUCTO_ID,FECHA,TIPO_MOVIMIENTO_ID,CANTIDAD,COSTO,PRECIO,USUARIO_ID) VALUES(1,71,now(),30,12,0.000000,0.000000,'root');
INSERT INTO ALMACEN_PRODUCTO(ALMACEN_ID,PRODUCTO_ID,CANTIDAD_ACTUAL,PRECIO_VENTA) VALUES (1,71,12,0.000000);

INSERT INTO ALMACEN_PRODUCTO(ALMACEN_ID,PRODUCTO_ID,CANTIDAD_ACTUAL,PRECIO_VENTA) VALUES (2,71,0,0.000000);

INSERT INTO ALMACEN_PRODUCTO(ALMACEN_ID,PRODUCTO_ID,CANTIDAD_ACTUAL,PRECIO_VENTA) VALUES (3,71,12,34.900000);

INSERT INTO ALMACEN_PRODUCTO(ALMACEN_ID,PRODUCTO_ID,CANTIDAD_ACTUAL,PRECIO_VENTA) VALUES (4,71,0,0.000000);

INSERT INTO PROVEEDOR_PRODUCTO(PROVEEDOR_ID,PRODUCTO_ID,PRECIO_COMPRA) VALUES(18,71, 0.000000);

-- ===========PRODUCTO [72]
INSERT INTO PRODUCTO(ID,MARCA_ID,LINEA_ID,NOMBRE,PRESENTACION,CONTENIDO,UNIDADES_POR_CAJA,COSTO,COSTO_VENTA,PRECIO_BASE,UNIDAD_MEDIDA,CODIGO_BARRAS,ABREBIATURA) VALUES(72,11,4,'Brut Aerosol','Classic Deo',83.0,12.0,0.000000,0.000000,0.000000,'ML','7502221184734','Brut Aer Clas Deo 208m');

INSERT INTO MOVIMIENTO_HISTORICO_PRODUCTO (ALMACEN_ID,PRODUCTO_ID,FECHA,TIPO_MOVIMIENTO_ID,CANTIDAD,COSTO,PRECIO,USUARIO_ID) VALUES(1,72,now(),30,12,0.000000,0.000000,'root');
INSERT INTO ALMACEN_PRODUCTO(ALMACEN_ID,PRODUCTO_ID,CANTIDAD_ACTUAL,PRECIO_VENTA) VALUES (1,72,12,0.000000);

INSERT INTO ALMACEN_PRODUCTO(ALMACEN_ID,PRODUCTO_ID,CANTIDAD_ACTUAL,PRECIO_VENTA) VALUES (2,72,2,7.000000);

INSERT INTO ALMACEN_PRODUCTO(ALMACEN_ID,PRODUCTO_ID,CANTIDAD_ACTUAL,PRECIO_VENTA) VALUES (3,72,12,19.900000);

INSERT INTO ALMACEN_PRODUCTO(ALMACEN_ID,PRODUCTO_ID,CANTIDAD_ACTUAL,PRECIO_VENTA) VALUES (4,72,2,7.000000);

INSERT INTO PROVEEDOR_PRODUCTO(PROVEEDOR_ID,PRODUCTO_ID,PRECIO_COMPRA) VALUES(18,72, 0.000000);

-- ===========PRODUCTO [73]
INSERT INTO PRODUCTO(ID,MARCA_ID,LINEA_ID,NOMBRE,PRESENTACION,CONTENIDO,UNIDADES_POR_CAJA,COSTO,COSTO_VENTA,PRECIO_BASE,UNIDAD_MEDIDA,CODIGO_BARRAS,ABREBIATURA) VALUES(73,25,7,'Baby Braner Aceite','Aloe Vera',100.0,12.0,10.847701,10.847701,15.100000,'ML','7506038311031','Baby B Acei Aloe 100ml');

INSERT INTO MOVIMIENTO_HISTORICO_PRODUCTO (ALMACEN_ID,PRODUCTO_ID,FECHA,TIPO_MOVIMIENTO_ID,CANTIDAD,COSTO,PRECIO,USUARIO_ID) VALUES(1,73,now(),30,12,10.847701,15.100000,'root');
INSERT INTO ALMACEN_PRODUCTO(ALMACEN_ID,PRODUCTO_ID,CANTIDAD_ACTUAL,PRECIO_VENTA) VALUES (1,73,12,15.100000);

INSERT INTO ALMACEN_PRODUCTO(ALMACEN_ID,PRODUCTO_ID,CANTIDAD_ACTUAL,PRECIO_VENTA) VALUES (2,73,0,0.000000);

INSERT INTO ALMACEN_PRODUCTO(ALMACEN_ID,PRODUCTO_ID,CANTIDAD_ACTUAL,PRECIO_VENTA) VALUES (3,73,12,13.900000);

INSERT INTO ALMACEN_PRODUCTO(ALMACEN_ID,PRODUCTO_ID,CANTIDAD_ACTUAL,PRECIO_VENTA) VALUES (4,73,0,0.000000);

INSERT INTO PROVEEDOR_PRODUCTO(PROVEEDOR_ID,PRODUCTO_ID,PRECIO_COMPRA) VALUES(17,73, 10.847701);

-- ===========PRODUCTO [74]
INSERT INTO PRODUCTO(ID,MARCA_ID,LINEA_ID,NOMBRE,PRESENTACION,CONTENIDO,UNIDADES_POR_CAJA,COSTO,COSTO_VENTA,PRECIO_BASE,UNIDAD_MEDIDA,CODIGO_BARRAS,ABREBIATURA) VALUES(74,25,7,'Baby Braner Aceite','Vitamina E',100.0,12.0,10.847701,10.847701,15.100000,'ML','7506038311048','Baby B Acei Vita 100ml');

INSERT INTO MOVIMIENTO_HISTORICO_PRODUCTO (ALMACEN_ID,PRODUCTO_ID,FECHA,TIPO_MOVIMIENTO_ID,CANTIDAD,COSTO,PRECIO,USUARIO_ID) VALUES(1,74,now(),30,12,10.847701,15.100000,'root');
INSERT INTO ALMACEN_PRODUCTO(ALMACEN_ID,PRODUCTO_ID,CANTIDAD_ACTUAL,PRECIO_VENTA) VALUES (1,74,12,15.100000);

INSERT INTO ALMACEN_PRODUCTO(ALMACEN_ID,PRODUCTO_ID,CANTIDAD_ACTUAL,PRECIO_VENTA) VALUES (2,74,0,0.000000);

INSERT INTO ALMACEN_PRODUCTO(ALMACEN_ID,PRODUCTO_ID,CANTIDAD_ACTUAL,PRECIO_VENTA) VALUES (3,74,12,13.900000);

INSERT INTO ALMACEN_PRODUCTO(ALMACEN_ID,PRODUCTO_ID,CANTIDAD_ACTUAL,PRECIO_VENTA) VALUES (4,74,0,0.000000);

INSERT INTO PROVEEDOR_PRODUCTO(PROVEEDOR_ID,PRODUCTO_ID,PRECIO_COMPRA) VALUES(17,74, 10.847701);

-- ===========PRODUCTO [75]
INSERT INTO PRODUCTO(ID,MARCA_ID,LINEA_ID,NOMBRE,PRESENTACION,CONTENIDO,UNIDADES_POR_CAJA,COSTO,COSTO_VENTA,PRECIO_BASE,UNIDAD_MEDIDA,CODIGO_BARRAS,ABREBIATURA) VALUES(75,26,4,'Speed Stick Aerosol','Glacier Power',165.0,12.0,0.000000,0.000000,0.000000,'ML','7509546028828','Speed S Aer Glac 165ml');

INSERT INTO MOVIMIENTO_HISTORICO_PRODUCTO (ALMACEN_ID,PRODUCTO_ID,FECHA,TIPO_MOVIMIENTO_ID,CANTIDAD,COSTO,PRECIO,USUARIO_ID) VALUES(1,75,now(),30,12,0.000000,0.000000,'root');
INSERT INTO ALMACEN_PRODUCTO(ALMACEN_ID,PRODUCTO_ID,CANTIDAD_ACTUAL,PRECIO_VENTA) VALUES (1,75,12,0.000000);

INSERT INTO ALMACEN_PRODUCTO(ALMACEN_ID,PRODUCTO_ID,CANTIDAD_ACTUAL,PRECIO_VENTA) VALUES (2,75,0,0.000000);

INSERT INTO ALMACEN_PRODUCTO(ALMACEN_ID,PRODUCTO_ID,CANTIDAD_ACTUAL,PRECIO_VENTA) VALUES (3,75,12,0.000000);

INSERT INTO ALMACEN_PRODUCTO(ALMACEN_ID,PRODUCTO_ID,CANTIDAD_ACTUAL,PRECIO_VENTA) VALUES (4,75,0,0.000000);

INSERT INTO PROVEEDOR_PRODUCTO(PROVEEDOR_ID,PRODUCTO_ID,PRECIO_COMPRA) VALUES(6,75, 0.000000);

-- ===========PRODUCTO [76]
INSERT INTO PRODUCTO(ID,MARCA_ID,LINEA_ID,NOMBRE,PRESENTACION,CONTENIDO,UNIDADES_POR_CAJA,COSTO,COSTO_VENTA,PRECIO_BASE,UNIDAD_MEDIDA,CODIGO_BARRAS,ABREBIATURA) VALUES(76,26,4,'Speed Stick Aerosol','Waterproof',165.0,12.0,0.000000,0.000000,0.000000,'ML','7509546038322','Speed S Aer Wate 165ml');

INSERT INTO MOVIMIENTO_HISTORICO_PRODUCTO (ALMACEN_ID,PRODUCTO_ID,FECHA,TIPO_MOVIMIENTO_ID,CANTIDAD,COSTO,PRECIO,USUARIO_ID) VALUES(1,76,now(),30,12,0.000000,0.000000,'root');
INSERT INTO ALMACEN_PRODUCTO(ALMACEN_ID,PRODUCTO_ID,CANTIDAD_ACTUAL,PRECIO_VENTA) VALUES (1,76,12,0.000000);

INSERT INTO ALMACEN_PRODUCTO(ALMACEN_ID,PRODUCTO_ID,CANTIDAD_ACTUAL,PRECIO_VENTA) VALUES (2,76,0,0.000000);

INSERT INTO ALMACEN_PRODUCTO(ALMACEN_ID,PRODUCTO_ID,CANTIDAD_ACTUAL,PRECIO_VENTA) VALUES (3,76,12,0.000000);

INSERT INTO ALMACEN_PRODUCTO(ALMACEN_ID,PRODUCTO_ID,CANTIDAD_ACTUAL,PRECIO_VENTA) VALUES (4,76,0,0.000000);

INSERT INTO PROVEEDOR_PRODUCTO(PROVEEDOR_ID,PRODUCTO_ID,PRECIO_COMPRA) VALUES(6,76, 0.000000);

-- ===========PRODUCTO [77]
INSERT INTO PRODUCTO(ID,MARCA_ID,LINEA_ID,NOMBRE,PRESENTACION,CONTENIDO,UNIDADES_POR_CAJA,COSTO,COSTO_VENTA,PRECIO_BASE,UNIDAD_MEDIDA,CODIGO_BARRAS,ABREBIATURA) VALUES(77,26,4,'Speed Stick Aerosol','Sensitive Power Dry Control',165.0,12.0,0.000000,0.000000,0.000000,'ML','7509546050676','Speed S Aer Sensit 165');

INSERT INTO MOVIMIENTO_HISTORICO_PRODUCTO (ALMACEN_ID,PRODUCTO_ID,FECHA,TIPO_MOVIMIENTO_ID,CANTIDAD,COSTO,PRECIO,USUARIO_ID) VALUES(1,77,now(),30,12,0.000000,0.000000,'root');
INSERT INTO ALMACEN_PRODUCTO(ALMACEN_ID,PRODUCTO_ID,CANTIDAD_ACTUAL,PRECIO_VENTA) VALUES (1,77,12,0.000000);

INSERT INTO ALMACEN_PRODUCTO(ALMACEN_ID,PRODUCTO_ID,CANTIDAD_ACTUAL,PRECIO_VENTA) VALUES (2,77,1,16.000000);

INSERT INTO ALMACEN_PRODUCTO(ALMACEN_ID,PRODUCTO_ID,CANTIDAD_ACTUAL,PRECIO_VENTA) VALUES (3,77,12,0.000000);

INSERT INTO ALMACEN_PRODUCTO(ALMACEN_ID,PRODUCTO_ID,CANTIDAD_ACTUAL,PRECIO_VENTA) VALUES (4,77,1,16.000000);

INSERT INTO PROVEEDOR_PRODUCTO(PROVEEDOR_ID,PRODUCTO_ID,PRECIO_COMPRA) VALUES(6,77, 0.000000);

-- ===========PRODUCTO [78]
INSERT INTO PRODUCTO(ID,MARCA_ID,LINEA_ID,NOMBRE,PRESENTACION,CONTENIDO,UNIDADES_POR_CAJA,COSTO,COSTO_VENTA,PRECIO_BASE,UNIDAD_MEDIDA,CODIGO_BARRAS,ABREBIATURA) VALUES(78,26,4,'Speed Stick aerosol','Stainguard',165.0,12.0,0.000000,0.000000,0.000000,'ML','7509546048253','Speed S Aer Staing 165');

INSERT INTO MOVIMIENTO_HISTORICO_PRODUCTO (ALMACEN_ID,PRODUCTO_ID,FECHA,TIPO_MOVIMIENTO_ID,CANTIDAD,COSTO,PRECIO,USUARIO_ID) VALUES(1,78,now(),30,0,0.000000,0.000000,'root');
INSERT INTO ALMACEN_PRODUCTO(ALMACEN_ID,PRODUCTO_ID,CANTIDAD_ACTUAL,PRECIO_VENTA) VALUES (1,78,0,0.000000);

INSERT INTO ALMACEN_PRODUCTO(ALMACEN_ID,PRODUCTO_ID,CANTIDAD_ACTUAL,PRECIO_VENTA) VALUES (2,78,0,0.000000);

INSERT INTO PROVEEDOR_PRODUCTO(PROVEEDOR_ID,PRODUCTO_ID,PRECIO_COMPRA) VALUES(6,78, 0.000000);

-- ===========PRODUCTO [79]
INSERT INTO PRODUCTO(ID,MARCA_ID,LINEA_ID,NOMBRE,PRESENTACION,CONTENIDO,UNIDADES_POR_CAJA,COSTO,COSTO_VENTA,PRECIO_BASE,UNIDAD_MEDIDA,CODIGO_BARRAS,ABREBIATURA) VALUES(79,26,4,'Speed Stick Aerosol','Cool Fusion',165.0,12.0,0.000000,0.000000,0.000000,'ML','7509546028798','Speed S Aer Cool F 165');

INSERT INTO MOVIMIENTO_HISTORICO_PRODUCTO (ALMACEN_ID,PRODUCTO_ID,FECHA,TIPO_MOVIMIENTO_ID,CANTIDAD,COSTO,PRECIO,USUARIO_ID) VALUES(1,79,now(),30,12,0.000000,0.000000,'root');
INSERT INTO ALMACEN_PRODUCTO(ALMACEN_ID,PRODUCTO_ID,CANTIDAD_ACTUAL,PRECIO_VENTA) VALUES (1,79,12,0.000000);

INSERT INTO ALMACEN_PRODUCTO(ALMACEN_ID,PRODUCTO_ID,CANTIDAD_ACTUAL,PRECIO_VENTA) VALUES (2,79,0,0.000000);

INSERT INTO ALMACEN_PRODUCTO(ALMACEN_ID,PRODUCTO_ID,CANTIDAD_ACTUAL,PRECIO_VENTA) VALUES (3,79,12,0.000000);

INSERT INTO ALMACEN_PRODUCTO(ALMACEN_ID,PRODUCTO_ID,CANTIDAD_ACTUAL,PRECIO_VENTA) VALUES (4,79,0,0.000000);

INSERT INTO PROVEEDOR_PRODUCTO(PROVEEDOR_ID,PRODUCTO_ID,PRECIO_COMPRA) VALUES(6,79, 0.000000);

-- ===========PRODUCTO [80]
INSERT INTO PRODUCTO(ID,MARCA_ID,LINEA_ID,NOMBRE,PRESENTACION,CONTENIDO,UNIDADES_POR_CAJA,COSTO,COSTO_VENTA,PRECIO_BASE,UNIDAD_MEDIDA,CODIGO_BARRAS,ABREBIATURA) VALUES(80,26,4,'Speed Stick Aerosol','Dry Control',215.0,12.0,0.000000,0.000000,0.000000,'ML','7509546051383','Speed S Aer Dry 215ml');

INSERT INTO MOVIMIENTO_HISTORICO_PRODUCTO (ALMACEN_ID,PRODUCTO_ID,FECHA,TIPO_MOVIMIENTO_ID,CANTIDAD,COSTO,PRECIO,USUARIO_ID) VALUES(1,80,now(),30,12,0.000000,0.000000,'root');
INSERT INTO ALMACEN_PRODUCTO(ALMACEN_ID,PRODUCTO_ID,CANTIDAD_ACTUAL,PRECIO_VENTA) VALUES (1,80,12,0.000000);

INSERT INTO ALMACEN_PRODUCTO(ALMACEN_ID,PRODUCTO_ID,CANTIDAD_ACTUAL,PRECIO_VENTA) VALUES (2,80,0,0.000000);

INSERT INTO ALMACEN_PRODUCTO(ALMACEN_ID,PRODUCTO_ID,CANTIDAD_ACTUAL,PRECIO_VENTA) VALUES (3,80,12,0.000000);

INSERT INTO ALMACEN_PRODUCTO(ALMACEN_ID,PRODUCTO_ID,CANTIDAD_ACTUAL,PRECIO_VENTA) VALUES (4,80,0,0.000000);

INSERT INTO PROVEEDOR_PRODUCTO(PROVEEDOR_ID,PRODUCTO_ID,PRECIO_COMPRA) VALUES(6,80, 0.000000);

-- ===========PRODUCTO [81]
INSERT INTO PRODUCTO(ID,MARCA_ID,LINEA_ID,NOMBRE,PRESENTACION,CONTENIDO,UNIDADES_POR_CAJA,COSTO,COSTO_VENTA,PRECIO_BASE,UNIDAD_MEDIDA,CODIGO_BARRAS,ABREBIATURA) VALUES(81,26,4,'Speed Stick Aerosol','Multi-Protect X5',215.0,12.0,0.000000,0.000000,0.000000,'ML','7509546052571','Speed S Aer Mul X5 215');

INSERT INTO MOVIMIENTO_HISTORICO_PRODUCTO (ALMACEN_ID,PRODUCTO_ID,FECHA,TIPO_MOVIMIENTO_ID,CANTIDAD,COSTO,PRECIO,USUARIO_ID) VALUES(1,81,now(),30,12,0.000000,0.000000,'root');
INSERT INTO ALMACEN_PRODUCTO(ALMACEN_ID,PRODUCTO_ID,CANTIDAD_ACTUAL,PRECIO_VENTA) VALUES (1,81,12,0.000000);

INSERT INTO ALMACEN_PRODUCTO(ALMACEN_ID,PRODUCTO_ID,CANTIDAD_ACTUAL,PRECIO_VENTA) VALUES (2,81,0,0.000000);

INSERT INTO ALMACEN_PRODUCTO(ALMACEN_ID,PRODUCTO_ID,CANTIDAD_ACTUAL,PRECIO_VENTA) VALUES (3,81,12,0.000000);

INSERT INTO ALMACEN_PRODUCTO(ALMACEN_ID,PRODUCTO_ID,CANTIDAD_ACTUAL,PRECIO_VENTA) VALUES (4,81,0,0.000000);

INSERT INTO PROVEEDOR_PRODUCTO(PROVEEDOR_ID,PRODUCTO_ID,PRECIO_COMPRA) VALUES(6,81, 0.000000);

-- ===========PRODUCTO [82]
INSERT INTO PRODUCTO(ID,MARCA_ID,LINEA_ID,NOMBRE,PRESENTACION,CONTENIDO,UNIDADES_POR_CAJA,COSTO,COSTO_VENTA,PRECIO_BASE,UNIDAD_MEDIDA,CODIGO_BARRAS,ABREBIATURA) VALUES(82,26,4,'Speed Stick Aerosol','Naturals & Protect',165.0,12.0,0.000000,0.000000,0.000000,'ML','7509546055305','Speed S Aer Natu & 165');

INSERT INTO MOVIMIENTO_HISTORICO_PRODUCTO (ALMACEN_ID,PRODUCTO_ID,FECHA,TIPO_MOVIMIENTO_ID,CANTIDAD,COSTO,PRECIO,USUARIO_ID) VALUES(1,82,now(),30,12,0.000000,0.000000,'root');
INSERT INTO ALMACEN_PRODUCTO(ALMACEN_ID,PRODUCTO_ID,CANTIDAD_ACTUAL,PRECIO_VENTA) VALUES (1,82,12,0.000000);

INSERT INTO ALMACEN_PRODUCTO(ALMACEN_ID,PRODUCTO_ID,CANTIDAD_ACTUAL,PRECIO_VENTA) VALUES (2,82,0,0.000000);

INSERT INTO ALMACEN_PRODUCTO(ALMACEN_ID,PRODUCTO_ID,CANTIDAD_ACTUAL,PRECIO_VENTA) VALUES (3,82,12,0.000000);

INSERT INTO ALMACEN_PRODUCTO(ALMACEN_ID,PRODUCTO_ID,CANTIDAD_ACTUAL,PRECIO_VENTA) VALUES (4,82,0,0.000000);

INSERT INTO PROVEEDOR_PRODUCTO(PROVEEDOR_ID,PRODUCTO_ID,PRECIO_COMPRA) VALUES(6,82, 0.000000);

-- ===========PRODUCTO [83]
INSERT INTO PRODUCTO(ID,MARCA_ID,LINEA_ID,NOMBRE,PRESENTACION,CONTENIDO,UNIDADES_POR_CAJA,COSTO,COSTO_VENTA,PRECIO_BASE,UNIDAD_MEDIDA,CODIGO_BARRAS,ABREBIATURA) VALUES(83,26,4,'Speed Stick Aerosol','Stainguard',215.0,12.0,0.000000,0.000000,0.000000,'ML','7509546049779','Speed S Aer Staing 215');

INSERT INTO MOVIMIENTO_HISTORICO_PRODUCTO (ALMACEN_ID,PRODUCTO_ID,FECHA,TIPO_MOVIMIENTO_ID,CANTIDAD,COSTO,PRECIO,USUARIO_ID) VALUES(1,83,now(),30,12,0.000000,0.000000,'root');
INSERT INTO ALMACEN_PRODUCTO(ALMACEN_ID,PRODUCTO_ID,CANTIDAD_ACTUAL,PRECIO_VENTA) VALUES (1,83,12,0.000000);

INSERT INTO ALMACEN_PRODUCTO(ALMACEN_ID,PRODUCTO_ID,CANTIDAD_ACTUAL,PRECIO_VENTA) VALUES (2,83,0,0.000000);

INSERT INTO ALMACEN_PRODUCTO(ALMACEN_ID,PRODUCTO_ID,CANTIDAD_ACTUAL,PRECIO_VENTA) VALUES (3,83,12,0.000000);

INSERT INTO ALMACEN_PRODUCTO(ALMACEN_ID,PRODUCTO_ID,CANTIDAD_ACTUAL,PRECIO_VENTA) VALUES (4,83,0,0.000000);

INSERT INTO PROVEEDOR_PRODUCTO(PROVEEDOR_ID,PRODUCTO_ID,PRECIO_COMPRA) VALUES(6,83, 0.000000);

-- ===========PRODUCTO [84]
INSERT INTO PRODUCTO(ID,MARCA_ID,LINEA_ID,NOMBRE,PRESENTACION,CONTENIDO,UNIDADES_POR_CAJA,COSTO,COSTO_VENTA,PRECIO_BASE,UNIDAD_MEDIDA,CODIGO_BARRAS,ABREBIATURA) VALUES(84,15,4,'Lady Speed Stick Aerosol','Fashion',100.0,12.0,0.000000,0.000000,0.000000,'ML','7509546030302','Lasy SS Aer Fashio 100');

INSERT INTO MOVIMIENTO_HISTORICO_PRODUCTO (ALMACEN_ID,PRODUCTO_ID,FECHA,TIPO_MOVIMIENTO_ID,CANTIDAD,COSTO,PRECIO,USUARIO_ID) VALUES(1,84,now(),30,24,0.000000,0.000000,'root');
INSERT INTO ALMACEN_PRODUCTO(ALMACEN_ID,PRODUCTO_ID,CANTIDAD_ACTUAL,PRECIO_VENTA) VALUES (1,84,24,0.000000);

INSERT INTO ALMACEN_PRODUCTO(ALMACEN_ID,PRODUCTO_ID,CANTIDAD_ACTUAL,PRECIO_VENTA) VALUES (2,84,0,0.000000);

INSERT INTO ALMACEN_PRODUCTO(ALMACEN_ID,PRODUCTO_ID,CANTIDAD_ACTUAL,PRECIO_VENTA) VALUES (3,84,24,0.000000);

INSERT INTO ALMACEN_PRODUCTO(ALMACEN_ID,PRODUCTO_ID,CANTIDAD_ACTUAL,PRECIO_VENTA) VALUES (4,84,0,0.000000);

INSERT INTO PROVEEDOR_PRODUCTO(PROVEEDOR_ID,PRODUCTO_ID,PRECIO_COMPRA) VALUES(6,84, 0.000000);

-- ===========PRODUCTO [86]
INSERT INTO PRODUCTO(ID,MARCA_ID,LINEA_ID,NOMBRE,PRESENTACION,CONTENIDO,UNIDADES_POR_CAJA,COSTO,COSTO_VENTA,PRECIO_BASE,UNIDAD_MEDIDA,CODIGO_BARRAS,ABREBIATURA) VALUES(86,26,4,'speed Stick Barra','Stainguard Clean',14.0,24.0,0.000000,0.000000,0.000000,'G','75036225','Speed S Bar Staing 14g');

INSERT INTO MOVIMIENTO_HISTORICO_PRODUCTO (ALMACEN_ID,PRODUCTO_ID,FECHA,TIPO_MOVIMIENTO_ID,CANTIDAD,COSTO,PRECIO,USUARIO_ID) VALUES(1,86,now(),30,24,0.000000,0.000000,'root');
INSERT INTO ALMACEN_PRODUCTO(ALMACEN_ID,PRODUCTO_ID,CANTIDAD_ACTUAL,PRECIO_VENTA) VALUES (1,86,24,0.000000);

INSERT INTO ALMACEN_PRODUCTO(ALMACEN_ID,PRODUCTO_ID,CANTIDAD_ACTUAL,PRECIO_VENTA) VALUES (2,86,0,0.000000);

INSERT INTO ALMACEN_PRODUCTO(ALMACEN_ID,PRODUCTO_ID,CANTIDAD_ACTUAL,PRECIO_VENTA) VALUES (3,86,24,8.900000);

INSERT INTO ALMACEN_PRODUCTO(ALMACEN_ID,PRODUCTO_ID,CANTIDAD_ACTUAL,PRECIO_VENTA) VALUES (4,86,0,0.000000);

INSERT INTO PROVEEDOR_PRODUCTO(PROVEEDOR_ID,PRODUCTO_ID,PRECIO_COMPRA) VALUES(6,86, 0.000000);

-- ===========PRODUCTO [87]
INSERT INTO PRODUCTO(ID,MARCA_ID,LINEA_ID,NOMBRE,PRESENTACION,CONTENIDO,UNIDADES_POR_CAJA,COSTO,COSTO_VENTA,PRECIO_BASE,UNIDAD_MEDIDA,CODIGO_BARRAS,ABREBIATURA) VALUES(87,26,4,'speed Stick Barra','24/7 Cool Fusion',76.0,12.0,0.000000,0.000000,0.000000,'G','22200966078','Speed S Bar Cool F 76g');

INSERT INTO MOVIMIENTO_HISTORICO_PRODUCTO (ALMACEN_ID,PRODUCTO_ID,FECHA,TIPO_MOVIMIENTO_ID,CANTIDAD,COSTO,PRECIO,USUARIO_ID) VALUES(1,87,now(),30,12,0.000000,0.000000,'root');
INSERT INTO ALMACEN_PRODUCTO(ALMACEN_ID,PRODUCTO_ID,CANTIDAD_ACTUAL,PRECIO_VENTA) VALUES (1,87,12,0.000000);

INSERT INTO ALMACEN_PRODUCTO(ALMACEN_ID,PRODUCTO_ID,CANTIDAD_ACTUAL,PRECIO_VENTA) VALUES (2,87,0,0.000000);

INSERT INTO ALMACEN_PRODUCTO(ALMACEN_ID,PRODUCTO_ID,CANTIDAD_ACTUAL,PRECIO_VENTA) VALUES (3,87,12,26.900000);

INSERT INTO ALMACEN_PRODUCTO(ALMACEN_ID,PRODUCTO_ID,CANTIDAD_ACTUAL,PRECIO_VENTA) VALUES (4,87,0,0.000000);

INSERT INTO PROVEEDOR_PRODUCTO(PROVEEDOR_ID,PRODUCTO_ID,PRECIO_COMPRA) VALUES(6,87, 0.000000);

-- ===========PRODUCTO [88]
INSERT INTO PRODUCTO(ID,MARCA_ID,LINEA_ID,NOMBRE,PRESENTACION,CONTENIDO,UNIDADES_POR_CAJA,COSTO,COSTO_VENTA,PRECIO_BASE,UNIDAD_MEDIDA,CODIGO_BARRAS,ABREBIATURA) VALUES(88,11,4,'Brut Stick','Attitude Deo',65.0,12.0,0.000000,0.000000,0.000000,'G','7502221181658','Brut Stick Attit Deo 65');

INSERT INTO MOVIMIENTO_HISTORICO_PRODUCTO (ALMACEN_ID,PRODUCTO_ID,FECHA,TIPO_MOVIMIENTO_ID,CANTIDAD,COSTO,PRECIO,USUARIO_ID) VALUES(1,88,now(),30,12,0.000000,0.000000,'root');
INSERT INTO ALMACEN_PRODUCTO(ALMACEN_ID,PRODUCTO_ID,CANTIDAD_ACTUAL,PRECIO_VENTA) VALUES (1,88,12,0.000000);

INSERT INTO ALMACEN_PRODUCTO(ALMACEN_ID,PRODUCTO_ID,CANTIDAD_ACTUAL,PRECIO_VENTA) VALUES (2,88,0,0.000000);

INSERT INTO ALMACEN_PRODUCTO(ALMACEN_ID,PRODUCTO_ID,CANTIDAD_ACTUAL,PRECIO_VENTA) VALUES (3,88,12,24.900000);

INSERT INTO ALMACEN_PRODUCTO(ALMACEN_ID,PRODUCTO_ID,CANTIDAD_ACTUAL,PRECIO_VENTA) VALUES (4,88,0,0.000000);

INSERT INTO PROVEEDOR_PRODUCTO(PROVEEDOR_ID,PRODUCTO_ID,PRECIO_COMPRA) VALUES(18,88, 0.000000);

-- ===========PRODUCTO [89]
INSERT INTO PRODUCTO(ID,MARCA_ID,LINEA_ID,NOMBRE,PRESENTACION,CONTENIDO,UNIDADES_POR_CAJA,COSTO,COSTO_VENTA,PRECIO_BASE,UNIDAD_MEDIDA,CODIGO_BARRAS,ABREBIATURA) VALUES(89,11,4,'Brut Stick','Attitude AP',50.0,12.0,0.000000,0.000000,0.000000,'G','7502221181184','Brut Stick Attit AP 50g');

INSERT INTO MOVIMIENTO_HISTORICO_PRODUCTO (ALMACEN_ID,PRODUCTO_ID,FECHA,TIPO_MOVIMIENTO_ID,CANTIDAD,COSTO,PRECIO,USUARIO_ID) VALUES(1,89,now(),30,2,0.000000,0.000000,'root');
INSERT INTO ALMACEN_PRODUCTO(ALMACEN_ID,PRODUCTO_ID,CANTIDAD_ACTUAL,PRECIO_VENTA) VALUES (1,89,2,0.000000);

INSERT INTO ALMACEN_PRODUCTO(ALMACEN_ID,PRODUCTO_ID,CANTIDAD_ACTUAL,PRECIO_VENTA) VALUES (2,89,0,0.000000);

INSERT INTO ALMACEN_PRODUCTO(ALMACEN_ID,PRODUCTO_ID,CANTIDAD_ACTUAL,PRECIO_VENTA) VALUES (3,89,2,24.900000);

INSERT INTO ALMACEN_PRODUCTO(ALMACEN_ID,PRODUCTO_ID,CANTIDAD_ACTUAL,PRECIO_VENTA) VALUES (4,89,0,0.000000);

INSERT INTO PROVEEDOR_PRODUCTO(PROVEEDOR_ID,PRODUCTO_ID,PRECIO_COMPRA) VALUES(18,89, 0.000000);

-- ===========PRODUCTO [90]
INSERT INTO PRODUCTO(ID,MARCA_ID,LINEA_ID,NOMBRE,PRESENTACION,CONTENIDO,UNIDADES_POR_CAJA,COSTO,COSTO_VENTA,PRECIO_BASE,UNIDAD_MEDIDA,CODIGO_BARRAS,ABREBIATURA) VALUES(90,11,1,'Brut Locion Caballero','Success',100.0,12.0,0.000000,0.000000,0.000000,'ML','7502221181276','Brut Loc Success 100ml');

INSERT INTO MOVIMIENTO_HISTORICO_PRODUCTO (ALMACEN_ID,PRODUCTO_ID,FECHA,TIPO_MOVIMIENTO_ID,CANTIDAD,COSTO,PRECIO,USUARIO_ID) VALUES(1,90,now(),30,12,0.000000,0.000000,'root');
INSERT INTO ALMACEN_PRODUCTO(ALMACEN_ID,PRODUCTO_ID,CANTIDAD_ACTUAL,PRECIO_VENTA) VALUES (1,90,12,0.000000);

INSERT INTO ALMACEN_PRODUCTO(ALMACEN_ID,PRODUCTO_ID,CANTIDAD_ACTUAL,PRECIO_VENTA) VALUES (2,90,0,0.000000);

INSERT INTO ALMACEN_PRODUCTO(ALMACEN_ID,PRODUCTO_ID,CANTIDAD_ACTUAL,PRECIO_VENTA) VALUES (3,90,12,0.000000);

INSERT INTO ALMACEN_PRODUCTO(ALMACEN_ID,PRODUCTO_ID,CANTIDAD_ACTUAL,PRECIO_VENTA) VALUES (4,90,0,0.000000);

INSERT INTO PROVEEDOR_PRODUCTO(PROVEEDOR_ID,PRODUCTO_ID,PRECIO_COMPRA) VALUES(18,90, 0.000000);

-- ===========PRODUCTO [91]
INSERT INTO PRODUCTO(ID,MARCA_ID,LINEA_ID,NOMBRE,PRESENTACION,CONTENIDO,UNIDADES_POR_CAJA,COSTO,COSTO_VENTA,PRECIO_BASE,UNIDAD_MEDIDA,CODIGO_BARRAS,ABREBIATURA) VALUES(91,11,1,'Brut Locion Caballero','Reaction',100.0,12.0,0.000000,0.000000,0.000000,'ML','7502221182396','Brut Loc Reacti 100ml');

INSERT INTO MOVIMIENTO_HISTORICO_PRODUCTO (ALMACEN_ID,PRODUCTO_ID,FECHA,TIPO_MOVIMIENTO_ID,CANTIDAD,COSTO,PRECIO,USUARIO_ID) VALUES(1,91,now(),30,12,0.000000,0.000000,'root');
INSERT INTO ALMACEN_PRODUCTO(ALMACEN_ID,PRODUCTO_ID,CANTIDAD_ACTUAL,PRECIO_VENTA) VALUES (1,91,12,0.000000);

INSERT INTO ALMACEN_PRODUCTO(ALMACEN_ID,PRODUCTO_ID,CANTIDAD_ACTUAL,PRECIO_VENTA) VALUES (2,91,0,0.000000);

INSERT INTO ALMACEN_PRODUCTO(ALMACEN_ID,PRODUCTO_ID,CANTIDAD_ACTUAL,PRECIO_VENTA) VALUES (3,91,12,0.000000);

INSERT INTO ALMACEN_PRODUCTO(ALMACEN_ID,PRODUCTO_ID,CANTIDAD_ACTUAL,PRECIO_VENTA) VALUES (4,91,0,0.000000);

INSERT INTO PROVEEDOR_PRODUCTO(PROVEEDOR_ID,PRODUCTO_ID,PRECIO_COMPRA) VALUES(18,91, 0.000000);

-- ===========PRODUCTO [92]
INSERT INTO PRODUCTO(ID,MARCA_ID,LINEA_ID,NOMBRE,PRESENTACION,CONTENIDO,UNIDADES_POR_CAJA,COSTO,COSTO_VENTA,PRECIO_BASE,UNIDAD_MEDIDA,CODIGO_BARRAS,ABREBIATURA) VALUES(92,11,1,'Brut Locion Caballero','Dominant',100.0,12.0,0.000000,0.000000,0.000000,'ML','7502221184314','Brut Loc Domin 100ml');

INSERT INTO MOVIMIENTO_HISTORICO_PRODUCTO (ALMACEN_ID,PRODUCTO_ID,FECHA,TIPO_MOVIMIENTO_ID,CANTIDAD,COSTO,PRECIO,USUARIO_ID) VALUES(1,92,now(),30,12,0.000000,0.000000,'root');
INSERT INTO ALMACEN_PRODUCTO(ALMACEN_ID,PRODUCTO_ID,CANTIDAD_ACTUAL,PRECIO_VENTA) VALUES (1,92,12,0.000000);

INSERT INTO ALMACEN_PRODUCTO(ALMACEN_ID,PRODUCTO_ID,CANTIDAD_ACTUAL,PRECIO_VENTA) VALUES (2,92,0,0.000000);

INSERT INTO ALMACEN_PRODUCTO(ALMACEN_ID,PRODUCTO_ID,CANTIDAD_ACTUAL,PRECIO_VENTA) VALUES (3,92,12,0.000000);

INSERT INTO ALMACEN_PRODUCTO(ALMACEN_ID,PRODUCTO_ID,CANTIDAD_ACTUAL,PRECIO_VENTA) VALUES (4,92,0,0.000000);

INSERT INTO PROVEEDOR_PRODUCTO(PROVEEDOR_ID,PRODUCTO_ID,PRECIO_COMPRA) VALUES(18,92, 0.000000);

-- ===========PRODUCTO [93]
INSERT INTO PRODUCTO(ID,MARCA_ID,LINEA_ID,NOMBRE,PRESENTACION,CONTENIDO,UNIDADES_POR_CAJA,COSTO,COSTO_VENTA,PRECIO_BASE,UNIDAD_MEDIDA,CODIGO_BARRAS,ABREBIATURA) VALUES(93,11,1,'Brut Locion Caballero','Euphoria',50.0,12.0,0.000000,0.000000,0.000000,'ML','7502221184413','Brut Loc Eupho 50ml');

INSERT INTO MOVIMIENTO_HISTORICO_PRODUCTO (ALMACEN_ID,PRODUCTO_ID,FECHA,TIPO_MOVIMIENTO_ID,CANTIDAD,COSTO,PRECIO,USUARIO_ID) VALUES(1,93,now(),30,12,0.000000,0.000000,'root');
INSERT INTO ALMACEN_PRODUCTO(ALMACEN_ID,PRODUCTO_ID,CANTIDAD_ACTUAL,PRECIO_VENTA) VALUES (1,93,12,0.000000);

INSERT INTO ALMACEN_PRODUCTO(ALMACEN_ID,PRODUCTO_ID,CANTIDAD_ACTUAL,PRECIO_VENTA) VALUES (2,93,1,17.500000);

INSERT INTO ALMACEN_PRODUCTO(ALMACEN_ID,PRODUCTO_ID,CANTIDAD_ACTUAL,PRECIO_VENTA) VALUES (3,93,12,0.000000);

INSERT INTO ALMACEN_PRODUCTO(ALMACEN_ID,PRODUCTO_ID,CANTIDAD_ACTUAL,PRECIO_VENTA) VALUES (4,93,1,17.500000);

INSERT INTO PROVEEDOR_PRODUCTO(PROVEEDOR_ID,PRODUCTO_ID,PRECIO_COMPRA) VALUES(18,93, 0.000000);

-- ===========PRODUCTO [94]
INSERT INTO PRODUCTO(ID,MARCA_ID,LINEA_ID,NOMBRE,PRESENTACION,CONTENIDO,UNIDADES_POR_CAJA,COSTO,COSTO_VENTA,PRECIO_BASE,UNIDAD_MEDIDA,CODIGO_BARRAS,ABREBIATURA) VALUES(94,11,1,'Brut Locion Caballero','Classic',50.0,12.0,0.000000,0.000000,0.000000,'ML','7502221184390','Brut Loc Classic 50ml');

INSERT INTO MOVIMIENTO_HISTORICO_PRODUCTO (ALMACEN_ID,PRODUCTO_ID,FECHA,TIPO_MOVIMIENTO_ID,CANTIDAD,COSTO,PRECIO,USUARIO_ID) VALUES(1,94,now(),30,12,0.000000,0.000000,'root');
INSERT INTO ALMACEN_PRODUCTO(ALMACEN_ID,PRODUCTO_ID,CANTIDAD_ACTUAL,PRECIO_VENTA) VALUES (1,94,12,0.000000);

INSERT INTO ALMACEN_PRODUCTO(ALMACEN_ID,PRODUCTO_ID,CANTIDAD_ACTUAL,PRECIO_VENTA) VALUES (2,94,0,0.000000);

INSERT INTO ALMACEN_PRODUCTO(ALMACEN_ID,PRODUCTO_ID,CANTIDAD_ACTUAL,PRECIO_VENTA) VALUES (3,94,12,0.000000);

INSERT INTO ALMACEN_PRODUCTO(ALMACEN_ID,PRODUCTO_ID,CANTIDAD_ACTUAL,PRECIO_VENTA) VALUES (4,94,0,0.000000);

INSERT INTO PROVEEDOR_PRODUCTO(PROVEEDOR_ID,PRODUCTO_ID,PRECIO_COMPRA) VALUES(18,94, 0.000000);

-- ===========PRODUCTO [95]
INSERT INTO PRODUCTO(ID,MARCA_ID,LINEA_ID,NOMBRE,PRESENTACION,CONTENIDO,UNIDADES_POR_CAJA,COSTO,COSTO_VENTA,PRECIO_BASE,UNIDAD_MEDIDA,CODIGO_BARRAS,ABREBIATURA) VALUES(95,11,1,'Brut Locion Caballero','Dominant',100.0,12.0,0.000000,0.000000,0.000000,'ML','7502221184307','Brut Loc Domin 100ml');

INSERT INTO MOVIMIENTO_HISTORICO_PRODUCTO (ALMACEN_ID,PRODUCTO_ID,FECHA,TIPO_MOVIMIENTO_ID,CANTIDAD,COSTO,PRECIO,USUARIO_ID) VALUES(1,95,now(),30,0,0.000000,0.000000,'root');
INSERT INTO ALMACEN_PRODUCTO(ALMACEN_ID,PRODUCTO_ID,CANTIDAD_ACTUAL,PRECIO_VENTA) VALUES (1,95,0,0.000000);

INSERT INTO ALMACEN_PRODUCTO(ALMACEN_ID,PRODUCTO_ID,CANTIDAD_ACTUAL,PRECIO_VENTA) VALUES (2,95,16,19.500000);

INSERT INTO PROVEEDOR_PRODUCTO(PROVEEDOR_ID,PRODUCTO_ID,PRECIO_COMPRA) VALUES(18,95, 0.000000);

-- ===========PRODUCTO [96]
INSERT INTO PRODUCTO(ID,MARCA_ID,LINEA_ID,NOMBRE,PRESENTACION,CONTENIDO,UNIDADES_POR_CAJA,COSTO,COSTO_VENTA,PRECIO_BASE,UNIDAD_MEDIDA,CODIGO_BARRAS,ABREBIATURA) VALUES(96,11,6,'Brut Talco Desodorante','Classic Intense',250.0,12.0,0.000000,0.000000,0.000000,'G','7502221182952','Brut Talc Classic 250g');

INSERT INTO MOVIMIENTO_HISTORICO_PRODUCTO (ALMACEN_ID,PRODUCTO_ID,FECHA,TIPO_MOVIMIENTO_ID,CANTIDAD,COSTO,PRECIO,USUARIO_ID) VALUES(1,96,now(),30,12,0.000000,0.000000,'root');
INSERT INTO ALMACEN_PRODUCTO(ALMACEN_ID,PRODUCTO_ID,CANTIDAD_ACTUAL,PRECIO_VENTA) VALUES (1,96,12,0.000000);

INSERT INTO ALMACEN_PRODUCTO(ALMACEN_ID,PRODUCTO_ID,CANTIDAD_ACTUAL,PRECIO_VENTA) VALUES (2,96,2,9.500000);

INSERT INTO ALMACEN_PRODUCTO(ALMACEN_ID,PRODUCTO_ID,CANTIDAD_ACTUAL,PRECIO_VENTA) VALUES (3,96,12,0.000000);

INSERT INTO ALMACEN_PRODUCTO(ALMACEN_ID,PRODUCTO_ID,CANTIDAD_ACTUAL,PRECIO_VENTA) VALUES (4,96,2,9.500000);

INSERT INTO PROVEEDOR_PRODUCTO(PROVEEDOR_ID,PRODUCTO_ID,PRECIO_COMPRA) VALUES(18,96, 0.000000);

-- ===========PRODUCTO [97]
INSERT INTO PRODUCTO(ID,MARCA_ID,LINEA_ID,NOMBRE,PRESENTACION,CONTENIDO,UNIDADES_POR_CAJA,COSTO,COSTO_VENTA,PRECIO_BASE,UNIDAD_MEDIDA,CODIGO_BARRAS,ABREBIATURA) VALUES(97,11,6,'Brut Talco Desodorante','Euphoria Active',250.0,12.0,0.000000,0.000000,0.000000,'G','7502221182976','Brut Talc Euphor 250g');

INSERT INTO MOVIMIENTO_HISTORICO_PRODUCTO (ALMACEN_ID,PRODUCTO_ID,FECHA,TIPO_MOVIMIENTO_ID,CANTIDAD,COSTO,PRECIO,USUARIO_ID) VALUES(1,97,now(),30,12,0.000000,0.000000,'root');
INSERT INTO ALMACEN_PRODUCTO(ALMACEN_ID,PRODUCTO_ID,CANTIDAD_ACTUAL,PRECIO_VENTA) VALUES (1,97,12,0.000000);

INSERT INTO ALMACEN_PRODUCTO(ALMACEN_ID,PRODUCTO_ID,CANTIDAD_ACTUAL,PRECIO_VENTA) VALUES (2,97,0,0.000000);

INSERT INTO ALMACEN_PRODUCTO(ALMACEN_ID,PRODUCTO_ID,CANTIDAD_ACTUAL,PRECIO_VENTA) VALUES (3,97,12,0.000000);

INSERT INTO ALMACEN_PRODUCTO(ALMACEN_ID,PRODUCTO_ID,CANTIDAD_ACTUAL,PRECIO_VENTA) VALUES (4,97,0,0.000000);

INSERT INTO PROVEEDOR_PRODUCTO(PROVEEDOR_ID,PRODUCTO_ID,PRECIO_COMPRA) VALUES(18,97, 0.000000);

-- ===========PRODUCTO [98]
INSERT INTO PRODUCTO(ID,MARCA_ID,LINEA_ID,NOMBRE,PRESENTACION,CONTENIDO,UNIDADES_POR_CAJA,COSTO,COSTO_VENTA,PRECIO_BASE,UNIDAD_MEDIDA,CODIGO_BARRAS,ABREBIATURA) VALUES(98,11,6,'Brut Talco Desodorante','Euphoria Active',125.0,12.0,0.000000,0.000000,0.000000,'G','7502221182983','Brut Talc Euphor 125g');

INSERT INTO MOVIMIENTO_HISTORICO_PRODUCTO (ALMACEN_ID,PRODUCTO_ID,FECHA,TIPO_MOVIMIENTO_ID,CANTIDAD,COSTO,PRECIO,USUARIO_ID) VALUES(1,98,now(),30,12,0.000000,0.000000,'root');
INSERT INTO ALMACEN_PRODUCTO(ALMACEN_ID,PRODUCTO_ID,CANTIDAD_ACTUAL,PRECIO_VENTA) VALUES (1,98,12,0.000000);

INSERT INTO ALMACEN_PRODUCTO(ALMACEN_ID,PRODUCTO_ID,CANTIDAD_ACTUAL,PRECIO_VENTA) VALUES (2,98,0,0.000000);

INSERT INTO ALMACEN_PRODUCTO(ALMACEN_ID,PRODUCTO_ID,CANTIDAD_ACTUAL,PRECIO_VENTA) VALUES (3,98,12,0.000000);

INSERT INTO ALMACEN_PRODUCTO(ALMACEN_ID,PRODUCTO_ID,CANTIDAD_ACTUAL,PRECIO_VENTA) VALUES (4,98,0,0.000000);

INSERT INTO PROVEEDOR_PRODUCTO(PROVEEDOR_ID,PRODUCTO_ID,PRECIO_COMPRA) VALUES(18,98, 0.000000);

-- ===========PRODUCTO [99]
INSERT INTO PRODUCTO(ID,MARCA_ID,LINEA_ID,NOMBRE,PRESENTACION,CONTENIDO,UNIDADES_POR_CAJA,COSTO,COSTO_VENTA,PRECIO_BASE,UNIDAD_MEDIDA,CODIGO_BARRAS,ABREBIATURA) VALUES(99,11,6,'Brut Talco Desodorante','Affection',125.0,12.0,0.000000,0.000000,0.000000,'G','7502221184727','Brut Talc Affect 125g');

INSERT INTO MOVIMIENTO_HISTORICO_PRODUCTO (ALMACEN_ID,PRODUCTO_ID,FECHA,TIPO_MOVIMIENTO_ID,CANTIDAD,COSTO,PRECIO,USUARIO_ID) VALUES(1,99,now(),30,12,0.000000,0.000000,'root');
INSERT INTO ALMACEN_PRODUCTO(ALMACEN_ID,PRODUCTO_ID,CANTIDAD_ACTUAL,PRECIO_VENTA) VALUES (1,99,12,0.000000);

INSERT INTO ALMACEN_PRODUCTO(ALMACEN_ID,PRODUCTO_ID,CANTIDAD_ACTUAL,PRECIO_VENTA) VALUES (2,99,0,0.000000);

INSERT INTO ALMACEN_PRODUCTO(ALMACEN_ID,PRODUCTO_ID,CANTIDAD_ACTUAL,PRECIO_VENTA) VALUES (3,99,12,0.000000);

INSERT INTO ALMACEN_PRODUCTO(ALMACEN_ID,PRODUCTO_ID,CANTIDAD_ACTUAL,PRECIO_VENTA) VALUES (4,99,0,0.000000);

INSERT INTO PROVEEDOR_PRODUCTO(PROVEEDOR_ID,PRODUCTO_ID,PRECIO_COMPRA) VALUES(18,99, 0.000000);

-- ===========PRODUCTO [100]
INSERT INTO PRODUCTO(ID,MARCA_ID,LINEA_ID,NOMBRE,PRESENTACION,CONTENIDO,UNIDADES_POR_CAJA,COSTO,COSTO_VENTA,PRECIO_BASE,UNIDAD_MEDIDA,CODIGO_BARRAS,ABREBIATURA) VALUES(100,11,6,'Brut Talco Desodorante','Classic Intense',125.0,12.0,0.000000,0.000000,0.000000,'G','7502221182969','Brut Talc Classic 125g');

INSERT INTO MOVIMIENTO_HISTORICO_PRODUCTO (ALMACEN_ID,PRODUCTO_ID,FECHA,TIPO_MOVIMIENTO_ID,CANTIDAD,COSTO,PRECIO,USUARIO_ID) VALUES(1,100,now(),30,12,0.000000,0.000000,'root');
INSERT INTO ALMACEN_PRODUCTO(ALMACEN_ID,PRODUCTO_ID,CANTIDAD_ACTUAL,PRECIO_VENTA) VALUES (1,100,12,0.000000);

INSERT INTO ALMACEN_PRODUCTO(ALMACEN_ID,PRODUCTO_ID,CANTIDAD_ACTUAL,PRECIO_VENTA) VALUES (2,100,0,0.000000);

INSERT INTO ALMACEN_PRODUCTO(ALMACEN_ID,PRODUCTO_ID,CANTIDAD_ACTUAL,PRECIO_VENTA) VALUES (3,100,12,0.000000);

INSERT INTO ALMACEN_PRODUCTO(ALMACEN_ID,PRODUCTO_ID,CANTIDAD_ACTUAL,PRECIO_VENTA) VALUES (4,100,0,0.000000);

INSERT INTO PROVEEDOR_PRODUCTO(PROVEEDOR_ID,PRODUCTO_ID,PRECIO_COMPRA) VALUES(18,100, 0.000000);

-- ===========PRODUCTO [101]
INSERT INTO PRODUCTO(ID,MARCA_ID,LINEA_ID,NOMBRE,PRESENTACION,CONTENIDO,UNIDADES_POR_CAJA,COSTO,COSTO_VENTA,PRECIO_BASE,UNIDAD_MEDIDA,CODIGO_BARRAS,ABREBIATURA) VALUES(101,11,1,'Brut XT Locion Caballero','Code',50.0,12.0,0.000000,0.000000,0.000000,'ML','7502221182082','Brut Loc Code 50ml');

INSERT INTO MOVIMIENTO_HISTORICO_PRODUCTO (ALMACEN_ID,PRODUCTO_ID,FECHA,TIPO_MOVIMIENTO_ID,CANTIDAD,COSTO,PRECIO,USUARIO_ID) VALUES(1,101,now(),30,6,0.000000,0.000000,'root');
INSERT INTO ALMACEN_PRODUCTO(ALMACEN_ID,PRODUCTO_ID,CANTIDAD_ACTUAL,PRECIO_VENTA) VALUES (1,101,6,0.000000);

INSERT INTO ALMACEN_PRODUCTO(ALMACEN_ID,PRODUCTO_ID,CANTIDAD_ACTUAL,PRECIO_VENTA) VALUES (2,101,14,19.500000);

INSERT INTO ALMACEN_PRODUCTO(ALMACEN_ID,PRODUCTO_ID,CANTIDAD_ACTUAL,PRECIO_VENTA) VALUES (3,101,6,0.000000);

INSERT INTO ALMACEN_PRODUCTO(ALMACEN_ID,PRODUCTO_ID,CANTIDAD_ACTUAL,PRECIO_VENTA) VALUES (4,101,14,19.500000);

INSERT INTO PROVEEDOR_PRODUCTO(PROVEEDOR_ID,PRODUCTO_ID,PRECIO_COMPRA) VALUES(18,101, 0.000000);

-- ===========PRODUCTO [102]
INSERT INTO PRODUCTO(ID,MARCA_ID,LINEA_ID,NOMBRE,PRESENTACION,CONTENIDO,UNIDADES_POR_CAJA,COSTO,COSTO_VENTA,PRECIO_BASE,UNIDAD_MEDIDA,CODIGO_BARRAS,ABREBIATURA) VALUES(102,11,1,'Brut XT Locion Caballero','Excess',50.0,12.0,0.000000,0.000000,0.000000,'ML','7502221182105','Brut Loc Excess 50ml');

INSERT INTO MOVIMIENTO_HISTORICO_PRODUCTO (ALMACEN_ID,PRODUCTO_ID,FECHA,TIPO_MOVIMIENTO_ID,CANTIDAD,COSTO,PRECIO,USUARIO_ID) VALUES(1,102,now(),30,6,0.000000,0.000000,'root');
INSERT INTO ALMACEN_PRODUCTO(ALMACEN_ID,PRODUCTO_ID,CANTIDAD_ACTUAL,PRECIO_VENTA) VALUES (1,102,6,0.000000);

INSERT INTO ALMACEN_PRODUCTO(ALMACEN_ID,PRODUCTO_ID,CANTIDAD_ACTUAL,PRECIO_VENTA) VALUES (2,102,20,19.500000);

INSERT INTO ALMACEN_PRODUCTO(ALMACEN_ID,PRODUCTO_ID,CANTIDAD_ACTUAL,PRECIO_VENTA) VALUES (3,102,6,0.000000);

INSERT INTO ALMACEN_PRODUCTO(ALMACEN_ID,PRODUCTO_ID,CANTIDAD_ACTUAL,PRECIO_VENTA) VALUES (4,102,20,19.500000);

INSERT INTO PROVEEDOR_PRODUCTO(PROVEEDOR_ID,PRODUCTO_ID,PRECIO_COMPRA) VALUES(18,102, 0.000000);

-- ===========PRODUCTO [103]
INSERT INTO PRODUCTO(ID,MARCA_ID,LINEA_ID,NOMBRE,PRESENTACION,CONTENIDO,UNIDADES_POR_CAJA,COSTO,COSTO_VENTA,PRECIO_BASE,UNIDAD_MEDIDA,CODIGO_BARRAS,ABREBIATURA) VALUES(103,11,1,'Brut XT Locion Caballero','Urban',50.0,12.0,0.000000,0.000000,0.000000,'ML','7502221182099','Brut Loc Urban 50ml');

INSERT INTO MOVIMIENTO_HISTORICO_PRODUCTO (ALMACEN_ID,PRODUCTO_ID,FECHA,TIPO_MOVIMIENTO_ID,CANTIDAD,COSTO,PRECIO,USUARIO_ID) VALUES(1,103,now(),30,6,0.000000,0.000000,'root');
INSERT INTO ALMACEN_PRODUCTO(ALMACEN_ID,PRODUCTO_ID,CANTIDAD_ACTUAL,PRECIO_VENTA) VALUES (1,103,6,0.000000);

INSERT INTO ALMACEN_PRODUCTO(ALMACEN_ID,PRODUCTO_ID,CANTIDAD_ACTUAL,PRECIO_VENTA) VALUES (2,103,9,19.500000);

INSERT INTO ALMACEN_PRODUCTO(ALMACEN_ID,PRODUCTO_ID,CANTIDAD_ACTUAL,PRECIO_VENTA) VALUES (3,103,6,0.000000);

INSERT INTO ALMACEN_PRODUCTO(ALMACEN_ID,PRODUCTO_ID,CANTIDAD_ACTUAL,PRECIO_VENTA) VALUES (4,103,9,19.500000);

INSERT INTO PROVEEDOR_PRODUCTO(PROVEEDOR_ID,PRODUCTO_ID,PRECIO_COMPRA) VALUES(18,103, 0.000000);

-- ===========PRODUCTO [104]
INSERT INTO PRODUCTO(ID,MARCA_ID,LINEA_ID,NOMBRE,PRESENTACION,CONTENIDO,UNIDADES_POR_CAJA,COSTO,COSTO_VENTA,PRECIO_BASE,UNIDAD_MEDIDA,CODIGO_BARRAS,ABREBIATURA) VALUES(104,11,1,'Brut XT Locion Caballero','Ego',50.0,12.0,0.000000,0.000000,0.000000,'ML','7502221182075','Brtu Loc Ego 50ml');

INSERT INTO MOVIMIENTO_HISTORICO_PRODUCTO (ALMACEN_ID,PRODUCTO_ID,FECHA,TIPO_MOVIMIENTO_ID,CANTIDAD,COSTO,PRECIO,USUARIO_ID) VALUES(1,104,now(),30,6,0.000000,0.000000,'root');
INSERT INTO ALMACEN_PRODUCTO(ALMACEN_ID,PRODUCTO_ID,CANTIDAD_ACTUAL,PRECIO_VENTA) VALUES (1,104,6,0.000000);

INSERT INTO ALMACEN_PRODUCTO(ALMACEN_ID,PRODUCTO_ID,CANTIDAD_ACTUAL,PRECIO_VENTA) VALUES (2,104,13,19.500000);

INSERT INTO ALMACEN_PRODUCTO(ALMACEN_ID,PRODUCTO_ID,CANTIDAD_ACTUAL,PRECIO_VENTA) VALUES (3,104,6,0.000000);

INSERT INTO ALMACEN_PRODUCTO(ALMACEN_ID,PRODUCTO_ID,CANTIDAD_ACTUAL,PRECIO_VENTA) VALUES (4,104,13,19.500000);

INSERT INTO PROVEEDOR_PRODUCTO(PROVEEDOR_ID,PRODUCTO_ID,PRECIO_COMPRA) VALUES(18,104, 0.000000);

-- ===========PRODUCTO [105]
INSERT INTO PRODUCTO(ID,MARCA_ID,LINEA_ID,NOMBRE,PRESENTACION,CONTENIDO,UNIDADES_POR_CAJA,COSTO,COSTO_VENTA,PRECIO_BASE,UNIDAD_MEDIDA,CODIGO_BARRAS,ABREBIATURA) VALUES(105,1,1,'Jovan Colonia Caballero','Musk For Men',118.0,12.0,0.000000,0.000000,0.000000,'ML','7501737490070','Jovan Col Musk 118ml');

INSERT INTO MOVIMIENTO_HISTORICO_PRODUCTO (ALMACEN_ID,PRODUCTO_ID,FECHA,TIPO_MOVIMIENTO_ID,CANTIDAD,COSTO,PRECIO,USUARIO_ID) VALUES(1,105,now(),30,6,0.000000,0.000000,'root');
INSERT INTO ALMACEN_PRODUCTO(ALMACEN_ID,PRODUCTO_ID,CANTIDAD_ACTUAL,PRECIO_VENTA) VALUES (1,105,6,0.000000);

INSERT INTO ALMACEN_PRODUCTO(ALMACEN_ID,PRODUCTO_ID,CANTIDAD_ACTUAL,PRECIO_VENTA) VALUES (2,105,0,0.000000);

INSERT INTO ALMACEN_PRODUCTO(ALMACEN_ID,PRODUCTO_ID,CANTIDAD_ACTUAL,PRECIO_VENTA) VALUES (3,105,6,0.000000);

INSERT INTO ALMACEN_PRODUCTO(ALMACEN_ID,PRODUCTO_ID,CANTIDAD_ACTUAL,PRECIO_VENTA) VALUES (4,105,0,0.000000);

INSERT INTO PROVEEDOR_PRODUCTO(PROVEEDOR_ID,PRODUCTO_ID,PRECIO_COMPRA) VALUES(13,105, 0.000000);

-- ===========PRODUCTO [106]
INSERT INTO PRODUCTO(ID,MARCA_ID,LINEA_ID,NOMBRE,PRESENTACION,CONTENIDO,UNIDADES_POR_CAJA,COSTO,COSTO_VENTA,PRECIO_BASE,UNIDAD_MEDIDA,CODIGO_BARRAS,ABREBIATURA) VALUES(106,11,1,'Brut Locion','Affection',100.0,12.0,0.000000,0.000000,0.000000,'ML','7502221184253','Brut Loc Affect 100ml');

INSERT INTO MOVIMIENTO_HISTORICO_PRODUCTO (ALMACEN_ID,PRODUCTO_ID,FECHA,TIPO_MOVIMIENTO_ID,CANTIDAD,COSTO,PRECIO,USUARIO_ID) VALUES(1,106,now(),30,12,0.000000,0.000000,'root');
INSERT INTO ALMACEN_PRODUCTO(ALMACEN_ID,PRODUCTO_ID,CANTIDAD_ACTUAL,PRECIO_VENTA) VALUES (1,106,12,0.000000);

INSERT INTO ALMACEN_PRODUCTO(ALMACEN_ID,PRODUCTO_ID,CANTIDAD_ACTUAL,PRECIO_VENTA) VALUES (2,106,4,19.500000);

INSERT INTO ALMACEN_PRODUCTO(ALMACEN_ID,PRODUCTO_ID,CANTIDAD_ACTUAL,PRECIO_VENTA) VALUES (3,106,12,0.000000);

INSERT INTO ALMACEN_PRODUCTO(ALMACEN_ID,PRODUCTO_ID,CANTIDAD_ACTUAL,PRECIO_VENTA) VALUES (4,106,4,19.500000);

INSERT INTO PROVEEDOR_PRODUCTO(PROVEEDOR_ID,PRODUCTO_ID,PRECIO_COMPRA) VALUES(18,106, 0.000000);

-- ===========PRODUCTO [107]
INSERT INTO PRODUCTO(ID,MARCA_ID,LINEA_ID,NOMBRE,PRESENTACION,CONTENIDO,UNIDADES_POR_CAJA,COSTO,COSTO_VENTA,PRECIO_BASE,UNIDAD_MEDIDA,CODIGO_BARRAS,ABREBIATURA) VALUES(107,11,1,'Brut Locion','Tattoo Fragance',100.0,12.0,0.000000,0.000000,0.000000,'ML','7502221184680','Brut Loc Tat Frag 100ml');

INSERT INTO MOVIMIENTO_HISTORICO_PRODUCTO (ALMACEN_ID,PRODUCTO_ID,FECHA,TIPO_MOVIMIENTO_ID,CANTIDAD,COSTO,PRECIO,USUARIO_ID) VALUES(1,107,now(),30,12,0.000000,0.000000,'root');
INSERT INTO ALMACEN_PRODUCTO(ALMACEN_ID,PRODUCTO_ID,CANTIDAD_ACTUAL,PRECIO_VENTA) VALUES (1,107,12,0.000000);

INSERT INTO ALMACEN_PRODUCTO(ALMACEN_ID,PRODUCTO_ID,CANTIDAD_ACTUAL,PRECIO_VENTA) VALUES (2,107,0,0.000000);

INSERT INTO ALMACEN_PRODUCTO(ALMACEN_ID,PRODUCTO_ID,CANTIDAD_ACTUAL,PRECIO_VENTA) VALUES (3,107,12,0.000000);

INSERT INTO ALMACEN_PRODUCTO(ALMACEN_ID,PRODUCTO_ID,CANTIDAD_ACTUAL,PRECIO_VENTA) VALUES (4,107,0,0.000000);

INSERT INTO PROVEEDOR_PRODUCTO(PROVEEDOR_ID,PRODUCTO_ID,PRECIO_COMPRA) VALUES(18,107, 0.000000);

-- ===========PRODUCTO [108]
INSERT INTO PRODUCTO(ID,MARCA_ID,LINEA_ID,NOMBRE,PRESENTACION,CONTENIDO,UNIDADES_POR_CAJA,COSTO,COSTO_VENTA,PRECIO_BASE,UNIDAD_MEDIDA,CODIGO_BARRAS,ABREBIATURA) VALUES(108,11,1,'Brut Locion','Tattoo Classic',100.0,12.0,0.000000,0.000000,0.000000,'ML','7502221184673','Brut Loc Tat Clas 100ml');

INSERT INTO MOVIMIENTO_HISTORICO_PRODUCTO (ALMACEN_ID,PRODUCTO_ID,FECHA,TIPO_MOVIMIENTO_ID,CANTIDAD,COSTO,PRECIO,USUARIO_ID) VALUES(1,108,now(),30,12,0.000000,0.000000,'root');
INSERT INTO ALMACEN_PRODUCTO(ALMACEN_ID,PRODUCTO_ID,CANTIDAD_ACTUAL,PRECIO_VENTA) VALUES (1,108,12,0.000000);

INSERT INTO ALMACEN_PRODUCTO(ALMACEN_ID,PRODUCTO_ID,CANTIDAD_ACTUAL,PRECIO_VENTA) VALUES (2,108,0,0.000000);

INSERT INTO ALMACEN_PRODUCTO(ALMACEN_ID,PRODUCTO_ID,CANTIDAD_ACTUAL,PRECIO_VENTA) VALUES (3,108,12,0.000000);

INSERT INTO ALMACEN_PRODUCTO(ALMACEN_ID,PRODUCTO_ID,CANTIDAD_ACTUAL,PRECIO_VENTA) VALUES (4,108,0,0.000000);

INSERT INTO PROVEEDOR_PRODUCTO(PROVEEDOR_ID,PRODUCTO_ID,PRECIO_COMPRA) VALUES(18,108, 0.000000);

-- ===========PRODUCTO [109]
INSERT INTO PRODUCTO(ID,MARCA_ID,LINEA_ID,NOMBRE,PRESENTACION,CONTENIDO,UNIDADES_POR_CAJA,COSTO,COSTO_VENTA,PRECIO_BASE,UNIDAD_MEDIDA,CODIGO_BARRAS,ABREBIATURA) VALUES(109,11,1,'Brut Locion','Motion',100.0,12.0,0.000000,0.000000,0.000000,'ML','7502221182334','Brut Loc Motion 100ml');

INSERT INTO MOVIMIENTO_HISTORICO_PRODUCTO (ALMACEN_ID,PRODUCTO_ID,FECHA,TIPO_MOVIMIENTO_ID,CANTIDAD,COSTO,PRECIO,USUARIO_ID) VALUES(1,109,now(),30,0,0.000000,0.000000,'root');
INSERT INTO ALMACEN_PRODUCTO(ALMACEN_ID,PRODUCTO_ID,CANTIDAD_ACTUAL,PRECIO_VENTA) VALUES (1,109,0,0.000000);

INSERT INTO ALMACEN_PRODUCTO(ALMACEN_ID,PRODUCTO_ID,CANTIDAD_ACTUAL,PRECIO_VENTA) VALUES (2,109,0,0.000000);

INSERT INTO PROVEEDOR_PRODUCTO(PROVEEDOR_ID,PRODUCTO_ID,PRECIO_COMPRA) VALUES(18,109, 0.000000);

-- ===========PRODUCTO [110]
INSERT INTO PRODUCTO(ID,MARCA_ID,LINEA_ID,NOMBRE,PRESENTACION,CONTENIDO,UNIDADES_POR_CAJA,COSTO,COSTO_VENTA,PRECIO_BASE,UNIDAD_MEDIDA,CODIGO_BARRAS,ABREBIATURA) VALUES(110,11,1,'Brut Locion','Euphoria',100.0,12.0,0.000000,0.000000,0.000000,'ML','7502221181962','Brut Loc Eupho 100ml');

INSERT INTO MOVIMIENTO_HISTORICO_PRODUCTO (ALMACEN_ID,PRODUCTO_ID,FECHA,TIPO_MOVIMIENTO_ID,CANTIDAD,COSTO,PRECIO,USUARIO_ID) VALUES(1,110,now(),30,12,0.000000,0.000000,'root');
INSERT INTO ALMACEN_PRODUCTO(ALMACEN_ID,PRODUCTO_ID,CANTIDAD_ACTUAL,PRECIO_VENTA) VALUES (1,110,12,0.000000);

INSERT INTO ALMACEN_PRODUCTO(ALMACEN_ID,PRODUCTO_ID,CANTIDAD_ACTUAL,PRECIO_VENTA) VALUES (2,110,1,19.500000);

INSERT INTO ALMACEN_PRODUCTO(ALMACEN_ID,PRODUCTO_ID,CANTIDAD_ACTUAL,PRECIO_VENTA) VALUES (3,110,12,0.000000);

INSERT INTO ALMACEN_PRODUCTO(ALMACEN_ID,PRODUCTO_ID,CANTIDAD_ACTUAL,PRECIO_VENTA) VALUES (4,110,1,19.500000);

INSERT INTO PROVEEDOR_PRODUCTO(PROVEEDOR_ID,PRODUCTO_ID,PRECIO_COMPRA) VALUES(18,110, 0.000000);

-- ===========PRODUCTO [111]
INSERT INTO PRODUCTO(ID,MARCA_ID,LINEA_ID,NOMBRE,PRESENTACION,CONTENIDO,UNIDADES_POR_CAJA,COSTO,COSTO_VENTA,PRECIO_BASE,UNIDAD_MEDIDA,CODIGO_BARRAS,ABREBIATURA) VALUES(111,11,1,'Brut Locion','Attitude',100.0,12.0,0.000000,0.000000,0.000000,'ML','7502221181269','Brut Loc Attitud 100ml');

INSERT INTO MOVIMIENTO_HISTORICO_PRODUCTO (ALMACEN_ID,PRODUCTO_ID,FECHA,TIPO_MOVIMIENTO_ID,CANTIDAD,COSTO,PRECIO,USUARIO_ID) VALUES(1,111,now(),30,12,0.000000,0.000000,'root');
INSERT INTO ALMACEN_PRODUCTO(ALMACEN_ID,PRODUCTO_ID,CANTIDAD_ACTUAL,PRECIO_VENTA) VALUES (1,111,12,0.000000);

INSERT INTO ALMACEN_PRODUCTO(ALMACEN_ID,PRODUCTO_ID,CANTIDAD_ACTUAL,PRECIO_VENTA) VALUES (2,111,0,0.000000);

INSERT INTO ALMACEN_PRODUCTO(ALMACEN_ID,PRODUCTO_ID,CANTIDAD_ACTUAL,PRECIO_VENTA) VALUES (3,111,12,0.000000);

INSERT INTO ALMACEN_PRODUCTO(ALMACEN_ID,PRODUCTO_ID,CANTIDAD_ACTUAL,PRECIO_VENTA) VALUES (4,111,0,0.000000);

INSERT INTO PROVEEDOR_PRODUCTO(PROVEEDOR_ID,PRODUCTO_ID,PRECIO_COMPRA) VALUES(18,111, 0.000000);

-- ===========PRODUCTO [112]
INSERT INTO PRODUCTO(ID,MARCA_ID,LINEA_ID,NOMBRE,PRESENTACION,CONTENIDO,UNIDADES_POR_CAJA,COSTO,COSTO_VENTA,PRECIO_BASE,UNIDAD_MEDIDA,CODIGO_BARRAS,ABREBIATURA) VALUES(112,11,1,'Brut Locion','Addiction',100.0,12.0,0.000000,0.000000,0.000000,'ML','7502221184802','Brut Loc Addict 100ml');

INSERT INTO MOVIMIENTO_HISTORICO_PRODUCTO (ALMACEN_ID,PRODUCTO_ID,FECHA,TIPO_MOVIMIENTO_ID,CANTIDAD,COSTO,PRECIO,USUARIO_ID) VALUES(1,112,now(),30,12,0.000000,0.000000,'root');
INSERT INTO ALMACEN_PRODUCTO(ALMACEN_ID,PRODUCTO_ID,CANTIDAD_ACTUAL,PRECIO_VENTA) VALUES (1,112,12,0.000000);

INSERT INTO ALMACEN_PRODUCTO(ALMACEN_ID,PRODUCTO_ID,CANTIDAD_ACTUAL,PRECIO_VENTA) VALUES (2,112,0,0.000000);

INSERT INTO ALMACEN_PRODUCTO(ALMACEN_ID,PRODUCTO_ID,CANTIDAD_ACTUAL,PRECIO_VENTA) VALUES (3,112,12,0.000000);

INSERT INTO ALMACEN_PRODUCTO(ALMACEN_ID,PRODUCTO_ID,CANTIDAD_ACTUAL,PRECIO_VENTA) VALUES (4,112,0,0.000000);

INSERT INTO PROVEEDOR_PRODUCTO(PROVEEDOR_ID,PRODUCTO_ID,PRECIO_COMPRA) VALUES(18,112, 0.000000);

-- ===========PRODUCTO [113]
INSERT INTO PRODUCTO(ID,MARCA_ID,LINEA_ID,NOMBRE,PRESENTACION,CONTENIDO,UNIDADES_POR_CAJA,COSTO,COSTO_VENTA,PRECIO_BASE,UNIDAD_MEDIDA,CODIGO_BARRAS,ABREBIATURA) VALUES(113,11,1,'Brut Locion','Classic',100.0,12.0,0.000000,0.000000,0.000000,'ML','7502221181252','Brut Loc Classic 100ml');

INSERT INTO MOVIMIENTO_HISTORICO_PRODUCTO (ALMACEN_ID,PRODUCTO_ID,FECHA,TIPO_MOVIMIENTO_ID,CANTIDAD,COSTO,PRECIO,USUARIO_ID) VALUES(1,113,now(),30,12,0.000000,0.000000,'root');
INSERT INTO ALMACEN_PRODUCTO(ALMACEN_ID,PRODUCTO_ID,CANTIDAD_ACTUAL,PRECIO_VENTA) VALUES (1,113,12,0.000000);

INSERT INTO ALMACEN_PRODUCTO(ALMACEN_ID,PRODUCTO_ID,CANTIDAD_ACTUAL,PRECIO_VENTA) VALUES (2,113,1,19.500000);

INSERT INTO ALMACEN_PRODUCTO(ALMACEN_ID,PRODUCTO_ID,CANTIDAD_ACTUAL,PRECIO_VENTA) VALUES (3,113,12,0.000000);

INSERT INTO ALMACEN_PRODUCTO(ALMACEN_ID,PRODUCTO_ID,CANTIDAD_ACTUAL,PRECIO_VENTA) VALUES (4,113,1,19.500000);

INSERT INTO PROVEEDOR_PRODUCTO(PROVEEDOR_ID,PRODUCTO_ID,PRECIO_COMPRA) VALUES(18,113, 0.000000);

-- ===========PRODUCTO [114]
INSERT INTO PRODUCTO(ID,MARCA_ID,LINEA_ID,NOMBRE,PRESENTACION,CONTENIDO,UNIDADES_POR_CAJA,COSTO,COSTO_VENTA,PRECIO_BASE,UNIDAD_MEDIDA,CODIGO_BARRAS,ABREBIATURA) VALUES(114,27,9,'Vel Rosita Suavisante de Telas','Delicada',450.0,12.0,0.000000,0.000000,0.000000,'ML','7509546045689','Vel Rosit Delic 450ml');

INSERT INTO MOVIMIENTO_HISTORICO_PRODUCTO (ALMACEN_ID,PRODUCTO_ID,FECHA,TIPO_MOVIMIENTO_ID,CANTIDAD,COSTO,PRECIO,USUARIO_ID) VALUES(1,114,now(),30,60,0.000000,0.000000,'root');
INSERT INTO ALMACEN_PRODUCTO(ALMACEN_ID,PRODUCTO_ID,CANTIDAD_ACTUAL,PRECIO_VENTA) VALUES (1,114,60,0.000000);

INSERT INTO ALMACEN_PRODUCTO(ALMACEN_ID,PRODUCTO_ID,CANTIDAD_ACTUAL,PRECIO_VENTA) VALUES (2,114,0,0.000000);

INSERT INTO ALMACEN_PRODUCTO(ALMACEN_ID,PRODUCTO_ID,CANTIDAD_ACTUAL,PRECIO_VENTA) VALUES (3,114,60,0.000000);

INSERT INTO ALMACEN_PRODUCTO(ALMACEN_ID,PRODUCTO_ID,CANTIDAD_ACTUAL,PRECIO_VENTA) VALUES (4,114,0,0.000000);

INSERT INTO PROVEEDOR_PRODUCTO(PROVEEDOR_ID,PRODUCTO_ID,PRECIO_COMPRA) VALUES(6,114, 0.000000);

-- ===========PRODUCTO [115]
INSERT INTO PRODUCTO(ID,MARCA_ID,LINEA_ID,NOMBRE,PRESENTACION,CONTENIDO,UNIDADES_POR_CAJA,COSTO,COSTO_VENTA,PRECIO_BASE,UNIDAD_MEDIDA,CODIGO_BARRAS,ABREBIATURA) VALUES(115,22,13,'Loreal Revitalift','Dia FPS 18',50.0,12.0,0.000000,0.000000,0.000000,'G','7501027247285','Revital Dia FPS 18 50g');

INSERT INTO MOVIMIENTO_HISTORICO_PRODUCTO (ALMACEN_ID,PRODUCTO_ID,FECHA,TIPO_MOVIMIENTO_ID,CANTIDAD,COSTO,PRECIO,USUARIO_ID) VALUES(1,115,now(),30,6,0.000000,0.000000,'root');
INSERT INTO ALMACEN_PRODUCTO(ALMACEN_ID,PRODUCTO_ID,CANTIDAD_ACTUAL,PRECIO_VENTA) VALUES (1,115,6,0.000000);

INSERT INTO ALMACEN_PRODUCTO(ALMACEN_ID,PRODUCTO_ID,CANTIDAD_ACTUAL,PRECIO_VENTA) VALUES (2,115,0,0.000000);

INSERT INTO ALMACEN_PRODUCTO(ALMACEN_ID,PRODUCTO_ID,CANTIDAD_ACTUAL,PRECIO_VENTA) VALUES (3,115,6,0.000000);

INSERT INTO ALMACEN_PRODUCTO(ALMACEN_ID,PRODUCTO_ID,CANTIDAD_ACTUAL,PRECIO_VENTA) VALUES (4,115,0,0.000000);

INSERT INTO PROVEEDOR_PRODUCTO(PROVEEDOR_ID,PRODUCTO_ID,PRECIO_COMPRA) VALUES(13,115, 0.000000);

-- ===========PRODUCTO [116]
INSERT INTO PRODUCTO(ID,MARCA_ID,LINEA_ID,NOMBRE,PRESENTACION,CONTENIDO,UNIDADES_POR_CAJA,COSTO,COSTO_VENTA,PRECIO_BASE,UNIDAD_MEDIDA,CODIGO_BARRAS,ABREBIATURA) VALUES(116,28,13,'Garnier Discos Faciales','Pure',56.0,6.0,0.000000,0.000000,0.000000,'Pz','7501839196535','Garnier Discos Fac 56');

INSERT INTO MOVIMIENTO_HISTORICO_PRODUCTO (ALMACEN_ID,PRODUCTO_ID,FECHA,TIPO_MOVIMIENTO_ID,CANTIDAD,COSTO,PRECIO,USUARIO_ID) VALUES(1,116,now(),30,4,0.000000,0.000000,'root');
INSERT INTO ALMACEN_PRODUCTO(ALMACEN_ID,PRODUCTO_ID,CANTIDAD_ACTUAL,PRECIO_VENTA) VALUES (1,116,4,0.000000);

INSERT INTO ALMACEN_PRODUCTO(ALMACEN_ID,PRODUCTO_ID,CANTIDAD_ACTUAL,PRECIO_VENTA) VALUES (2,116,0,0.000000);

INSERT INTO ALMACEN_PRODUCTO(ALMACEN_ID,PRODUCTO_ID,CANTIDAD_ACTUAL,PRECIO_VENTA) VALUES (3,116,4,0.000000);

INSERT INTO ALMACEN_PRODUCTO(ALMACEN_ID,PRODUCTO_ID,CANTIDAD_ACTUAL,PRECIO_VENTA) VALUES (4,116,0,0.000000);

INSERT INTO PROVEEDOR_PRODUCTO(PROVEEDOR_ID,PRODUCTO_ID,PRECIO_COMPRA) VALUES(13,116, 0.000000);

-- ===========PRODUCTO [117]
INSERT INTO PRODUCTO(ID,MARCA_ID,LINEA_ID,NOMBRE,PRESENTACION,CONTENIDO,UNIDADES_POR_CAJA,COSTO,COSTO_VENTA,PRECIO_BASE,UNIDAD_MEDIDA,CODIGO_BARRAS,ABREBIATURA) VALUES(117,28,13,'Garnier Clarify','Corrector Facial Aclarante FPS 15',10.0,6.0,0.000000,0.000000,0.000000,'ML','7501839196528','Garn Claryf Corre 10ml');

INSERT INTO MOVIMIENTO_HISTORICO_PRODUCTO (ALMACEN_ID,PRODUCTO_ID,FECHA,TIPO_MOVIMIENTO_ID,CANTIDAD,COSTO,PRECIO,USUARIO_ID) VALUES(1,117,now(),30,6,0.000000,0.000000,'root');
INSERT INTO ALMACEN_PRODUCTO(ALMACEN_ID,PRODUCTO_ID,CANTIDAD_ACTUAL,PRECIO_VENTA) VALUES (1,117,6,0.000000);

INSERT INTO ALMACEN_PRODUCTO(ALMACEN_ID,PRODUCTO_ID,CANTIDAD_ACTUAL,PRECIO_VENTA) VALUES (2,117,0,0.000000);

INSERT INTO ALMACEN_PRODUCTO(ALMACEN_ID,PRODUCTO_ID,CANTIDAD_ACTUAL,PRECIO_VENTA) VALUES (3,117,6,0.000000);

INSERT INTO ALMACEN_PRODUCTO(ALMACEN_ID,PRODUCTO_ID,CANTIDAD_ACTUAL,PRECIO_VENTA) VALUES (4,117,0,0.000000);

INSERT INTO PROVEEDOR_PRODUCTO(PROVEEDOR_ID,PRODUCTO_ID,PRECIO_COMPRA) VALUES(13,117, 0.000000);

-- ===========PRODUCTO [118]
INSERT INTO PRODUCTO(ID,MARCA_ID,LINEA_ID,NOMBRE,PRESENTACION,CONTENIDO,UNIDADES_POR_CAJA,COSTO,COSTO_VENTA,PRECIO_BASE,UNIDAD_MEDIDA,CODIGO_BARRAS,ABREBIATURA) VALUES(118,22,13,'Loreal Age Perfect','Noche Pieles Maduras',50.0,6.0,0.000000,0.000000,0.000000,'G','7501027251428','Age Perf Noche 50g');

INSERT INTO MOVIMIENTO_HISTORICO_PRODUCTO (ALMACEN_ID,PRODUCTO_ID,FECHA,TIPO_MOVIMIENTO_ID,CANTIDAD,COSTO,PRECIO,USUARIO_ID) VALUES(1,118,now(),30,3,0.000000,0.000000,'root');
INSERT INTO ALMACEN_PRODUCTO(ALMACEN_ID,PRODUCTO_ID,CANTIDAD_ACTUAL,PRECIO_VENTA) VALUES (1,118,3,0.000000);

INSERT INTO ALMACEN_PRODUCTO(ALMACEN_ID,PRODUCTO_ID,CANTIDAD_ACTUAL,PRECIO_VENTA) VALUES (2,118,0,0.000000);

INSERT INTO ALMACEN_PRODUCTO(ALMACEN_ID,PRODUCTO_ID,CANTIDAD_ACTUAL,PRECIO_VENTA) VALUES (3,118,3,0.000000);

INSERT INTO ALMACEN_PRODUCTO(ALMACEN_ID,PRODUCTO_ID,CANTIDAD_ACTUAL,PRECIO_VENTA) VALUES (4,118,0,0.000000);

INSERT INTO PROVEEDOR_PRODUCTO(PROVEEDOR_ID,PRODUCTO_ID,PRECIO_COMPRA) VALUES(13,118, 0.000000);

-- ===========PRODUCTO [119]
INSERT INTO PRODUCTO(ID,MARCA_ID,LINEA_ID,NOMBRE,PRESENTACION,CONTENIDO,UNIDADES_POR_CAJA,COSTO,COSTO_VENTA,PRECIO_BASE,UNIDAD_MEDIDA,CODIGO_BARRAS,ABREBIATURA) VALUES(119,22,13,'Loreal Revitalift','Complete Day SPF 15',48.0,6.0,0.000000,0.000000,0.000000,'ML','71249104644','Revital Compl Day 48ml');

INSERT INTO MOVIMIENTO_HISTORICO_PRODUCTO (ALMACEN_ID,PRODUCTO_ID,FECHA,TIPO_MOVIMIENTO_ID,CANTIDAD,COSTO,PRECIO,USUARIO_ID) VALUES(1,119,now(),30,3,0.000000,0.000000,'root');
INSERT INTO ALMACEN_PRODUCTO(ALMACEN_ID,PRODUCTO_ID,CANTIDAD_ACTUAL,PRECIO_VENTA) VALUES (1,119,3,0.000000);

INSERT INTO ALMACEN_PRODUCTO(ALMACEN_ID,PRODUCTO_ID,CANTIDAD_ACTUAL,PRECIO_VENTA) VALUES (2,119,0,0.000000);

INSERT INTO ALMACEN_PRODUCTO(ALMACEN_ID,PRODUCTO_ID,CANTIDAD_ACTUAL,PRECIO_VENTA) VALUES (3,119,3,0.000000);

INSERT INTO ALMACEN_PRODUCTO(ALMACEN_ID,PRODUCTO_ID,CANTIDAD_ACTUAL,PRECIO_VENTA) VALUES (4,119,0,0.000000);

INSERT INTO PROVEEDOR_PRODUCTO(PROVEEDOR_ID,PRODUCTO_ID,PRECIO_COMPRA) VALUES(13,119, 0.000000);

-- ===========PRODUCTO [120]
INSERT INTO PRODUCTO(ID,MARCA_ID,LINEA_ID,NOMBRE,PRESENTACION,CONTENIDO,UNIDADES_POR_CAJA,COSTO,COSTO_VENTA,PRECIO_BASE,UNIDAD_MEDIDA,CODIGO_BARRAS,ABREBIATURA) VALUES(120,22,13,'Loreal Revitalift','Arrugas de Fisura',50.0,6.0,0.000000,0.000000,0.000000,'ML','3600521287507','Revital Arrug Fisur 50m');

INSERT INTO MOVIMIENTO_HISTORICO_PRODUCTO (ALMACEN_ID,PRODUCTO_ID,FECHA,TIPO_MOVIMIENTO_ID,CANTIDAD,COSTO,PRECIO,USUARIO_ID) VALUES(1,120,now(),30,3,0.000000,0.000000,'root');
INSERT INTO ALMACEN_PRODUCTO(ALMACEN_ID,PRODUCTO_ID,CANTIDAD_ACTUAL,PRECIO_VENTA) VALUES (1,120,3,0.000000);

INSERT INTO ALMACEN_PRODUCTO(ALMACEN_ID,PRODUCTO_ID,CANTIDAD_ACTUAL,PRECIO_VENTA) VALUES (2,120,0,0.000000);

INSERT INTO ALMACEN_PRODUCTO(ALMACEN_ID,PRODUCTO_ID,CANTIDAD_ACTUAL,PRECIO_VENTA) VALUES (3,120,3,0.000000);

INSERT INTO ALMACEN_PRODUCTO(ALMACEN_ID,PRODUCTO_ID,CANTIDAD_ACTUAL,PRECIO_VENTA) VALUES (4,120,0,0.000000);

INSERT INTO PROVEEDOR_PRODUCTO(PROVEEDOR_ID,PRODUCTO_ID,PRECIO_COMPRA) VALUES(13,120, 0.000000);

-- ===========PRODUCTO [121]
INSERT INTO PRODUCTO(ID,MARCA_ID,LINEA_ID,NOMBRE,PRESENTACION,CONTENIDO,UNIDADES_POR_CAJA,COSTO,COSTO_VENTA,PRECIO_BASE,UNIDAD_MEDIDA,CODIGO_BARRAS,ABREBIATURA) VALUES(121,22,13,'Loreal Collagen Recharge','Noche',50.0,6.0,0.000000,0.000000,0.000000,'ML','7506078934825','Collag Recharg Noch 50');

INSERT INTO MOVIMIENTO_HISTORICO_PRODUCTO (ALMACEN_ID,PRODUCTO_ID,FECHA,TIPO_MOVIMIENTO_ID,CANTIDAD,COSTO,PRECIO,USUARIO_ID) VALUES(1,121,now(),30,3,0.000000,0.000000,'root');
INSERT INTO ALMACEN_PRODUCTO(ALMACEN_ID,PRODUCTO_ID,CANTIDAD_ACTUAL,PRECIO_VENTA) VALUES (1,121,3,0.000000);

INSERT INTO ALMACEN_PRODUCTO(ALMACEN_ID,PRODUCTO_ID,CANTIDAD_ACTUAL,PRECIO_VENTA) VALUES (2,121,0,0.000000);

INSERT INTO ALMACEN_PRODUCTO(ALMACEN_ID,PRODUCTO_ID,CANTIDAD_ACTUAL,PRECIO_VENTA) VALUES (3,121,3,0.000000);

INSERT INTO ALMACEN_PRODUCTO(ALMACEN_ID,PRODUCTO_ID,CANTIDAD_ACTUAL,PRECIO_VENTA) VALUES (4,121,0,0.000000);

INSERT INTO PROVEEDOR_PRODUCTO(PROVEEDOR_ID,PRODUCTO_ID,PRECIO_COMPRA) VALUES(13,121, 0.000000);

-- ===========PRODUCTO [122]
INSERT INTO PRODUCTO(ID,MARCA_ID,LINEA_ID,NOMBRE,PRESENTACION,CONTENIDO,UNIDADES_POR_CAJA,COSTO,COSTO_VENTA,PRECIO_BASE,UNIDAD_MEDIDA,CODIGO_BARRAS,ABREBIATURA) VALUES(122,22,13,'Loreal Remodeler Colageno','Rostro y Cuello FPS 15',50.0,6.0,0.000000,0.000000,0.000000,'ML','3600521152256','Remodel Colag 50ml');

INSERT INTO MOVIMIENTO_HISTORICO_PRODUCTO (ALMACEN_ID,PRODUCTO_ID,FECHA,TIPO_MOVIMIENTO_ID,CANTIDAD,COSTO,PRECIO,USUARIO_ID) VALUES(1,122,now(),30,3,0.000000,0.000000,'root');
INSERT INTO ALMACEN_PRODUCTO(ALMACEN_ID,PRODUCTO_ID,CANTIDAD_ACTUAL,PRECIO_VENTA) VALUES (1,122,3,0.000000);

INSERT INTO ALMACEN_PRODUCTO(ALMACEN_ID,PRODUCTO_ID,CANTIDAD_ACTUAL,PRECIO_VENTA) VALUES (2,122,0,0.000000);

INSERT INTO ALMACEN_PRODUCTO(ALMACEN_ID,PRODUCTO_ID,CANTIDAD_ACTUAL,PRECIO_VENTA) VALUES (3,122,3,0.000000);

INSERT INTO ALMACEN_PRODUCTO(ALMACEN_ID,PRODUCTO_ID,CANTIDAD_ACTUAL,PRECIO_VENTA) VALUES (4,122,0,0.000000);

INSERT INTO PROVEEDOR_PRODUCTO(PROVEEDOR_ID,PRODUCTO_ID,PRECIO_COMPRA) VALUES(13,122, 0.000000);

-- ===========PRODUCTO [123]
INSERT INTO PRODUCTO(ID,MARCA_ID,LINEA_ID,NOMBRE,PRESENTACION,CONTENIDO,UNIDADES_POR_CAJA,COSTO,COSTO_VENTA,PRECIO_BASE,UNIDAD_MEDIDA,CODIGO_BARRAS,ABREBIATURA) VALUES(123,28,13,'Garnier Clarify','Oil Control Filtro UV',40.0,6.0,0.000000,0.000000,0.000000,'ML','7506078975248','Garn Clarif Oil UV 30m');

INSERT INTO MOVIMIENTO_HISTORICO_PRODUCTO (ALMACEN_ID,PRODUCTO_ID,FECHA,TIPO_MOVIMIENTO_ID,CANTIDAD,COSTO,PRECIO,USUARIO_ID) VALUES(1,123,now(),30,3,0.000000,0.000000,'root');
INSERT INTO ALMACEN_PRODUCTO(ALMACEN_ID,PRODUCTO_ID,CANTIDAD_ACTUAL,PRECIO_VENTA) VALUES (1,123,3,0.000000);

INSERT INTO ALMACEN_PRODUCTO(ALMACEN_ID,PRODUCTO_ID,CANTIDAD_ACTUAL,PRECIO_VENTA) VALUES (2,123,0,0.000000);

INSERT INTO ALMACEN_PRODUCTO(ALMACEN_ID,PRODUCTO_ID,CANTIDAD_ACTUAL,PRECIO_VENTA) VALUES (3,123,3,0.000000);

INSERT INTO ALMACEN_PRODUCTO(ALMACEN_ID,PRODUCTO_ID,CANTIDAD_ACTUAL,PRECIO_VENTA) VALUES (4,123,0,0.000000);

INSERT INTO PROVEEDOR_PRODUCTO(PROVEEDOR_ID,PRODUCTO_ID,PRECIO_COMPRA) VALUES(13,123, 0.000000);

-- ===========PRODUCTO [124]
INSERT INTO PRODUCTO(ID,MARCA_ID,LINEA_ID,NOMBRE,PRESENTACION,CONTENIDO,UNIDADES_POR_CAJA,COSTO,COSTO_VENTA,PRECIO_BASE,UNIDAD_MEDIDA,CODIGO_BARRAS,ABREBIATURA) VALUES(124,22,13,'Loreal White Perfect','Doble Accion Crema + Gel',30.0,6.0,0.000000,0.000000,0.000000,'ML','7506078912519','White Perf D Act 30ml');

INSERT INTO MOVIMIENTO_HISTORICO_PRODUCTO (ALMACEN_ID,PRODUCTO_ID,FECHA,TIPO_MOVIMIENTO_ID,CANTIDAD,COSTO,PRECIO,USUARIO_ID) VALUES(1,124,now(),30,2,0.000000,0.000000,'root');
INSERT INTO ALMACEN_PRODUCTO(ALMACEN_ID,PRODUCTO_ID,CANTIDAD_ACTUAL,PRECIO_VENTA) VALUES (1,124,2,0.000000);

INSERT INTO ALMACEN_PRODUCTO(ALMACEN_ID,PRODUCTO_ID,CANTIDAD_ACTUAL,PRECIO_VENTA) VALUES (2,124,0,0.000000);

INSERT INTO ALMACEN_PRODUCTO(ALMACEN_ID,PRODUCTO_ID,CANTIDAD_ACTUAL,PRECIO_VENTA) VALUES (3,124,2,0.000000);

INSERT INTO ALMACEN_PRODUCTO(ALMACEN_ID,PRODUCTO_ID,CANTIDAD_ACTUAL,PRECIO_VENTA) VALUES (4,124,0,0.000000);

INSERT INTO PROVEEDOR_PRODUCTO(PROVEEDOR_ID,PRODUCTO_ID,PRECIO_COMPRA) VALUES(13,124, 0.000000);

-- ===========PRODUCTO [125]
INSERT INTO PRODUCTO(ID,MARCA_ID,LINEA_ID,NOMBRE,PRESENTACION,CONTENIDO,UNIDADES_POR_CAJA,COSTO,COSTO_VENTA,PRECIO_BASE,UNIDAD_MEDIDA,CODIGO_BARRAS,ABREBIATURA) VALUES(125,22,13,'Loreal Revitalift','Doble Lifting Ojos',15.0,6.0,0.000000,0.000000,0.000000,'ML','3600521012895','Revital Lift Ojos 15ml');

INSERT INTO MOVIMIENTO_HISTORICO_PRODUCTO (ALMACEN_ID,PRODUCTO_ID,FECHA,TIPO_MOVIMIENTO_ID,CANTIDAD,COSTO,PRECIO,USUARIO_ID) VALUES(1,125,now(),30,3,0.000000,0.000000,'root');
INSERT INTO ALMACEN_PRODUCTO(ALMACEN_ID,PRODUCTO_ID,CANTIDAD_ACTUAL,PRECIO_VENTA) VALUES (1,125,3,0.000000);

INSERT INTO ALMACEN_PRODUCTO(ALMACEN_ID,PRODUCTO_ID,CANTIDAD_ACTUAL,PRECIO_VENTA) VALUES (2,125,0,0.000000);

INSERT INTO ALMACEN_PRODUCTO(ALMACEN_ID,PRODUCTO_ID,CANTIDAD_ACTUAL,PRECIO_VENTA) VALUES (3,125,3,0.000000);

INSERT INTO ALMACEN_PRODUCTO(ALMACEN_ID,PRODUCTO_ID,CANTIDAD_ACTUAL,PRECIO_VENTA) VALUES (4,125,0,0.000000);

INSERT INTO PROVEEDOR_PRODUCTO(PROVEEDOR_ID,PRODUCTO_ID,PRECIO_COMPRA) VALUES(13,125, 0.000000);

-- ===========PRODUCTO [126]
INSERT INTO PRODUCTO(ID,MARCA_ID,LINEA_ID,NOMBRE,PRESENTACION,CONTENIDO,UNIDADES_POR_CAJA,COSTO,COSTO_VENTA,PRECIO_BASE,UNIDAD_MEDIDA,CODIGO_BARRAS,ABREBIATURA) VALUES(126,22,13,'Loreal Decontract Arrugas','Ojos',15.0,6.0,0.000000,0.000000,0.000000,'G','7501027229151','Dcontrac Arrug Ojos 15');

INSERT INTO MOVIMIENTO_HISTORICO_PRODUCTO (ALMACEN_ID,PRODUCTO_ID,FECHA,TIPO_MOVIMIENTO_ID,CANTIDAD,COSTO,PRECIO,USUARIO_ID) VALUES(1,126,now(),30,3,0.000000,0.000000,'root');
INSERT INTO ALMACEN_PRODUCTO(ALMACEN_ID,PRODUCTO_ID,CANTIDAD_ACTUAL,PRECIO_VENTA) VALUES (1,126,3,0.000000);

INSERT INTO ALMACEN_PRODUCTO(ALMACEN_ID,PRODUCTO_ID,CANTIDAD_ACTUAL,PRECIO_VENTA) VALUES (2,126,0,0.000000);

INSERT INTO ALMACEN_PRODUCTO(ALMACEN_ID,PRODUCTO_ID,CANTIDAD_ACTUAL,PRECIO_VENTA) VALUES (3,126,3,0.000000);

INSERT INTO ALMACEN_PRODUCTO(ALMACEN_ID,PRODUCTO_ID,CANTIDAD_ACTUAL,PRECIO_VENTA) VALUES (4,126,0,0.000000);

INSERT INTO PROVEEDOR_PRODUCTO(PROVEEDOR_ID,PRODUCTO_ID,PRECIO_COMPRA) VALUES(13,126, 0.000000);

-- ===========PRODUCTO [127]
INSERT INTO PRODUCTO(ID,MARCA_ID,LINEA_ID,NOMBRE,PRESENTACION,CONTENIDO,UNIDADES_POR_CAJA,COSTO,COSTO_VENTA,PRECIO_BASE,UNIDAD_MEDIDA,CODIGO_BARRAS,ABREBIATURA) VALUES(127,22,13,'Loreal HydraFresh','Gel Espumoso Mixta a Grasa',180.0,6.0,0.000000,0.000000,0.000000,'ML','7501027224699','Hyd Fsh Gel Mixta 180');

INSERT INTO MOVIMIENTO_HISTORICO_PRODUCTO (ALMACEN_ID,PRODUCTO_ID,FECHA,TIPO_MOVIMIENTO_ID,CANTIDAD,COSTO,PRECIO,USUARIO_ID) VALUES(1,127,now(),30,3,0.000000,0.000000,'root');
INSERT INTO ALMACEN_PRODUCTO(ALMACEN_ID,PRODUCTO_ID,CANTIDAD_ACTUAL,PRECIO_VENTA) VALUES (1,127,3,0.000000);

INSERT INTO ALMACEN_PRODUCTO(ALMACEN_ID,PRODUCTO_ID,CANTIDAD_ACTUAL,PRECIO_VENTA) VALUES (2,127,0,0.000000);

INSERT INTO ALMACEN_PRODUCTO(ALMACEN_ID,PRODUCTO_ID,CANTIDAD_ACTUAL,PRECIO_VENTA) VALUES (3,127,3,0.000000);

INSERT INTO ALMACEN_PRODUCTO(ALMACEN_ID,PRODUCTO_ID,CANTIDAD_ACTUAL,PRECIO_VENTA) VALUES (4,127,0,0.000000);

INSERT INTO PROVEEDOR_PRODUCTO(PROVEEDOR_ID,PRODUCTO_ID,PRECIO_COMPRA) VALUES(13,127, 0.000000);

-- ===========PRODUCTO [128]
INSERT INTO PRODUCTO(ID,MARCA_ID,LINEA_ID,NOMBRE,PRESENTACION,CONTENIDO,UNIDADES_POR_CAJA,COSTO,COSTO_VENTA,PRECIO_BASE,UNIDAD_MEDIDA,CODIGO_BARRAS,ABREBIATURA) VALUES(128,22,13,'Loreal HydraFresh','Gel Espumoso normal a seca',180.0,6.0,0.000000,0.000000,0.000000,'ML','7501027224682','Hyd Fsh Gel Norm 180');

INSERT INTO MOVIMIENTO_HISTORICO_PRODUCTO (ALMACEN_ID,PRODUCTO_ID,FECHA,TIPO_MOVIMIENTO_ID,CANTIDAD,COSTO,PRECIO,USUARIO_ID) VALUES(1,128,now(),30,3,0.000000,0.000000,'root');
INSERT INTO ALMACEN_PRODUCTO(ALMACEN_ID,PRODUCTO_ID,CANTIDAD_ACTUAL,PRECIO_VENTA) VALUES (1,128,3,0.000000);

INSERT INTO ALMACEN_PRODUCTO(ALMACEN_ID,PRODUCTO_ID,CANTIDAD_ACTUAL,PRECIO_VENTA) VALUES (2,128,0,0.000000);

INSERT INTO ALMACEN_PRODUCTO(ALMACEN_ID,PRODUCTO_ID,CANTIDAD_ACTUAL,PRECIO_VENTA) VALUES (3,128,3,0.000000);

INSERT INTO ALMACEN_PRODUCTO(ALMACEN_ID,PRODUCTO_ID,CANTIDAD_ACTUAL,PRECIO_VENTA) VALUES (4,128,0,0.000000);

INSERT INTO PROVEEDOR_PRODUCTO(PROVEEDOR_ID,PRODUCTO_ID,PRECIO_COMPRA) VALUES(13,128, 0.000000);

-- ===========PRODUCTO [129]
INSERT INTO PRODUCTO(ID,MARCA_ID,LINEA_ID,NOMBRE,PRESENTACION,CONTENIDO,UNIDADES_POR_CAJA,COSTO,COSTO_VENTA,PRECIO_BASE,UNIDAD_MEDIDA,CODIGO_BARRAS,ABREBIATURA) VALUES(129,22,13,'Loreal Decontract Arrugas','Dia FPS 15',50.0,6.0,0.000000,0.000000,0.000000,'ML','7506078926516','Dcontra Dia FPS 15 50g');

INSERT INTO MOVIMIENTO_HISTORICO_PRODUCTO (ALMACEN_ID,PRODUCTO_ID,FECHA,TIPO_MOVIMIENTO_ID,CANTIDAD,COSTO,PRECIO,USUARIO_ID) VALUES(1,129,now(),30,3,0.000000,0.000000,'root');
INSERT INTO ALMACEN_PRODUCTO(ALMACEN_ID,PRODUCTO_ID,CANTIDAD_ACTUAL,PRECIO_VENTA) VALUES (1,129,3,0.000000);

INSERT INTO ALMACEN_PRODUCTO(ALMACEN_ID,PRODUCTO_ID,CANTIDAD_ACTUAL,PRECIO_VENTA) VALUES (2,129,0,0.000000);

INSERT INTO ALMACEN_PRODUCTO(ALMACEN_ID,PRODUCTO_ID,CANTIDAD_ACTUAL,PRECIO_VENTA) VALUES (3,129,3,0.000000);

INSERT INTO ALMACEN_PRODUCTO(ALMACEN_ID,PRODUCTO_ID,CANTIDAD_ACTUAL,PRECIO_VENTA) VALUES (4,129,0,0.000000);

INSERT INTO PROVEEDOR_PRODUCTO(PROVEEDOR_ID,PRODUCTO_ID,PRECIO_COMPRA) VALUES(13,129, 0.000000);

-- ===========PRODUCTO [130]
INSERT INTO PRODUCTO(ID,MARCA_ID,LINEA_ID,NOMBRE,PRESENTACION,CONTENIDO,UNIDADES_POR_CAJA,COSTO,COSTO_VENTA,PRECIO_BASE,UNIDAD_MEDIDA,CODIGO_BARRAS,ABREBIATURA) VALUES(130,28,13,'Garnier UltraLift','Noche',50.0,6.0,0.000000,0.000000,0.000000,'ML','7501839195392','Garn Ultra Lift Noch 50');

INSERT INTO MOVIMIENTO_HISTORICO_PRODUCTO (ALMACEN_ID,PRODUCTO_ID,FECHA,TIPO_MOVIMIENTO_ID,CANTIDAD,COSTO,PRECIO,USUARIO_ID) VALUES(1,130,now(),30,3,0.000000,0.000000,'root');
INSERT INTO ALMACEN_PRODUCTO(ALMACEN_ID,PRODUCTO_ID,CANTIDAD_ACTUAL,PRECIO_VENTA) VALUES (1,130,3,0.000000);

INSERT INTO ALMACEN_PRODUCTO(ALMACEN_ID,PRODUCTO_ID,CANTIDAD_ACTUAL,PRECIO_VENTA) VALUES (2,130,0,0.000000);

INSERT INTO ALMACEN_PRODUCTO(ALMACEN_ID,PRODUCTO_ID,CANTIDAD_ACTUAL,PRECIO_VENTA) VALUES (3,130,3,0.000000);

INSERT INTO ALMACEN_PRODUCTO(ALMACEN_ID,PRODUCTO_ID,CANTIDAD_ACTUAL,PRECIO_VENTA) VALUES (4,130,0,0.000000);

INSERT INTO PROVEEDOR_PRODUCTO(PROVEEDOR_ID,PRODUCTO_ID,PRECIO_COMPRA) VALUES(13,130, 0.000000);

-- ===========PRODUCTO [131]
INSERT INTO PRODUCTO(ID,MARCA_ID,LINEA_ID,NOMBRE,PRESENTACION,CONTENIDO,UNIDADES_POR_CAJA,COSTO,COSTO_VENTA,PRECIO_BASE,UNIDAD_MEDIDA,CODIGO_BARRAS,ABREBIATURA) VALUES(131,28,13,'Garnier Clarify','Dia',50.0,6.0,0.000000,0.000000,0.000000,'ML','7501839195590','Garn Clarify Dia 50g');

INSERT INTO MOVIMIENTO_HISTORICO_PRODUCTO (ALMACEN_ID,PRODUCTO_ID,FECHA,TIPO_MOVIMIENTO_ID,CANTIDAD,COSTO,PRECIO,USUARIO_ID) VALUES(1,131,now(),30,3,0.000000,0.000000,'root');
INSERT INTO ALMACEN_PRODUCTO(ALMACEN_ID,PRODUCTO_ID,CANTIDAD_ACTUAL,PRECIO_VENTA) VALUES (1,131,3,0.000000);

INSERT INTO ALMACEN_PRODUCTO(ALMACEN_ID,PRODUCTO_ID,CANTIDAD_ACTUAL,PRECIO_VENTA) VALUES (2,131,0,0.000000);

INSERT INTO ALMACEN_PRODUCTO(ALMACEN_ID,PRODUCTO_ID,CANTIDAD_ACTUAL,PRECIO_VENTA) VALUES (3,131,3,0.000000);

INSERT INTO ALMACEN_PRODUCTO(ALMACEN_ID,PRODUCTO_ID,CANTIDAD_ACTUAL,PRECIO_VENTA) VALUES (4,131,0,0.000000);

INSERT INTO PROVEEDOR_PRODUCTO(PROVEEDOR_ID,PRODUCTO_ID,PRECIO_COMPRA) VALUES(13,131, 0.000000);

-- ===========PRODUCTO [132]
INSERT INTO PRODUCTO(ID,MARCA_ID,LINEA_ID,NOMBRE,PRESENTACION,CONTENIDO,UNIDADES_POR_CAJA,COSTO,COSTO_VENTA,PRECIO_BASE,UNIDAD_MEDIDA,CODIGO_BARRAS,ABREBIATURA) VALUES(132,22,13,'Loreal HydraFresh','Mixta a Grasa',50.0,6.0,0.000000,0.000000,0.000000,'ML','7501027220622','Hyd Frsh Mix Crem 50g');

INSERT INTO MOVIMIENTO_HISTORICO_PRODUCTO (ALMACEN_ID,PRODUCTO_ID,FECHA,TIPO_MOVIMIENTO_ID,CANTIDAD,COSTO,PRECIO,USUARIO_ID) VALUES(1,132,now(),30,3,0.000000,0.000000,'root');
INSERT INTO ALMACEN_PRODUCTO(ALMACEN_ID,PRODUCTO_ID,CANTIDAD_ACTUAL,PRECIO_VENTA) VALUES (1,132,3,0.000000);

INSERT INTO ALMACEN_PRODUCTO(ALMACEN_ID,PRODUCTO_ID,CANTIDAD_ACTUAL,PRECIO_VENTA) VALUES (2,132,0,0.000000);

INSERT INTO ALMACEN_PRODUCTO(ALMACEN_ID,PRODUCTO_ID,CANTIDAD_ACTUAL,PRECIO_VENTA) VALUES (3,132,3,0.000000);

INSERT INTO ALMACEN_PRODUCTO(ALMACEN_ID,PRODUCTO_ID,CANTIDAD_ACTUAL,PRECIO_VENTA) VALUES (4,132,0,0.000000);

INSERT INTO PROVEEDOR_PRODUCTO(PROVEEDOR_ID,PRODUCTO_ID,PRECIO_COMPRA) VALUES(13,132, 0.000000);

-- ===========PRODUCTO [133]
INSERT INTO PRODUCTO(ID,MARCA_ID,LINEA_ID,NOMBRE,PRESENTACION,CONTENIDO,UNIDADES_POR_CAJA,COSTO,COSTO_VENTA,PRECIO_BASE,UNIDAD_MEDIDA,CODIGO_BARRAS,ABREBIATURA) VALUES(133,28,13,'Garnier UltraLift','Dia',50.0,6.0,0.000000,0.000000,0.000000,'ML','7501839195385','Garn Ultra Lift Dia 50');

INSERT INTO MOVIMIENTO_HISTORICO_PRODUCTO (ALMACEN_ID,PRODUCTO_ID,FECHA,TIPO_MOVIMIENTO_ID,CANTIDAD,COSTO,PRECIO,USUARIO_ID) VALUES(1,133,now(),30,1,0.000000,0.000000,'root');
INSERT INTO ALMACEN_PRODUCTO(ALMACEN_ID,PRODUCTO_ID,CANTIDAD_ACTUAL,PRECIO_VENTA) VALUES (1,133,1,0.000000);

INSERT INTO ALMACEN_PRODUCTO(ALMACEN_ID,PRODUCTO_ID,CANTIDAD_ACTUAL,PRECIO_VENTA) VALUES (2,133,0,0.000000);

INSERT INTO ALMACEN_PRODUCTO(ALMACEN_ID,PRODUCTO_ID,CANTIDAD_ACTUAL,PRECIO_VENTA) VALUES (3,133,1,0.000000);

INSERT INTO ALMACEN_PRODUCTO(ALMACEN_ID,PRODUCTO_ID,CANTIDAD_ACTUAL,PRECIO_VENTA) VALUES (4,133,0,0.000000);

INSERT INTO PROVEEDOR_PRODUCTO(PROVEEDOR_ID,PRODUCTO_ID,PRECIO_COMPRA) VALUES(13,133, 0.000000);

-- ===========PRODUCTO [134]
INSERT INTO PRODUCTO(ID,MARCA_ID,LINEA_ID,NOMBRE,PRESENTACION,CONTENIDO,UNIDADES_POR_CAJA,COSTO,COSTO_VENTA,PRECIO_BASE,UNIDAD_MEDIDA,CODIGO_BARRAS,ABREBIATURA) VALUES(134,22,13,'Loreal White Perfect','Noche',50.0,6.0,0.000000,0.000000,0.000000,'ML','7506078920231','White Perf Noch 50ml');

INSERT INTO MOVIMIENTO_HISTORICO_PRODUCTO (ALMACEN_ID,PRODUCTO_ID,FECHA,TIPO_MOVIMIENTO_ID,CANTIDAD,COSTO,PRECIO,USUARIO_ID) VALUES(1,134,now(),30,1,0.000000,0.000000,'root');
INSERT INTO ALMACEN_PRODUCTO(ALMACEN_ID,PRODUCTO_ID,CANTIDAD_ACTUAL,PRECIO_VENTA) VALUES (1,134,1,0.000000);

INSERT INTO ALMACEN_PRODUCTO(ALMACEN_ID,PRODUCTO_ID,CANTIDAD_ACTUAL,PRECIO_VENTA) VALUES (2,134,0,0.000000);

INSERT INTO ALMACEN_PRODUCTO(ALMACEN_ID,PRODUCTO_ID,CANTIDAD_ACTUAL,PRECIO_VENTA) VALUES (3,134,1,0.000000);

INSERT INTO ALMACEN_PRODUCTO(ALMACEN_ID,PRODUCTO_ID,CANTIDAD_ACTUAL,PRECIO_VENTA) VALUES (4,134,0,0.000000);

INSERT INTO PROVEEDOR_PRODUCTO(PROVEEDOR_ID,PRODUCTO_ID,PRECIO_COMPRA) VALUES(13,134, 0.000000);

-- ===========PRODUCTO [135]
INSERT INTO PRODUCTO(ID,MARCA_ID,LINEA_ID,NOMBRE,PRESENTACION,CONTENIDO,UNIDADES_POR_CAJA,COSTO,COSTO_VENTA,PRECIO_BASE,UNIDAD_MEDIDA,CODIGO_BARRAS,ABREBIATURA) VALUES(135,22,13,'Loreal Decontract Arrugas','Dia',50.0,6.0,0.000000,0.000000,0.000000,'ML','7501027209290','Dcontrac Arrug dia 50g');

INSERT INTO MOVIMIENTO_HISTORICO_PRODUCTO (ALMACEN_ID,PRODUCTO_ID,FECHA,TIPO_MOVIMIENTO_ID,CANTIDAD,COSTO,PRECIO,USUARIO_ID) VALUES(1,135,now(),30,2,0.000000,0.000000,'root');
INSERT INTO ALMACEN_PRODUCTO(ALMACEN_ID,PRODUCTO_ID,CANTIDAD_ACTUAL,PRECIO_VENTA) VALUES (1,135,2,0.000000);

INSERT INTO ALMACEN_PRODUCTO(ALMACEN_ID,PRODUCTO_ID,CANTIDAD_ACTUAL,PRECIO_VENTA) VALUES (2,135,0,0.000000);

INSERT INTO ALMACEN_PRODUCTO(ALMACEN_ID,PRODUCTO_ID,CANTIDAD_ACTUAL,PRECIO_VENTA) VALUES (3,135,2,0.000000);

INSERT INTO ALMACEN_PRODUCTO(ALMACEN_ID,PRODUCTO_ID,CANTIDAD_ACTUAL,PRECIO_VENTA) VALUES (4,135,0,0.000000);

INSERT INTO PROVEEDOR_PRODUCTO(PROVEEDOR_ID,PRODUCTO_ID,PRECIO_COMPRA) VALUES(13,135, 0.000000);

-- ===========PRODUCTO [136]
INSERT INTO PRODUCTO(ID,MARCA_ID,LINEA_ID,NOMBRE,PRESENTACION,CONTENIDO,UNIDADES_POR_CAJA,COSTO,COSTO_VENTA,PRECIO_BASE,UNIDAD_MEDIDA,CODIGO_BARRAS,ABREBIATURA) VALUES(136,22,13,'Loreal Desmaquillante','Hydra Confort',200.0,6.0,0.000000,0.000000,0.000000,'ML','7501027246981','Lore Desm Hyd Conf 200');

INSERT INTO MOVIMIENTO_HISTORICO_PRODUCTO (ALMACEN_ID,PRODUCTO_ID,FECHA,TIPO_MOVIMIENTO_ID,CANTIDAD,COSTO,PRECIO,USUARIO_ID) VALUES(1,136,now(),30,6,0.000000,0.000000,'root');
INSERT INTO ALMACEN_PRODUCTO(ALMACEN_ID,PRODUCTO_ID,CANTIDAD_ACTUAL,PRECIO_VENTA) VALUES (1,136,6,0.000000);

INSERT INTO ALMACEN_PRODUCTO(ALMACEN_ID,PRODUCTO_ID,CANTIDAD_ACTUAL,PRECIO_VENTA) VALUES (2,136,0,0.000000);

INSERT INTO ALMACEN_PRODUCTO(ALMACEN_ID,PRODUCTO_ID,CANTIDAD_ACTUAL,PRECIO_VENTA) VALUES (3,136,6,0.000000);

INSERT INTO ALMACEN_PRODUCTO(ALMACEN_ID,PRODUCTO_ID,CANTIDAD_ACTUAL,PRECIO_VENTA) VALUES (4,136,0,0.000000);

INSERT INTO PROVEEDOR_PRODUCTO(PROVEEDOR_ID,PRODUCTO_ID,PRECIO_COMPRA) VALUES(13,136, 0.000000);

-- ===========PRODUCTO [137]
INSERT INTO PRODUCTO(ID,MARCA_ID,LINEA_ID,NOMBRE,PRESENTACION,CONTENIDO,UNIDADES_POR_CAJA,COSTO,COSTO_VENTA,PRECIO_BASE,UNIDAD_MEDIDA,CODIGO_BARRAS,ABREBIATURA) VALUES(137,22,13,'Loreal Desmaquillante','Balance Ideal',200.0,6.0,0.000000,0.000000,0.000000,'ML','7501027246967','Lore Desm Bal Ide 200');

INSERT INTO MOVIMIENTO_HISTORICO_PRODUCTO (ALMACEN_ID,PRODUCTO_ID,FECHA,TIPO_MOVIMIENTO_ID,CANTIDAD,COSTO,PRECIO,USUARIO_ID) VALUES(1,137,now(),30,6,0.000000,0.000000,'root');
INSERT INTO ALMACEN_PRODUCTO(ALMACEN_ID,PRODUCTO_ID,CANTIDAD_ACTUAL,PRECIO_VENTA) VALUES (1,137,6,0.000000);

INSERT INTO ALMACEN_PRODUCTO(ALMACEN_ID,PRODUCTO_ID,CANTIDAD_ACTUAL,PRECIO_VENTA) VALUES (2,137,0,0.000000);

INSERT INTO ALMACEN_PRODUCTO(ALMACEN_ID,PRODUCTO_ID,CANTIDAD_ACTUAL,PRECIO_VENTA) VALUES (3,137,6,0.000000);

INSERT INTO ALMACEN_PRODUCTO(ALMACEN_ID,PRODUCTO_ID,CANTIDAD_ACTUAL,PRECIO_VENTA) VALUES (4,137,0,0.000000);

INSERT INTO PROVEEDOR_PRODUCTO(PROVEEDOR_ID,PRODUCTO_ID,PRECIO_COMPRA) VALUES(13,137, 0.000000);

-- ===========PRODUCTO [138]
INSERT INTO PRODUCTO(ID,MARCA_ID,LINEA_ID,NOMBRE,PRESENTACION,CONTENIDO,UNIDADES_POR_CAJA,COSTO,COSTO_VENTA,PRECIO_BASE,UNIDAD_MEDIDA,CODIGO_BARRAS,ABREBIATURA) VALUES(138,22,13,'Loreal Desmaquillante','Rostro y Ojos',125.0,6.0,0.000000,0.000000,0.000000,'ML','7506078977990','Lore Desm Rostro 125');

INSERT INTO MOVIMIENTO_HISTORICO_PRODUCTO (ALMACEN_ID,PRODUCTO_ID,FECHA,TIPO_MOVIMIENTO_ID,CANTIDAD,COSTO,PRECIO,USUARIO_ID) VALUES(1,138,now(),30,2,0.000000,0.000000,'root');
INSERT INTO ALMACEN_PRODUCTO(ALMACEN_ID,PRODUCTO_ID,CANTIDAD_ACTUAL,PRECIO_VENTA) VALUES (1,138,2,0.000000);

INSERT INTO ALMACEN_PRODUCTO(ALMACEN_ID,PRODUCTO_ID,CANTIDAD_ACTUAL,PRECIO_VENTA) VALUES (2,138,0,0.000000);

INSERT INTO ALMACEN_PRODUCTO(ALMACEN_ID,PRODUCTO_ID,CANTIDAD_ACTUAL,PRECIO_VENTA) VALUES (3,138,2,0.000000);

INSERT INTO ALMACEN_PRODUCTO(ALMACEN_ID,PRODUCTO_ID,CANTIDAD_ACTUAL,PRECIO_VENTA) VALUES (4,138,0,0.000000);

INSERT INTO PROVEEDOR_PRODUCTO(PROVEEDOR_ID,PRODUCTO_ID,PRECIO_COMPRA) VALUES(13,138, 0.000000);

-- ===========PRODUCTO [139]
INSERT INTO PRODUCTO(ID,MARCA_ID,LINEA_ID,NOMBRE,PRESENTACION,CONTENIDO,UNIDADES_POR_CAJA,COSTO,COSTO_VENTA,PRECIO_BASE,UNIDAD_MEDIDA,CODIGO_BARRAS,ABREBIATURA) VALUES(139,22,13,'Loreal Desmaquillante','Balance Ideal',125.0,6.0,0.000000,0.000000,0.000000,'ML','7506078977976','Lore Desm Bal Ide 125');

INSERT INTO MOVIMIENTO_HISTORICO_PRODUCTO (ALMACEN_ID,PRODUCTO_ID,FECHA,TIPO_MOVIMIENTO_ID,CANTIDAD,COSTO,PRECIO,USUARIO_ID) VALUES(1,139,now(),30,3,0.000000,0.000000,'root');
INSERT INTO ALMACEN_PRODUCTO(ALMACEN_ID,PRODUCTO_ID,CANTIDAD_ACTUAL,PRECIO_VENTA) VALUES (1,139,3,0.000000);

INSERT INTO ALMACEN_PRODUCTO(ALMACEN_ID,PRODUCTO_ID,CANTIDAD_ACTUAL,PRECIO_VENTA) VALUES (2,139,0,0.000000);

INSERT INTO ALMACEN_PRODUCTO(ALMACEN_ID,PRODUCTO_ID,CANTIDAD_ACTUAL,PRECIO_VENTA) VALUES (3,139,3,0.000000);

INSERT INTO ALMACEN_PRODUCTO(ALMACEN_ID,PRODUCTO_ID,CANTIDAD_ACTUAL,PRECIO_VENTA) VALUES (4,139,0,0.000000);

INSERT INTO PROVEEDOR_PRODUCTO(PROVEEDOR_ID,PRODUCTO_ID,PRECIO_COMPRA) VALUES(13,139, 0.000000);

-- ===========PRODUCTO [140]
INSERT INTO PRODUCTO(ID,MARCA_ID,LINEA_ID,NOMBRE,PRESENTACION,CONTENIDO,UNIDADES_POR_CAJA,COSTO,COSTO_VENTA,PRECIO_BASE,UNIDAD_MEDIDA,CODIGO_BARRAS,ABREBIATURA) VALUES(140,29,10,'Skin Milk Crema Liquida','Manos Hidratantes',250.0,12.0,0.000000,0.000000,0.000000,'ML','7502221182044','Sk Milk Crem Mans 250');

INSERT INTO MOVIMIENTO_HISTORICO_PRODUCTO (ALMACEN_ID,PRODUCTO_ID,FECHA,TIPO_MOVIMIENTO_ID,CANTIDAD,COSTO,PRECIO,USUARIO_ID) VALUES(1,140,now(),30,5,0.000000,0.000000,'root');
INSERT INTO ALMACEN_PRODUCTO(ALMACEN_ID,PRODUCTO_ID,CANTIDAD_ACTUAL,PRECIO_VENTA) VALUES (1,140,5,0.000000);

INSERT INTO ALMACEN_PRODUCTO(ALMACEN_ID,PRODUCTO_ID,CANTIDAD_ACTUAL,PRECIO_VENTA) VALUES (2,140,1,6.000000);

INSERT INTO ALMACEN_PRODUCTO(ALMACEN_ID,PRODUCTO_ID,CANTIDAD_ACTUAL,PRECIO_VENTA) VALUES (3,140,5,0.000000);

INSERT INTO ALMACEN_PRODUCTO(ALMACEN_ID,PRODUCTO_ID,CANTIDAD_ACTUAL,PRECIO_VENTA) VALUES (4,140,1,6.000000);

INSERT INTO PROVEEDOR_PRODUCTO(PROVEEDOR_ID,PRODUCTO_ID,PRECIO_COMPRA) VALUES(18,140, 0.000000);

-- ===========PRODUCTO [141]
INSERT INTO PRODUCTO(ID,MARCA_ID,LINEA_ID,NOMBRE,PRESENTACION,CONTENIDO,UNIDADES_POR_CAJA,COSTO,COSTO_VENTA,PRECIO_BASE,UNIDAD_MEDIDA,CODIGO_BARRAS,ABREBIATURA) VALUES(141,29,10,'Skin Milk Crema Liquida','Corporal Hidratante',250.0,12.0,0.000000,0.000000,0.000000,'ML','7502221182051','Sk Milk Crem Hidrat 250');

INSERT INTO MOVIMIENTO_HISTORICO_PRODUCTO (ALMACEN_ID,PRODUCTO_ID,FECHA,TIPO_MOVIMIENTO_ID,CANTIDAD,COSTO,PRECIO,USUARIO_ID) VALUES(1,141,now(),30,5,0.000000,0.000000,'root');
INSERT INTO ALMACEN_PRODUCTO(ALMACEN_ID,PRODUCTO_ID,CANTIDAD_ACTUAL,PRECIO_VENTA) VALUES (1,141,5,0.000000);

INSERT INTO ALMACEN_PRODUCTO(ALMACEN_ID,PRODUCTO_ID,CANTIDAD_ACTUAL,PRECIO_VENTA) VALUES (2,141,0,0.000000);

INSERT INTO ALMACEN_PRODUCTO(ALMACEN_ID,PRODUCTO_ID,CANTIDAD_ACTUAL,PRECIO_VENTA) VALUES (3,141,5,0.000000);

INSERT INTO ALMACEN_PRODUCTO(ALMACEN_ID,PRODUCTO_ID,CANTIDAD_ACTUAL,PRECIO_VENTA) VALUES (4,141,0,0.000000);

INSERT INTO PROVEEDOR_PRODUCTO(PROVEEDOR_ID,PRODUCTO_ID,PRECIO_COMPRA) VALUES(18,141, 0.000000);

-- ===========PRODUCTO [142]
INSERT INTO PRODUCTO(ID,MARCA_ID,LINEA_ID,NOMBRE,PRESENTACION,CONTENIDO,UNIDADES_POR_CAJA,COSTO,COSTO_VENTA,PRECIO_BASE,UNIDAD_MEDIDA,CODIGO_BARRAS,ABREBIATURA) VALUES(142,22,13,'Loreal White Perfect','Protector FPS 50 Tono Piel',30.0,6.0,0.000000,0.000000,0.000000,'ML','7506078940543','W Perf 50 Piel 30ml');

INSERT INTO MOVIMIENTO_HISTORICO_PRODUCTO (ALMACEN_ID,PRODUCTO_ID,FECHA,TIPO_MOVIMIENTO_ID,CANTIDAD,COSTO,PRECIO,USUARIO_ID) VALUES(1,142,now(),30,3,0.000000,0.000000,'root');
INSERT INTO ALMACEN_PRODUCTO(ALMACEN_ID,PRODUCTO_ID,CANTIDAD_ACTUAL,PRECIO_VENTA) VALUES (1,142,3,0.000000);

INSERT INTO ALMACEN_PRODUCTO(ALMACEN_ID,PRODUCTO_ID,CANTIDAD_ACTUAL,PRECIO_VENTA) VALUES (2,142,0,0.000000);

INSERT INTO ALMACEN_PRODUCTO(ALMACEN_ID,PRODUCTO_ID,CANTIDAD_ACTUAL,PRECIO_VENTA) VALUES (3,142,3,0.000000);

INSERT INTO ALMACEN_PRODUCTO(ALMACEN_ID,PRODUCTO_ID,CANTIDAD_ACTUAL,PRECIO_VENTA) VALUES (4,142,0,0.000000);

INSERT INTO PROVEEDOR_PRODUCTO(PROVEEDOR_ID,PRODUCTO_ID,PRECIO_COMPRA) VALUES(13,142, 0.000000);

-- ===========PRODUCTO [143]
INSERT INTO PRODUCTO(ID,MARCA_ID,LINEA_ID,NOMBRE,PRESENTACION,CONTENIDO,UNIDADES_POR_CAJA,COSTO,COSTO_VENTA,PRECIO_BASE,UNIDAD_MEDIDA,CODIGO_BARRAS,ABREBIATURA) VALUES(143,22,13,'Loreal White Perfect','Protector FPS 50 Tono Morado',30.0,6.0,0.000000,0.000000,0.000000,'ML','7506078940536','W perf 50 Morad 30ml');

INSERT INTO MOVIMIENTO_HISTORICO_PRODUCTO (ALMACEN_ID,PRODUCTO_ID,FECHA,TIPO_MOVIMIENTO_ID,CANTIDAD,COSTO,PRECIO,USUARIO_ID) VALUES(1,143,now(),30,3,0.000000,0.000000,'root');
INSERT INTO ALMACEN_PRODUCTO(ALMACEN_ID,PRODUCTO_ID,CANTIDAD_ACTUAL,PRECIO_VENTA) VALUES (1,143,3,0.000000);

INSERT INTO ALMACEN_PRODUCTO(ALMACEN_ID,PRODUCTO_ID,CANTIDAD_ACTUAL,PRECIO_VENTA) VALUES (2,143,0,0.000000);

INSERT INTO ALMACEN_PRODUCTO(ALMACEN_ID,PRODUCTO_ID,CANTIDAD_ACTUAL,PRECIO_VENTA) VALUES (3,143,3,0.000000);

INSERT INTO ALMACEN_PRODUCTO(ALMACEN_ID,PRODUCTO_ID,CANTIDAD_ACTUAL,PRECIO_VENTA) VALUES (4,143,0,0.000000);

INSERT INTO PROVEEDOR_PRODUCTO(PROVEEDOR_ID,PRODUCTO_ID,PRECIO_COMPRA) VALUES(13,143, 0.000000);

-- ===========PRODUCTO [144]
INSERT INTO PRODUCTO(ID,MARCA_ID,LINEA_ID,NOMBRE,PRESENTACION,CONTENIDO,UNIDADES_POR_CAJA,COSTO,COSTO_VENTA,PRECIO_BASE,UNIDAD_MEDIDA,CODIGO_BARRAS,ABREBIATURA) VALUES(144,22,13,'Loreal Collagen Recharge','Ojos',15.0,12.0,0.000000,0.000000,0.000000,'G','7506078934856','Collag Recharg Ojos 15');

INSERT INTO MOVIMIENTO_HISTORICO_PRODUCTO (ALMACEN_ID,PRODUCTO_ID,FECHA,TIPO_MOVIMIENTO_ID,CANTIDAD,COSTO,PRECIO,USUARIO_ID) VALUES(1,144,now(),30,1,0.000000,0.000000,'root');
INSERT INTO ALMACEN_PRODUCTO(ALMACEN_ID,PRODUCTO_ID,CANTIDAD_ACTUAL,PRECIO_VENTA) VALUES (1,144,1,0.000000);

INSERT INTO ALMACEN_PRODUCTO(ALMACEN_ID,PRODUCTO_ID,CANTIDAD_ACTUAL,PRECIO_VENTA) VALUES (2,144,0,0.000000);

INSERT INTO ALMACEN_PRODUCTO(ALMACEN_ID,PRODUCTO_ID,CANTIDAD_ACTUAL,PRECIO_VENTA) VALUES (3,144,1,0.000000);

INSERT INTO ALMACEN_PRODUCTO(ALMACEN_ID,PRODUCTO_ID,CANTIDAD_ACTUAL,PRECIO_VENTA) VALUES (4,144,0,0.000000);

INSERT INTO PROVEEDOR_PRODUCTO(PROVEEDOR_ID,PRODUCTO_ID,PRECIO_COMPRA) VALUES(13,144, 0.000000);

-- ===========PRODUCTO [145]
INSERT INTO PRODUCTO(ID,MARCA_ID,LINEA_ID,NOMBRE,PRESENTACION,CONTENIDO,UNIDADES_POR_CAJA,COSTO,COSTO_VENTA,PRECIO_BASE,UNIDAD_MEDIDA,CODIGO_BARRAS,ABREBIATURA) VALUES(145,22,13,'Loreal Derma Genesis','Ojos',15.0,6.0,0.000000,0.000000,0.000000,'ML','3600521239636','Derm Genesis Ojos 15');

INSERT INTO MOVIMIENTO_HISTORICO_PRODUCTO (ALMACEN_ID,PRODUCTO_ID,FECHA,TIPO_MOVIMIENTO_ID,CANTIDAD,COSTO,PRECIO,USUARIO_ID) VALUES(1,145,now(),30,1,0.000000,0.000000,'root');
INSERT INTO ALMACEN_PRODUCTO(ALMACEN_ID,PRODUCTO_ID,CANTIDAD_ACTUAL,PRECIO_VENTA) VALUES (1,145,1,0.000000);

INSERT INTO ALMACEN_PRODUCTO(ALMACEN_ID,PRODUCTO_ID,CANTIDAD_ACTUAL,PRECIO_VENTA) VALUES (2,145,0,0.000000);

INSERT INTO ALMACEN_PRODUCTO(ALMACEN_ID,PRODUCTO_ID,CANTIDAD_ACTUAL,PRECIO_VENTA) VALUES (3,145,1,0.000000);

INSERT INTO ALMACEN_PRODUCTO(ALMACEN_ID,PRODUCTO_ID,CANTIDAD_ACTUAL,PRECIO_VENTA) VALUES (4,145,0,0.000000);

INSERT INTO PROVEEDOR_PRODUCTO(PROVEEDOR_ID,PRODUCTO_ID,PRECIO_COMPRA) VALUES(13,145, 0.000000);

-- ===========PRODUCTO [146]
INSERT INTO PRODUCTO(ID,MARCA_ID,LINEA_ID,NOMBRE,PRESENTACION,CONTENIDO,UNIDADES_POR_CAJA,COSTO,COSTO_VENTA,PRECIO_BASE,UNIDAD_MEDIDA,CODIGO_BARRAS,ABREBIATURA) VALUES(146,22,13,'Loreal White Perfect','Espuma Facial Aclarante',100.0,6.0,0.000000,0.000000,0.000000,'ML','7506078920224','W perf Esp Aclar 100ml');

INSERT INTO MOVIMIENTO_HISTORICO_PRODUCTO (ALMACEN_ID,PRODUCTO_ID,FECHA,TIPO_MOVIMIENTO_ID,CANTIDAD,COSTO,PRECIO,USUARIO_ID) VALUES(1,146,now(),30,1,0.000000,0.000000,'root');
INSERT INTO ALMACEN_PRODUCTO(ALMACEN_ID,PRODUCTO_ID,CANTIDAD_ACTUAL,PRECIO_VENTA) VALUES (1,146,1,0.000000);

INSERT INTO ALMACEN_PRODUCTO(ALMACEN_ID,PRODUCTO_ID,CANTIDAD_ACTUAL,PRECIO_VENTA) VALUES (2,146,0,0.000000);

INSERT INTO ALMACEN_PRODUCTO(ALMACEN_ID,PRODUCTO_ID,CANTIDAD_ACTUAL,PRECIO_VENTA) VALUES (3,146,1,0.000000);

INSERT INTO ALMACEN_PRODUCTO(ALMACEN_ID,PRODUCTO_ID,CANTIDAD_ACTUAL,PRECIO_VENTA) VALUES (4,146,0,0.000000);

INSERT INTO PROVEEDOR_PRODUCTO(PROVEEDOR_ID,PRODUCTO_ID,PRECIO_COMPRA) VALUES(13,146, 0.000000);

-- ===========PRODUCTO [147]
INSERT INTO PRODUCTO(ID,MARCA_ID,LINEA_ID,NOMBRE,PRESENTACION,CONTENIDO,UNIDADES_POR_CAJA,COSTO,COSTO_VENTA,PRECIO_BASE,UNIDAD_MEDIDA,CODIGO_BARRAS,ABREBIATURA) VALUES(147,22,13,'Loreal White Perfect','Locion Facial',200.0,6.0,0.000000,0.000000,0.000000,'ML','7506078920217','Lorea Loc W Perf 200ml');

INSERT INTO MOVIMIENTO_HISTORICO_PRODUCTO (ALMACEN_ID,PRODUCTO_ID,FECHA,TIPO_MOVIMIENTO_ID,CANTIDAD,COSTO,PRECIO,USUARIO_ID) VALUES(1,147,now(),30,3,0.000000,0.000000,'root');
INSERT INTO ALMACEN_PRODUCTO(ALMACEN_ID,PRODUCTO_ID,CANTIDAD_ACTUAL,PRECIO_VENTA) VALUES (1,147,3,0.000000);

INSERT INTO ALMACEN_PRODUCTO(ALMACEN_ID,PRODUCTO_ID,CANTIDAD_ACTUAL,PRECIO_VENTA) VALUES (2,147,0,0.000000);

INSERT INTO ALMACEN_PRODUCTO(ALMACEN_ID,PRODUCTO_ID,CANTIDAD_ACTUAL,PRECIO_VENTA) VALUES (3,147,3,0.000000);

INSERT INTO ALMACEN_PRODUCTO(ALMACEN_ID,PRODUCTO_ID,CANTIDAD_ACTUAL,PRECIO_VENTA) VALUES (4,147,0,0.000000);

INSERT INTO PROVEEDOR_PRODUCTO(PROVEEDOR_ID,PRODUCTO_ID,PRECIO_COMPRA) VALUES(13,147, 0.000000);

-- ===========PRODUCTO [148]
INSERT INTO PRODUCTO(ID,MARCA_ID,LINEA_ID,NOMBRE,PRESENTACION,CONTENIDO,UNIDADES_POR_CAJA,COSTO,COSTO_VENTA,PRECIO_BASE,UNIDAD_MEDIDA,CODIGO_BARRAS,ABREBIATURA) VALUES(148,22,13,'Loreal Age Perfect','Ojos',15.0,6.0,0.000000,0.000000,0.000000,'G','7506078931879','Age Perf Ojos 15g');

INSERT INTO MOVIMIENTO_HISTORICO_PRODUCTO (ALMACEN_ID,PRODUCTO_ID,FECHA,TIPO_MOVIMIENTO_ID,CANTIDAD,COSTO,PRECIO,USUARIO_ID) VALUES(1,148,now(),30,3,0.000000,0.000000,'root');
INSERT INTO ALMACEN_PRODUCTO(ALMACEN_ID,PRODUCTO_ID,CANTIDAD_ACTUAL,PRECIO_VENTA) VALUES (1,148,3,0.000000);

INSERT INTO ALMACEN_PRODUCTO(ALMACEN_ID,PRODUCTO_ID,CANTIDAD_ACTUAL,PRECIO_VENTA) VALUES (2,148,0,0.000000);

INSERT INTO ALMACEN_PRODUCTO(ALMACEN_ID,PRODUCTO_ID,CANTIDAD_ACTUAL,PRECIO_VENTA) VALUES (3,148,3,0.000000);

INSERT INTO ALMACEN_PRODUCTO(ALMACEN_ID,PRODUCTO_ID,CANTIDAD_ACTUAL,PRECIO_VENTA) VALUES (4,148,0,0.000000);

INSERT INTO PROVEEDOR_PRODUCTO(PROVEEDOR_ID,PRODUCTO_ID,PRECIO_COMPRA) VALUES(13,148, 0.000000);

-- ===========PRODUCTO [149]
INSERT INTO PRODUCTO(ID,MARCA_ID,LINEA_ID,NOMBRE,PRESENTACION,CONTENIDO,UNIDADES_POR_CAJA,COSTO,COSTO_VENTA,PRECIO_BASE,UNIDAD_MEDIDA,CODIGO_BARRAS,ABREBIATURA) VALUES(149,22,13,'Loreal Decontract Arrugas','Concentrado',30.0,6.0,0.000000,0.000000,0.000000,'ML','7501027215055','Dcont Arrug Concent 30');

INSERT INTO MOVIMIENTO_HISTORICO_PRODUCTO (ALMACEN_ID,PRODUCTO_ID,FECHA,TIPO_MOVIMIENTO_ID,CANTIDAD,COSTO,PRECIO,USUARIO_ID) VALUES(1,149,now(),30,3,0.000000,0.000000,'root');
INSERT INTO ALMACEN_PRODUCTO(ALMACEN_ID,PRODUCTO_ID,CANTIDAD_ACTUAL,PRECIO_VENTA) VALUES (1,149,3,0.000000);

INSERT INTO ALMACEN_PRODUCTO(ALMACEN_ID,PRODUCTO_ID,CANTIDAD_ACTUAL,PRECIO_VENTA) VALUES (2,149,0,0.000000);

INSERT INTO ALMACEN_PRODUCTO(ALMACEN_ID,PRODUCTO_ID,CANTIDAD_ACTUAL,PRECIO_VENTA) VALUES (3,149,3,0.000000);

INSERT INTO ALMACEN_PRODUCTO(ALMACEN_ID,PRODUCTO_ID,CANTIDAD_ACTUAL,PRECIO_VENTA) VALUES (4,149,0,0.000000);

INSERT INTO PROVEEDOR_PRODUCTO(PROVEEDOR_ID,PRODUCTO_ID,PRECIO_COMPRA) VALUES(13,149, 0.000000);

-- ===========PRODUCTO [150]
INSERT INTO PRODUCTO(ID,MARCA_ID,LINEA_ID,NOMBRE,PRESENTACION,CONTENIDO,UNIDADES_POR_CAJA,COSTO,COSTO_VENTA,PRECIO_BASE,UNIDAD_MEDIDA,CODIGO_BARRAS,ABREBIATURA) VALUES(150,28,13,'Garnier UltraLift','Anti Arrugas FPS 15',50.0,6.0,0.000000,0.000000,0.000000,'ML','7501839195378','Garn U Lift Arrug 50ml');

INSERT INTO MOVIMIENTO_HISTORICO_PRODUCTO (ALMACEN_ID,PRODUCTO_ID,FECHA,TIPO_MOVIMIENTO_ID,CANTIDAD,COSTO,PRECIO,USUARIO_ID) VALUES(1,150,now(),30,3,0.000000,0.000000,'root');
INSERT INTO ALMACEN_PRODUCTO(ALMACEN_ID,PRODUCTO_ID,CANTIDAD_ACTUAL,PRECIO_VENTA) VALUES (1,150,3,0.000000);

INSERT INTO ALMACEN_PRODUCTO(ALMACEN_ID,PRODUCTO_ID,CANTIDAD_ACTUAL,PRECIO_VENTA) VALUES (2,150,0,0.000000);

INSERT INTO ALMACEN_PRODUCTO(ALMACEN_ID,PRODUCTO_ID,CANTIDAD_ACTUAL,PRECIO_VENTA) VALUES (3,150,3,0.000000);

INSERT INTO ALMACEN_PRODUCTO(ALMACEN_ID,PRODUCTO_ID,CANTIDAD_ACTUAL,PRECIO_VENTA) VALUES (4,150,0,0.000000);

INSERT INTO PROVEEDOR_PRODUCTO(PROVEEDOR_ID,PRODUCTO_ID,PRECIO_COMPRA) VALUES(13,150, 0.000000);

-- ===========PRODUCTO [151]
INSERT INTO PRODUCTO(ID,MARCA_ID,LINEA_ID,NOMBRE,PRESENTACION,CONTENIDO,UNIDADES_POR_CAJA,COSTO,COSTO_VENTA,PRECIO_BASE,UNIDAD_MEDIDA,CODIGO_BARRAS,ABREBIATURA) VALUES(151,28,13,'Garnier UltraLift','Cuidado Ojos',15.0,6.0,0.000000,0.000000,0.000000,'ML','5601036307115','Garn U Lift Ojos 15ml');

INSERT INTO MOVIMIENTO_HISTORICO_PRODUCTO (ALMACEN_ID,PRODUCTO_ID,FECHA,TIPO_MOVIMIENTO_ID,CANTIDAD,COSTO,PRECIO,USUARIO_ID) VALUES(1,151,now(),30,3,0.000000,0.000000,'root');
INSERT INTO ALMACEN_PRODUCTO(ALMACEN_ID,PRODUCTO_ID,CANTIDAD_ACTUAL,PRECIO_VENTA) VALUES (1,151,3,0.000000);

INSERT INTO ALMACEN_PRODUCTO(ALMACEN_ID,PRODUCTO_ID,CANTIDAD_ACTUAL,PRECIO_VENTA) VALUES (2,151,0,0.000000);

INSERT INTO ALMACEN_PRODUCTO(ALMACEN_ID,PRODUCTO_ID,CANTIDAD_ACTUAL,PRECIO_VENTA) VALUES (3,151,3,0.000000);

INSERT INTO ALMACEN_PRODUCTO(ALMACEN_ID,PRODUCTO_ID,CANTIDAD_ACTUAL,PRECIO_VENTA) VALUES (4,151,0,0.000000);

INSERT INTO PROVEEDOR_PRODUCTO(PROVEEDOR_ID,PRODUCTO_ID,PRECIO_COMPRA) VALUES(13,151, 0.000000);

-- ===========PRODUCTO [152]
INSERT INTO PRODUCTO(ID,MARCA_ID,LINEA_ID,NOMBRE,PRESENTACION,CONTENIDO,UNIDADES_POR_CAJA,COSTO,COSTO_VENTA,PRECIO_BASE,UNIDAD_MEDIDA,CODIGO_BARRAS,ABREBIATURA) VALUES(152,22,13,'Loreal Desmaquillante','Derma Genesis',200.0,6.0,0.000000,0.000000,0.000000,'ML','7506078950924','Lore Desm Genes 200');

INSERT INTO MOVIMIENTO_HISTORICO_PRODUCTO (ALMACEN_ID,PRODUCTO_ID,FECHA,TIPO_MOVIMIENTO_ID,CANTIDAD,COSTO,PRECIO,USUARIO_ID) VALUES(1,152,now(),30,6,0.000000,0.000000,'root');
INSERT INTO ALMACEN_PRODUCTO(ALMACEN_ID,PRODUCTO_ID,CANTIDAD_ACTUAL,PRECIO_VENTA) VALUES (1,152,6,0.000000);

INSERT INTO ALMACEN_PRODUCTO(ALMACEN_ID,PRODUCTO_ID,CANTIDAD_ACTUAL,PRECIO_VENTA) VALUES (2,152,0,0.000000);

INSERT INTO ALMACEN_PRODUCTO(ALMACEN_ID,PRODUCTO_ID,CANTIDAD_ACTUAL,PRECIO_VENTA) VALUES (3,152,6,0.000000);

INSERT INTO ALMACEN_PRODUCTO(ALMACEN_ID,PRODUCTO_ID,CANTIDAD_ACTUAL,PRECIO_VENTA) VALUES (4,152,0,0.000000);

INSERT INTO PROVEEDOR_PRODUCTO(PROVEEDOR_ID,PRODUCTO_ID,PRECIO_COMPRA) VALUES(13,152, 0.000000);

-- ===========PRODUCTO [153]
INSERT INTO PRODUCTO(ID,MARCA_ID,LINEA_ID,NOMBRE,PRESENTACION,CONTENIDO,UNIDADES_POR_CAJA,COSTO,COSTO_VENTA,PRECIO_BASE,UNIDAD_MEDIDA,CODIGO_BARRAS,ABREBIATURA) VALUES(153,22,13,'Loreal Perfect Slim','Pro Lipo Modelador Pro',150.0,6.0,0.000000,0.000000,0.000000,'ML','3600521075067','Lore Percf Slim Pro 150');

INSERT INTO MOVIMIENTO_HISTORICO_PRODUCTO (ALMACEN_ID,PRODUCTO_ID,FECHA,TIPO_MOVIMIENTO_ID,CANTIDAD,COSTO,PRECIO,USUARIO_ID) VALUES(1,153,now(),30,3,0.000000,0.000000,'root');
INSERT INTO ALMACEN_PRODUCTO(ALMACEN_ID,PRODUCTO_ID,CANTIDAD_ACTUAL,PRECIO_VENTA) VALUES (1,153,3,0.000000);

INSERT INTO ALMACEN_PRODUCTO(ALMACEN_ID,PRODUCTO_ID,CANTIDAD_ACTUAL,PRECIO_VENTA) VALUES (2,153,0,0.000000);

INSERT INTO ALMACEN_PRODUCTO(ALMACEN_ID,PRODUCTO_ID,CANTIDAD_ACTUAL,PRECIO_VENTA) VALUES (3,153,3,0.000000);

INSERT INTO ALMACEN_PRODUCTO(ALMACEN_ID,PRODUCTO_ID,CANTIDAD_ACTUAL,PRECIO_VENTA) VALUES (4,153,0,0.000000);

INSERT INTO PROVEEDOR_PRODUCTO(PROVEEDOR_ID,PRODUCTO_ID,PRECIO_COMPRA) VALUES(13,153, 0.000000);

-- ===========PRODUCTO [154]
INSERT INTO PRODUCTO(ID,MARCA_ID,LINEA_ID,NOMBRE,PRESENTACION,CONTENIDO,UNIDADES_POR_CAJA,COSTO,COSTO_VENTA,PRECIO_BASE,UNIDAD_MEDIDA,CODIGO_BARRAS,ABREBIATURA) VALUES(154,22,13,'Loreal Perfect Slim','Gel Corporal Reductor 12H',150.0,6.0,0.000000,0.000000,0.000000,'ML','7501027276476','Lore Percf Slim Red 150');

INSERT INTO MOVIMIENTO_HISTORICO_PRODUCTO (ALMACEN_ID,PRODUCTO_ID,FECHA,TIPO_MOVIMIENTO_ID,CANTIDAD,COSTO,PRECIO,USUARIO_ID) VALUES(1,154,now(),30,3,0.000000,0.000000,'root');
INSERT INTO ALMACEN_PRODUCTO(ALMACEN_ID,PRODUCTO_ID,CANTIDAD_ACTUAL,PRECIO_VENTA) VALUES (1,154,3,0.000000);

INSERT INTO ALMACEN_PRODUCTO(ALMACEN_ID,PRODUCTO_ID,CANTIDAD_ACTUAL,PRECIO_VENTA) VALUES (2,154,0,0.000000);

INSERT INTO ALMACEN_PRODUCTO(ALMACEN_ID,PRODUCTO_ID,CANTIDAD_ACTUAL,PRECIO_VENTA) VALUES (3,154,3,0.000000);

INSERT INTO ALMACEN_PRODUCTO(ALMACEN_ID,PRODUCTO_ID,CANTIDAD_ACTUAL,PRECIO_VENTA) VALUES (4,154,0,0.000000);

INSERT INTO PROVEEDOR_PRODUCTO(PROVEEDOR_ID,PRODUCTO_ID,PRECIO_COMPRA) VALUES(13,154, 0.000000);

-- ===========PRODUCTO [155]
INSERT INTO PRODUCTO(ID,MARCA_ID,LINEA_ID,NOMBRE,PRESENTACION,CONTENIDO,UNIDADES_POR_CAJA,COSTO,COSTO_VENTA,PRECIO_BASE,UNIDAD_MEDIDA,CODIGO_BARRAS,ABREBIATURA) VALUES(155,22,13,'Loreal Sculpt Up','Gel Escultor remodelante',150.0,6.0,0.000000,0.000000,0.000000,'ML','7506078908642','Lorea Sculpt Up 150');

INSERT INTO MOVIMIENTO_HISTORICO_PRODUCTO (ALMACEN_ID,PRODUCTO_ID,FECHA,TIPO_MOVIMIENTO_ID,CANTIDAD,COSTO,PRECIO,USUARIO_ID) VALUES(1,155,now(),30,3,0.000000,0.000000,'root');
INSERT INTO ALMACEN_PRODUCTO(ALMACEN_ID,PRODUCTO_ID,CANTIDAD_ACTUAL,PRECIO_VENTA) VALUES (1,155,3,0.000000);

INSERT INTO ALMACEN_PRODUCTO(ALMACEN_ID,PRODUCTO_ID,CANTIDAD_ACTUAL,PRECIO_VENTA) VALUES (2,155,0,0.000000);

INSERT INTO ALMACEN_PRODUCTO(ALMACEN_ID,PRODUCTO_ID,CANTIDAD_ACTUAL,PRECIO_VENTA) VALUES (3,155,3,0.000000);

INSERT INTO ALMACEN_PRODUCTO(ALMACEN_ID,PRODUCTO_ID,CANTIDAD_ACTUAL,PRECIO_VENTA) VALUES (4,155,0,0.000000);

INSERT INTO PROVEEDOR_PRODUCTO(PROVEEDOR_ID,PRODUCTO_ID,PRECIO_COMPRA) VALUES(13,155, 0.000000);

-- ===========PRODUCTO [156]
INSERT INTO PRODUCTO(ID,MARCA_ID,LINEA_ID,NOMBRE,PRESENTACION,CONTENIDO,UNIDADES_POR_CAJA,COSTO,COSTO_VENTA,PRECIO_BASE,UNIDAD_MEDIDA,CODIGO_BARRAS,ABREBIATURA) VALUES(156,22,13,'Loreal Corrector de Estrias','Estrias + Firmeza',150.0,6.0,0.000000,0.000000,0.000000,'ML','7501027270269','Loreal Corr Estrias 150');

INSERT INTO MOVIMIENTO_HISTORICO_PRODUCTO (ALMACEN_ID,PRODUCTO_ID,FECHA,TIPO_MOVIMIENTO_ID,CANTIDAD,COSTO,PRECIO,USUARIO_ID) VALUES(1,156,now(),30,3,0.000000,0.000000,'root');
INSERT INTO ALMACEN_PRODUCTO(ALMACEN_ID,PRODUCTO_ID,CANTIDAD_ACTUAL,PRECIO_VENTA) VALUES (1,156,3,0.000000);

INSERT INTO ALMACEN_PRODUCTO(ALMACEN_ID,PRODUCTO_ID,CANTIDAD_ACTUAL,PRECIO_VENTA) VALUES (2,156,0,0.000000);

INSERT INTO ALMACEN_PRODUCTO(ALMACEN_ID,PRODUCTO_ID,CANTIDAD_ACTUAL,PRECIO_VENTA) VALUES (3,156,3,0.000000);

INSERT INTO ALMACEN_PRODUCTO(ALMACEN_ID,PRODUCTO_ID,CANTIDAD_ACTUAL,PRECIO_VENTA) VALUES (4,156,0,0.000000);

INSERT INTO PROVEEDOR_PRODUCTO(PROVEEDOR_ID,PRODUCTO_ID,PRECIO_COMPRA) VALUES(13,156, 0.000000);

-- ===========PRODUCTO [157]
INSERT INTO PRODUCTO(ID,MARCA_ID,LINEA_ID,NOMBRE,PRESENTACION,CONTENIDO,UNIDADES_POR_CAJA,COSTO,COSTO_VENTA,PRECIO_BASE,UNIDAD_MEDIDA,CODIGO_BARRAS,ABREBIATURA) VALUES(157,28,13,'Garnier Body Tonic','Multi Accion',150.0,6.0,0.000000,0.000000,0.000000,'ML','7506078940383','Garn Body T Action 150');

INSERT INTO MOVIMIENTO_HISTORICO_PRODUCTO (ALMACEN_ID,PRODUCTO_ID,FECHA,TIPO_MOVIMIENTO_ID,CANTIDAD,COSTO,PRECIO,USUARIO_ID) VALUES(1,157,now(),30,3,0.000000,0.000000,'root');
INSERT INTO ALMACEN_PRODUCTO(ALMACEN_ID,PRODUCTO_ID,CANTIDAD_ACTUAL,PRECIO_VENTA) VALUES (1,157,3,0.000000);

INSERT INTO ALMACEN_PRODUCTO(ALMACEN_ID,PRODUCTO_ID,CANTIDAD_ACTUAL,PRECIO_VENTA) VALUES (2,157,0,0.000000);

INSERT INTO ALMACEN_PRODUCTO(ALMACEN_ID,PRODUCTO_ID,CANTIDAD_ACTUAL,PRECIO_VENTA) VALUES (3,157,3,0.000000);

INSERT INTO ALMACEN_PRODUCTO(ALMACEN_ID,PRODUCTO_ID,CANTIDAD_ACTUAL,PRECIO_VENTA) VALUES (4,157,0,0.000000);

INSERT INTO PROVEEDOR_PRODUCTO(PROVEEDOR_ID,PRODUCTO_ID,PRECIO_COMPRA) VALUES(13,157, 0.000000);

-- ===========PRODUCTO [158]
INSERT INTO PRODUCTO(ID,MARCA_ID,LINEA_ID,NOMBRE,PRESENTACION,CONTENIDO,UNIDADES_POR_CAJA,COSTO,COSTO_VENTA,PRECIO_BASE,UNIDAD_MEDIDA,CODIGO_BARRAS,ABREBIATURA) VALUES(158,28,13,'Garnier Body Tonic','Gel Escultor y Reductor',150.0,6.0,0.000000,0.000000,0.000000,'G','7501839165081','Garn Body T Reduc 150');

INSERT INTO MOVIMIENTO_HISTORICO_PRODUCTO (ALMACEN_ID,PRODUCTO_ID,FECHA,TIPO_MOVIMIENTO_ID,CANTIDAD,COSTO,PRECIO,USUARIO_ID) VALUES(1,158,now(),30,3,0.000000,0.000000,'root');
INSERT INTO ALMACEN_PRODUCTO(ALMACEN_ID,PRODUCTO_ID,CANTIDAD_ACTUAL,PRECIO_VENTA) VALUES (1,158,3,0.000000);

INSERT INTO ALMACEN_PRODUCTO(ALMACEN_ID,PRODUCTO_ID,CANTIDAD_ACTUAL,PRECIO_VENTA) VALUES (2,158,0,0.000000);

INSERT INTO ALMACEN_PRODUCTO(ALMACEN_ID,PRODUCTO_ID,CANTIDAD_ACTUAL,PRECIO_VENTA) VALUES (3,158,3,0.000000);

INSERT INTO ALMACEN_PRODUCTO(ALMACEN_ID,PRODUCTO_ID,CANTIDAD_ACTUAL,PRECIO_VENTA) VALUES (4,158,0,0.000000);

INSERT INTO PROVEEDOR_PRODUCTO(PROVEEDOR_ID,PRODUCTO_ID,PRECIO_COMPRA) VALUES(13,158, 0.000000);

-- ===========PRODUCTO [159]
INSERT INTO PRODUCTO(ID,MARCA_ID,LINEA_ID,NOMBRE,PRESENTACION,CONTENIDO,UNIDADES_POR_CAJA,COSTO,COSTO_VENTA,PRECIO_BASE,UNIDAD_MEDIDA,CODIGO_BARRAS,ABREBIATURA) VALUES(159,28,13,'Garnier Body Tonic','Rollon Reductor',125.0,6.0,0.000000,0.000000,0.000000,'ML','7501839102253','Garn Body T Rollon 125');

INSERT INTO MOVIMIENTO_HISTORICO_PRODUCTO (ALMACEN_ID,PRODUCTO_ID,FECHA,TIPO_MOVIMIENTO_ID,CANTIDAD,COSTO,PRECIO,USUARIO_ID) VALUES(1,159,now(),30,3,0.000000,0.000000,'root');
INSERT INTO ALMACEN_PRODUCTO(ALMACEN_ID,PRODUCTO_ID,CANTIDAD_ACTUAL,PRECIO_VENTA) VALUES (1,159,3,0.000000);

INSERT INTO ALMACEN_PRODUCTO(ALMACEN_ID,PRODUCTO_ID,CANTIDAD_ACTUAL,PRECIO_VENTA) VALUES (2,159,0,0.000000);

INSERT INTO ALMACEN_PRODUCTO(ALMACEN_ID,PRODUCTO_ID,CANTIDAD_ACTUAL,PRECIO_VENTA) VALUES (3,159,3,0.000000);

INSERT INTO ALMACEN_PRODUCTO(ALMACEN_ID,PRODUCTO_ID,CANTIDAD_ACTUAL,PRECIO_VENTA) VALUES (4,159,0,0.000000);

INSERT INTO PROVEEDOR_PRODUCTO(PROVEEDOR_ID,PRODUCTO_ID,PRECIO_COMPRA) VALUES(13,159, 0.000000);

-- ===========PRODUCTO [160]
INSERT INTO PRODUCTO(ID,MARCA_ID,LINEA_ID,NOMBRE,PRESENTACION,CONTENIDO,UNIDADES_POR_CAJA,COSTO,COSTO_VENTA,PRECIO_BASE,UNIDAD_MEDIDA,CODIGO_BARRAS,ABREBIATURA) VALUES(160,30,13,'Ponds Liquida','Bio Hydratante Locion',200.0,12.0,0.000000,0.000000,0.000000,'ML','7501056325565','Ponds Loc Bio Hidr 200');

INSERT INTO MOVIMIENTO_HISTORICO_PRODUCTO (ALMACEN_ID,PRODUCTO_ID,FECHA,TIPO_MOVIMIENTO_ID,CANTIDAD,COSTO,PRECIO,USUARIO_ID) VALUES(1,160,now(),30,6,0.000000,0.000000,'root');
INSERT INTO ALMACEN_PRODUCTO(ALMACEN_ID,PRODUCTO_ID,CANTIDAD_ACTUAL,PRECIO_VENTA) VALUES (1,160,6,0.000000);

INSERT INTO ALMACEN_PRODUCTO(ALMACEN_ID,PRODUCTO_ID,CANTIDAD_ACTUAL,PRECIO_VENTA) VALUES (2,160,0,0.000000);

INSERT INTO ALMACEN_PRODUCTO(ALMACEN_ID,PRODUCTO_ID,CANTIDAD_ACTUAL,PRECIO_VENTA) VALUES (3,160,6,0.000000);

INSERT INTO ALMACEN_PRODUCTO(ALMACEN_ID,PRODUCTO_ID,CANTIDAD_ACTUAL,PRECIO_VENTA) VALUES (4,160,0,0.000000);

INSERT INTO PROVEEDOR_PRODUCTO(PROVEEDOR_ID,PRODUCTO_ID,PRECIO_COMPRA) VALUES(17,160, 0.000000);

-- ===========PRODUCTO [161]
INSERT INTO PRODUCTO(ID,MARCA_ID,LINEA_ID,NOMBRE,PRESENTACION,CONTENIDO,UNIDADES_POR_CAJA,COSTO,COSTO_VENTA,PRECIO_BASE,UNIDAD_MEDIDA,CODIGO_BARRAS,ABREBIATURA) VALUES(161,28,13,'Garnier Body Tonic','Rollon Vientre Plano',100.0,12.0,0.000000,0.000000,0.000000,'ML','7501839112375','Garn Body Vien Plano');

INSERT INTO MOVIMIENTO_HISTORICO_PRODUCTO (ALMACEN_ID,PRODUCTO_ID,FECHA,TIPO_MOVIMIENTO_ID,CANTIDAD,COSTO,PRECIO,USUARIO_ID) VALUES(1,161,now(),30,6,0.000000,0.000000,'root');
INSERT INTO ALMACEN_PRODUCTO(ALMACEN_ID,PRODUCTO_ID,CANTIDAD_ACTUAL,PRECIO_VENTA) VALUES (1,161,6,0.000000);

INSERT INTO ALMACEN_PRODUCTO(ALMACEN_ID,PRODUCTO_ID,CANTIDAD_ACTUAL,PRECIO_VENTA) VALUES (2,161,0,0.000000);

INSERT INTO ALMACEN_PRODUCTO(ALMACEN_ID,PRODUCTO_ID,CANTIDAD_ACTUAL,PRECIO_VENTA) VALUES (3,161,6,0.000000);

INSERT INTO ALMACEN_PRODUCTO(ALMACEN_ID,PRODUCTO_ID,CANTIDAD_ACTUAL,PRECIO_VENTA) VALUES (4,161,0,0.000000);

INSERT INTO PROVEEDOR_PRODUCTO(PROVEEDOR_ID,PRODUCTO_ID,PRECIO_COMPRA) VALUES(17,161, 0.000000);

-- ===========PRODUCTO [162]
INSERT INTO PRODUCTO(ID,MARCA_ID,LINEA_ID,NOMBRE,PRESENTACION,CONTENIDO,UNIDADES_POR_CAJA,COSTO,COSTO_VENTA,PRECIO_BASE,UNIDAD_MEDIDA,CODIGO_BARRAS,ABREBIATURA) VALUES(162,31,13,'Clarins Hydra Cream','Multi Hydratante',15.0,12.0,0.000000,0.000000,0.000000,'ML','78922020','Clarins Cream Hidra 15');

INSERT INTO MOVIMIENTO_HISTORICO_PRODUCTO (ALMACEN_ID,PRODUCTO_ID,FECHA,TIPO_MOVIMIENTO_ID,CANTIDAD,COSTO,PRECIO,USUARIO_ID) VALUES(1,162,now(),30,6,0.000000,0.000000,'root');
INSERT INTO ALMACEN_PRODUCTO(ALMACEN_ID,PRODUCTO_ID,CANTIDAD_ACTUAL,PRECIO_VENTA) VALUES (1,162,6,0.000000);

INSERT INTO ALMACEN_PRODUCTO(ALMACEN_ID,PRODUCTO_ID,CANTIDAD_ACTUAL,PRECIO_VENTA) VALUES (2,162,0,0.000000);

INSERT INTO ALMACEN_PRODUCTO(ALMACEN_ID,PRODUCTO_ID,CANTIDAD_ACTUAL,PRECIO_VENTA) VALUES (3,162,6,0.000000);

INSERT INTO ALMACEN_PRODUCTO(ALMACEN_ID,PRODUCTO_ID,CANTIDAD_ACTUAL,PRECIO_VENTA) VALUES (4,162,0,0.000000);

INSERT INTO PROVEEDOR_PRODUCTO(PROVEEDOR_ID,PRODUCTO_ID,PRECIO_COMPRA) VALUES(28,162, 0.000000);

-- ===========PRODUCTO [163]
INSERT INTO PRODUCTO(ID,MARCA_ID,LINEA_ID,NOMBRE,PRESENTACION,CONTENIDO,UNIDADES_POR_CAJA,COSTO,COSTO_VENTA,PRECIO_BASE,UNIDAD_MEDIDA,CODIGO_BARRAS,ABREBIATURA) VALUES(163,22,13,'Loreal White Perfect','Corrector de Manchas',15.0,12.0,0.000000,0.000000,0.000000,'ML','7506078931237','W Perfec Correct 15ml');

INSERT INTO MOVIMIENTO_HISTORICO_PRODUCTO (ALMACEN_ID,PRODUCTO_ID,FECHA,TIPO_MOVIMIENTO_ID,CANTIDAD,COSTO,PRECIO,USUARIO_ID) VALUES(1,163,now(),30,3,0.000000,0.000000,'root');
INSERT INTO ALMACEN_PRODUCTO(ALMACEN_ID,PRODUCTO_ID,CANTIDAD_ACTUAL,PRECIO_VENTA) VALUES (1,163,3,0.000000);

INSERT INTO ALMACEN_PRODUCTO(ALMACEN_ID,PRODUCTO_ID,CANTIDAD_ACTUAL,PRECIO_VENTA) VALUES (2,163,0,0.000000);

INSERT INTO ALMACEN_PRODUCTO(ALMACEN_ID,PRODUCTO_ID,CANTIDAD_ACTUAL,PRECIO_VENTA) VALUES (3,163,3,0.000000);

INSERT INTO ALMACEN_PRODUCTO(ALMACEN_ID,PRODUCTO_ID,CANTIDAD_ACTUAL,PRECIO_VENTA) VALUES (4,163,0,0.000000);

INSERT INTO PROVEEDOR_PRODUCTO(PROVEEDOR_ID,PRODUCTO_ID,PRECIO_COMPRA) VALUES(13,163, 0.000000);

-- ===========PRODUCTO [164]
INSERT INTO PRODUCTO(ID,MARCA_ID,LINEA_ID,NOMBRE,PRESENTACION,CONTENIDO,UNIDADES_POR_CAJA,COSTO,COSTO_VENTA,PRECIO_BASE,UNIDAD_MEDIDA,CODIGO_BARRAS,ABREBIATURA) VALUES(164,28,10,'Garnier Crema Liquida','Hidra Total',250.0,12.0,0.000000,0.000000,0.000000,'ML','7501839197440','Garn Hid Tot Sec 250ml');

INSERT INTO MOVIMIENTO_HISTORICO_PRODUCTO (ALMACEN_ID,PRODUCTO_ID,FECHA,TIPO_MOVIMIENTO_ID,CANTIDAD,COSTO,PRECIO,USUARIO_ID) VALUES(1,164,now(),30,12,0.000000,0.000000,'root');
INSERT INTO ALMACEN_PRODUCTO(ALMACEN_ID,PRODUCTO_ID,CANTIDAD_ACTUAL,PRECIO_VENTA) VALUES (1,164,12,0.000000);

INSERT INTO ALMACEN_PRODUCTO(ALMACEN_ID,PRODUCTO_ID,CANTIDAD_ACTUAL,PRECIO_VENTA) VALUES (2,164,0,0.000000);

INSERT INTO ALMACEN_PRODUCTO(ALMACEN_ID,PRODUCTO_ID,CANTIDAD_ACTUAL,PRECIO_VENTA) VALUES (3,164,12,19.900000);

INSERT INTO ALMACEN_PRODUCTO(ALMACEN_ID,PRODUCTO_ID,CANTIDAD_ACTUAL,PRECIO_VENTA) VALUES (4,164,0,0.000000);

INSERT INTO PROVEEDOR_PRODUCTO(PROVEEDOR_ID,PRODUCTO_ID,PRECIO_COMPRA) VALUES(13,164, 0.000000);

-- ===========PRODUCTO [165]
INSERT INTO PRODUCTO(ID,MARCA_ID,LINEA_ID,NOMBRE,PRESENTACION,CONTENIDO,UNIDADES_POR_CAJA,COSTO,COSTO_VENTA,PRECIO_BASE,UNIDAD_MEDIDA,CODIGO_BARRAS,ABREBIATURA) VALUES(165,17,12,'Palmolive Jabon Liquido Corporal','Oliva & Aloe',350.0,6.0,0.000000,0.000000,0.000000,'ML','7891024178591','Palm Jab Corp Aloe 350');

INSERT INTO MOVIMIENTO_HISTORICO_PRODUCTO (ALMACEN_ID,PRODUCTO_ID,FECHA,TIPO_MOVIMIENTO_ID,CANTIDAD,COSTO,PRECIO,USUARIO_ID) VALUES(1,165,now(),30,12,0.000000,0.000000,'root');
INSERT INTO ALMACEN_PRODUCTO(ALMACEN_ID,PRODUCTO_ID,CANTIDAD_ACTUAL,PRECIO_VENTA) VALUES (1,165,12,0.000000);

INSERT INTO ALMACEN_PRODUCTO(ALMACEN_ID,PRODUCTO_ID,CANTIDAD_ACTUAL,PRECIO_VENTA) VALUES (2,165,4,15.000000);

INSERT INTO ALMACEN_PRODUCTO(ALMACEN_ID,PRODUCTO_ID,CANTIDAD_ACTUAL,PRECIO_VENTA) VALUES (3,165,12,0.000000);

INSERT INTO ALMACEN_PRODUCTO(ALMACEN_ID,PRODUCTO_ID,CANTIDAD_ACTUAL,PRECIO_VENTA) VALUES (4,165,4,15.000000);

INSERT INTO PROVEEDOR_PRODUCTO(PROVEEDOR_ID,PRODUCTO_ID,PRECIO_COMPRA) VALUES(6,165, 0.000000);

-- ===========PRODUCTO [166]
INSERT INTO PRODUCTO(ID,MARCA_ID,LINEA_ID,NOMBRE,PRESENTACION,CONTENIDO,UNIDADES_POR_CAJA,COSTO,COSTO_VENTA,PRECIO_BASE,UNIDAD_MEDIDA,CODIGO_BARRAS,ABREBIATURA) VALUES(166,17,12,'Palmolive Jabon Liquido Corporal','Yoghurt & Fruits',350.0,6.0,0.000000,0.000000,0.000000,'ML','7891024178713','Palm Jab Corp Yogh 350');

INSERT INTO MOVIMIENTO_HISTORICO_PRODUCTO (ALMACEN_ID,PRODUCTO_ID,FECHA,TIPO_MOVIMIENTO_ID,CANTIDAD,COSTO,PRECIO,USUARIO_ID) VALUES(1,166,now(),30,12,0.000000,0.000000,'root');
INSERT INTO ALMACEN_PRODUCTO(ALMACEN_ID,PRODUCTO_ID,CANTIDAD_ACTUAL,PRECIO_VENTA) VALUES (1,166,12,0.000000);

INSERT INTO ALMACEN_PRODUCTO(ALMACEN_ID,PRODUCTO_ID,CANTIDAD_ACTUAL,PRECIO_VENTA) VALUES (2,166,0,0.000000);

INSERT INTO ALMACEN_PRODUCTO(ALMACEN_ID,PRODUCTO_ID,CANTIDAD_ACTUAL,PRECIO_VENTA) VALUES (3,166,12,0.000000);

INSERT INTO ALMACEN_PRODUCTO(ALMACEN_ID,PRODUCTO_ID,CANTIDAD_ACTUAL,PRECIO_VENTA) VALUES (4,166,0,0.000000);

INSERT INTO PROVEEDOR_PRODUCTO(PROVEEDOR_ID,PRODUCTO_ID,PRECIO_COMPRA) VALUES(6,166, 0.000000);

-- ===========PRODUCTO [167]
INSERT INTO PRODUCTO(ID,MARCA_ID,LINEA_ID,NOMBRE,PRESENTACION,CONTENIDO,UNIDADES_POR_CAJA,COSTO,COSTO_VENTA,PRECIO_BASE,UNIDAD_MEDIDA,CODIGO_BARRAS,ABREBIATURA) VALUES(167,32,12,'Protex Jabon Liquido Para manos','Balance',221.0,12.0,0.000000,0.000000,0.000000,'ML','7509546000305','Protex Jab Balan 221ml');

INSERT INTO MOVIMIENTO_HISTORICO_PRODUCTO (ALMACEN_ID,PRODUCTO_ID,FECHA,TIPO_MOVIMIENTO_ID,CANTIDAD,COSTO,PRECIO,USUARIO_ID) VALUES(1,167,now(),30,36,0.000000,0.000000,'root');
INSERT INTO ALMACEN_PRODUCTO(ALMACEN_ID,PRODUCTO_ID,CANTIDAD_ACTUAL,PRECIO_VENTA) VALUES (1,167,36,0.000000);

INSERT INTO ALMACEN_PRODUCTO(ALMACEN_ID,PRODUCTO_ID,CANTIDAD_ACTUAL,PRECIO_VENTA) VALUES (2,167,2,0.000000);

INSERT INTO ALMACEN_PRODUCTO(ALMACEN_ID,PRODUCTO_ID,CANTIDAD_ACTUAL,PRECIO_VENTA) VALUES (3,167,36,0.000000);

INSERT INTO ALMACEN_PRODUCTO(ALMACEN_ID,PRODUCTO_ID,CANTIDAD_ACTUAL,PRECIO_VENTA) VALUES (4,167,2,0.000000);

INSERT INTO PROVEEDOR_PRODUCTO(PROVEEDOR_ID,PRODUCTO_ID,PRECIO_COMPRA) VALUES(6,167, 0.000000);

-- ===========PRODUCTO [168]
INSERT INTO PRODUCTO(ID,MARCA_ID,LINEA_ID,NOMBRE,PRESENTACION,CONTENIDO,UNIDADES_POR_CAJA,COSTO,COSTO_VENTA,PRECIO_BASE,UNIDAD_MEDIDA,CODIGO_BARRAS,ABREBIATURA) VALUES(168,17,12,'Palmolive Jabon Liquido Para Manos','Yoghurt & Fruits',221.0,12.0,0.000000,0.000000,0.000000,'ML','7509546023076','Palm Jab Yogh 221ml');

INSERT INTO MOVIMIENTO_HISTORICO_PRODUCTO (ALMACEN_ID,PRODUCTO_ID,FECHA,TIPO_MOVIMIENTO_ID,CANTIDAD,COSTO,PRECIO,USUARIO_ID) VALUES(1,168,now(),30,12,0.000000,0.000000,'root');
INSERT INTO ALMACEN_PRODUCTO(ALMACEN_ID,PRODUCTO_ID,CANTIDAD_ACTUAL,PRECIO_VENTA) VALUES (1,168,12,0.000000);

INSERT INTO ALMACEN_PRODUCTO(ALMACEN_ID,PRODUCTO_ID,CANTIDAD_ACTUAL,PRECIO_VENTA) VALUES (2,168,0,0.000000);

INSERT INTO ALMACEN_PRODUCTO(ALMACEN_ID,PRODUCTO_ID,CANTIDAD_ACTUAL,PRECIO_VENTA) VALUES (3,168,12,0.000000);

INSERT INTO ALMACEN_PRODUCTO(ALMACEN_ID,PRODUCTO_ID,CANTIDAD_ACTUAL,PRECIO_VENTA) VALUES (4,168,0,0.000000);

INSERT INTO PROVEEDOR_PRODUCTO(PROVEEDOR_ID,PRODUCTO_ID,PRECIO_COMPRA) VALUES(6,168, 0.000000);

-- ===========PRODUCTO [169]
INSERT INTO PRODUCTO(ID,MARCA_ID,LINEA_ID,NOMBRE,PRESENTACION,CONTENIDO,UNIDADES_POR_CAJA,COSTO,COSTO_VENTA,PRECIO_BASE,UNIDAD_MEDIDA,CODIGO_BARRAS,ABREBIATURA) VALUES(169,17,12,'Palmolive Jabon Liquido Para Manos','Aquarium Series',221.0,12.0,0.000000,0.000000,0.000000,'ML','7501035911208','Palm Jab Aquar 221ml');

INSERT INTO MOVIMIENTO_HISTORICO_PRODUCTO (ALMACEN_ID,PRODUCTO_ID,FECHA,TIPO_MOVIMIENTO_ID,CANTIDAD,COSTO,PRECIO,USUARIO_ID) VALUES(1,169,now(),30,12,0.000000,0.000000,'root');
INSERT INTO ALMACEN_PRODUCTO(ALMACEN_ID,PRODUCTO_ID,CANTIDAD_ACTUAL,PRECIO_VENTA) VALUES (1,169,12,0.000000);

INSERT INTO ALMACEN_PRODUCTO(ALMACEN_ID,PRODUCTO_ID,CANTIDAD_ACTUAL,PRECIO_VENTA) VALUES (2,169,0,0.000000);

INSERT INTO ALMACEN_PRODUCTO(ALMACEN_ID,PRODUCTO_ID,CANTIDAD_ACTUAL,PRECIO_VENTA) VALUES (3,169,12,0.000000);

INSERT INTO ALMACEN_PRODUCTO(ALMACEN_ID,PRODUCTO_ID,CANTIDAD_ACTUAL,PRECIO_VENTA) VALUES (4,169,0,0.000000);

INSERT INTO PROVEEDOR_PRODUCTO(PROVEEDOR_ID,PRODUCTO_ID,PRECIO_COMPRA) VALUES(6,169, 0.000000);

-- ===========PRODUCTO [170]
INSERT INTO PRODUCTO(ID,MARCA_ID,LINEA_ID,NOMBRE,PRESENTACION,CONTENIDO,UNIDADES_POR_CAJA,COSTO,COSTO_VENTA,PRECIO_BASE,UNIDAD_MEDIDA,CODIGO_BARRAS,ABREBIATURA) VALUES(170,33,14,'Folicure Shampoo','Original',350.0,12.0,0.000000,0.000000,0.000000,'ML','7501059349438','Folicure Origin 350ml');

INSERT INTO MOVIMIENTO_HISTORICO_PRODUCTO (ALMACEN_ID,PRODUCTO_ID,FECHA,TIPO_MOVIMIENTO_ID,CANTIDAD,COSTO,PRECIO,USUARIO_ID) VALUES(1,170,now(),30,22,0.000000,0.000000,'root');
INSERT INTO ALMACEN_PRODUCTO(ALMACEN_ID,PRODUCTO_ID,CANTIDAD_ACTUAL,PRECIO_VENTA) VALUES (1,170,22,0.000000);

INSERT INTO ALMACEN_PRODUCTO(ALMACEN_ID,PRODUCTO_ID,CANTIDAD_ACTUAL,PRECIO_VENTA) VALUES (2,170,0,0.000000);

INSERT INTO ALMACEN_PRODUCTO(ALMACEN_ID,PRODUCTO_ID,CANTIDAD_ACTUAL,PRECIO_VENTA) VALUES (3,170,22,0.000000);

INSERT INTO ALMACEN_PRODUCTO(ALMACEN_ID,PRODUCTO_ID,CANTIDAD_ACTUAL,PRECIO_VENTA) VALUES (4,170,0,0.000000);

INSERT INTO PROVEEDOR_PRODUCTO(PROVEEDOR_ID,PRODUCTO_ID,PRECIO_COMPRA) VALUES(13,170, 0.000000);

-- ===========PRODUCTO [171]
INSERT INTO PRODUCTO(ID,MARCA_ID,LINEA_ID,NOMBRE,PRESENTACION,CONTENIDO,UNIDADES_POR_CAJA,COSTO,COSTO_VENTA,PRECIO_BASE,UNIDAD_MEDIDA,CODIGO_BARRAS,ABREBIATURA) VALUES(171,33,14,'Folicure Shampoo','Original',200.0,12.0,0.000000,0.000000,0.000000,'ML','7501059334410','Folicure Origin 200ml');

INSERT INTO MOVIMIENTO_HISTORICO_PRODUCTO (ALMACEN_ID,PRODUCTO_ID,FECHA,TIPO_MOVIMIENTO_ID,CANTIDAD,COSTO,PRECIO,USUARIO_ID) VALUES(1,171,now(),30,18,0.000000,0.000000,'root');
INSERT INTO ALMACEN_PRODUCTO(ALMACEN_ID,PRODUCTO_ID,CANTIDAD_ACTUAL,PRECIO_VENTA) VALUES (1,171,18,0.000000);

INSERT INTO ALMACEN_PRODUCTO(ALMACEN_ID,PRODUCTO_ID,CANTIDAD_ACTUAL,PRECIO_VENTA) VALUES (2,171,0,0.000000);

INSERT INTO ALMACEN_PRODUCTO(ALMACEN_ID,PRODUCTO_ID,CANTIDAD_ACTUAL,PRECIO_VENTA) VALUES (3,171,18,0.000000);

INSERT INTO ALMACEN_PRODUCTO(ALMACEN_ID,PRODUCTO_ID,CANTIDAD_ACTUAL,PRECIO_VENTA) VALUES (4,171,0,0.000000);

INSERT INTO PROVEEDOR_PRODUCTO(PROVEEDOR_ID,PRODUCTO_ID,PRECIO_COMPRA) VALUES(13,171, 0.000000);

-- ===========PRODUCTO [172]
INSERT INTO PRODUCTO(ID,MARCA_ID,LINEA_ID,NOMBRE,PRESENTACION,CONTENIDO,UNIDADES_POR_CAJA,COSTO,COSTO_VENTA,PRECIO_BASE,UNIDAD_MEDIDA,CODIGO_BARRAS,ABREBIATURA) VALUES(172,34,14,'Alert Shampoo Hidratante','Aloe (Sensible)',400.0,12.0,20.668103,20.668103,28.770000,'ML','7509546014609','Alert Hidra Aloe 400ml');

INSERT INTO MOVIMIENTO_HISTORICO_PRODUCTO (ALMACEN_ID,PRODUCTO_ID,FECHA,TIPO_MOVIMIENTO_ID,CANTIDAD,COSTO,PRECIO,USUARIO_ID) VALUES(1,172,now(),30,12,20.668103,28.770000,'root');
INSERT INTO ALMACEN_PRODUCTO(ALMACEN_ID,PRODUCTO_ID,CANTIDAD_ACTUAL,PRECIO_VENTA) VALUES (1,172,12,28.770000);

INSERT INTO ALMACEN_PRODUCTO(ALMACEN_ID,PRODUCTO_ID,CANTIDAD_ACTUAL,PRECIO_VENTA) VALUES (2,172,0,0.000000);

INSERT INTO ALMACEN_PRODUCTO(ALMACEN_ID,PRODUCTO_ID,CANTIDAD_ACTUAL,PRECIO_VENTA) VALUES (3,172,12,26.900000);

INSERT INTO ALMACEN_PRODUCTO(ALMACEN_ID,PRODUCTO_ID,CANTIDAD_ACTUAL,PRECIO_VENTA) VALUES (4,172,0,0.000000);

INSERT INTO PROVEEDOR_PRODUCTO(PROVEEDOR_ID,PRODUCTO_ID,PRECIO_COMPRA) VALUES(17,172, 20.668103);

-- ===========PRODUCTO [173]
INSERT INTO PRODUCTO(ID,MARCA_ID,LINEA_ID,NOMBRE,PRESENTACION,CONTENIDO,UNIDADES_POR_CAJA,COSTO,COSTO_VENTA,PRECIO_BASE,UNIDAD_MEDIDA,CODIGO_BARRAS,ABREBIATURA) VALUES(173,17,12,'Palmolive Jabon Liquido Para Manos','Coco',221.0,12.0,0.000000,0.000000,0.000000,'ML','7509546053776','Palm Jab Coco 221ml');

INSERT INTO MOVIMIENTO_HISTORICO_PRODUCTO (ALMACEN_ID,PRODUCTO_ID,FECHA,TIPO_MOVIMIENTO_ID,CANTIDAD,COSTO,PRECIO,USUARIO_ID) VALUES(1,173,now(),30,12,0.000000,0.000000,'root');
INSERT INTO ALMACEN_PRODUCTO(ALMACEN_ID,PRODUCTO_ID,CANTIDAD_ACTUAL,PRECIO_VENTA) VALUES (1,173,12,0.000000);

INSERT INTO ALMACEN_PRODUCTO(ALMACEN_ID,PRODUCTO_ID,CANTIDAD_ACTUAL,PRECIO_VENTA) VALUES (2,173,0,0.000000);

INSERT INTO ALMACEN_PRODUCTO(ALMACEN_ID,PRODUCTO_ID,CANTIDAD_ACTUAL,PRECIO_VENTA) VALUES (3,173,12,0.000000);

INSERT INTO ALMACEN_PRODUCTO(ALMACEN_ID,PRODUCTO_ID,CANTIDAD_ACTUAL,PRECIO_VENTA) VALUES (4,173,0,0.000000);

INSERT INTO PROVEEDOR_PRODUCTO(PROVEEDOR_ID,PRODUCTO_ID,PRECIO_COMPRA) VALUES(6,173, 0.000000);

-- ===========PRODUCTO [174]
INSERT INTO PRODUCTO(ID,MARCA_ID,LINEA_ID,NOMBRE,PRESENTACION,CONTENIDO,UNIDADES_POR_CAJA,COSTO,COSTO_VENTA,PRECIO_BASE,UNIDAD_MEDIDA,CODIGO_BARRAS,ABREBIATURA) VALUES(174,35,11,'Colgate Pasta Dental','Max White Crystal Mint',100.0,72.0,0.000000,0.000000,0.000000,'ML','7891024123164','Colgat Crystal M 100ml');

INSERT INTO MOVIMIENTO_HISTORICO_PRODUCTO (ALMACEN_ID,PRODUCTO_ID,FECHA,TIPO_MOVIMIENTO_ID,CANTIDAD,COSTO,PRECIO,USUARIO_ID) VALUES(1,174,now(),30,72,0.000000,0.000000,'root');
INSERT INTO ALMACEN_PRODUCTO(ALMACEN_ID,PRODUCTO_ID,CANTIDAD_ACTUAL,PRECIO_VENTA) VALUES (1,174,72,0.000000);

INSERT INTO ALMACEN_PRODUCTO(ALMACEN_ID,PRODUCTO_ID,CANTIDAD_ACTUAL,PRECIO_VENTA) VALUES (2,174,16,8.500000);

INSERT INTO ALMACEN_PRODUCTO(ALMACEN_ID,PRODUCTO_ID,CANTIDAD_ACTUAL,PRECIO_VENTA) VALUES (3,174,72,0.000000);

INSERT INTO ALMACEN_PRODUCTO(ALMACEN_ID,PRODUCTO_ID,CANTIDAD_ACTUAL,PRECIO_VENTA) VALUES (4,174,16,8.500000);

INSERT INTO PROVEEDOR_PRODUCTO(PROVEEDOR_ID,PRODUCTO_ID,PRECIO_COMPRA) VALUES(6,174, 0.000000);

-- ===========PRODUCTO [175]
INSERT INTO PRODUCTO(ID,MARCA_ID,LINEA_ID,NOMBRE,PRESENTACION,CONTENIDO,UNIDADES_POR_CAJA,COSTO,COSTO_VENTA,PRECIO_BASE,UNIDAD_MEDIDA,CODIGO_BARRAS,ABREBIATURA) VALUES(175,17,15,'Palmolive Naturals','Humectacion Deliciosa',180.0,72.0,0.000000,0.000000,0.000000,'G','7509546042015','Palmo Jab Humec 180g');

INSERT INTO MOVIMIENTO_HISTORICO_PRODUCTO (ALMACEN_ID,PRODUCTO_ID,FECHA,TIPO_MOVIMIENTO_ID,CANTIDAD,COSTO,PRECIO,USUARIO_ID) VALUES(1,175,now(),30,72,0.000000,0.000000,'root');
INSERT INTO ALMACEN_PRODUCTO(ALMACEN_ID,PRODUCTO_ID,CANTIDAD_ACTUAL,PRECIO_VENTA) VALUES (1,175,72,0.000000);

INSERT INTO ALMACEN_PRODUCTO(ALMACEN_ID,PRODUCTO_ID,CANTIDAD_ACTUAL,PRECIO_VENTA) VALUES (2,175,0,0.000000);

INSERT INTO ALMACEN_PRODUCTO(ALMACEN_ID,PRODUCTO_ID,CANTIDAD_ACTUAL,PRECIO_VENTA) VALUES (3,175,72,0.000000);

INSERT INTO ALMACEN_PRODUCTO(ALMACEN_ID,PRODUCTO_ID,CANTIDAD_ACTUAL,PRECIO_VENTA) VALUES (4,175,0,0.000000);

INSERT INTO PROVEEDOR_PRODUCTO(PROVEEDOR_ID,PRODUCTO_ID,PRECIO_COMPRA) VALUES(6,175, 0.000000);

-- ===========PRODUCTO [176]
INSERT INTO PRODUCTO(ID,MARCA_ID,LINEA_ID,NOMBRE,PRESENTACION,CONTENIDO,UNIDADES_POR_CAJA,COSTO,COSTO_VENTA,PRECIO_BASE,UNIDAD_MEDIDA,CODIGO_BARRAS,ABREBIATURA) VALUES(176,17,15,'Palmolive Jabon de Tocador','Neutro Balance',180.0,72.0,0.000000,0.000000,0.000000,'G','7509546032184','Neutro Bal Jab 180g');

INSERT INTO MOVIMIENTO_HISTORICO_PRODUCTO (ALMACEN_ID,PRODUCTO_ID,FECHA,TIPO_MOVIMIENTO_ID,CANTIDAD,COSTO,PRECIO,USUARIO_ID) VALUES(1,176,now(),30,72,0.000000,0.000000,'root');
INSERT INTO ALMACEN_PRODUCTO(ALMACEN_ID,PRODUCTO_ID,CANTIDAD_ACTUAL,PRECIO_VENTA) VALUES (1,176,72,0.000000);

INSERT INTO ALMACEN_PRODUCTO(ALMACEN_ID,PRODUCTO_ID,CANTIDAD_ACTUAL,PRECIO_VENTA) VALUES (2,176,0,0.000000);

INSERT INTO ALMACEN_PRODUCTO(ALMACEN_ID,PRODUCTO_ID,CANTIDAD_ACTUAL,PRECIO_VENTA) VALUES (3,176,72,0.000000);

INSERT INTO ALMACEN_PRODUCTO(ALMACEN_ID,PRODUCTO_ID,CANTIDAD_ACTUAL,PRECIO_VENTA) VALUES (4,176,0,0.000000);

INSERT INTO PROVEEDOR_PRODUCTO(PROVEEDOR_ID,PRODUCTO_ID,PRECIO_COMPRA) VALUES(6,176, 0.000000);

-- ===========PRODUCTO [177]
INSERT INTO PRODUCTO(ID,MARCA_ID,LINEA_ID,NOMBRE,PRESENTACION,CONTENIDO,UNIDADES_POR_CAJA,COSTO,COSTO_VENTA,PRECIO_BASE,UNIDAD_MEDIDA,CODIGO_BARRAS,ABREBIATURA) VALUES(177,17,15,'Palmolive Naturals','Tono Perfecto',180.0,72.0,0.000000,0.000000,0.000000,'G','7509546048222','Palmo Jab Tono P 180g');

INSERT INTO MOVIMIENTO_HISTORICO_PRODUCTO (ALMACEN_ID,PRODUCTO_ID,FECHA,TIPO_MOVIMIENTO_ID,CANTIDAD,COSTO,PRECIO,USUARIO_ID) VALUES(1,177,now(),30,72,0.000000,0.000000,'root');
INSERT INTO ALMACEN_PRODUCTO(ALMACEN_ID,PRODUCTO_ID,CANTIDAD_ACTUAL,PRECIO_VENTA) VALUES (1,177,72,0.000000);

INSERT INTO ALMACEN_PRODUCTO(ALMACEN_ID,PRODUCTO_ID,CANTIDAD_ACTUAL,PRECIO_VENTA) VALUES (2,177,0,0.000000);

INSERT INTO ALMACEN_PRODUCTO(ALMACEN_ID,PRODUCTO_ID,CANTIDAD_ACTUAL,PRECIO_VENTA) VALUES (3,177,72,0.000000);

INSERT INTO ALMACEN_PRODUCTO(ALMACEN_ID,PRODUCTO_ID,CANTIDAD_ACTUAL,PRECIO_VENTA) VALUES (4,177,0,0.000000);

INSERT INTO PROVEEDOR_PRODUCTO(PROVEEDOR_ID,PRODUCTO_ID,PRECIO_COMPRA) VALUES(6,177, 0.000000);

-- ===========PRODUCTO [178]
INSERT INTO PRODUCTO(ID,MARCA_ID,LINEA_ID,NOMBRE,PRESENTACION,CONTENIDO,UNIDADES_POR_CAJA,COSTO,COSTO_VENTA,PRECIO_BASE,UNIDAD_MEDIDA,CODIGO_BARRAS,ABREBIATURA) VALUES(178,17,15,'Palmolive Jabon de Tocador','Neutro Balance',130.0,96.0,0.000000,0.000000,0.000000,'G','7509546032177','Neutro Bal Jab 130g');

INSERT INTO MOVIMIENTO_HISTORICO_PRODUCTO (ALMACEN_ID,PRODUCTO_ID,FECHA,TIPO_MOVIMIENTO_ID,CANTIDAD,COSTO,PRECIO,USUARIO_ID) VALUES(1,178,now(),30,96,0.000000,0.000000,'root');
INSERT INTO ALMACEN_PRODUCTO(ALMACEN_ID,PRODUCTO_ID,CANTIDAD_ACTUAL,PRECIO_VENTA) VALUES (1,178,96,0.000000);

INSERT INTO ALMACEN_PRODUCTO(ALMACEN_ID,PRODUCTO_ID,CANTIDAD_ACTUAL,PRECIO_VENTA) VALUES (2,178,0,0.000000);

INSERT INTO ALMACEN_PRODUCTO(ALMACEN_ID,PRODUCTO_ID,CANTIDAD_ACTUAL,PRECIO_VENTA) VALUES (3,178,96,0.000000);

INSERT INTO ALMACEN_PRODUCTO(ALMACEN_ID,PRODUCTO_ID,CANTIDAD_ACTUAL,PRECIO_VENTA) VALUES (4,178,0,0.000000);

INSERT INTO PROVEEDOR_PRODUCTO(PROVEEDOR_ID,PRODUCTO_ID,PRECIO_COMPRA) VALUES(6,178, 0.000000);

-- ===========PRODUCTO [179]
INSERT INTO PRODUCTO(ID,MARCA_ID,LINEA_ID,NOMBRE,PRESENTACION,CONTENIDO,UNIDADES_POR_CAJA,COSTO,COSTO_VENTA,PRECIO_BASE,UNIDAD_MEDIDA,CODIGO_BARRAS,ABREBIATURA) VALUES(179,17,15,'Palmolive Naturals','Sensacion Nutritiva',130.0,96.0,0.000000,0.000000,0.000000,'G','7509546035963','Palmo Jab Sen Nut 130g');

INSERT INTO MOVIMIENTO_HISTORICO_PRODUCTO (ALMACEN_ID,PRODUCTO_ID,FECHA,TIPO_MOVIMIENTO_ID,CANTIDAD,COSTO,PRECIO,USUARIO_ID) VALUES(1,179,now(),30,96,0.000000,0.000000,'root');
INSERT INTO ALMACEN_PRODUCTO(ALMACEN_ID,PRODUCTO_ID,CANTIDAD_ACTUAL,PRECIO_VENTA) VALUES (1,179,96,0.000000);

INSERT INTO ALMACEN_PRODUCTO(ALMACEN_ID,PRODUCTO_ID,CANTIDAD_ACTUAL,PRECIO_VENTA) VALUES (2,179,0,0.000000);

INSERT INTO ALMACEN_PRODUCTO(ALMACEN_ID,PRODUCTO_ID,CANTIDAD_ACTUAL,PRECIO_VENTA) VALUES (3,179,96,0.000000);

INSERT INTO ALMACEN_PRODUCTO(ALMACEN_ID,PRODUCTO_ID,CANTIDAD_ACTUAL,PRECIO_VENTA) VALUES (4,179,0,0.000000);

INSERT INTO PROVEEDOR_PRODUCTO(PROVEEDOR_ID,PRODUCTO_ID,PRECIO_COMPRA) VALUES(6,179, 0.000000);

-- ===========PRODUCTO [180]
INSERT INTO PRODUCTO(ID,MARCA_ID,LINEA_ID,NOMBRE,PRESENTACION,CONTENIDO,UNIDADES_POR_CAJA,COSTO,COSTO_VENTA,PRECIO_BASE,UNIDAD_MEDIDA,CODIGO_BARRAS,ABREBIATURA) VALUES(180,17,15,'Palmolive Naturals','Suavidad Radiante',130.0,96.0,0.000000,0.000000,0.000000,'G','7509546032306','Palmo Jab Radiant 130g');

INSERT INTO MOVIMIENTO_HISTORICO_PRODUCTO (ALMACEN_ID,PRODUCTO_ID,FECHA,TIPO_MOVIMIENTO_ID,CANTIDAD,COSTO,PRECIO,USUARIO_ID) VALUES(1,180,now(),30,96,0.000000,0.000000,'root');
INSERT INTO ALMACEN_PRODUCTO(ALMACEN_ID,PRODUCTO_ID,CANTIDAD_ACTUAL,PRECIO_VENTA) VALUES (1,180,96,0.000000);

INSERT INTO ALMACEN_PRODUCTO(ALMACEN_ID,PRODUCTO_ID,CANTIDAD_ACTUAL,PRECIO_VENTA) VALUES (2,180,0,0.000000);

INSERT INTO ALMACEN_PRODUCTO(ALMACEN_ID,PRODUCTO_ID,CANTIDAD_ACTUAL,PRECIO_VENTA) VALUES (3,180,96,0.000000);

INSERT INTO ALMACEN_PRODUCTO(ALMACEN_ID,PRODUCTO_ID,CANTIDAD_ACTUAL,PRECIO_VENTA) VALUES (4,180,0,0.000000);

INSERT INTO PROVEEDOR_PRODUCTO(PROVEEDOR_ID,PRODUCTO_ID,PRECIO_COMPRA) VALUES(6,180, 0.000000);

-- ===========PRODUCTO [181]
INSERT INTO PRODUCTO(ID,MARCA_ID,LINEA_ID,NOMBRE,PRESENTACION,CONTENIDO,UNIDADES_POR_CAJA,COSTO,COSTO_VENTA,PRECIO_BASE,UNIDAD_MEDIDA,CODIGO_BARRAS,ABREBIATURA) VALUES(181,17,15,'Palmolive Naturals','Suavidad Radiante',180.0,72.0,0.000000,0.000000,0.000000,'G','7509546032313','Palmo Jab Radiant 180g');

INSERT INTO MOVIMIENTO_HISTORICO_PRODUCTO (ALMACEN_ID,PRODUCTO_ID,FECHA,TIPO_MOVIMIENTO_ID,CANTIDAD,COSTO,PRECIO,USUARIO_ID) VALUES(1,181,now(),30,72,0.000000,0.000000,'root');
INSERT INTO ALMACEN_PRODUCTO(ALMACEN_ID,PRODUCTO_ID,CANTIDAD_ACTUAL,PRECIO_VENTA) VALUES (1,181,72,0.000000);

INSERT INTO ALMACEN_PRODUCTO(ALMACEN_ID,PRODUCTO_ID,CANTIDAD_ACTUAL,PRECIO_VENTA) VALUES (2,181,0,0.000000);

INSERT INTO ALMACEN_PRODUCTO(ALMACEN_ID,PRODUCTO_ID,CANTIDAD_ACTUAL,PRECIO_VENTA) VALUES (3,181,72,0.000000);

INSERT INTO ALMACEN_PRODUCTO(ALMACEN_ID,PRODUCTO_ID,CANTIDAD_ACTUAL,PRECIO_VENTA) VALUES (4,181,0,0.000000);

INSERT INTO PROVEEDOR_PRODUCTO(PROVEEDOR_ID,PRODUCTO_ID,PRECIO_COMPRA) VALUES(6,181, 0.000000);

-- ===========PRODUCTO [182]
INSERT INTO PRODUCTO(ID,MARCA_ID,LINEA_ID,NOMBRE,PRESENTACION,CONTENIDO,UNIDADES_POR_CAJA,COSTO,COSTO_VENTA,PRECIO_BASE,UNIDAD_MEDIDA,CODIGO_BARRAS,ABREBIATURA) VALUES(182,17,15,'Palmolive Naturals','Sensacion Humectante',130.0,96.0,0.000000,0.000000,0.000000,'G','7509546032207','Palmo Jab S hum 130g');

INSERT INTO MOVIMIENTO_HISTORICO_PRODUCTO (ALMACEN_ID,PRODUCTO_ID,FECHA,TIPO_MOVIMIENTO_ID,CANTIDAD,COSTO,PRECIO,USUARIO_ID) VALUES(1,182,now(),30,96,0.000000,0.000000,'root');
INSERT INTO ALMACEN_PRODUCTO(ALMACEN_ID,PRODUCTO_ID,CANTIDAD_ACTUAL,PRECIO_VENTA) VALUES (1,182,96,0.000000);

INSERT INTO ALMACEN_PRODUCTO(ALMACEN_ID,PRODUCTO_ID,CANTIDAD_ACTUAL,PRECIO_VENTA) VALUES (2,182,0,0.000000);

INSERT INTO ALMACEN_PRODUCTO(ALMACEN_ID,PRODUCTO_ID,CANTIDAD_ACTUAL,PRECIO_VENTA) VALUES (3,182,96,0.000000);

INSERT INTO ALMACEN_PRODUCTO(ALMACEN_ID,PRODUCTO_ID,CANTIDAD_ACTUAL,PRECIO_VENTA) VALUES (4,182,0,0.000000);

INSERT INTO PROVEEDOR_PRODUCTO(PROVEEDOR_ID,PRODUCTO_ID,PRECIO_COMPRA) VALUES(6,182, 0.000000);

-- ===========PRODUCTO [183]
INSERT INTO PRODUCTO(ID,MARCA_ID,LINEA_ID,NOMBRE,PRESENTACION,CONTENIDO,UNIDADES_POR_CAJA,COSTO,COSTO_VENTA,PRECIO_BASE,UNIDAD_MEDIDA,CODIGO_BARRAS,ABREBIATURA) VALUES(183,35,11,'Colgate Pasta Dental','Total Professional Clean',125.0,72.0,0.000000,0.000000,0.000000,'ML','7509546028026','Colgat T Prof Clean 125');

INSERT INTO MOVIMIENTO_HISTORICO_PRODUCTO (ALMACEN_ID,PRODUCTO_ID,FECHA,TIPO_MOVIMIENTO_ID,CANTIDAD,COSTO,PRECIO,USUARIO_ID) VALUES(1,183,now(),30,72,0.000000,0.000000,'root');
INSERT INTO ALMACEN_PRODUCTO(ALMACEN_ID,PRODUCTO_ID,CANTIDAD_ACTUAL,PRECIO_VENTA) VALUES (1,183,72,0.000000);

INSERT INTO ALMACEN_PRODUCTO(ALMACEN_ID,PRODUCTO_ID,CANTIDAD_ACTUAL,PRECIO_VENTA) VALUES (2,183,23,13.500000);

INSERT INTO ALMACEN_PRODUCTO(ALMACEN_ID,PRODUCTO_ID,CANTIDAD_ACTUAL,PRECIO_VENTA) VALUES (3,183,72,0.000000);

INSERT INTO ALMACEN_PRODUCTO(ALMACEN_ID,PRODUCTO_ID,CANTIDAD_ACTUAL,PRECIO_VENTA) VALUES (4,183,23,13.500000);

INSERT INTO PROVEEDOR_PRODUCTO(PROVEEDOR_ID,PRODUCTO_ID,PRECIO_COMPRA) VALUES(6,183, 0.000000);

-- ===========PRODUCTO [184]
INSERT INTO PRODUCTO(ID,MARCA_ID,LINEA_ID,NOMBRE,PRESENTACION,CONTENIDO,UNIDADES_POR_CAJA,COSTO,COSTO_VENTA,PRECIO_BASE,UNIDAD_MEDIDA,CODIGO_BARRAS,ABREBIATURA) VALUES(184,35,11,'Colgate Pasta Dental','Max Fresh Clean Mint',100.0,72.0,0.000000,0.000000,0.000000,'ML','7509546016177','Colgat Clean Mi 100ml');

INSERT INTO MOVIMIENTO_HISTORICO_PRODUCTO (ALMACEN_ID,PRODUCTO_ID,FECHA,TIPO_MOVIMIENTO_ID,CANTIDAD,COSTO,PRECIO,USUARIO_ID) VALUES(1,184,now(),30,72,0.000000,0.000000,'root');
INSERT INTO ALMACEN_PRODUCTO(ALMACEN_ID,PRODUCTO_ID,CANTIDAD_ACTUAL,PRECIO_VENTA) VALUES (1,184,72,0.000000);

INSERT INTO ALMACEN_PRODUCTO(ALMACEN_ID,PRODUCTO_ID,CANTIDAD_ACTUAL,PRECIO_VENTA) VALUES (2,184,12,8.500000);

INSERT INTO ALMACEN_PRODUCTO(ALMACEN_ID,PRODUCTO_ID,CANTIDAD_ACTUAL,PRECIO_VENTA) VALUES (3,184,72,0.000000);

INSERT INTO ALMACEN_PRODUCTO(ALMACEN_ID,PRODUCTO_ID,CANTIDAD_ACTUAL,PRECIO_VENTA) VALUES (4,184,12,8.500000);

INSERT INTO PROVEEDOR_PRODUCTO(PROVEEDOR_ID,PRODUCTO_ID,PRECIO_COMPRA) VALUES(6,184, 0.000000);

-- ===========PRODUCTO [185]
INSERT INTO PRODUCTO(ID,MARCA_ID,LINEA_ID,NOMBRE,PRESENTACION,CONTENIDO,UNIDADES_POR_CAJA,COSTO,COSTO_VENTA,PRECIO_BASE,UNIDAD_MEDIDA,CODIGO_BARRAS,ABREBIATURA) VALUES(185,35,11,'Colgate Pasta Dental','Max Fresh Noche',100.0,72.0,0.000000,0.000000,0.000000,'ML','7509546037806','Colgat Frsh Noch 100ml');

INSERT INTO MOVIMIENTO_HISTORICO_PRODUCTO (ALMACEN_ID,PRODUCTO_ID,FECHA,TIPO_MOVIMIENTO_ID,CANTIDAD,COSTO,PRECIO,USUARIO_ID) VALUES(1,185,now(),30,72,0.000000,0.000000,'root');
INSERT INTO ALMACEN_PRODUCTO(ALMACEN_ID,PRODUCTO_ID,CANTIDAD_ACTUAL,PRECIO_VENTA) VALUES (1,185,72,0.000000);

INSERT INTO ALMACEN_PRODUCTO(ALMACEN_ID,PRODUCTO_ID,CANTIDAD_ACTUAL,PRECIO_VENTA) VALUES (2,185,30,8.500000);

INSERT INTO ALMACEN_PRODUCTO(ALMACEN_ID,PRODUCTO_ID,CANTIDAD_ACTUAL,PRECIO_VENTA) VALUES (3,185,72,0.000000);

INSERT INTO ALMACEN_PRODUCTO(ALMACEN_ID,PRODUCTO_ID,CANTIDAD_ACTUAL,PRECIO_VENTA) VALUES (4,185,30,8.500000);

INSERT INTO PROVEEDOR_PRODUCTO(PROVEEDOR_ID,PRODUCTO_ID,PRECIO_COMPRA) VALUES(6,185, 0.000000);

-- ===========PRODUCTO [186]
INSERT INTO PRODUCTO(ID,MARCA_ID,LINEA_ID,NOMBRE,PRESENTACION,CONTENIDO,UNIDADES_POR_CAJA,COSTO,COSTO_VENTA,PRECIO_BASE,UNIDAD_MEDIDA,CODIGO_BARRAS,ABREBIATURA) VALUES(186,35,11,'Colgate Pasta Dental','Max Fresh Kiss Me Mint',100.0,72.0,0.000000,0.000000,0.000000,'ML','7891024123171','Colgat Kiss Mint 100ml');

INSERT INTO MOVIMIENTO_HISTORICO_PRODUCTO (ALMACEN_ID,PRODUCTO_ID,FECHA,TIPO_MOVIMIENTO_ID,CANTIDAD,COSTO,PRECIO,USUARIO_ID) VALUES(1,186,now(),30,72,0.000000,0.000000,'root');
INSERT INTO ALMACEN_PRODUCTO(ALMACEN_ID,PRODUCTO_ID,CANTIDAD_ACTUAL,PRECIO_VENTA) VALUES (1,186,72,0.000000);

INSERT INTO ALMACEN_PRODUCTO(ALMACEN_ID,PRODUCTO_ID,CANTIDAD_ACTUAL,PRECIO_VENTA) VALUES (2,186,28,8.500000);

INSERT INTO ALMACEN_PRODUCTO(ALMACEN_ID,PRODUCTO_ID,CANTIDAD_ACTUAL,PRECIO_VENTA) VALUES (3,186,72,0.000000);

INSERT INTO ALMACEN_PRODUCTO(ALMACEN_ID,PRODUCTO_ID,CANTIDAD_ACTUAL,PRECIO_VENTA) VALUES (4,186,28,8.500000);

INSERT INTO PROVEEDOR_PRODUCTO(PROVEEDOR_ID,PRODUCTO_ID,PRECIO_COMPRA) VALUES(6,186, 0.000000);

-- ===========PRODUCTO [187]
INSERT INTO PRODUCTO(ID,MARCA_ID,LINEA_ID,NOMBRE,PRESENTACION,CONTENIDO,UNIDADES_POR_CAJA,COSTO,COSTO_VENTA,PRECIO_BASE,UNIDAD_MEDIDA,CODIGO_BARRAS,ABREBIATURA) VALUES(187,35,11,'Colgate Pasta Dental','Max Fresh Cool Mint',100.0,72.0,0.000000,0.000000,0.000000,'ML','7509546016160','Colgat Cool Mint 100ml');

INSERT INTO MOVIMIENTO_HISTORICO_PRODUCTO (ALMACEN_ID,PRODUCTO_ID,FECHA,TIPO_MOVIMIENTO_ID,CANTIDAD,COSTO,PRECIO,USUARIO_ID) VALUES(1,187,now(),30,72,0.000000,0.000000,'root');
INSERT INTO ALMACEN_PRODUCTO(ALMACEN_ID,PRODUCTO_ID,CANTIDAD_ACTUAL,PRECIO_VENTA) VALUES (1,187,72,0.000000);

INSERT INTO ALMACEN_PRODUCTO(ALMACEN_ID,PRODUCTO_ID,CANTIDAD_ACTUAL,PRECIO_VENTA) VALUES (2,187,56,8.500000);

INSERT INTO ALMACEN_PRODUCTO(ALMACEN_ID,PRODUCTO_ID,CANTIDAD_ACTUAL,PRECIO_VENTA) VALUES (3,187,72,0.000000);

INSERT INTO ALMACEN_PRODUCTO(ALMACEN_ID,PRODUCTO_ID,CANTIDAD_ACTUAL,PRECIO_VENTA) VALUES (4,187,56,8.500000);

INSERT INTO PROVEEDOR_PRODUCTO(PROVEEDOR_ID,PRODUCTO_ID,PRECIO_COMPRA) VALUES(6,187, 0.000000);

-- ===========PRODUCTO [188]
INSERT INTO PRODUCTO(ID,MARCA_ID,LINEA_ID,NOMBRE,PRESENTACION,CONTENIDO,UNIDADES_POR_CAJA,COSTO,COSTO_VENTA,PRECIO_BASE,UNIDAD_MEDIDA,CODIGO_BARRAS,ABREBIATURA) VALUES(188,35,11,'Colgate Pasta Dental','Total Clean Mint',100.0,72.0,0.000000,0.000000,0.000000,'ML','7501035911369','Colgat Total Cln 100ml');

INSERT INTO MOVIMIENTO_HISTORICO_PRODUCTO (ALMACEN_ID,PRODUCTO_ID,FECHA,TIPO_MOVIMIENTO_ID,CANTIDAD,COSTO,PRECIO,USUARIO_ID) VALUES(1,188,now(),30,51,0.000000,0.000000,'root');
INSERT INTO ALMACEN_PRODUCTO(ALMACEN_ID,PRODUCTO_ID,CANTIDAD_ACTUAL,PRECIO_VENTA) VALUES (1,188,51,0.000000);

INSERT INTO ALMACEN_PRODUCTO(ALMACEN_ID,PRODUCTO_ID,CANTIDAD_ACTUAL,PRECIO_VENTA) VALUES (2,188,134,9.500000);

INSERT INTO ALMACEN_PRODUCTO(ALMACEN_ID,PRODUCTO_ID,CANTIDAD_ACTUAL,PRECIO_VENTA) VALUES (3,188,51,0.000000);

INSERT INTO ALMACEN_PRODUCTO(ALMACEN_ID,PRODUCTO_ID,CANTIDAD_ACTUAL,PRECIO_VENTA) VALUES (4,188,134,9.500000);

INSERT INTO PROVEEDOR_PRODUCTO(PROVEEDOR_ID,PRODUCTO_ID,PRECIO_COMPRA) VALUES(6,188, 0.000000);

-- ===========PRODUCTO [189]
INSERT INTO PRODUCTO(ID,MARCA_ID,LINEA_ID,NOMBRE,PRESENTACION,CONTENIDO,UNIDADES_POR_CAJA,COSTO,COSTO_VENTA,PRECIO_BASE,UNIDAD_MEDIDA,CODIGO_BARRAS,ABREBIATURA) VALUES(189,35,11,'Colgate Pasta Dental','Doble Frescura',150.0,72.0,0.000000,0.000000,0.000000,'ML','7501035911079','Colgat Dobl Fresc 150m');

INSERT INTO MOVIMIENTO_HISTORICO_PRODUCTO (ALMACEN_ID,PRODUCTO_ID,FECHA,TIPO_MOVIMIENTO_ID,CANTIDAD,COSTO,PRECIO,USUARIO_ID) VALUES(1,189,now(),30,72,0.000000,0.000000,'root');
INSERT INTO ALMACEN_PRODUCTO(ALMACEN_ID,PRODUCTO_ID,CANTIDAD_ACTUAL,PRECIO_VENTA) VALUES (1,189,72,0.000000);

INSERT INTO ALMACEN_PRODUCTO(ALMACEN_ID,PRODUCTO_ID,CANTIDAD_ACTUAL,PRECIO_VENTA) VALUES (2,189,39,10.000000);

INSERT INTO ALMACEN_PRODUCTO(ALMACEN_ID,PRODUCTO_ID,CANTIDAD_ACTUAL,PRECIO_VENTA) VALUES (3,189,72,0.000000);

INSERT INTO ALMACEN_PRODUCTO(ALMACEN_ID,PRODUCTO_ID,CANTIDAD_ACTUAL,PRECIO_VENTA) VALUES (4,189,39,10.000000);

INSERT INTO PROVEEDOR_PRODUCTO(PROVEEDOR_ID,PRODUCTO_ID,PRECIO_COMPRA) VALUES(6,189, 0.000000);

-- ===========PRODUCTO [190]
INSERT INTO PRODUCTO(ID,MARCA_ID,LINEA_ID,NOMBRE,PRESENTACION,CONTENIDO,UNIDADES_POR_CAJA,COSTO,COSTO_VENTA,PRECIO_BASE,UNIDAD_MEDIDA,CODIGO_BARRAS,ABREBIATURA) VALUES(190,35,11,'Colgate Pasta Dental','Triple Accion',125.0,72.0,0.000000,0.000000,0.000000,'ML','7509546048321','Colgat Trip Acc 125ml');

INSERT INTO MOVIMIENTO_HISTORICO_PRODUCTO (ALMACEN_ID,PRODUCTO_ID,FECHA,TIPO_MOVIMIENTO_ID,CANTIDAD,COSTO,PRECIO,USUARIO_ID) VALUES(1,190,now(),30,72,0.000000,0.000000,'root');
INSERT INTO ALMACEN_PRODUCTO(ALMACEN_ID,PRODUCTO_ID,CANTIDAD_ACTUAL,PRECIO_VENTA) VALUES (1,190,72,0.000000);

INSERT INTO ALMACEN_PRODUCTO(ALMACEN_ID,PRODUCTO_ID,CANTIDAD_ACTUAL,PRECIO_VENTA) VALUES (2,190,20,8.000000);

INSERT INTO ALMACEN_PRODUCTO(ALMACEN_ID,PRODUCTO_ID,CANTIDAD_ACTUAL,PRECIO_VENTA) VALUES (3,190,72,0.000000);

INSERT INTO ALMACEN_PRODUCTO(ALMACEN_ID,PRODUCTO_ID,CANTIDAD_ACTUAL,PRECIO_VENTA) VALUES (4,190,20,8.000000);

INSERT INTO PROVEEDOR_PRODUCTO(PROVEEDOR_ID,PRODUCTO_ID,PRECIO_COMPRA) VALUES(6,190, 0.000000);

-- ===========PRODUCTO [191]
INSERT INTO PRODUCTO(ID,MARCA_ID,LINEA_ID,NOMBRE,PRESENTACION,CONTENIDO,UNIDADES_POR_CAJA,COSTO,COSTO_VENTA,PRECIO_BASE,UNIDAD_MEDIDA,CODIGO_BARRAS,ABREBIATURA) VALUES(191,35,11,'Colgate Pasta Dental Econopack 125ml','Triple Accion',2.0,36.0,0.000000,0.000000,0.000000,'pz','7509546049878','Colgat Pack Tripl 2-125');

INSERT INTO MOVIMIENTO_HISTORICO_PRODUCTO (ALMACEN_ID,PRODUCTO_ID,FECHA,TIPO_MOVIMIENTO_ID,CANTIDAD,COSTO,PRECIO,USUARIO_ID) VALUES(1,191,now(),30,36,0.000000,0.000000,'root');
INSERT INTO ALMACEN_PRODUCTO(ALMACEN_ID,PRODUCTO_ID,CANTIDAD_ACTUAL,PRECIO_VENTA) VALUES (1,191,36,0.000000);

INSERT INTO ALMACEN_PRODUCTO(ALMACEN_ID,PRODUCTO_ID,CANTIDAD_ACTUAL,PRECIO_VENTA) VALUES (2,191,16,15.000000);

INSERT INTO ALMACEN_PRODUCTO(ALMACEN_ID,PRODUCTO_ID,CANTIDAD_ACTUAL,PRECIO_VENTA) VALUES (3,191,36,0.000000);

INSERT INTO ALMACEN_PRODUCTO(ALMACEN_ID,PRODUCTO_ID,CANTIDAD_ACTUAL,PRECIO_VENTA) VALUES (4,191,16,15.000000);

INSERT INTO PROVEEDOR_PRODUCTO(PROVEEDOR_ID,PRODUCTO_ID,PRECIO_COMPRA) VALUES(6,191, 0.000000);

-- ===========PRODUCTO [192]
INSERT INTO PRODUCTO(ID,MARCA_ID,LINEA_ID,NOMBRE,PRESENTACION,CONTENIDO,UNIDADES_POR_CAJA,COSTO,COSTO_VENTA,PRECIO_BASE,UNIDAD_MEDIDA,CODIGO_BARRAS,ABREBIATURA) VALUES(192,35,11,'Colgate Pasta Dental','Doble Frescura',100.0,72.0,0.000000,0.000000,0.000000,'ML','7501035911086','Colgat Dobl Fresc 100m');

INSERT INTO MOVIMIENTO_HISTORICO_PRODUCTO (ALMACEN_ID,PRODUCTO_ID,FECHA,TIPO_MOVIMIENTO_ID,CANTIDAD,COSTO,PRECIO,USUARIO_ID) VALUES(1,192,now(),30,72,0.000000,0.000000,'root');
INSERT INTO ALMACEN_PRODUCTO(ALMACEN_ID,PRODUCTO_ID,CANTIDAD_ACTUAL,PRECIO_VENTA) VALUES (1,192,72,0.000000);

INSERT INTO ALMACEN_PRODUCTO(ALMACEN_ID,PRODUCTO_ID,CANTIDAD_ACTUAL,PRECIO_VENTA) VALUES (2,192,137,8.500000);

INSERT INTO ALMACEN_PRODUCTO(ALMACEN_ID,PRODUCTO_ID,CANTIDAD_ACTUAL,PRECIO_VENTA) VALUES (3,192,72,0.000000);

INSERT INTO ALMACEN_PRODUCTO(ALMACEN_ID,PRODUCTO_ID,CANTIDAD_ACTUAL,PRECIO_VENTA) VALUES (4,192,137,8.500000);

INSERT INTO PROVEEDOR_PRODUCTO(PROVEEDOR_ID,PRODUCTO_ID,PRECIO_COMPRA) VALUES(6,192, 0.000000);

-- ===========PRODUCTO [193]
INSERT INTO PRODUCTO(ID,MARCA_ID,LINEA_ID,NOMBRE,PRESENTACION,CONTENIDO,UNIDADES_POR_CAJA,COSTO,COSTO_VENTA,PRECIO_BASE,UNIDAD_MEDIDA,CODIGO_BARRAS,ABREBIATURA) VALUES(193,35,11,'Colgate Pasta Dental','Maxima Proteccin Anticaries',125.0,72.0,0.000000,0.000000,0.000000,'ML','7501035911024','Colgat Max Prot A 125m');

INSERT INTO MOVIMIENTO_HISTORICO_PRODUCTO (ALMACEN_ID,PRODUCTO_ID,FECHA,TIPO_MOVIMIENTO_ID,CANTIDAD,COSTO,PRECIO,USUARIO_ID) VALUES(1,193,now(),30,72,0.000000,0.000000,'root');
INSERT INTO ALMACEN_PRODUCTO(ALMACEN_ID,PRODUCTO_ID,CANTIDAD_ACTUAL,PRECIO_VENTA) VALUES (1,193,72,0.000000);

INSERT INTO ALMACEN_PRODUCTO(ALMACEN_ID,PRODUCTO_ID,CANTIDAD_ACTUAL,PRECIO_VENTA) VALUES (2,193,78,8.500000);

INSERT INTO ALMACEN_PRODUCTO(ALMACEN_ID,PRODUCTO_ID,CANTIDAD_ACTUAL,PRECIO_VENTA) VALUES (3,193,72,0.000000);

INSERT INTO ALMACEN_PRODUCTO(ALMACEN_ID,PRODUCTO_ID,CANTIDAD_ACTUAL,PRECIO_VENTA) VALUES (4,193,78,8.500000);

INSERT INTO PROVEEDOR_PRODUCTO(PROVEEDOR_ID,PRODUCTO_ID,PRECIO_COMPRA) VALUES(6,193, 0.000000);

-- ===========PRODUCTO [194]
INSERT INTO PRODUCTO(ID,MARCA_ID,LINEA_ID,NOMBRE,PRESENTACION,CONTENIDO,UNIDADES_POR_CAJA,COSTO,COSTO_VENTA,PRECIO_BASE,UNIDAD_MEDIDA,CODIGO_BARRAS,ABREBIATURA) VALUES(194,35,11,'Colgate Pasta Dental','Total Whitening',150.0,72.0,0.000000,0.000000,0.000000,'ML','7509546027999','Colgat Total Gel 150ml');

INSERT INTO MOVIMIENTO_HISTORICO_PRODUCTO (ALMACEN_ID,PRODUCTO_ID,FECHA,TIPO_MOVIMIENTO_ID,CANTIDAD,COSTO,PRECIO,USUARIO_ID) VALUES(1,194,now(),30,72,0.000000,0.000000,'root');
INSERT INTO ALMACEN_PRODUCTO(ALMACEN_ID,PRODUCTO_ID,CANTIDAD_ACTUAL,PRECIO_VENTA) VALUES (1,194,72,0.000000);

INSERT INTO ALMACEN_PRODUCTO(ALMACEN_ID,PRODUCTO_ID,CANTIDAD_ACTUAL,PRECIO_VENTA) VALUES (2,194,2,13.000000);

INSERT INTO ALMACEN_PRODUCTO(ALMACEN_ID,PRODUCTO_ID,CANTIDAD_ACTUAL,PRECIO_VENTA) VALUES (3,194,72,0.000000);

INSERT INTO ALMACEN_PRODUCTO(ALMACEN_ID,PRODUCTO_ID,CANTIDAD_ACTUAL,PRECIO_VENTA) VALUES (4,194,2,13.000000);

INSERT INTO PROVEEDOR_PRODUCTO(PROVEEDOR_ID,PRODUCTO_ID,PRECIO_COMPRA) VALUES(6,194, 0.000000);

-- ===========PRODUCTO [195]
INSERT INTO PRODUCTO(ID,MARCA_ID,LINEA_ID,NOMBRE,PRESENTACION,CONTENIDO,UNIDADES_POR_CAJA,COSTO,COSTO_VENTA,PRECIO_BASE,UNIDAD_MEDIDA,CODIGO_BARRAS,ABREBIATURA) VALUES(195,35,11,'Colgate Pasta Dental','Total Whitening',100.0,72.0,0.000000,0.000000,0.000000,'ML','7509546004792','Colgat Total Gel 100ml');

INSERT INTO MOVIMIENTO_HISTORICO_PRODUCTO (ALMACEN_ID,PRODUCTO_ID,FECHA,TIPO_MOVIMIENTO_ID,CANTIDAD,COSTO,PRECIO,USUARIO_ID) VALUES(1,195,now(),30,72,0.000000,0.000000,'root');
INSERT INTO ALMACEN_PRODUCTO(ALMACEN_ID,PRODUCTO_ID,CANTIDAD_ACTUAL,PRECIO_VENTA) VALUES (1,195,72,0.000000);

INSERT INTO ALMACEN_PRODUCTO(ALMACEN_ID,PRODUCTO_ID,CANTIDAD_ACTUAL,PRECIO_VENTA) VALUES (2,195,5,9.500000);

INSERT INTO ALMACEN_PRODUCTO(ALMACEN_ID,PRODUCTO_ID,CANTIDAD_ACTUAL,PRECIO_VENTA) VALUES (3,195,72,0.000000);

INSERT INTO ALMACEN_PRODUCTO(ALMACEN_ID,PRODUCTO_ID,CANTIDAD_ACTUAL,PRECIO_VENTA) VALUES (4,195,5,9.500000);

INSERT INTO PROVEEDOR_PRODUCTO(PROVEEDOR_ID,PRODUCTO_ID,PRECIO_COMPRA) VALUES(6,195, 0.000000);

-- ===========PRODUCTO [196]
INSERT INTO PRODUCTO(ID,MARCA_ID,LINEA_ID,NOMBRE,PRESENTACION,CONTENIDO,UNIDADES_POR_CAJA,COSTO,COSTO_VENTA,PRECIO_BASE,UNIDAD_MEDIDA,CODIGO_BARRAS,ABREBIATURA) VALUES(196,35,11,'Freska-ra Pasta Dental','Fortident',100.0,72.0,0.000000,0.000000,0.000000,'ML','7501035911062','Freskara 100ml');

INSERT INTO MOVIMIENTO_HISTORICO_PRODUCTO (ALMACEN_ID,PRODUCTO_ID,FECHA,TIPO_MOVIMIENTO_ID,CANTIDAD,COSTO,PRECIO,USUARIO_ID) VALUES(1,196,now(),30,72,0.000000,0.000000,'root');
INSERT INTO ALMACEN_PRODUCTO(ALMACEN_ID,PRODUCTO_ID,CANTIDAD_ACTUAL,PRECIO_VENTA) VALUES (1,196,72,0.000000);

INSERT INTO ALMACEN_PRODUCTO(ALMACEN_ID,PRODUCTO_ID,CANTIDAD_ACTUAL,PRECIO_VENTA) VALUES (2,196,126,6.500000);

INSERT INTO ALMACEN_PRODUCTO(ALMACEN_ID,PRODUCTO_ID,CANTIDAD_ACTUAL,PRECIO_VENTA) VALUES (3,196,72,0.000000);

INSERT INTO ALMACEN_PRODUCTO(ALMACEN_ID,PRODUCTO_ID,CANTIDAD_ACTUAL,PRECIO_VENTA) VALUES (4,196,126,6.500000);

INSERT INTO PROVEEDOR_PRODUCTO(PROVEEDOR_ID,PRODUCTO_ID,PRECIO_COMPRA) VALUES(6,196, 0.000000);

-- ===========PRODUCTO [197]
INSERT INTO PRODUCTO(ID,MARCA_ID,LINEA_ID,NOMBRE,PRESENTACION,CONTENIDO,UNIDADES_POR_CAJA,COSTO,COSTO_VENTA,PRECIO_BASE,UNIDAD_MEDIDA,CODIGO_BARRAS,ABREBIATURA) VALUES(197,35,11,'Colgate Pasta Dental','Sensitive Blanqueador',75.0,24.0,0.000000,0.000000,0.000000,'ML','7891024134429','Colgat Snstive Blanq 75');

INSERT INTO MOVIMIENTO_HISTORICO_PRODUCTO (ALMACEN_ID,PRODUCTO_ID,FECHA,TIPO_MOVIMIENTO_ID,CANTIDAD,COSTO,PRECIO,USUARIO_ID) VALUES(1,197,now(),30,24,0.000000,0.000000,'root');
INSERT INTO ALMACEN_PRODUCTO(ALMACEN_ID,PRODUCTO_ID,CANTIDAD_ACTUAL,PRECIO_VENTA) VALUES (1,197,24,0.000000);

INSERT INTO ALMACEN_PRODUCTO(ALMACEN_ID,PRODUCTO_ID,CANTIDAD_ACTUAL,PRECIO_VENTA) VALUES (2,197,3,19.000000);

INSERT INTO ALMACEN_PRODUCTO(ALMACEN_ID,PRODUCTO_ID,CANTIDAD_ACTUAL,PRECIO_VENTA) VALUES (3,197,24,0.000000);

INSERT INTO ALMACEN_PRODUCTO(ALMACEN_ID,PRODUCTO_ID,CANTIDAD_ACTUAL,PRECIO_VENTA) VALUES (4,197,3,19.000000);

INSERT INTO PROVEEDOR_PRODUCTO(PROVEEDOR_ID,PRODUCTO_ID,PRECIO_COMPRA) VALUES(6,197, 0.000000);

-- ===========PRODUCTO [198]
INSERT INTO PRODUCTO(ID,MARCA_ID,LINEA_ID,NOMBRE,PRESENTACION,CONTENIDO,UNIDADES_POR_CAJA,COSTO,COSTO_VENTA,PRECIO_BASE,UNIDAD_MEDIDA,CODIGO_BARRAS,ABREBIATURA) VALUES(198,35,11,'Colgate Pasta Dental','Triple Accin',75.0,72.0,5.754310,5.754310,8.010000,'ML','7509546000985','Colgat Trip Acc 75ml');

INSERT INTO MOVIMIENTO_HISTORICO_PRODUCTO (ALMACEN_ID,PRODUCTO_ID,FECHA,TIPO_MOVIMIENTO_ID,CANTIDAD,COSTO,PRECIO,USUARIO_ID) VALUES(1,198,now(),30,72,5.754310,8.010000,'root');
INSERT INTO ALMACEN_PRODUCTO(ALMACEN_ID,PRODUCTO_ID,CANTIDAD_ACTUAL,PRECIO_VENTA) VALUES (1,198,72,8.010000);

INSERT INTO ALMACEN_PRODUCTO(ALMACEN_ID,PRODUCTO_ID,CANTIDAD_ACTUAL,PRECIO_VENTA) VALUES (2,198,243,5.000000);

INSERT INTO ALMACEN_PRODUCTO(ALMACEN_ID,PRODUCTO_ID,CANTIDAD_ACTUAL,PRECIO_VENTA) VALUES (3,198,72,6.900000);

INSERT INTO ALMACEN_PRODUCTO(ALMACEN_ID,PRODUCTO_ID,CANTIDAD_ACTUAL,PRECIO_VENTA) VALUES (4,198,243,5.000000);

INSERT INTO PROVEEDOR_PRODUCTO(PROVEEDOR_ID,PRODUCTO_ID,PRECIO_COMPRA) VALUES(6,198, 5.754310);

-- ===========PRODUCTO [199]
INSERT INTO PRODUCTO(ID,MARCA_ID,LINEA_ID,NOMBRE,PRESENTACION,CONTENIDO,UNIDADES_POR_CAJA,COSTO,COSTO_VENTA,PRECIO_BASE,UNIDAD_MEDIDA,CODIGO_BARRAS,ABREBIATURA) VALUES(199,35,11,'Colgate Pasta Dental','Maxima Proteccin Anticaries',75.0,72.0,0.000000,0.000000,0.000000,'ML','7509546009179','Colgat Max Prot A 75m');

INSERT INTO MOVIMIENTO_HISTORICO_PRODUCTO (ALMACEN_ID,PRODUCTO_ID,FECHA,TIPO_MOVIMIENTO_ID,CANTIDAD,COSTO,PRECIO,USUARIO_ID) VALUES(1,199,now(),30,72,0.000000,0.000000,'root');
INSERT INTO ALMACEN_PRODUCTO(ALMACEN_ID,PRODUCTO_ID,CANTIDAD_ACTUAL,PRECIO_VENTA) VALUES (1,199,72,0.000000);

INSERT INTO ALMACEN_PRODUCTO(ALMACEN_ID,PRODUCTO_ID,CANTIDAD_ACTUAL,PRECIO_VENTA) VALUES (2,199,108,5.500000);

INSERT INTO ALMACEN_PRODUCTO(ALMACEN_ID,PRODUCTO_ID,CANTIDAD_ACTUAL,PRECIO_VENTA) VALUES (3,199,72,0.000000);

INSERT INTO ALMACEN_PRODUCTO(ALMACEN_ID,PRODUCTO_ID,CANTIDAD_ACTUAL,PRECIO_VENTA) VALUES (4,199,108,5.500000);

INSERT INTO PROVEEDOR_PRODUCTO(PROVEEDOR_ID,PRODUCTO_ID,PRECIO_COMPRA) VALUES(6,199, 0.000000);

-- ===========PRODUCTO [200]
INSERT INTO PRODUCTO(ID,MARCA_ID,LINEA_ID,NOMBRE,PRESENTACION,CONTENIDO,UNIDADES_POR_CAJA,COSTO,COSTO_VENTA,PRECIO_BASE,UNIDAD_MEDIDA,CODIGO_BARRAS,ABREBIATURA) VALUES(200,35,11,'Colgate Pasta Dental','Ultra Blanco',100.0,72.0,0.000000,0.000000,0.000000,'ML','7501035908727','Colgat Ultra Blanc 100');

INSERT INTO MOVIMIENTO_HISTORICO_PRODUCTO (ALMACEN_ID,PRODUCTO_ID,FECHA,TIPO_MOVIMIENTO_ID,CANTIDAD,COSTO,PRECIO,USUARIO_ID) VALUES(1,200,now(),30,72,0.000000,0.000000,'root');
INSERT INTO ALMACEN_PRODUCTO(ALMACEN_ID,PRODUCTO_ID,CANTIDAD_ACTUAL,PRECIO_VENTA) VALUES (1,200,72,0.000000);

INSERT INTO ALMACEN_PRODUCTO(ALMACEN_ID,PRODUCTO_ID,CANTIDAD_ACTUAL,PRECIO_VENTA) VALUES (2,200,32,9.500000);

INSERT INTO ALMACEN_PRODUCTO(ALMACEN_ID,PRODUCTO_ID,CANTIDAD_ACTUAL,PRECIO_VENTA) VALUES (3,200,72,0.000000);

INSERT INTO ALMACEN_PRODUCTO(ALMACEN_ID,PRODUCTO_ID,CANTIDAD_ACTUAL,PRECIO_VENTA) VALUES (4,200,32,9.500000);

INSERT INTO PROVEEDOR_PRODUCTO(PROVEEDOR_ID,PRODUCTO_ID,PRECIO_COMPRA) VALUES(6,200, 0.000000);

-- ===========PRODUCTO [201]
INSERT INTO PRODUCTO(ID,MARCA_ID,LINEA_ID,NOMBRE,PRESENTACION,CONTENIDO,UNIDADES_POR_CAJA,COSTO,COSTO_VENTA,PRECIO_BASE,UNIDAD_MEDIDA,CODIGO_BARRAS,ABREBIATURA) VALUES(201,35,11,'Colgate Pasta Dental','Total Professional whitening',125.0,72.0,0.000000,0.000000,0.000000,'ML','7509546044255','Colgat T Prof Whit 125');

INSERT INTO MOVIMIENTO_HISTORICO_PRODUCTO (ALMACEN_ID,PRODUCTO_ID,FECHA,TIPO_MOVIMIENTO_ID,CANTIDAD,COSTO,PRECIO,USUARIO_ID) VALUES(1,201,now(),30,72,0.000000,0.000000,'root');
INSERT INTO ALMACEN_PRODUCTO(ALMACEN_ID,PRODUCTO_ID,CANTIDAD_ACTUAL,PRECIO_VENTA) VALUES (1,201,72,0.000000);

INSERT INTO ALMACEN_PRODUCTO(ALMACEN_ID,PRODUCTO_ID,CANTIDAD_ACTUAL,PRECIO_VENTA) VALUES (2,201,45,13.500000);

INSERT INTO ALMACEN_PRODUCTO(ALMACEN_ID,PRODUCTO_ID,CANTIDAD_ACTUAL,PRECIO_VENTA) VALUES (3,201,72,0.000000);

INSERT INTO ALMACEN_PRODUCTO(ALMACEN_ID,PRODUCTO_ID,CANTIDAD_ACTUAL,PRECIO_VENTA) VALUES (4,201,45,13.500000);

INSERT INTO PROVEEDOR_PRODUCTO(PROVEEDOR_ID,PRODUCTO_ID,PRECIO_COMPRA) VALUES(6,201, 0.000000);

-- ===========PRODUCTO [202]
INSERT INTO PRODUCTO(ID,MARCA_ID,LINEA_ID,NOMBRE,PRESENTACION,CONTENIDO,UNIDADES_POR_CAJA,COSTO,COSTO_VENTA,PRECIO_BASE,UNIDAD_MEDIDA,CODIGO_BARRAS,ABREBIATURA) VALUES(202,20,11,'Plax Colgate Enjuague Bucal','Complete Care',500.0,12.0,26.063218,26.063218,36.280000,'ML','7891024136621','Plax Compl Care 500ml');

INSERT INTO MOVIMIENTO_HISTORICO_PRODUCTO (ALMACEN_ID,PRODUCTO_ID,FECHA,TIPO_MOVIMIENTO_ID,CANTIDAD,COSTO,PRECIO,USUARIO_ID) VALUES(1,202,now(),30,12,26.063218,36.280000,'root');
INSERT INTO ALMACEN_PRODUCTO(ALMACEN_ID,PRODUCTO_ID,CANTIDAD_ACTUAL,PRECIO_VENTA) VALUES (1,202,12,36.280000);

INSERT INTO ALMACEN_PRODUCTO(ALMACEN_ID,PRODUCTO_ID,CANTIDAD_ACTUAL,PRECIO_VENTA) VALUES (2,202,1,24.000000);

INSERT INTO ALMACEN_PRODUCTO(ALMACEN_ID,PRODUCTO_ID,CANTIDAD_ACTUAL,PRECIO_VENTA) VALUES (3,202,12,39.900000);

INSERT INTO ALMACEN_PRODUCTO(ALMACEN_ID,PRODUCTO_ID,CANTIDAD_ACTUAL,PRECIO_VENTA) VALUES (4,202,1,24.000000);

INSERT INTO PROVEEDOR_PRODUCTO(PROVEEDOR_ID,PRODUCTO_ID,PRECIO_COMPRA) VALUES(6,202, 26.063218);

-- ===========PRODUCTO [203]
INSERT INTO PRODUCTO(ID,MARCA_ID,LINEA_ID,NOMBRE,PRESENTACION,CONTENIDO,UNIDADES_POR_CAJA,COSTO,COSTO_VENTA,PRECIO_BASE,UNIDAD_MEDIDA,CODIGO_BARRAS,ABREBIATURA) VALUES(203,35,11,'Colgate Pasta Dental','Total Professional Sensitive',125.0,72.0,0.000000,0.000000,0.000000,'ML','7509546039701','Colgat T Prof Snsit 125');

INSERT INTO MOVIMIENTO_HISTORICO_PRODUCTO (ALMACEN_ID,PRODUCTO_ID,FECHA,TIPO_MOVIMIENTO_ID,CANTIDAD,COSTO,PRECIO,USUARIO_ID) VALUES(1,203,now(),30,72,0.000000,0.000000,'root');
INSERT INTO ALMACEN_PRODUCTO(ALMACEN_ID,PRODUCTO_ID,CANTIDAD_ACTUAL,PRECIO_VENTA) VALUES (1,203,72,0.000000);

INSERT INTO ALMACEN_PRODUCTO(ALMACEN_ID,PRODUCTO_ID,CANTIDAD_ACTUAL,PRECIO_VENTA) VALUES (2,203,12,13.500000);

INSERT INTO ALMACEN_PRODUCTO(ALMACEN_ID,PRODUCTO_ID,CANTIDAD_ACTUAL,PRECIO_VENTA) VALUES (3,203,72,0.000000);

INSERT INTO ALMACEN_PRODUCTO(ALMACEN_ID,PRODUCTO_ID,CANTIDAD_ACTUAL,PRECIO_VENTA) VALUES (4,203,12,13.500000);

INSERT INTO PROVEEDOR_PRODUCTO(PROVEEDOR_ID,PRODUCTO_ID,PRECIO_COMPRA) VALUES(6,203, 0.000000);

-- ===========PRODUCTO [204]
INSERT INTO PRODUCTO(ID,MARCA_ID,LINEA_ID,NOMBRE,PRESENTACION,CONTENIDO,UNIDADES_POR_CAJA,COSTO,COSTO_VENTA,PRECIO_BASE,UNIDAD_MEDIDA,CODIGO_BARRAS,ABREBIATURA) VALUES(204,35,11,'Colgate Pasta Dental EconoPack 100ml','Total Clean Mint',2.0,36.0,0.000000,0.000000,0.000000,'PZ','7509546047591','Colgat Pack Total 2-100');

INSERT INTO MOVIMIENTO_HISTORICO_PRODUCTO (ALMACEN_ID,PRODUCTO_ID,FECHA,TIPO_MOVIMIENTO_ID,CANTIDAD,COSTO,PRECIO,USUARIO_ID) VALUES(1,204,now(),30,36,0.000000,0.000000,'root');
INSERT INTO ALMACEN_PRODUCTO(ALMACEN_ID,PRODUCTO_ID,CANTIDAD_ACTUAL,PRECIO_VENTA) VALUES (1,204,36,0.000000);

INSERT INTO ALMACEN_PRODUCTO(ALMACEN_ID,PRODUCTO_ID,CANTIDAD_ACTUAL,PRECIO_VENTA) VALUES (2,204,12,17.000000);

INSERT INTO ALMACEN_PRODUCTO(ALMACEN_ID,PRODUCTO_ID,CANTIDAD_ACTUAL,PRECIO_VENTA) VALUES (3,204,36,0.000000);

INSERT INTO ALMACEN_PRODUCTO(ALMACEN_ID,PRODUCTO_ID,CANTIDAD_ACTUAL,PRECIO_VENTA) VALUES (4,204,12,17.000000);

INSERT INTO PROVEEDOR_PRODUCTO(PROVEEDOR_ID,PRODUCTO_ID,PRECIO_COMPRA) VALUES(6,204, 0.000000);

-- ===========PRODUCTO [205]
INSERT INTO PRODUCTO(ID,MARCA_ID,LINEA_ID,NOMBRE,PRESENTACION,CONTENIDO,UNIDADES_POR_CAJA,COSTO,COSTO_VENTA,PRECIO_BASE,UNIDAD_MEDIDA,CODIGO_BARRAS,ABREBIATURA) VALUES(205,36,2,'Caprice Fijador Spray Profesional','Kiwi y Lavanda',372.0,12.0,18.728448,18.728448,26.070000,'ML','7509546016108','Caprice Spray Kiwi 372');

INSERT INTO MOVIMIENTO_HISTORICO_PRODUCTO (ALMACEN_ID,PRODUCTO_ID,FECHA,TIPO_MOVIMIENTO_ID,CANTIDAD,COSTO,PRECIO,USUARIO_ID) VALUES(1,205,now(),30,24,18.728448,26.070000,'root');
INSERT INTO ALMACEN_PRODUCTO(ALMACEN_ID,PRODUCTO_ID,CANTIDAD_ACTUAL,PRECIO_VENTA) VALUES (1,205,24,26.070000);

INSERT INTO ALMACEN_PRODUCTO(ALMACEN_ID,PRODUCTO_ID,CANTIDAD_ACTUAL,PRECIO_VENTA) VALUES (2,205,20,15.000000);

INSERT INTO ALMACEN_PRODUCTO(ALMACEN_ID,PRODUCTO_ID,CANTIDAD_ACTUAL,PRECIO_VENTA) VALUES (3,205,24,23.900000);

INSERT INTO ALMACEN_PRODUCTO(ALMACEN_ID,PRODUCTO_ID,CANTIDAD_ACTUAL,PRECIO_VENTA) VALUES (4,205,20,15.000000);

INSERT INTO PROVEEDOR_PRODUCTO(PROVEEDOR_ID,PRODUCTO_ID,PRECIO_COMPRA) VALUES(6,205, 18.728448);

-- ===========PRODUCTO [206]
INSERT INTO PRODUCTO(ID,MARCA_ID,LINEA_ID,NOMBRE,PRESENTACION,CONTENIDO,UNIDADES_POR_CAJA,COSTO,COSTO_VENTA,PRECIO_BASE,UNIDAD_MEDIDA,CODIGO_BARRAS,ABREBIATURA) VALUES(206,36,2,'Caprice Fijador Spray Profesional','Extractos Sbila',372.0,12.0,18.728448,18.728448,26.070000,'ML','7509546016078','Caprice Spray Sabil 372');

INSERT INTO MOVIMIENTO_HISTORICO_PRODUCTO (ALMACEN_ID,PRODUCTO_ID,FECHA,TIPO_MOVIMIENTO_ID,CANTIDAD,COSTO,PRECIO,USUARIO_ID) VALUES(1,206,now(),30,24,18.728448,26.070000,'root');
INSERT INTO ALMACEN_PRODUCTO(ALMACEN_ID,PRODUCTO_ID,CANTIDAD_ACTUAL,PRECIO_VENTA) VALUES (1,206,24,26.070000);

INSERT INTO ALMACEN_PRODUCTO(ALMACEN_ID,PRODUCTO_ID,CANTIDAD_ACTUAL,PRECIO_VENTA) VALUES (2,206,33,15.000000);

INSERT INTO ALMACEN_PRODUCTO(ALMACEN_ID,PRODUCTO_ID,CANTIDAD_ACTUAL,PRECIO_VENTA) VALUES (3,206,24,23.900000);

INSERT INTO ALMACEN_PRODUCTO(ALMACEN_ID,PRODUCTO_ID,CANTIDAD_ACTUAL,PRECIO_VENTA) VALUES (4,206,33,15.000000);

INSERT INTO PROVEEDOR_PRODUCTO(PROVEEDOR_ID,PRODUCTO_ID,PRECIO_COMPRA) VALUES(6,206, 18.728448);

-- ===========PRODUCTO [207]
INSERT INTO PRODUCTO(ID,MARCA_ID,LINEA_ID,NOMBRE,PRESENTACION,CONTENIDO,UNIDADES_POR_CAJA,COSTO,COSTO_VENTA,PRECIO_BASE,UNIDAD_MEDIDA,CODIGO_BARRAS,ABREBIATURA) VALUES(207,36,2,'Caprice Fijador Spray Profesional','Acti Ceramidas',372.0,12.0,18.728448,18.728448,26.070000,'ML','7509546016115','Capric Spry Cerami 372');

INSERT INTO MOVIMIENTO_HISTORICO_PRODUCTO (ALMACEN_ID,PRODUCTO_ID,FECHA,TIPO_MOVIMIENTO_ID,CANTIDAD,COSTO,PRECIO,USUARIO_ID) VALUES(1,207,now(),30,24,18.728448,26.070000,'root');
INSERT INTO ALMACEN_PRODUCTO(ALMACEN_ID,PRODUCTO_ID,CANTIDAD_ACTUAL,PRECIO_VENTA) VALUES (1,207,24,26.070000);

INSERT INTO ALMACEN_PRODUCTO(ALMACEN_ID,PRODUCTO_ID,CANTIDAD_ACTUAL,PRECIO_VENTA) VALUES (2,207,37,15.000000);

INSERT INTO ALMACEN_PRODUCTO(ALMACEN_ID,PRODUCTO_ID,CANTIDAD_ACTUAL,PRECIO_VENTA) VALUES (3,207,24,23.900000);

INSERT INTO ALMACEN_PRODUCTO(ALMACEN_ID,PRODUCTO_ID,CANTIDAD_ACTUAL,PRECIO_VENTA) VALUES (4,207,37,15.000000);

INSERT INTO PROVEEDOR_PRODUCTO(PROVEEDOR_ID,PRODUCTO_ID,PRECIO_COMPRA) VALUES(6,207, 18.728448);

-- ===========PRODUCTO [208]
INSERT INTO PRODUCTO(ID,MARCA_ID,LINEA_ID,NOMBRE,PRESENTACION,CONTENIDO,UNIDADES_POR_CAJA,COSTO,COSTO_VENTA,PRECIO_BASE,UNIDAD_MEDIDA,CODIGO_BARRAS,ABREBIATURA) VALUES(208,36,2,'Caprice Fijador Spray Profesional','Extracto de Algas',372.0,12.0,18.728448,18.728448,26.070000,'ML','7509546016085','Caprice Spry Algas 372');

INSERT INTO MOVIMIENTO_HISTORICO_PRODUCTO (ALMACEN_ID,PRODUCTO_ID,FECHA,TIPO_MOVIMIENTO_ID,CANTIDAD,COSTO,PRECIO,USUARIO_ID) VALUES(1,208,now(),30,24,18.728448,26.070000,'root');
INSERT INTO ALMACEN_PRODUCTO(ALMACEN_ID,PRODUCTO_ID,CANTIDAD_ACTUAL,PRECIO_VENTA) VALUES (1,208,24,26.070000);

INSERT INTO ALMACEN_PRODUCTO(ALMACEN_ID,PRODUCTO_ID,CANTIDAD_ACTUAL,PRECIO_VENTA) VALUES (2,208,26,15.000000);

INSERT INTO ALMACEN_PRODUCTO(ALMACEN_ID,PRODUCTO_ID,CANTIDAD_ACTUAL,PRECIO_VENTA) VALUES (3,208,24,23.900000);

INSERT INTO ALMACEN_PRODUCTO(ALMACEN_ID,PRODUCTO_ID,CANTIDAD_ACTUAL,PRECIO_VENTA) VALUES (4,208,26,15.000000);

INSERT INTO PROVEEDOR_PRODUCTO(PROVEEDOR_ID,PRODUCTO_ID,PRECIO_COMPRA) VALUES(6,208, 18.728448);

-- ===========PRODUCTO [209]
INSERT INTO PRODUCTO(ID,MARCA_ID,LINEA_ID,NOMBRE,PRESENTACION,CONTENIDO,UNIDADES_POR_CAJA,COSTO,COSTO_VENTA,PRECIO_BASE,UNIDAD_MEDIDA,CODIGO_BARRAS,ABREBIATURA) VALUES(209,36,2,'Caprice Fijador Spray Profesional','Sabila',446.0,12.0,0.000000,0.000000,0.000000,'ML','7509546020877','Capric Spray Sabila 446');

INSERT INTO MOVIMIENTO_HISTORICO_PRODUCTO (ALMACEN_ID,PRODUCTO_ID,FECHA,TIPO_MOVIMIENTO_ID,CANTIDAD,COSTO,PRECIO,USUARIO_ID) VALUES(1,209,now(),30,0,0.000000,0.000000,'root');
INSERT INTO ALMACEN_PRODUCTO(ALMACEN_ID,PRODUCTO_ID,CANTIDAD_ACTUAL,PRECIO_VENTA) VALUES (1,209,0,0.000000);

INSERT INTO ALMACEN_PRODUCTO(ALMACEN_ID,PRODUCTO_ID,CANTIDAD_ACTUAL,PRECIO_VENTA) VALUES (2,209,0,0.000000);

INSERT INTO PROVEEDOR_PRODUCTO(PROVEEDOR_ID,PRODUCTO_ID,PRECIO_COMPRA) VALUES(6,209, 0.000000);

-- ===========PRODUCTO [210]
INSERT INTO PRODUCTO(ID,MARCA_ID,LINEA_ID,NOMBRE,PRESENTACION,CONTENIDO,UNIDADES_POR_CAJA,COSTO,COSTO_VENTA,PRECIO_BASE,UNIDAD_MEDIDA,CODIGO_BARRAS,ABREBIATURA) VALUES(210,36,2,'Caprice Fijador Spray Profesional','Extracto de Algas',446.0,12.0,0.000000,0.000000,0.000000,'ML','7509546020884','Caprice Spry Algas 446');

INSERT INTO MOVIMIENTO_HISTORICO_PRODUCTO (ALMACEN_ID,PRODUCTO_ID,FECHA,TIPO_MOVIMIENTO_ID,CANTIDAD,COSTO,PRECIO,USUARIO_ID) VALUES(1,210,now(),30,0,0.000000,0.000000,'root');
INSERT INTO ALMACEN_PRODUCTO(ALMACEN_ID,PRODUCTO_ID,CANTIDAD_ACTUAL,PRECIO_VENTA) VALUES (1,210,0,0.000000);

INSERT INTO ALMACEN_PRODUCTO(ALMACEN_ID,PRODUCTO_ID,CANTIDAD_ACTUAL,PRECIO_VENTA) VALUES (2,210,0,0.000000);

INSERT INTO PROVEEDOR_PRODUCTO(PROVEEDOR_ID,PRODUCTO_ID,PRECIO_COMPRA) VALUES(6,210, 0.000000);

-- ===========PRODUCTO [211]
INSERT INTO PRODUCTO(ID,MARCA_ID,LINEA_ID,NOMBRE,PRESENTACION,CONTENIDO,UNIDADES_POR_CAJA,COSTO,COSTO_VENTA,PRECIO_BASE,UNIDAD_MEDIDA,CODIGO_BARRAS,ABREBIATURA) VALUES(211,36,2,'Caprice Fijador Spray Profesional','Acti Ceramidas',446.0,12.0,0.000000,0.000000,0.000000,'ML','7509546020891','Capric Spry Cerami 446');

INSERT INTO MOVIMIENTO_HISTORICO_PRODUCTO (ALMACEN_ID,PRODUCTO_ID,FECHA,TIPO_MOVIMIENTO_ID,CANTIDAD,COSTO,PRECIO,USUARIO_ID) VALUES(1,211,now(),30,0,0.000000,0.000000,'root');
INSERT INTO ALMACEN_PRODUCTO(ALMACEN_ID,PRODUCTO_ID,CANTIDAD_ACTUAL,PRECIO_VENTA) VALUES (1,211,0,0.000000);

INSERT INTO ALMACEN_PRODUCTO(ALMACEN_ID,PRODUCTO_ID,CANTIDAD_ACTUAL,PRECIO_VENTA) VALUES (2,211,0,0.000000);

INSERT INTO PROVEEDOR_PRODUCTO(PROVEEDOR_ID,PRODUCTO_ID,PRECIO_COMPRA) VALUES(6,211, 0.000000);

-- ===========PRODUCTO [212]
INSERT INTO PRODUCTO(ID,MARCA_ID,LINEA_ID,NOMBRE,PRESENTACION,CONTENIDO,UNIDADES_POR_CAJA,COSTO,COSTO_VENTA,PRECIO_BASE,UNIDAD_MEDIDA,CODIGO_BARRAS,ABREBIATURA) VALUES(212,20,11,'Plax Colgate Enjuague Bucal','Whitening',500.0,12.0,26.063218,26.063218,36.280000,'ML','7891024136386','Plax Whitening 500ml');

INSERT INTO MOVIMIENTO_HISTORICO_PRODUCTO (ALMACEN_ID,PRODUCTO_ID,FECHA,TIPO_MOVIMIENTO_ID,CANTIDAD,COSTO,PRECIO,USUARIO_ID) VALUES(1,212,now(),30,12,26.063218,36.280000,'root');
INSERT INTO ALMACEN_PRODUCTO(ALMACEN_ID,PRODUCTO_ID,CANTIDAD_ACTUAL,PRECIO_VENTA) VALUES (1,212,12,36.280000);

INSERT INTO ALMACEN_PRODUCTO(ALMACEN_ID,PRODUCTO_ID,CANTIDAD_ACTUAL,PRECIO_VENTA) VALUES (2,212,0,0.000000);

INSERT INTO ALMACEN_PRODUCTO(ALMACEN_ID,PRODUCTO_ID,CANTIDAD_ACTUAL,PRECIO_VENTA) VALUES (3,212,12,39.900000);

INSERT INTO ALMACEN_PRODUCTO(ALMACEN_ID,PRODUCTO_ID,CANTIDAD_ACTUAL,PRECIO_VENTA) VALUES (4,212,0,0.000000);

INSERT INTO PROVEEDOR_PRODUCTO(PROVEEDOR_ID,PRODUCTO_ID,PRECIO_COMPRA) VALUES(6,212, 26.063218);

-- ===========PRODUCTO [213]
INSERT INTO PRODUCTO(ID,MARCA_ID,LINEA_ID,NOMBRE,PRESENTACION,CONTENIDO,UNIDADES_POR_CAJA,COSTO,COSTO_VENTA,PRECIO_BASE,UNIDAD_MEDIDA,CODIGO_BARRAS,ABREBIATURA) VALUES(213,20,11,'Plax Colgate Enjuague Bucal','Whitening Sarro',500.0,12.0,26.063218,26.063218,36.280000,'ML','7891024179666','Plax Whit Sarro 500ml');

INSERT INTO MOVIMIENTO_HISTORICO_PRODUCTO (ALMACEN_ID,PRODUCTO_ID,FECHA,TIPO_MOVIMIENTO_ID,CANTIDAD,COSTO,PRECIO,USUARIO_ID) VALUES(1,213,now(),30,12,26.063218,36.280000,'root');
INSERT INTO ALMACEN_PRODUCTO(ALMACEN_ID,PRODUCTO_ID,CANTIDAD_ACTUAL,PRECIO_VENTA) VALUES (1,213,12,36.280000);

INSERT INTO ALMACEN_PRODUCTO(ALMACEN_ID,PRODUCTO_ID,CANTIDAD_ACTUAL,PRECIO_VENTA) VALUES (2,213,0,0.000000);

INSERT INTO ALMACEN_PRODUCTO(ALMACEN_ID,PRODUCTO_ID,CANTIDAD_ACTUAL,PRECIO_VENTA) VALUES (3,213,12,39.900000);

INSERT INTO ALMACEN_PRODUCTO(ALMACEN_ID,PRODUCTO_ID,CANTIDAD_ACTUAL,PRECIO_VENTA) VALUES (4,213,0,0.000000);

INSERT INTO PROVEEDOR_PRODUCTO(PROVEEDOR_ID,PRODUCTO_ID,PRECIO_COMPRA) VALUES(6,213, 26.063218);

-- ===========PRODUCTO [214]
INSERT INTO PRODUCTO(ID,MARCA_ID,LINEA_ID,NOMBRE,PRESENTACION,CONTENIDO,UNIDADES_POR_CAJA,COSTO,COSTO_VENTA,PRECIO_BASE,UNIDAD_MEDIDA,CODIGO_BARRAS,ABREBIATURA) VALUES(214,20,11,'Plax Colgate Enjuague Bucal','Sin Alcohol',500.0,12.0,26.063218,26.063218,36.280000,'ML','7891024130063','Plax Sin Alcohol 500ml');

INSERT INTO MOVIMIENTO_HISTORICO_PRODUCTO (ALMACEN_ID,PRODUCTO_ID,FECHA,TIPO_MOVIMIENTO_ID,CANTIDAD,COSTO,PRECIO,USUARIO_ID) VALUES(1,214,now(),30,12,26.063218,36.280000,'root');
INSERT INTO ALMACEN_PRODUCTO(ALMACEN_ID,PRODUCTO_ID,CANTIDAD_ACTUAL,PRECIO_VENTA) VALUES (1,214,12,36.280000);

INSERT INTO ALMACEN_PRODUCTO(ALMACEN_ID,PRODUCTO_ID,CANTIDAD_ACTUAL,PRECIO_VENTA) VALUES (2,214,0,0.000000);

INSERT INTO ALMACEN_PRODUCTO(ALMACEN_ID,PRODUCTO_ID,CANTIDAD_ACTUAL,PRECIO_VENTA) VALUES (3,214,12,39.900000);

INSERT INTO ALMACEN_PRODUCTO(ALMACEN_ID,PRODUCTO_ID,CANTIDAD_ACTUAL,PRECIO_VENTA) VALUES (4,214,0,0.000000);

INSERT INTO PROVEEDOR_PRODUCTO(PROVEEDOR_ID,PRODUCTO_ID,PRECIO_COMPRA) VALUES(6,214, 26.063218);

-- ===========PRODUCTO [215]
INSERT INTO PRODUCTO(ID,MARCA_ID,LINEA_ID,NOMBRE,PRESENTACION,CONTENIDO,UNIDADES_POR_CAJA,COSTO,COSTO_VENTA,PRECIO_BASE,UNIDAD_MEDIDA,CODIGO_BARRAS,ABREBIATURA) VALUES(215,20,11,'Plax Colgate Enjuague Bucal','Menta Fresh Mint',250.0,24.0,16.724138,16.724138,23.280000,'ML','7891024130308','Plax Fresh Mint 250ml');

INSERT INTO MOVIMIENTO_HISTORICO_PRODUCTO (ALMACEN_ID,PRODUCTO_ID,FECHA,TIPO_MOVIMIENTO_ID,CANTIDAD,COSTO,PRECIO,USUARIO_ID) VALUES(1,215,now(),30,24,16.724138,23.280000,'root');
INSERT INTO ALMACEN_PRODUCTO(ALMACEN_ID,PRODUCTO_ID,CANTIDAD_ACTUAL,PRECIO_VENTA) VALUES (1,215,24,23.280000);

INSERT INTO ALMACEN_PRODUCTO(ALMACEN_ID,PRODUCTO_ID,CANTIDAD_ACTUAL,PRECIO_VENTA) VALUES (2,215,0,0.000000);

INSERT INTO ALMACEN_PRODUCTO(ALMACEN_ID,PRODUCTO_ID,CANTIDAD_ACTUAL,PRECIO_VENTA) VALUES (3,215,24,24.900000);

INSERT INTO ALMACEN_PRODUCTO(ALMACEN_ID,PRODUCTO_ID,CANTIDAD_ACTUAL,PRECIO_VENTA) VALUES (4,215,0,0.000000);

INSERT INTO PROVEEDOR_PRODUCTO(PROVEEDOR_ID,PRODUCTO_ID,PRECIO_COMPRA) VALUES(6,215, 16.724138);

-- ===========PRODUCTO [216]
INSERT INTO PRODUCTO(ID,MARCA_ID,LINEA_ID,NOMBRE,PRESENTACION,CONTENIDO,UNIDADES_POR_CAJA,COSTO,COSTO_VENTA,PRECIO_BASE,UNIDAD_MEDIDA,CODIGO_BARRAS,ABREBIATURA) VALUES(216,20,11,'Plax Colgate Enjuague Bucal','Whitening',250.0,24.0,16.724138,16.724138,23.280000,'ML','7891024136379','Plax Whitening 250ml');

INSERT INTO MOVIMIENTO_HISTORICO_PRODUCTO (ALMACEN_ID,PRODUCTO_ID,FECHA,TIPO_MOVIMIENTO_ID,CANTIDAD,COSTO,PRECIO,USUARIO_ID) VALUES(1,216,now(),30,24,16.724138,23.280000,'root');
INSERT INTO ALMACEN_PRODUCTO(ALMACEN_ID,PRODUCTO_ID,CANTIDAD_ACTUAL,PRECIO_VENTA) VALUES (1,216,24,23.280000);

INSERT INTO ALMACEN_PRODUCTO(ALMACEN_ID,PRODUCTO_ID,CANTIDAD_ACTUAL,PRECIO_VENTA) VALUES (2,216,3,14.500000);

INSERT INTO ALMACEN_PRODUCTO(ALMACEN_ID,PRODUCTO_ID,CANTIDAD_ACTUAL,PRECIO_VENTA) VALUES (3,216,24,24.900000);

INSERT INTO ALMACEN_PRODUCTO(ALMACEN_ID,PRODUCTO_ID,CANTIDAD_ACTUAL,PRECIO_VENTA) VALUES (4,216,3,14.500000);

INSERT INTO PROVEEDOR_PRODUCTO(PROVEEDOR_ID,PRODUCTO_ID,PRECIO_COMPRA) VALUES(6,216, 16.724138);

-- ===========PRODUCTO [217]
INSERT INTO PRODUCTO(ID,MARCA_ID,LINEA_ID,NOMBRE,PRESENTACION,CONTENIDO,UNIDADES_POR_CAJA,COSTO,COSTO_VENTA,PRECIO_BASE,UNIDAD_MEDIDA,CODIGO_BARRAS,ABREBIATURA) VALUES(217,20,11,'Plax Colgate Enjuague Bucal','Sin Alcohol',250.0,24.0,16.724138,16.724138,23.280000,'ML','7891024130094','Plax Sin Alcohol 250ml');

INSERT INTO MOVIMIENTO_HISTORICO_PRODUCTO (ALMACEN_ID,PRODUCTO_ID,FECHA,TIPO_MOVIMIENTO_ID,CANTIDAD,COSTO,PRECIO,USUARIO_ID) VALUES(1,217,now(),30,24,16.724138,23.280000,'root');
INSERT INTO ALMACEN_PRODUCTO(ALMACEN_ID,PRODUCTO_ID,CANTIDAD_ACTUAL,PRECIO_VENTA) VALUES (1,217,24,23.280000);

INSERT INTO ALMACEN_PRODUCTO(ALMACEN_ID,PRODUCTO_ID,CANTIDAD_ACTUAL,PRECIO_VENTA) VALUES (2,217,0,0.000000);

INSERT INTO ALMACEN_PRODUCTO(ALMACEN_ID,PRODUCTO_ID,CANTIDAD_ACTUAL,PRECIO_VENTA) VALUES (3,217,24,24.900000);

INSERT INTO ALMACEN_PRODUCTO(ALMACEN_ID,PRODUCTO_ID,CANTIDAD_ACTUAL,PRECIO_VENTA) VALUES (4,217,0,0.000000);

INSERT INTO PROVEEDOR_PRODUCTO(PROVEEDOR_ID,PRODUCTO_ID,PRECIO_COMPRA) VALUES(6,217, 16.724138);

-- ===========PRODUCTO [218]
INSERT INTO PRODUCTO(ID,MARCA_ID,LINEA_ID,NOMBRE,PRESENTACION,CONTENIDO,UNIDADES_POR_CAJA,COSTO,COSTO_VENTA,PRECIO_BASE,UNIDAD_MEDIDA,CODIGO_BARRAS,ABREBIATURA) VALUES(218,20,11,'Plax Colgate Enjuague Bucal','Kids Bob Sponja',250.0,24.0,16.724138,16.724138,23.280000,'ML','7891024136201','Plax Kids Bob Sp 250ml');

INSERT INTO MOVIMIENTO_HISTORICO_PRODUCTO (ALMACEN_ID,PRODUCTO_ID,FECHA,TIPO_MOVIMIENTO_ID,CANTIDAD,COSTO,PRECIO,USUARIO_ID) VALUES(1,218,now(),30,24,16.724138,23.280000,'root');
INSERT INTO ALMACEN_PRODUCTO(ALMACEN_ID,PRODUCTO_ID,CANTIDAD_ACTUAL,PRECIO_VENTA) VALUES (1,218,24,23.280000);

INSERT INTO ALMACEN_PRODUCTO(ALMACEN_ID,PRODUCTO_ID,CANTIDAD_ACTUAL,PRECIO_VENTA) VALUES (2,218,0,0.000000);

INSERT INTO ALMACEN_PRODUCTO(ALMACEN_ID,PRODUCTO_ID,CANTIDAD_ACTUAL,PRECIO_VENTA) VALUES (3,218,24,24.900000);

INSERT INTO ALMACEN_PRODUCTO(ALMACEN_ID,PRODUCTO_ID,CANTIDAD_ACTUAL,PRECIO_VENTA) VALUES (4,218,0,0.000000);

INSERT INTO PROVEEDOR_PRODUCTO(PROVEEDOR_ID,PRODUCTO_ID,PRECIO_COMPRA) VALUES(6,218, 16.724138);

-- ===========PRODUCTO [219]
INSERT INTO PRODUCTO(ID,MARCA_ID,LINEA_ID,NOMBRE,PRESENTACION,CONTENIDO,UNIDADES_POR_CAJA,COSTO,COSTO_VENTA,PRECIO_BASE,UNIDAD_MEDIDA,CODIGO_BARRAS,ABREBIATURA) VALUES(219,20,11,'Plax Colgate Enjuague Bucal','Whitening Sarro',250.0,12.0,16.724138,16.724138,23.280000,'ML','7891024179659','Plax Whit Sarro 250ml');

INSERT INTO MOVIMIENTO_HISTORICO_PRODUCTO (ALMACEN_ID,PRODUCTO_ID,FECHA,TIPO_MOVIMIENTO_ID,CANTIDAD,COSTO,PRECIO,USUARIO_ID) VALUES(1,219,now(),30,12,16.724138,23.280000,'root');
INSERT INTO ALMACEN_PRODUCTO(ALMACEN_ID,PRODUCTO_ID,CANTIDAD_ACTUAL,PRECIO_VENTA) VALUES (1,219,12,23.280000);

INSERT INTO ALMACEN_PRODUCTO(ALMACEN_ID,PRODUCTO_ID,CANTIDAD_ACTUAL,PRECIO_VENTA) VALUES (2,219,0,0.000000);

INSERT INTO ALMACEN_PRODUCTO(ALMACEN_ID,PRODUCTO_ID,CANTIDAD_ACTUAL,PRECIO_VENTA) VALUES (3,219,12,24.900000);

INSERT INTO ALMACEN_PRODUCTO(ALMACEN_ID,PRODUCTO_ID,CANTIDAD_ACTUAL,PRECIO_VENTA) VALUES (4,219,0,0.000000);

INSERT INTO PROVEEDOR_PRODUCTO(PROVEEDOR_ID,PRODUCTO_ID,PRECIO_COMPRA) VALUES(6,219, 16.724138);

-- ===========PRODUCTO [220]
INSERT INTO PRODUCTO(ID,MARCA_ID,LINEA_ID,NOMBRE,PRESENTACION,CONTENIDO,UNIDADES_POR_CAJA,COSTO,COSTO_VENTA,PRECIO_BASE,UNIDAD_MEDIDA,CODIGO_BARRAS,ABREBIATURA) VALUES(220,20,11,'Plax Colgate Enjuague Bucal','Ice',250.0,24.0,16.724138,16.724138,23.280000,'ML','7891024136096','Plax Ice 250ml');

INSERT INTO MOVIMIENTO_HISTORICO_PRODUCTO (ALMACEN_ID,PRODUCTO_ID,FECHA,TIPO_MOVIMIENTO_ID,CANTIDAD,COSTO,PRECIO,USUARIO_ID) VALUES(1,220,now(),30,24,16.724138,23.280000,'root');
INSERT INTO ALMACEN_PRODUCTO(ALMACEN_ID,PRODUCTO_ID,CANTIDAD_ACTUAL,PRECIO_VENTA) VALUES (1,220,24,23.280000);

INSERT INTO ALMACEN_PRODUCTO(ALMACEN_ID,PRODUCTO_ID,CANTIDAD_ACTUAL,PRECIO_VENTA) VALUES (2,220,1,14.500000);

INSERT INTO ALMACEN_PRODUCTO(ALMACEN_ID,PRODUCTO_ID,CANTIDAD_ACTUAL,PRECIO_VENTA) VALUES (3,220,24,24.900000);

INSERT INTO ALMACEN_PRODUCTO(ALMACEN_ID,PRODUCTO_ID,CANTIDAD_ACTUAL,PRECIO_VENTA) VALUES (4,220,1,14.500000);

INSERT INTO PROVEEDOR_PRODUCTO(PROVEEDOR_ID,PRODUCTO_ID,PRECIO_COMPRA) VALUES(6,220, 16.724138);

-- ===========PRODUCTO [221]
INSERT INTO PRODUCTO(ID,MARCA_ID,LINEA_ID,NOMBRE,PRESENTACION,CONTENIDO,UNIDADES_POR_CAJA,COSTO,COSTO_VENTA,PRECIO_BASE,UNIDAD_MEDIDA,CODIGO_BARRAS,ABREBIATURA) VALUES(221,20,11,'Plax Colgate Enjuague Bucal','Sensitive',250.0,12.0,16.724138,16.724138,23.280000,'ML','7891024136591','Plax Sensitive 250ml');

INSERT INTO MOVIMIENTO_HISTORICO_PRODUCTO (ALMACEN_ID,PRODUCTO_ID,FECHA,TIPO_MOVIMIENTO_ID,CANTIDAD,COSTO,PRECIO,USUARIO_ID) VALUES(1,221,now(),30,12,16.724138,23.280000,'root');
INSERT INTO ALMACEN_PRODUCTO(ALMACEN_ID,PRODUCTO_ID,CANTIDAD_ACTUAL,PRECIO_VENTA) VALUES (1,221,12,23.280000);

INSERT INTO ALMACEN_PRODUCTO(ALMACEN_ID,PRODUCTO_ID,CANTIDAD_ACTUAL,PRECIO_VENTA) VALUES (2,221,0,0.000000);

INSERT INTO ALMACEN_PRODUCTO(ALMACEN_ID,PRODUCTO_ID,CANTIDAD_ACTUAL,PRECIO_VENTA) VALUES (3,221,12,24.900000);

INSERT INTO ALMACEN_PRODUCTO(ALMACEN_ID,PRODUCTO_ID,CANTIDAD_ACTUAL,PRECIO_VENTA) VALUES (4,221,0,0.000000);

INSERT INTO PROVEEDOR_PRODUCTO(PROVEEDOR_ID,PRODUCTO_ID,PRECIO_COMPRA) VALUES(6,221, 16.724138);

-- ===========PRODUCTO [222]
INSERT INTO PRODUCTO(ID,MARCA_ID,LINEA_ID,NOMBRE,PRESENTACION,CONTENIDO,UNIDADES_POR_CAJA,COSTO,COSTO_VENTA,PRECIO_BASE,UNIDAD_MEDIDA,CODIGO_BARRAS,ABREBIATURA) VALUES(222,20,11,'Plax Colgate Enjuague Bucal','Complete Care',250.0,12.0,16.724138,16.724138,23.280000,'ML','7891024136614','Plax Compl Care 250ml');

INSERT INTO MOVIMIENTO_HISTORICO_PRODUCTO (ALMACEN_ID,PRODUCTO_ID,FECHA,TIPO_MOVIMIENTO_ID,CANTIDAD,COSTO,PRECIO,USUARIO_ID) VALUES(1,222,now(),30,12,16.724138,23.280000,'root');
INSERT INTO ALMACEN_PRODUCTO(ALMACEN_ID,PRODUCTO_ID,CANTIDAD_ACTUAL,PRECIO_VENTA) VALUES (1,222,12,23.280000);

INSERT INTO ALMACEN_PRODUCTO(ALMACEN_ID,PRODUCTO_ID,CANTIDAD_ACTUAL,PRECIO_VENTA) VALUES (2,222,0,0.000000);

INSERT INTO ALMACEN_PRODUCTO(ALMACEN_ID,PRODUCTO_ID,CANTIDAD_ACTUAL,PRECIO_VENTA) VALUES (3,222,12,24.900000);

INSERT INTO ALMACEN_PRODUCTO(ALMACEN_ID,PRODUCTO_ID,CANTIDAD_ACTUAL,PRECIO_VENTA) VALUES (4,222,0,0.000000);

INSERT INTO PROVEEDOR_PRODUCTO(PROVEEDOR_ID,PRODUCTO_ID,PRECIO_COMPRA) VALUES(6,222, 16.724138);

-- ===========PRODUCTO [223]
INSERT INTO PRODUCTO(ID,MARCA_ID,LINEA_ID,NOMBRE,PRESENTACION,CONTENIDO,UNIDADES_POR_CAJA,COSTO,COSTO_VENTA,PRECIO_BASE,UNIDAD_MEDIDA,CODIGO_BARRAS,ABREBIATURA) VALUES(223,20,11,'Plax Colgate Enjuague Bucal','Luminous White',250.0,12.0,0.000000,0.000000,0.000000,'ML','7891024179420','Plax Luminuos 250ml');

INSERT INTO MOVIMIENTO_HISTORICO_PRODUCTO (ALMACEN_ID,PRODUCTO_ID,FECHA,TIPO_MOVIMIENTO_ID,CANTIDAD,COSTO,PRECIO,USUARIO_ID) VALUES(1,223,now(),30,14,0.000000,0.000000,'root');
INSERT INTO ALMACEN_PRODUCTO(ALMACEN_ID,PRODUCTO_ID,CANTIDAD_ACTUAL,PRECIO_VENTA) VALUES (1,223,14,0.000000);

INSERT INTO ALMACEN_PRODUCTO(ALMACEN_ID,PRODUCTO_ID,CANTIDAD_ACTUAL,PRECIO_VENTA) VALUES (2,223,0,0.000000);

INSERT INTO ALMACEN_PRODUCTO(ALMACEN_ID,PRODUCTO_ID,CANTIDAD_ACTUAL,PRECIO_VENTA) VALUES (3,223,14,28.900000);

INSERT INTO ALMACEN_PRODUCTO(ALMACEN_ID,PRODUCTO_ID,CANTIDAD_ACTUAL,PRECIO_VENTA) VALUES (4,223,0,0.000000);

INSERT INTO PROVEEDOR_PRODUCTO(PROVEEDOR_ID,PRODUCTO_ID,PRECIO_COMPRA) VALUES(6,223, 0.000000);

-- ===========PRODUCTO [224]
INSERT INTO PRODUCTO(ID,MARCA_ID,LINEA_ID,NOMBRE,PRESENTACION,CONTENIDO,UNIDADES_POR_CAJA,COSTO,COSTO_VENTA,PRECIO_BASE,UNIDAD_MEDIDA,CODIGO_BARRAS,ABREBIATURA) VALUES(224,20,11,'Colgate Plax Enjuague Bucal','Ice',60.0,144.0,0.000000,0.000000,0.000000,'ML','7891024136089','Plax Ice 60ml');

INSERT INTO MOVIMIENTO_HISTORICO_PRODUCTO (ALMACEN_ID,PRODUCTO_ID,FECHA,TIPO_MOVIMIENTO_ID,CANTIDAD,COSTO,PRECIO,USUARIO_ID) VALUES(1,224,now(),30,18,0.000000,0.000000,'root');
INSERT INTO ALMACEN_PRODUCTO(ALMACEN_ID,PRODUCTO_ID,CANTIDAD_ACTUAL,PRECIO_VENTA) VALUES (1,224,18,0.000000);

INSERT INTO ALMACEN_PRODUCTO(ALMACEN_ID,PRODUCTO_ID,CANTIDAD_ACTUAL,PRECIO_VENTA) VALUES (2,224,0,0.000000);

INSERT INTO ALMACEN_PRODUCTO(ALMACEN_ID,PRODUCTO_ID,CANTIDAD_ACTUAL,PRECIO_VENTA) VALUES (3,224,18,0.000000);

INSERT INTO ALMACEN_PRODUCTO(ALMACEN_ID,PRODUCTO_ID,CANTIDAD_ACTUAL,PRECIO_VENTA) VALUES (4,224,0,0.000000);

INSERT INTO PROVEEDOR_PRODUCTO(PROVEEDOR_ID,PRODUCTO_ID,PRECIO_COMPRA) VALUES(6,224, 0.000000);

-- ===========PRODUCTO [225]
INSERT INTO PRODUCTO(ID,MARCA_ID,LINEA_ID,NOMBRE,PRESENTACION,CONTENIDO,UNIDADES_POR_CAJA,COSTO,COSTO_VENTA,PRECIO_BASE,UNIDAD_MEDIDA,CODIGO_BARRAS,ABREBIATURA) VALUES(225,35,11,'Cepillo Dental Colgate','Premier Clean',1.0,6.0,0.000000,0.000000,0.000000,'PZ','6910021007206','Colgat Prem Clean 1Pz');

INSERT INTO MOVIMIENTO_HISTORICO_PRODUCTO (ALMACEN_ID,PRODUCTO_ID,FECHA,TIPO_MOVIMIENTO_ID,CANTIDAD,COSTO,PRECIO,USUARIO_ID) VALUES(1,225,now(),30,54,0.000000,0.000000,'root');
INSERT INTO ALMACEN_PRODUCTO(ALMACEN_ID,PRODUCTO_ID,CANTIDAD_ACTUAL,PRECIO_VENTA) VALUES (1,225,54,0.000000);

INSERT INTO ALMACEN_PRODUCTO(ALMACEN_ID,PRODUCTO_ID,CANTIDAD_ACTUAL,PRECIO_VENTA) VALUES (2,225,0,0.000000);

INSERT INTO ALMACEN_PRODUCTO(ALMACEN_ID,PRODUCTO_ID,CANTIDAD_ACTUAL,PRECIO_VENTA) VALUES (3,225,54,0.000000);

INSERT INTO ALMACEN_PRODUCTO(ALMACEN_ID,PRODUCTO_ID,CANTIDAD_ACTUAL,PRECIO_VENTA) VALUES (4,225,0,0.000000);

INSERT INTO PROVEEDOR_PRODUCTO(PROVEEDOR_ID,PRODUCTO_ID,PRECIO_COMPRA) VALUES(6,225, 0.000000);

-- ===========PRODUCTO [226]
INSERT INTO PRODUCTO(ID,MARCA_ID,LINEA_ID,NOMBRE,PRESENTACION,CONTENIDO,UNIDADES_POR_CAJA,COSTO,COSTO_VENTA,PRECIO_BASE,UNIDAD_MEDIDA,CODIGO_BARRAS,ABREBIATURA) VALUES(226,35,11,'Colgate Pasta Dental','Triple Accin',100.0,72.0,0.000000,0.000000,0.000000,'ML','7509546000343','Colgat Trip Acc 100ml');

INSERT INTO MOVIMIENTO_HISTORICO_PRODUCTO (ALMACEN_ID,PRODUCTO_ID,FECHA,TIPO_MOVIMIENTO_ID,CANTIDAD,COSTO,PRECIO,USUARIO_ID) VALUES(1,226,now(),30,72,0.000000,0.000000,'root');
INSERT INTO ALMACEN_PRODUCTO(ALMACEN_ID,PRODUCTO_ID,CANTIDAD_ACTUAL,PRECIO_VENTA) VALUES (1,226,72,0.000000);

INSERT INTO ALMACEN_PRODUCTO(ALMACEN_ID,PRODUCTO_ID,CANTIDAD_ACTUAL,PRECIO_VENTA) VALUES (2,226,405,6.000000);

INSERT INTO ALMACEN_PRODUCTO(ALMACEN_ID,PRODUCTO_ID,CANTIDAD_ACTUAL,PRECIO_VENTA) VALUES (3,226,72,0.000000);

INSERT INTO ALMACEN_PRODUCTO(ALMACEN_ID,PRODUCTO_ID,CANTIDAD_ACTUAL,PRECIO_VENTA) VALUES (4,226,405,6.000000);

INSERT INTO PROVEEDOR_PRODUCTO(PROVEEDOR_ID,PRODUCTO_ID,PRECIO_COMPRA) VALUES(6,226, 0.000000);

-- ===========PRODUCTO [227]
INSERT INTO PRODUCTO(ID,MARCA_ID,LINEA_ID,NOMBRE,PRESENTACION,CONTENIDO,UNIDADES_POR_CAJA,COSTO,COSTO_VENTA,PRECIO_BASE,UNIDAD_MEDIDA,CODIGO_BARRAS,ABREBIATURA) VALUES(227,35,11,'Colgate Pasta Dental EconoPack 100ml','Triple Accin',2.0,36.0,0.000000,0.000000,0.000000,'PZ','7509546047188','Colgat Pack Tripl 2-100');

INSERT INTO MOVIMIENTO_HISTORICO_PRODUCTO (ALMACEN_ID,PRODUCTO_ID,FECHA,TIPO_MOVIMIENTO_ID,CANTIDAD,COSTO,PRECIO,USUARIO_ID) VALUES(1,227,now(),30,36,0.000000,0.000000,'root');
INSERT INTO ALMACEN_PRODUCTO(ALMACEN_ID,PRODUCTO_ID,CANTIDAD_ACTUAL,PRECIO_VENTA) VALUES (1,227,36,0.000000);

INSERT INTO ALMACEN_PRODUCTO(ALMACEN_ID,PRODUCTO_ID,CANTIDAD_ACTUAL,PRECIO_VENTA) VALUES (2,227,218,12.000000);

INSERT INTO ALMACEN_PRODUCTO(ALMACEN_ID,PRODUCTO_ID,CANTIDAD_ACTUAL,PRECIO_VENTA) VALUES (3,227,36,0.000000);

INSERT INTO ALMACEN_PRODUCTO(ALMACEN_ID,PRODUCTO_ID,CANTIDAD_ACTUAL,PRECIO_VENTA) VALUES (4,227,218,12.000000);

INSERT INTO PROVEEDOR_PRODUCTO(PROVEEDOR_ID,PRODUCTO_ID,PRECIO_COMPRA) VALUES(6,227, 0.000000);

-- ===========PRODUCTO [228]
INSERT INTO PRODUCTO(ID,MARCA_ID,LINEA_ID,NOMBRE,PRESENTACION,CONTENIDO,UNIDADES_POR_CAJA,COSTO,COSTO_VENTA,PRECIO_BASE,UNIDAD_MEDIDA,CODIGO_BARRAS,ABREBIATURA) VALUES(228,14,14,'Fructis Garnier','Normal 2 en 1',750.0,6.0,32.593391,32.593391,45.370000,'ML','7501839105391','Fructis Sh Norm 2/1 750');

INSERT INTO MOVIMIENTO_HISTORICO_PRODUCTO (ALMACEN_ID,PRODUCTO_ID,FECHA,TIPO_MOVIMIENTO_ID,CANTIDAD,COSTO,PRECIO,USUARIO_ID) VALUES(1,228,now(),30,12,32.593391,45.370000,'root');
INSERT INTO ALMACEN_PRODUCTO(ALMACEN_ID,PRODUCTO_ID,CANTIDAD_ACTUAL,PRECIO_VENTA) VALUES (1,228,12,45.370000);

INSERT INTO ALMACEN_PRODUCTO(ALMACEN_ID,PRODUCTO_ID,CANTIDAD_ACTUAL,PRECIO_VENTA) VALUES (2,228,0,0.000000);

INSERT INTO ALMACEN_PRODUCTO(ALMACEN_ID,PRODUCTO_ID,CANTIDAD_ACTUAL,PRECIO_VENTA) VALUES (3,228,12,43.900000);

INSERT INTO ALMACEN_PRODUCTO(ALMACEN_ID,PRODUCTO_ID,CANTIDAD_ACTUAL,PRECIO_VENTA) VALUES (4,228,0,0.000000);

INSERT INTO PROVEEDOR_PRODUCTO(PROVEEDOR_ID,PRODUCTO_ID,PRECIO_COMPRA) VALUES(10,228, 32.593391);

-- ===========PRODUCTO [229]
INSERT INTO PRODUCTO(ID,MARCA_ID,LINEA_ID,NOMBRE,PRESENTACION,CONTENIDO,UNIDADES_POR_CAJA,COSTO,COSTO_VENTA,PRECIO_BASE,UNIDAD_MEDIDA,CODIGO_BARRAS,ABREBIATURA) VALUES(229,14,14,'Fructis Garnier','Seco 2 en 1',750.0,6.0,32.593391,32.593391,45.370000,'ML','7501839105384','Fructis Sh Seco 2/1 750');

INSERT INTO MOVIMIENTO_HISTORICO_PRODUCTO (ALMACEN_ID,PRODUCTO_ID,FECHA,TIPO_MOVIMIENTO_ID,CANTIDAD,COSTO,PRECIO,USUARIO_ID) VALUES(1,229,now(),30,12,32.593391,45.370000,'root');
INSERT INTO ALMACEN_PRODUCTO(ALMACEN_ID,PRODUCTO_ID,CANTIDAD_ACTUAL,PRECIO_VENTA) VALUES (1,229,12,45.370000);

INSERT INTO ALMACEN_PRODUCTO(ALMACEN_ID,PRODUCTO_ID,CANTIDAD_ACTUAL,PRECIO_VENTA) VALUES (2,229,0,0.000000);

INSERT INTO ALMACEN_PRODUCTO(ALMACEN_ID,PRODUCTO_ID,CANTIDAD_ACTUAL,PRECIO_VENTA) VALUES (3,229,12,43.900000);

INSERT INTO ALMACEN_PRODUCTO(ALMACEN_ID,PRODUCTO_ID,CANTIDAD_ACTUAL,PRECIO_VENTA) VALUES (4,229,0,0.000000);

INSERT INTO PROVEEDOR_PRODUCTO(PROVEEDOR_ID,PRODUCTO_ID,PRECIO_COMPRA) VALUES(10,229, 32.593391);

-- ===========PRODUCTO [230]
INSERT INTO PRODUCTO(ID,MARCA_ID,LINEA_ID,NOMBRE,PRESENTACION,CONTENIDO,UNIDADES_POR_CAJA,COSTO,COSTO_VENTA,PRECIO_BASE,UNIDAD_MEDIDA,CODIGO_BARRAS,ABREBIATURA) VALUES(230,14,14,'Fructis Garnier','Oil Repair 3 Aceites',750.0,6.0,32.593391,32.593391,45.370000,'ML','7501839105377','Fructis Oil R 3 Ac 750ml');

INSERT INTO MOVIMIENTO_HISTORICO_PRODUCTO (ALMACEN_ID,PRODUCTO_ID,FECHA,TIPO_MOVIMIENTO_ID,CANTIDAD,COSTO,PRECIO,USUARIO_ID) VALUES(1,230,now(),30,12,32.593391,45.370000,'root');
INSERT INTO ALMACEN_PRODUCTO(ALMACEN_ID,PRODUCTO_ID,CANTIDAD_ACTUAL,PRECIO_VENTA) VALUES (1,230,12,45.370000);

INSERT INTO ALMACEN_PRODUCTO(ALMACEN_ID,PRODUCTO_ID,CANTIDAD_ACTUAL,PRECIO_VENTA) VALUES (2,230,1,29.000000);

INSERT INTO ALMACEN_PRODUCTO(ALMACEN_ID,PRODUCTO_ID,CANTIDAD_ACTUAL,PRECIO_VENTA) VALUES (3,230,12,43.900000);

INSERT INTO ALMACEN_PRODUCTO(ALMACEN_ID,PRODUCTO_ID,CANTIDAD_ACTUAL,PRECIO_VENTA) VALUES (4,230,1,29.000000);

INSERT INTO PROVEEDOR_PRODUCTO(PROVEEDOR_ID,PRODUCTO_ID,PRECIO_COMPRA) VALUES(10,230, 32.593391);

-- ===========PRODUCTO [231]
INSERT INTO PRODUCTO(ID,MARCA_ID,LINEA_ID,NOMBRE,PRESENTACION,CONTENIDO,UNIDADES_POR_CAJA,COSTO,COSTO_VENTA,PRECIO_BASE,UNIDAD_MEDIDA,CODIGO_BARRAS,ABREBIATURA) VALUES(231,14,14,'Fructis Garnier Shampoo','stop Caida',750.0,6.0,32.593391,32.593391,45.370000,'Ml','7501839191653','Fructis Stop Caid 750m');

INSERT INTO MOVIMIENTO_HISTORICO_PRODUCTO (ALMACEN_ID,PRODUCTO_ID,FECHA,TIPO_MOVIMIENTO_ID,CANTIDAD,COSTO,PRECIO,USUARIO_ID) VALUES(1,231,now(),30,13,32.593391,45.370000,'root');
INSERT INTO ALMACEN_PRODUCTO(ALMACEN_ID,PRODUCTO_ID,CANTIDAD_ACTUAL,PRECIO_VENTA) VALUES (1,231,13,45.370000);

INSERT INTO ALMACEN_PRODUCTO(ALMACEN_ID,PRODUCTO_ID,CANTIDAD_ACTUAL,PRECIO_VENTA) VALUES (2,231,0,0.000000);

INSERT INTO ALMACEN_PRODUCTO(ALMACEN_ID,PRODUCTO_ID,CANTIDAD_ACTUAL,PRECIO_VENTA) VALUES (3,231,13,43.900000);

INSERT INTO ALMACEN_PRODUCTO(ALMACEN_ID,PRODUCTO_ID,CANTIDAD_ACTUAL,PRECIO_VENTA) VALUES (4,231,0,0.000000);

INSERT INTO PROVEEDOR_PRODUCTO(PROVEEDOR_ID,PRODUCTO_ID,PRECIO_COMPRA) VALUES(10,231, 32.593391);

-- ===========PRODUCTO [232]
INSERT INTO PRODUCTO(ID,MARCA_ID,LINEA_ID,NOMBRE,PRESENTACION,CONTENIDO,UNIDADES_POR_CAJA,COSTO,COSTO_VENTA,PRECIO_BASE,UNIDAD_MEDIDA,CODIGO_BARRAS,ABREBIATURA) VALUES(232,14,14,'Fructis Garnier Shampoo','seco',350.0,12.0,19.432471,19.432471,27.050000,'Ml','7501839105209','Fructis Seco 350ml');

INSERT INTO MOVIMIENTO_HISTORICO_PRODUCTO (ALMACEN_ID,PRODUCTO_ID,FECHA,TIPO_MOVIMIENTO_ID,CANTIDAD,COSTO,PRECIO,USUARIO_ID) VALUES(1,232,now(),30,12,19.432471,27.050000,'root');
INSERT INTO ALMACEN_PRODUCTO(ALMACEN_ID,PRODUCTO_ID,CANTIDAD_ACTUAL,PRECIO_VENTA) VALUES (1,232,12,27.050000);

INSERT INTO ALMACEN_PRODUCTO(ALMACEN_ID,PRODUCTO_ID,CANTIDAD_ACTUAL,PRECIO_VENTA) VALUES (2,232,2,17.000000);

INSERT INTO ALMACEN_PRODUCTO(ALMACEN_ID,PRODUCTO_ID,CANTIDAD_ACTUAL,PRECIO_VENTA) VALUES (3,232,12,22.900000);

INSERT INTO ALMACEN_PRODUCTO(ALMACEN_ID,PRODUCTO_ID,CANTIDAD_ACTUAL,PRECIO_VENTA) VALUES (4,232,2,17.000000);

INSERT INTO PROVEEDOR_PRODUCTO(PROVEEDOR_ID,PRODUCTO_ID,PRECIO_COMPRA) VALUES(10,232, 19.432471);

-- ===========PRODUCTO [233]
INSERT INTO PRODUCTO(ID,MARCA_ID,LINEA_ID,NOMBRE,PRESENTACION,CONTENIDO,UNIDADES_POR_CAJA,COSTO,COSTO_VENTA,PRECIO_BASE,UNIDAD_MEDIDA,CODIGO_BARRAS,ABREBIATURA) VALUES(233,17,15,'Palmolive Jabon de Tocador','Clasico Aceite de Oliva',90.0,150.0,0.000000,0.000000,0.000000,'G','7501035909229','Palmoliv Jab Clas 90g');

INSERT INTO MOVIMIENTO_HISTORICO_PRODUCTO (ALMACEN_ID,PRODUCTO_ID,FECHA,TIPO_MOVIMIENTO_ID,CANTIDAD,COSTO,PRECIO,USUARIO_ID) VALUES(1,233,now(),30,150,0.000000,0.000000,'root');
INSERT INTO ALMACEN_PRODUCTO(ALMACEN_ID,PRODUCTO_ID,CANTIDAD_ACTUAL,PRECIO_VENTA) VALUES (1,233,150,0.000000);

INSERT INTO ALMACEN_PRODUCTO(ALMACEN_ID,PRODUCTO_ID,CANTIDAD_ACTUAL,PRECIO_VENTA) VALUES (2,233,0,0.000000);

INSERT INTO ALMACEN_PRODUCTO(ALMACEN_ID,PRODUCTO_ID,CANTIDAD_ACTUAL,PRECIO_VENTA) VALUES (3,233,150,0.000000);

INSERT INTO ALMACEN_PRODUCTO(ALMACEN_ID,PRODUCTO_ID,CANTIDAD_ACTUAL,PRECIO_VENTA) VALUES (4,233,0,0.000000);

INSERT INTO PROVEEDOR_PRODUCTO(PROVEEDOR_ID,PRODUCTO_ID,PRECIO_COMPRA) VALUES(6,233, 0.000000);

-- ===========PRODUCTO [234]
INSERT INTO PRODUCTO(ID,MARCA_ID,LINEA_ID,NOMBRE,PRESENTACION,CONTENIDO,UNIDADES_POR_CAJA,COSTO,COSTO_VENTA,PRECIO_BASE,UNIDAD_MEDIDA,CODIGO_BARRAS,ABREBIATURA) VALUES(234,17,15,'Palmolive Jabon de Tocador','Neutro Balance',90.0,72.0,0.000000,0.000000,0.000000,'G','7509546032160','Neutro Bal Jab 90g');

INSERT INTO MOVIMIENTO_HISTORICO_PRODUCTO (ALMACEN_ID,PRODUCTO_ID,FECHA,TIPO_MOVIMIENTO_ID,CANTIDAD,COSTO,PRECIO,USUARIO_ID) VALUES(1,234,now(),30,72,0.000000,0.000000,'root');
INSERT INTO ALMACEN_PRODUCTO(ALMACEN_ID,PRODUCTO_ID,CANTIDAD_ACTUAL,PRECIO_VENTA) VALUES (1,234,72,0.000000);

INSERT INTO ALMACEN_PRODUCTO(ALMACEN_ID,PRODUCTO_ID,CANTIDAD_ACTUAL,PRECIO_VENTA) VALUES (2,234,0,0.000000);

INSERT INTO ALMACEN_PRODUCTO(ALMACEN_ID,PRODUCTO_ID,CANTIDAD_ACTUAL,PRECIO_VENTA) VALUES (3,234,72,0.000000);

INSERT INTO ALMACEN_PRODUCTO(ALMACEN_ID,PRODUCTO_ID,CANTIDAD_ACTUAL,PRECIO_VENTA) VALUES (4,234,0,0.000000);

INSERT INTO PROVEEDOR_PRODUCTO(PROVEEDOR_ID,PRODUCTO_ID,PRECIO_COMPRA) VALUES(6,234, 0.000000);

-- ===========PRODUCTO [235]
INSERT INTO PRODUCTO(ID,MARCA_ID,LINEA_ID,NOMBRE,PRESENTACION,CONTENIDO,UNIDADES_POR_CAJA,COSTO,COSTO_VENTA,PRECIO_BASE,UNIDAD_MEDIDA,CODIGO_BARRAS,ABREBIATURA) VALUES(235,17,15,'Palmolive Naturals','Sensacion Humectante',90.0,72.0,0.000000,0.000000,0.000000,'G','7509546032191','Palmo Jab S hum 90g');

INSERT INTO MOVIMIENTO_HISTORICO_PRODUCTO (ALMACEN_ID,PRODUCTO_ID,FECHA,TIPO_MOVIMIENTO_ID,CANTIDAD,COSTO,PRECIO,USUARIO_ID) VALUES(1,235,now(),30,72,0.000000,0.000000,'root');
INSERT INTO ALMACEN_PRODUCTO(ALMACEN_ID,PRODUCTO_ID,CANTIDAD_ACTUAL,PRECIO_VENTA) VALUES (1,235,72,0.000000);

INSERT INTO ALMACEN_PRODUCTO(ALMACEN_ID,PRODUCTO_ID,CANTIDAD_ACTUAL,PRECIO_VENTA) VALUES (2,235,0,0.000000);

INSERT INTO ALMACEN_PRODUCTO(ALMACEN_ID,PRODUCTO_ID,CANTIDAD_ACTUAL,PRECIO_VENTA) VALUES (3,235,72,0.000000);

INSERT INTO ALMACEN_PRODUCTO(ALMACEN_ID,PRODUCTO_ID,CANTIDAD_ACTUAL,PRECIO_VENTA) VALUES (4,235,0,0.000000);

INSERT INTO PROVEEDOR_PRODUCTO(PROVEEDOR_ID,PRODUCTO_ID,PRECIO_COMPRA) VALUES(6,235, 0.000000);

-- ===========PRODUCTO [236]
INSERT INTO PRODUCTO(ID,MARCA_ID,LINEA_ID,NOMBRE,PRESENTACION,CONTENIDO,UNIDADES_POR_CAJA,COSTO,COSTO_VENTA,PRECIO_BASE,UNIDAD_MEDIDA,CODIGO_BARRAS,ABREBIATURA) VALUES(236,17,15,'Palmolive Naturals','Sensacion Nutritiva',180.0,72.0,0.000000,0.000000,0.000000,'G','7509546035956','Palmo Jab Sen Nut 180g');

INSERT INTO MOVIMIENTO_HISTORICO_PRODUCTO (ALMACEN_ID,PRODUCTO_ID,FECHA,TIPO_MOVIMIENTO_ID,CANTIDAD,COSTO,PRECIO,USUARIO_ID) VALUES(1,236,now(),30,72,0.000000,0.000000,'root');
INSERT INTO ALMACEN_PRODUCTO(ALMACEN_ID,PRODUCTO_ID,CANTIDAD_ACTUAL,PRECIO_VENTA) VALUES (1,236,72,0.000000);

INSERT INTO ALMACEN_PRODUCTO(ALMACEN_ID,PRODUCTO_ID,CANTIDAD_ACTUAL,PRECIO_VENTA) VALUES (2,236,0,0.000000);

INSERT INTO ALMACEN_PRODUCTO(ALMACEN_ID,PRODUCTO_ID,CANTIDAD_ACTUAL,PRECIO_VENTA) VALUES (3,236,72,0.000000);

INSERT INTO ALMACEN_PRODUCTO(ALMACEN_ID,PRODUCTO_ID,CANTIDAD_ACTUAL,PRECIO_VENTA) VALUES (4,236,0,0.000000);

INSERT INTO PROVEEDOR_PRODUCTO(PROVEEDOR_ID,PRODUCTO_ID,PRECIO_COMPRA) VALUES(6,236, 0.000000);

-- ===========PRODUCTO [237]
INSERT INTO PRODUCTO(ID,MARCA_ID,LINEA_ID,NOMBRE,PRESENTACION,CONTENIDO,UNIDADES_POR_CAJA,COSTO,COSTO_VENTA,PRECIO_BASE,UNIDAD_MEDIDA,CODIGO_BARRAS,ABREBIATURA) VALUES(237,17,15,'Palmolive Jabon de Tocador','Nutri Milk',180.0,72.0,0.000000,0.000000,0.000000,'G','7509546032337','Palmo Jab Nut Milk 180');

INSERT INTO MOVIMIENTO_HISTORICO_PRODUCTO (ALMACEN_ID,PRODUCTO_ID,FECHA,TIPO_MOVIMIENTO_ID,CANTIDAD,COSTO,PRECIO,USUARIO_ID) VALUES(1,237,now(),30,72,0.000000,0.000000,'root');
INSERT INTO ALMACEN_PRODUCTO(ALMACEN_ID,PRODUCTO_ID,CANTIDAD_ACTUAL,PRECIO_VENTA) VALUES (1,237,72,0.000000);

INSERT INTO ALMACEN_PRODUCTO(ALMACEN_ID,PRODUCTO_ID,CANTIDAD_ACTUAL,PRECIO_VENTA) VALUES (2,237,0,0.000000);

INSERT INTO ALMACEN_PRODUCTO(ALMACEN_ID,PRODUCTO_ID,CANTIDAD_ACTUAL,PRECIO_VENTA) VALUES (3,237,72,0.000000);

INSERT INTO ALMACEN_PRODUCTO(ALMACEN_ID,PRODUCTO_ID,CANTIDAD_ACTUAL,PRECIO_VENTA) VALUES (4,237,0,0.000000);

INSERT INTO PROVEEDOR_PRODUCTO(PROVEEDOR_ID,PRODUCTO_ID,PRECIO_COMPRA) VALUES(6,237, 0.000000);

-- ===========PRODUCTO [238]
INSERT INTO PRODUCTO(ID,MARCA_ID,LINEA_ID,NOMBRE,PRESENTACION,CONTENIDO,UNIDADES_POR_CAJA,COSTO,COSTO_VENTA,PRECIO_BASE,UNIDAD_MEDIDA,CODIGO_BARRAS,ABREBIATURA) VALUES(238,17,15,'Palmolive Naturals','Exfoliacin Diaria',130.0,96.0,0.000000,0.000000,0.000000,'G','7509546032269','Palmo Jab Exf Diar 180');

INSERT INTO MOVIMIENTO_HISTORICO_PRODUCTO (ALMACEN_ID,PRODUCTO_ID,FECHA,TIPO_MOVIMIENTO_ID,CANTIDAD,COSTO,PRECIO,USUARIO_ID) VALUES(1,238,now(),30,96,0.000000,0.000000,'root');
INSERT INTO ALMACEN_PRODUCTO(ALMACEN_ID,PRODUCTO_ID,CANTIDAD_ACTUAL,PRECIO_VENTA) VALUES (1,238,96,0.000000);

INSERT INTO ALMACEN_PRODUCTO(ALMACEN_ID,PRODUCTO_ID,CANTIDAD_ACTUAL,PRECIO_VENTA) VALUES (2,238,0,0.000000);

INSERT INTO ALMACEN_PRODUCTO(ALMACEN_ID,PRODUCTO_ID,CANTIDAD_ACTUAL,PRECIO_VENTA) VALUES (3,238,96,0.000000);

INSERT INTO ALMACEN_PRODUCTO(ALMACEN_ID,PRODUCTO_ID,CANTIDAD_ACTUAL,PRECIO_VENTA) VALUES (4,238,0,0.000000);

INSERT INTO PROVEEDOR_PRODUCTO(PROVEEDOR_ID,PRODUCTO_ID,PRECIO_COMPRA) VALUES(6,238, 0.000000);

-- ===========PRODUCTO [239]
INSERT INTO PRODUCTO(ID,MARCA_ID,LINEA_ID,NOMBRE,PRESENTACION,CONTENIDO,UNIDADES_POR_CAJA,COSTO,COSTO_VENTA,PRECIO_BASE,UNIDAD_MEDIDA,CODIGO_BARRAS,ABREBIATURA) VALUES(239,17,15,'Palmolive Naturals','Purificante Frescura',180.0,72.0,0.000000,0.000000,0.000000,'G','7509546032290','Palmo Jab Pur Fresc 180');

INSERT INTO MOVIMIENTO_HISTORICO_PRODUCTO (ALMACEN_ID,PRODUCTO_ID,FECHA,TIPO_MOVIMIENTO_ID,CANTIDAD,COSTO,PRECIO,USUARIO_ID) VALUES(1,239,now(),30,72,0.000000,0.000000,'root');
INSERT INTO ALMACEN_PRODUCTO(ALMACEN_ID,PRODUCTO_ID,CANTIDAD_ACTUAL,PRECIO_VENTA) VALUES (1,239,72,0.000000);

INSERT INTO ALMACEN_PRODUCTO(ALMACEN_ID,PRODUCTO_ID,CANTIDAD_ACTUAL,PRECIO_VENTA) VALUES (2,239,0,0.000000);

INSERT INTO ALMACEN_PRODUCTO(ALMACEN_ID,PRODUCTO_ID,CANTIDAD_ACTUAL,PRECIO_VENTA) VALUES (3,239,72,0.000000);

INSERT INTO ALMACEN_PRODUCTO(ALMACEN_ID,PRODUCTO_ID,CANTIDAD_ACTUAL,PRECIO_VENTA) VALUES (4,239,0,0.000000);

INSERT INTO PROVEEDOR_PRODUCTO(PROVEEDOR_ID,PRODUCTO_ID,PRECIO_COMPRA) VALUES(6,239, 0.000000);

-- ===========PRODUCTO [240]
INSERT INTO PRODUCTO(ID,MARCA_ID,LINEA_ID,NOMBRE,PRESENTACION,CONTENIDO,UNIDADES_POR_CAJA,COSTO,COSTO_VENTA,PRECIO_BASE,UNIDAD_MEDIDA,CODIGO_BARRAS,ABREBIATURA) VALUES(240,17,15,'Palmolive Naturals','Sensacion Humectante',180.0,72.0,0.000000,0.000000,0.000000,'G','7509546032214','Palmo Jab S hum 180g');

INSERT INTO MOVIMIENTO_HISTORICO_PRODUCTO (ALMACEN_ID,PRODUCTO_ID,FECHA,TIPO_MOVIMIENTO_ID,CANTIDAD,COSTO,PRECIO,USUARIO_ID) VALUES(1,240,now(),30,77,0.000000,0.000000,'root');
INSERT INTO ALMACEN_PRODUCTO(ALMACEN_ID,PRODUCTO_ID,CANTIDAD_ACTUAL,PRECIO_VENTA) VALUES (1,240,77,0.000000);

INSERT INTO ALMACEN_PRODUCTO(ALMACEN_ID,PRODUCTO_ID,CANTIDAD_ACTUAL,PRECIO_VENTA) VALUES (2,240,0,0.000000);

INSERT INTO ALMACEN_PRODUCTO(ALMACEN_ID,PRODUCTO_ID,CANTIDAD_ACTUAL,PRECIO_VENTA) VALUES (3,240,77,0.000000);

INSERT INTO ALMACEN_PRODUCTO(ALMACEN_ID,PRODUCTO_ID,CANTIDAD_ACTUAL,PRECIO_VENTA) VALUES (4,240,0,0.000000);

INSERT INTO PROVEEDOR_PRODUCTO(PROVEEDOR_ID,PRODUCTO_ID,PRECIO_COMPRA) VALUES(6,240, 0.000000);

-- ===========PRODUCTO [241]
INSERT INTO PRODUCTO(ID,MARCA_ID,LINEA_ID,NOMBRE,PRESENTACION,CONTENIDO,UNIDADES_POR_CAJA,COSTO,COSTO_VENTA,PRECIO_BASE,UNIDAD_MEDIDA,CODIGO_BARRAS,ABREBIATURA) VALUES(241,17,15,'Palmolive Naturals','Suavidad Exfoliante',150.0,96.0,0.000000,0.000000,0.000000,'G','7509546052939','Palmo Jab Suav Exf 150');

INSERT INTO MOVIMIENTO_HISTORICO_PRODUCTO (ALMACEN_ID,PRODUCTO_ID,FECHA,TIPO_MOVIMIENTO_ID,CANTIDAD,COSTO,PRECIO,USUARIO_ID) VALUES(1,241,now(),30,96,0.000000,0.000000,'root');
INSERT INTO ALMACEN_PRODUCTO(ALMACEN_ID,PRODUCTO_ID,CANTIDAD_ACTUAL,PRECIO_VENTA) VALUES (1,241,96,0.000000);

INSERT INTO ALMACEN_PRODUCTO(ALMACEN_ID,PRODUCTO_ID,CANTIDAD_ACTUAL,PRECIO_VENTA) VALUES (2,241,15,7.000000);

INSERT INTO ALMACEN_PRODUCTO(ALMACEN_ID,PRODUCTO_ID,CANTIDAD_ACTUAL,PRECIO_VENTA) VALUES (3,241,96,0.000000);

INSERT INTO ALMACEN_PRODUCTO(ALMACEN_ID,PRODUCTO_ID,CANTIDAD_ACTUAL,PRECIO_VENTA) VALUES (4,241,15,7.000000);

INSERT INTO PROVEEDOR_PRODUCTO(PROVEEDOR_ID,PRODUCTO_ID,PRECIO_COMPRA) VALUES(6,241, 0.000000);

-- ===========PRODUCTO [242]
INSERT INTO PRODUCTO(ID,MARCA_ID,LINEA_ID,NOMBRE,PRESENTACION,CONTENIDO,UNIDADES_POR_CAJA,COSTO,COSTO_VENTA,PRECIO_BASE,UNIDAD_MEDIDA,CODIGO_BARRAS,ABREBIATURA) VALUES(242,11,12,'Brut Body Wash','Addiction',350.0,12.0,0.000000,0.000000,0.000000,'ML','7502221184840','Brut Jab Corp Adict 350');

INSERT INTO MOVIMIENTO_HISTORICO_PRODUCTO (ALMACEN_ID,PRODUCTO_ID,FECHA,TIPO_MOVIMIENTO_ID,CANTIDAD,COSTO,PRECIO,USUARIO_ID) VALUES(1,242,now(),30,6,0.000000,0.000000,'root');
INSERT INTO ALMACEN_PRODUCTO(ALMACEN_ID,PRODUCTO_ID,CANTIDAD_ACTUAL,PRECIO_VENTA) VALUES (1,242,6,0.000000);

INSERT INTO ALMACEN_PRODUCTO(ALMACEN_ID,PRODUCTO_ID,CANTIDAD_ACTUAL,PRECIO_VENTA) VALUES (2,242,0,0.000000);

INSERT INTO ALMACEN_PRODUCTO(ALMACEN_ID,PRODUCTO_ID,CANTIDAD_ACTUAL,PRECIO_VENTA) VALUES (3,242,6,0.000000);

INSERT INTO ALMACEN_PRODUCTO(ALMACEN_ID,PRODUCTO_ID,CANTIDAD_ACTUAL,PRECIO_VENTA) VALUES (4,242,0,0.000000);

INSERT INTO PROVEEDOR_PRODUCTO(PROVEEDOR_ID,PRODUCTO_ID,PRECIO_COMPRA) VALUES(18,242, 0.000000);

-- ===========PRODUCTO [243]
INSERT INTO PRODUCTO(ID,MARCA_ID,LINEA_ID,NOMBRE,PRESENTACION,CONTENIDO,UNIDADES_POR_CAJA,COSTO,COSTO_VENTA,PRECIO_BASE,UNIDAD_MEDIDA,CODIGO_BARRAS,ABREBIATURA) VALUES(243,11,12,'Brut Body Wash','Classic',350.0,12.0,0.000000,0.000000,0.000000,'ML','7502221184819','Brut Jab Corp Classi 350');

INSERT INTO MOVIMIENTO_HISTORICO_PRODUCTO (ALMACEN_ID,PRODUCTO_ID,FECHA,TIPO_MOVIMIENTO_ID,CANTIDAD,COSTO,PRECIO,USUARIO_ID) VALUES(1,243,now(),30,6,0.000000,0.000000,'root');
INSERT INTO ALMACEN_PRODUCTO(ALMACEN_ID,PRODUCTO_ID,CANTIDAD_ACTUAL,PRECIO_VENTA) VALUES (1,243,6,0.000000);

INSERT INTO ALMACEN_PRODUCTO(ALMACEN_ID,PRODUCTO_ID,CANTIDAD_ACTUAL,PRECIO_VENTA) VALUES (2,243,0,0.000000);

INSERT INTO ALMACEN_PRODUCTO(ALMACEN_ID,PRODUCTO_ID,CANTIDAD_ACTUAL,PRECIO_VENTA) VALUES (3,243,6,0.000000);

INSERT INTO ALMACEN_PRODUCTO(ALMACEN_ID,PRODUCTO_ID,CANTIDAD_ACTUAL,PRECIO_VENTA) VALUES (4,243,0,0.000000);

INSERT INTO PROVEEDOR_PRODUCTO(PROVEEDOR_ID,PRODUCTO_ID,PRECIO_COMPRA) VALUES(18,243, 0.000000);

-- ===========PRODUCTO [244]
INSERT INTO PRODUCTO(ID,MARCA_ID,LINEA_ID,NOMBRE,PRESENTACION,CONTENIDO,UNIDADES_POR_CAJA,COSTO,COSTO_VENTA,PRECIO_BASE,UNIDAD_MEDIDA,CODIGO_BARRAS,ABREBIATURA) VALUES(244,17,15,'Palmolive Naturals','Sensacion Humectante',150.0,96.0,0.000000,0.000000,0.000000,'G','7509546050751','Palmo Jab S hum 150g');

INSERT INTO MOVIMIENTO_HISTORICO_PRODUCTO (ALMACEN_ID,PRODUCTO_ID,FECHA,TIPO_MOVIMIENTO_ID,CANTIDAD,COSTO,PRECIO,USUARIO_ID) VALUES(1,244,now(),30,96,0.000000,0.000000,'root');
INSERT INTO ALMACEN_PRODUCTO(ALMACEN_ID,PRODUCTO_ID,CANTIDAD_ACTUAL,PRECIO_VENTA) VALUES (1,244,96,0.000000);

INSERT INTO ALMACEN_PRODUCTO(ALMACEN_ID,PRODUCTO_ID,CANTIDAD_ACTUAL,PRECIO_VENTA) VALUES (2,244,0,0.000000);

INSERT INTO ALMACEN_PRODUCTO(ALMACEN_ID,PRODUCTO_ID,CANTIDAD_ACTUAL,PRECIO_VENTA) VALUES (3,244,96,0.000000);

INSERT INTO ALMACEN_PRODUCTO(ALMACEN_ID,PRODUCTO_ID,CANTIDAD_ACTUAL,PRECIO_VENTA) VALUES (4,244,0,0.000000);

INSERT INTO PROVEEDOR_PRODUCTO(PROVEEDOR_ID,PRODUCTO_ID,PRECIO_COMPRA) VALUES(6,244, 0.000000);

-- ===========PRODUCTO [245]
INSERT INTO PRODUCTO(ID,MARCA_ID,LINEA_ID,NOMBRE,PRESENTACION,CONTENIDO,UNIDADES_POR_CAJA,COSTO,COSTO_VENTA,PRECIO_BASE,UNIDAD_MEDIDA,CODIGO_BARRAS,ABREBIATURA) VALUES(245,17,15,'Palmolive Naturals','Suavidad Relajante',150.0,96.0,0.000000,0.000000,0.000000,'G','7509546051055','Palmo Jab Relajant 150');

INSERT INTO MOVIMIENTO_HISTORICO_PRODUCTO (ALMACEN_ID,PRODUCTO_ID,FECHA,TIPO_MOVIMIENTO_ID,CANTIDAD,COSTO,PRECIO,USUARIO_ID) VALUES(1,245,now(),30,96,0.000000,0.000000,'root');
INSERT INTO ALMACEN_PRODUCTO(ALMACEN_ID,PRODUCTO_ID,CANTIDAD_ACTUAL,PRECIO_VENTA) VALUES (1,245,96,0.000000);

INSERT INTO ALMACEN_PRODUCTO(ALMACEN_ID,PRODUCTO_ID,CANTIDAD_ACTUAL,PRECIO_VENTA) VALUES (2,245,0,0.000000);

INSERT INTO ALMACEN_PRODUCTO(ALMACEN_ID,PRODUCTO_ID,CANTIDAD_ACTUAL,PRECIO_VENTA) VALUES (3,245,96,0.000000);

INSERT INTO ALMACEN_PRODUCTO(ALMACEN_ID,PRODUCTO_ID,CANTIDAD_ACTUAL,PRECIO_VENTA) VALUES (4,245,0,0.000000);

INSERT INTO PROVEEDOR_PRODUCTO(PROVEEDOR_ID,PRODUCTO_ID,PRECIO_COMPRA) VALUES(6,245, 0.000000);

-- ===========PRODUCTO [246]
INSERT INTO PRODUCTO(ID,MARCA_ID,LINEA_ID,NOMBRE,PRESENTACION,CONTENIDO,UNIDADES_POR_CAJA,COSTO,COSTO_VENTA,PRECIO_BASE,UNIDAD_MEDIDA,CODIGO_BARRAS,ABREBIATURA) VALUES(246,17,15,'Palmolive Jabon de Tocador','Neutro Balance',150.0,96.0,0.000000,0.000000,0.000000,'G','7509546050768','Neutro Bal Jab 150g');

INSERT INTO MOVIMIENTO_HISTORICO_PRODUCTO (ALMACEN_ID,PRODUCTO_ID,FECHA,TIPO_MOVIMIENTO_ID,CANTIDAD,COSTO,PRECIO,USUARIO_ID) VALUES(1,246,now(),30,96,0.000000,0.000000,'root');
INSERT INTO ALMACEN_PRODUCTO(ALMACEN_ID,PRODUCTO_ID,CANTIDAD_ACTUAL,PRECIO_VENTA) VALUES (1,246,96,0.000000);

INSERT INTO ALMACEN_PRODUCTO(ALMACEN_ID,PRODUCTO_ID,CANTIDAD_ACTUAL,PRECIO_VENTA) VALUES (2,246,0,0.000000);

INSERT INTO ALMACEN_PRODUCTO(ALMACEN_ID,PRODUCTO_ID,CANTIDAD_ACTUAL,PRECIO_VENTA) VALUES (3,246,96,0.000000);

INSERT INTO ALMACEN_PRODUCTO(ALMACEN_ID,PRODUCTO_ID,CANTIDAD_ACTUAL,PRECIO_VENTA) VALUES (4,246,0,0.000000);

INSERT INTO PROVEEDOR_PRODUCTO(PROVEEDOR_ID,PRODUCTO_ID,PRECIO_COMPRA) VALUES(6,246, 0.000000);

-- ===========PRODUCTO [247]
INSERT INTO PRODUCTO(ID,MARCA_ID,LINEA_ID,NOMBRE,PRESENTACION,CONTENIDO,UNIDADES_POR_CAJA,COSTO,COSTO_VENTA,PRECIO_BASE,UNIDAD_MEDIDA,CODIGO_BARRAS,ABREBIATURA) VALUES(247,17,15,'Palmolive Naturals','Purificante Frescura',150.0,96.0,0.000000,0.000000,0.000000,'G','7509546053103','Palmo Jab Pur Fresc 150');

INSERT INTO MOVIMIENTO_HISTORICO_PRODUCTO (ALMACEN_ID,PRODUCTO_ID,FECHA,TIPO_MOVIMIENTO_ID,CANTIDAD,COSTO,PRECIO,USUARIO_ID) VALUES(1,247,now(),30,96,0.000000,0.000000,'root');
INSERT INTO ALMACEN_PRODUCTO(ALMACEN_ID,PRODUCTO_ID,CANTIDAD_ACTUAL,PRECIO_VENTA) VALUES (1,247,96,0.000000);

INSERT INTO ALMACEN_PRODUCTO(ALMACEN_ID,PRODUCTO_ID,CANTIDAD_ACTUAL,PRECIO_VENTA) VALUES (2,247,0,0.000000);

INSERT INTO ALMACEN_PRODUCTO(ALMACEN_ID,PRODUCTO_ID,CANTIDAD_ACTUAL,PRECIO_VENTA) VALUES (3,247,96,0.000000);

INSERT INTO ALMACEN_PRODUCTO(ALMACEN_ID,PRODUCTO_ID,CANTIDAD_ACTUAL,PRECIO_VENTA) VALUES (4,247,0,0.000000);

INSERT INTO PROVEEDOR_PRODUCTO(PROVEEDOR_ID,PRODUCTO_ID,PRECIO_COMPRA) VALUES(6,247, 0.000000);

-- ===========PRODUCTO [248]
INSERT INTO PRODUCTO(ID,MARCA_ID,LINEA_ID,NOMBRE,PRESENTACION,CONTENIDO,UNIDADES_POR_CAJA,COSTO,COSTO_VENTA,PRECIO_BASE,UNIDAD_MEDIDA,CODIGO_BARRAS,ABREBIATURA) VALUES(248,37,4,'Sure Stick Invisible','Regular Scent',73.0,12.0,0.000000,0.000000,0.000000,'G','7502221184864','Sure Stick Regular 73g');

INSERT INTO MOVIMIENTO_HISTORICO_PRODUCTO (ALMACEN_ID,PRODUCTO_ID,FECHA,TIPO_MOVIMIENTO_ID,CANTIDAD,COSTO,PRECIO,USUARIO_ID) VALUES(1,248,now(),30,0,0.000000,0.000000,'root');
INSERT INTO ALMACEN_PRODUCTO(ALMACEN_ID,PRODUCTO_ID,CANTIDAD_ACTUAL,PRECIO_VENTA) VALUES (1,248,0,0.000000);

INSERT INTO ALMACEN_PRODUCTO(ALMACEN_ID,PRODUCTO_ID,CANTIDAD_ACTUAL,PRECIO_VENTA) VALUES (2,248,4,7.500000);

INSERT INTO PROVEEDOR_PRODUCTO(PROVEEDOR_ID,PRODUCTO_ID,PRECIO_COMPRA) VALUES(18,248, 0.000000);

-- ===========PRODUCTO [249]
INSERT INTO PRODUCTO(ID,MARCA_ID,LINEA_ID,NOMBRE,PRESENTACION,CONTENIDO,UNIDADES_POR_CAJA,COSTO,COSTO_VENTA,PRECIO_BASE,UNIDAD_MEDIDA,CODIGO_BARRAS,ABREBIATURA) VALUES(249,37,4,'Sure Stick Invisible','Regular Scent',48.0,12.0,0.000000,0.000000,0.000000,'G','7502221184901','Sure Stick Regular 48g');

INSERT INTO MOVIMIENTO_HISTORICO_PRODUCTO (ALMACEN_ID,PRODUCTO_ID,FECHA,TIPO_MOVIMIENTO_ID,CANTIDAD,COSTO,PRECIO,USUARIO_ID) VALUES(1,249,now(),30,13,0.000000,0.000000,'root');
INSERT INTO ALMACEN_PRODUCTO(ALMACEN_ID,PRODUCTO_ID,CANTIDAD_ACTUAL,PRECIO_VENTA) VALUES (1,249,13,0.000000);

INSERT INTO ALMACEN_PRODUCTO(ALMACEN_ID,PRODUCTO_ID,CANTIDAD_ACTUAL,PRECIO_VENTA) VALUES (2,249,0,0.000000);

INSERT INTO ALMACEN_PRODUCTO(ALMACEN_ID,PRODUCTO_ID,CANTIDAD_ACTUAL,PRECIO_VENTA) VALUES (3,249,13,0.000000);

INSERT INTO ALMACEN_PRODUCTO(ALMACEN_ID,PRODUCTO_ID,CANTIDAD_ACTUAL,PRECIO_VENTA) VALUES (4,249,0,0.000000);

INSERT INTO PROVEEDOR_PRODUCTO(PROVEEDOR_ID,PRODUCTO_ID,PRECIO_COMPRA) VALUES(18,249, 0.000000);

-- ===========PRODUCTO [250]
INSERT INTO PRODUCTO(ID,MARCA_ID,LINEA_ID,NOMBRE,PRESENTACION,CONTENIDO,UNIDADES_POR_CAJA,COSTO,COSTO_VENTA,PRECIO_BASE,UNIDAD_MEDIDA,CODIGO_BARRAS,ABREBIATURA) VALUES(250,37,4,'Sure Stick Invisible','Unscented',73.0,12.0,0.000000,0.000000,0.000000,'G','7502221184857','Sure Stick Unscent 73g');

INSERT INTO MOVIMIENTO_HISTORICO_PRODUCTO (ALMACEN_ID,PRODUCTO_ID,FECHA,TIPO_MOVIMIENTO_ID,CANTIDAD,COSTO,PRECIO,USUARIO_ID) VALUES(1,250,now(),30,12,0.000000,0.000000,'root');
INSERT INTO ALMACEN_PRODUCTO(ALMACEN_ID,PRODUCTO_ID,CANTIDAD_ACTUAL,PRECIO_VENTA) VALUES (1,250,12,0.000000);

INSERT INTO ALMACEN_PRODUCTO(ALMACEN_ID,PRODUCTO_ID,CANTIDAD_ACTUAL,PRECIO_VENTA) VALUES (2,250,10,7.500000);

INSERT INTO ALMACEN_PRODUCTO(ALMACEN_ID,PRODUCTO_ID,CANTIDAD_ACTUAL,PRECIO_VENTA) VALUES (3,250,12,0.000000);

INSERT INTO ALMACEN_PRODUCTO(ALMACEN_ID,PRODUCTO_ID,CANTIDAD_ACTUAL,PRECIO_VENTA) VALUES (4,250,10,7.500000);

INSERT INTO PROVEEDOR_PRODUCTO(PROVEEDOR_ID,PRODUCTO_ID,PRECIO_COMPRA) VALUES(18,250, 0.000000);

-- ===========PRODUCTO [251]
INSERT INTO PRODUCTO(ID,MARCA_ID,LINEA_ID,NOMBRE,PRESENTACION,CONTENIDO,UNIDADES_POR_CAJA,COSTO,COSTO_VENTA,PRECIO_BASE,UNIDAD_MEDIDA,CODIGO_BARRAS,ABREBIATURA) VALUES(251,37,4,'Sure Stick Invisible','Powder Scent',73.0,12.0,0.000000,0.000000,0.000000,'G','7502221184888','Sure Stick Powder 73g');

INSERT INTO MOVIMIENTO_HISTORICO_PRODUCTO (ALMACEN_ID,PRODUCTO_ID,FECHA,TIPO_MOVIMIENTO_ID,CANTIDAD,COSTO,PRECIO,USUARIO_ID) VALUES(1,251,now(),30,2,0.000000,0.000000,'root');
INSERT INTO ALMACEN_PRODUCTO(ALMACEN_ID,PRODUCTO_ID,CANTIDAD_ACTUAL,PRECIO_VENTA) VALUES (1,251,2,0.000000);

INSERT INTO ALMACEN_PRODUCTO(ALMACEN_ID,PRODUCTO_ID,CANTIDAD_ACTUAL,PRECIO_VENTA) VALUES (2,251,3,7.500000);

INSERT INTO ALMACEN_PRODUCTO(ALMACEN_ID,PRODUCTO_ID,CANTIDAD_ACTUAL,PRECIO_VENTA) VALUES (3,251,2,0.000000);

INSERT INTO ALMACEN_PRODUCTO(ALMACEN_ID,PRODUCTO_ID,CANTIDAD_ACTUAL,PRECIO_VENTA) VALUES (4,251,3,7.500000);

INSERT INTO PROVEEDOR_PRODUCTO(PROVEEDOR_ID,PRODUCTO_ID,PRECIO_COMPRA) VALUES(18,251, 0.000000);

-- ===========PRODUCTO [252]
INSERT INTO PRODUCTO(ID,MARCA_ID,LINEA_ID,NOMBRE,PRESENTACION,CONTENIDO,UNIDADES_POR_CAJA,COSTO,COSTO_VENTA,PRECIO_BASE,UNIDAD_MEDIDA,CODIGO_BARRAS,ABREBIATURA) VALUES(252,37,4,'Sure Stick Invisible','Fresh Scent',73.0,12.0,0.000000,0.000000,0.000000,'G','7502221184871','Sure Stick Fresh 73g');

INSERT INTO MOVIMIENTO_HISTORICO_PRODUCTO (ALMACEN_ID,PRODUCTO_ID,FECHA,TIPO_MOVIMIENTO_ID,CANTIDAD,COSTO,PRECIO,USUARIO_ID) VALUES(1,252,now(),30,12,0.000000,0.000000,'root');
INSERT INTO ALMACEN_PRODUCTO(ALMACEN_ID,PRODUCTO_ID,CANTIDAD_ACTUAL,PRECIO_VENTA) VALUES (1,252,12,0.000000);

INSERT INTO ALMACEN_PRODUCTO(ALMACEN_ID,PRODUCTO_ID,CANTIDAD_ACTUAL,PRECIO_VENTA) VALUES (2,252,9,7.500000);

INSERT INTO ALMACEN_PRODUCTO(ALMACEN_ID,PRODUCTO_ID,CANTIDAD_ACTUAL,PRECIO_VENTA) VALUES (3,252,12,0.000000);

INSERT INTO ALMACEN_PRODUCTO(ALMACEN_ID,PRODUCTO_ID,CANTIDAD_ACTUAL,PRECIO_VENTA) VALUES (4,252,9,7.500000);

INSERT INTO PROVEEDOR_PRODUCTO(PROVEEDOR_ID,PRODUCTO_ID,PRECIO_COMPRA) VALUES(18,252, 0.000000);

-- ===========PRODUCTO [253]
INSERT INTO PRODUCTO(ID,MARCA_ID,LINEA_ID,NOMBRE,PRESENTACION,CONTENIDO,UNIDADES_POR_CAJA,COSTO,COSTO_VENTA,PRECIO_BASE,UNIDAD_MEDIDA,CODIGO_BARRAS,ABREBIATURA) VALUES(253,37,4,'Sure Stick Invisible','Unscented',45.0,12.0,0.000000,0.000000,0.000000,'G','7502221184895','Sure Stick Unscent 45g');

INSERT INTO MOVIMIENTO_HISTORICO_PRODUCTO (ALMACEN_ID,PRODUCTO_ID,FECHA,TIPO_MOVIMIENTO_ID,CANTIDAD,COSTO,PRECIO,USUARIO_ID) VALUES(1,253,now(),30,1,0.000000,0.000000,'root');
INSERT INTO ALMACEN_PRODUCTO(ALMACEN_ID,PRODUCTO_ID,CANTIDAD_ACTUAL,PRECIO_VENTA) VALUES (1,253,1,0.000000);

INSERT INTO ALMACEN_PRODUCTO(ALMACEN_ID,PRODUCTO_ID,CANTIDAD_ACTUAL,PRECIO_VENTA) VALUES (2,253,5,6.500000);

INSERT INTO ALMACEN_PRODUCTO(ALMACEN_ID,PRODUCTO_ID,CANTIDAD_ACTUAL,PRECIO_VENTA) VALUES (3,253,1,0.000000);

INSERT INTO ALMACEN_PRODUCTO(ALMACEN_ID,PRODUCTO_ID,CANTIDAD_ACTUAL,PRECIO_VENTA) VALUES (4,253,5,6.500000);

INSERT INTO PROVEEDOR_PRODUCTO(PROVEEDOR_ID,PRODUCTO_ID,PRECIO_COMPRA) VALUES(18,253, 0.000000);

-- ===========PRODUCTO [254]
INSERT INTO PRODUCTO(ID,MARCA_ID,LINEA_ID,NOMBRE,PRESENTACION,CONTENIDO,UNIDADES_POR_CAJA,COSTO,COSTO_VENTA,PRECIO_BASE,UNIDAD_MEDIDA,CODIGO_BARRAS,ABREBIATURA) VALUES(254,12,4,'Ammens Stick Dama','Tropical Breeze',50.0,12.0,7.715517,7.715517,10.740000,'G','7502221182792','Ammens Stick Trop 50');

INSERT INTO MOVIMIENTO_HISTORICO_PRODUCTO (ALMACEN_ID,PRODUCTO_ID,FECHA,TIPO_MOVIMIENTO_ID,CANTIDAD,COSTO,PRECIO,USUARIO_ID) VALUES(1,254,now(),30,12,7.715517,10.740000,'root');
INSERT INTO ALMACEN_PRODUCTO(ALMACEN_ID,PRODUCTO_ID,CANTIDAD_ACTUAL,PRECIO_VENTA) VALUES (1,254,12,10.740000);

INSERT INTO ALMACEN_PRODUCTO(ALMACEN_ID,PRODUCTO_ID,CANTIDAD_ACTUAL,PRECIO_VENTA) VALUES (2,254,0,0.000000);

INSERT INTO ALMACEN_PRODUCTO(ALMACEN_ID,PRODUCTO_ID,CANTIDAD_ACTUAL,PRECIO_VENTA) VALUES (3,254,12,13.500000);

INSERT INTO ALMACEN_PRODUCTO(ALMACEN_ID,PRODUCTO_ID,CANTIDAD_ACTUAL,PRECIO_VENTA) VALUES (4,254,0,0.000000);

INSERT INTO PROVEEDOR_PRODUCTO(PROVEEDOR_ID,PRODUCTO_ID,PRECIO_COMPRA) VALUES(18,254, 7.715517);

-- ===========PRODUCTO [255]
INSERT INTO PRODUCTO(ID,MARCA_ID,LINEA_ID,NOMBRE,PRESENTACION,CONTENIDO,UNIDADES_POR_CAJA,COSTO,COSTO_VENTA,PRECIO_BASE,UNIDAD_MEDIDA,CODIGO_BARRAS,ABREBIATURA) VALUES(255,12,4,'Ammens Stick Dama','Soft Cotton',50.0,12.0,7.715517,7.715517,10.740000,'G','7502221182815','Ammens Stick Soft C 50');

INSERT INTO MOVIMIENTO_HISTORICO_PRODUCTO (ALMACEN_ID,PRODUCTO_ID,FECHA,TIPO_MOVIMIENTO_ID,CANTIDAD,COSTO,PRECIO,USUARIO_ID) VALUES(1,255,now(),30,12,7.715517,10.740000,'root');
INSERT INTO ALMACEN_PRODUCTO(ALMACEN_ID,PRODUCTO_ID,CANTIDAD_ACTUAL,PRECIO_VENTA) VALUES (1,255,12,10.740000);

INSERT INTO ALMACEN_PRODUCTO(ALMACEN_ID,PRODUCTO_ID,CANTIDAD_ACTUAL,PRECIO_VENTA) VALUES (2,255,0,0.000000);

INSERT INTO ALMACEN_PRODUCTO(ALMACEN_ID,PRODUCTO_ID,CANTIDAD_ACTUAL,PRECIO_VENTA) VALUES (3,255,12,13.500000);

INSERT INTO ALMACEN_PRODUCTO(ALMACEN_ID,PRODUCTO_ID,CANTIDAD_ACTUAL,PRECIO_VENTA) VALUES (4,255,0,0.000000);

INSERT INTO PROVEEDOR_PRODUCTO(PROVEEDOR_ID,PRODUCTO_ID,PRECIO_COMPRA) VALUES(18,255, 7.715517);

-- ===========PRODUCTO [256]
INSERT INTO PRODUCTO(ID,MARCA_ID,LINEA_ID,NOMBRE,PRESENTACION,CONTENIDO,UNIDADES_POR_CAJA,COSTO,COSTO_VENTA,PRECIO_BASE,UNIDAD_MEDIDA,CODIGO_BARRAS,ABREBIATURA) VALUES(256,12,4,'Ammens Stick Dama','Cool Energy',50.0,12.0,7.715517,7.715517,10.740000,'G','7502221182785','Ammens Stick Cool E 50');

INSERT INTO MOVIMIENTO_HISTORICO_PRODUCTO (ALMACEN_ID,PRODUCTO_ID,FECHA,TIPO_MOVIMIENTO_ID,CANTIDAD,COSTO,PRECIO,USUARIO_ID) VALUES(1,256,now(),30,12,7.715517,10.740000,'root');
INSERT INTO ALMACEN_PRODUCTO(ALMACEN_ID,PRODUCTO_ID,CANTIDAD_ACTUAL,PRECIO_VENTA) VALUES (1,256,12,10.740000);

INSERT INTO ALMACEN_PRODUCTO(ALMACEN_ID,PRODUCTO_ID,CANTIDAD_ACTUAL,PRECIO_VENTA) VALUES (2,256,2,6.500000);

INSERT INTO ALMACEN_PRODUCTO(ALMACEN_ID,PRODUCTO_ID,CANTIDAD_ACTUAL,PRECIO_VENTA) VALUES (3,256,12,13.500000);

INSERT INTO ALMACEN_PRODUCTO(ALMACEN_ID,PRODUCTO_ID,CANTIDAD_ACTUAL,PRECIO_VENTA) VALUES (4,256,2,6.500000);

INSERT INTO PROVEEDOR_PRODUCTO(PROVEEDOR_ID,PRODUCTO_ID,PRECIO_COMPRA) VALUES(18,256, 7.715517);

-- ===========PRODUCTO [257]
INSERT INTO PRODUCTO(ID,MARCA_ID,LINEA_ID,NOMBRE,PRESENTACION,CONTENIDO,UNIDADES_POR_CAJA,COSTO,COSTO_VENTA,PRECIO_BASE,UNIDAD_MEDIDA,CODIGO_BARRAS,ABREBIATURA) VALUES(257,38,4,'Mistral Rollon Dama','Original',50.0,12.0,0.000000,0.000000,0.000000,'G','7501737411242','Mistral R-O Original 50');

INSERT INTO MOVIMIENTO_HISTORICO_PRODUCTO (ALMACEN_ID,PRODUCTO_ID,FECHA,TIPO_MOVIMIENTO_ID,CANTIDAD,COSTO,PRECIO,USUARIO_ID) VALUES(1,257,now(),30,12,0.000000,0.000000,'root');
INSERT INTO ALMACEN_PRODUCTO(ALMACEN_ID,PRODUCTO_ID,CANTIDAD_ACTUAL,PRECIO_VENTA) VALUES (1,257,12,0.000000);

INSERT INTO ALMACEN_PRODUCTO(ALMACEN_ID,PRODUCTO_ID,CANTIDAD_ACTUAL,PRECIO_VENTA) VALUES (2,257,0,0.000000);

INSERT INTO ALMACEN_PRODUCTO(ALMACEN_ID,PRODUCTO_ID,CANTIDAD_ACTUAL,PRECIO_VENTA) VALUES (3,257,12,0.000000);

INSERT INTO ALMACEN_PRODUCTO(ALMACEN_ID,PRODUCTO_ID,CANTIDAD_ACTUAL,PRECIO_VENTA) VALUES (4,257,0,0.000000);

INSERT INTO PROVEEDOR_PRODUCTO(PROVEEDOR_ID,PRODUCTO_ID,PRECIO_COMPRA) VALUES(13,257, 0.000000);

-- ===========PRODUCTO [258]
INSERT INTO PRODUCTO(ID,MARCA_ID,LINEA_ID,NOMBRE,PRESENTACION,CONTENIDO,UNIDADES_POR_CAJA,COSTO,COSTO_VENTA,PRECIO_BASE,UNIDAD_MEDIDA,CODIGO_BARRAS,ABREBIATURA) VALUES(258,1,4,'Jovan Rollon Caballero','Musk For Men',50.0,12.0,0.000000,0.000000,0.000000,'G','7501737493224','Jovan R-O Musk 50g');

INSERT INTO MOVIMIENTO_HISTORICO_PRODUCTO (ALMACEN_ID,PRODUCTO_ID,FECHA,TIPO_MOVIMIENTO_ID,CANTIDAD,COSTO,PRECIO,USUARIO_ID) VALUES(1,258,now(),30,12,0.000000,0.000000,'root');
INSERT INTO ALMACEN_PRODUCTO(ALMACEN_ID,PRODUCTO_ID,CANTIDAD_ACTUAL,PRECIO_VENTA) VALUES (1,258,12,0.000000);

INSERT INTO ALMACEN_PRODUCTO(ALMACEN_ID,PRODUCTO_ID,CANTIDAD_ACTUAL,PRECIO_VENTA) VALUES (2,258,0,0.000000);

INSERT INTO ALMACEN_PRODUCTO(ALMACEN_ID,PRODUCTO_ID,CANTIDAD_ACTUAL,PRECIO_VENTA) VALUES (3,258,12,0.000000);

INSERT INTO ALMACEN_PRODUCTO(ALMACEN_ID,PRODUCTO_ID,CANTIDAD_ACTUAL,PRECIO_VENTA) VALUES (4,258,0,0.000000);

INSERT INTO PROVEEDOR_PRODUCTO(PROVEEDOR_ID,PRODUCTO_ID,PRECIO_COMPRA) VALUES(12,258, 0.000000);

-- ===========PRODUCTO [259]
INSERT INTO PRODUCTO(ID,MARCA_ID,LINEA_ID,NOMBRE,PRESENTACION,CONTENIDO,UNIDADES_POR_CAJA,COSTO,COSTO_VENTA,PRECIO_BASE,UNIDAD_MEDIDA,CODIGO_BARRAS,ABREBIATURA) VALUES(259,19,4,'Rexona Rollon Caballero','Power',50.0,12.0,13.649425,13.649425,19.000000,'ML','78922082','Rexona R-O Power 50g');

INSERT INTO MOVIMIENTO_HISTORICO_PRODUCTO (ALMACEN_ID,PRODUCTO_ID,FECHA,TIPO_MOVIMIENTO_ID,CANTIDAD,COSTO,PRECIO,USUARIO_ID) VALUES(1,259,now(),30,12,13.649425,19.000000,'root');
INSERT INTO ALMACEN_PRODUCTO(ALMACEN_ID,PRODUCTO_ID,CANTIDAD_ACTUAL,PRECIO_VENTA) VALUES (1,259,12,19.000000);

INSERT INTO ALMACEN_PRODUCTO(ALMACEN_ID,PRODUCTO_ID,CANTIDAD_ACTUAL,PRECIO_VENTA) VALUES (2,259,0,0.000000);

INSERT INTO ALMACEN_PRODUCTO(ALMACEN_ID,PRODUCTO_ID,CANTIDAD_ACTUAL,PRECIO_VENTA) VALUES (3,259,12,17.900000);

INSERT INTO ALMACEN_PRODUCTO(ALMACEN_ID,PRODUCTO_ID,CANTIDAD_ACTUAL,PRECIO_VENTA) VALUES (4,259,0,0.000000);

INSERT INTO PROVEEDOR_PRODUCTO(PROVEEDOR_ID,PRODUCTO_ID,PRECIO_COMPRA) VALUES(17,259, 13.649425);

-- ===========PRODUCTO [260]
INSERT INTO PRODUCTO(ID,MARCA_ID,LINEA_ID,NOMBRE,PRESENTACION,CONTENIDO,UNIDADES_POR_CAJA,COSTO,COSTO_VENTA,PRECIO_BASE,UNIDAD_MEDIDA,CODIGO_BARRAS,ABREBIATURA) VALUES(260,39,4,'Patrichs Rollon Caballero','Terra',50.0,12.0,0.000000,0.000000,0.000000,'G','7501056310424','Patrichs R-O Terra 50g');

INSERT INTO MOVIMIENTO_HISTORICO_PRODUCTO (ALMACEN_ID,PRODUCTO_ID,FECHA,TIPO_MOVIMIENTO_ID,CANTIDAD,COSTO,PRECIO,USUARIO_ID) VALUES(1,260,now(),30,12,0.000000,0.000000,'root');
INSERT INTO ALMACEN_PRODUCTO(ALMACEN_ID,PRODUCTO_ID,CANTIDAD_ACTUAL,PRECIO_VENTA) VALUES (1,260,12,0.000000);

INSERT INTO ALMACEN_PRODUCTO(ALMACEN_ID,PRODUCTO_ID,CANTIDAD_ACTUAL,PRECIO_VENTA) VALUES (2,260,0,0.000000);

INSERT INTO ALMACEN_PRODUCTO(ALMACEN_ID,PRODUCTO_ID,CANTIDAD_ACTUAL,PRECIO_VENTA) VALUES (3,260,12,0.000000);

INSERT INTO ALMACEN_PRODUCTO(ALMACEN_ID,PRODUCTO_ID,CANTIDAD_ACTUAL,PRECIO_VENTA) VALUES (4,260,0,0.000000);

INSERT INTO PROVEEDOR_PRODUCTO(PROVEEDOR_ID,PRODUCTO_ID,PRECIO_COMPRA) VALUES(17,260, 0.000000);

-- ===========PRODUCTO [261]
INSERT INTO PRODUCTO(ID,MARCA_ID,LINEA_ID,NOMBRE,PRESENTACION,CONTENIDO,UNIDADES_POR_CAJA,COSTO,COSTO_VENTA,PRECIO_BASE,UNIDAD_MEDIDA,CODIGO_BARRAS,ABREBIATURA) VALUES(261,2,4,'Adidas Aerosol Dama','Fruity Rhythm',150.0,12.0,22.212644,22.212644,30.920000,'ML','7795646631024','Adidas Aer Fruity 150m');

INSERT INTO MOVIMIENTO_HISTORICO_PRODUCTO (ALMACEN_ID,PRODUCTO_ID,FECHA,TIPO_MOVIMIENTO_ID,CANTIDAD,COSTO,PRECIO,USUARIO_ID) VALUES(1,261,now(),30,12,22.212644,30.920000,'root');
INSERT INTO ALMACEN_PRODUCTO(ALMACEN_ID,PRODUCTO_ID,CANTIDAD_ACTUAL,PRECIO_VENTA) VALUES (1,261,12,30.920000);

INSERT INTO ALMACEN_PRODUCTO(ALMACEN_ID,PRODUCTO_ID,CANTIDAD_ACTUAL,PRECIO_VENTA) VALUES (2,261,0,0.000000);

INSERT INTO ALMACEN_PRODUCTO(ALMACEN_ID,PRODUCTO_ID,CANTIDAD_ACTUAL,PRECIO_VENTA) VALUES (3,261,12,29.900000);

INSERT INTO ALMACEN_PRODUCTO(ALMACEN_ID,PRODUCTO_ID,CANTIDAD_ACTUAL,PRECIO_VENTA) VALUES (4,261,0,0.000000);

INSERT INTO PROVEEDOR_PRODUCTO(PROVEEDOR_ID,PRODUCTO_ID,PRECIO_COMPRA) VALUES(19,261, 22.212644);

-- ===========PRODUCTO [262]
INSERT INTO PRODUCTO(ID,MARCA_ID,LINEA_ID,NOMBRE,PRESENTACION,CONTENIDO,UNIDADES_POR_CAJA,COSTO,COSTO_VENTA,PRECIO_BASE,UNIDAD_MEDIDA,CODIGO_BARRAS,ABREBIATURA) VALUES(262,2,4,'Adidas Aerosol Dama','Pure Powder',150.0,12.0,22.212644,22.212644,30.920000,'ML','7795646571023','Adidas Aer Pure P 150m');

INSERT INTO MOVIMIENTO_HISTORICO_PRODUCTO (ALMACEN_ID,PRODUCTO_ID,FECHA,TIPO_MOVIMIENTO_ID,CANTIDAD,COSTO,PRECIO,USUARIO_ID) VALUES(1,262,now(),30,12,22.212644,30.920000,'root');
INSERT INTO ALMACEN_PRODUCTO(ALMACEN_ID,PRODUCTO_ID,CANTIDAD_ACTUAL,PRECIO_VENTA) VALUES (1,262,12,30.920000);

INSERT INTO ALMACEN_PRODUCTO(ALMACEN_ID,PRODUCTO_ID,CANTIDAD_ACTUAL,PRECIO_VENTA) VALUES (2,262,0,0.000000);

INSERT INTO ALMACEN_PRODUCTO(ALMACEN_ID,PRODUCTO_ID,CANTIDAD_ACTUAL,PRECIO_VENTA) VALUES (3,262,12,29.900000);

INSERT INTO ALMACEN_PRODUCTO(ALMACEN_ID,PRODUCTO_ID,CANTIDAD_ACTUAL,PRECIO_VENTA) VALUES (4,262,0,0.000000);

INSERT INTO PROVEEDOR_PRODUCTO(PROVEEDOR_ID,PRODUCTO_ID,PRECIO_COMPRA) VALUES(19,262, 22.212644);

-- ===========PRODUCTO [263]
INSERT INTO PRODUCTO(ID,MARCA_ID,LINEA_ID,NOMBRE,PRESENTACION,CONTENIDO,UNIDADES_POR_CAJA,COSTO,COSTO_VENTA,PRECIO_BASE,UNIDAD_MEDIDA,CODIGO_BARRAS,ABREBIATURA) VALUES(263,2,4,'Adidas Rollon Caballero','Ice Dive 48h',50.0,12.0,14.317529,14.317529,19.930000,'G','7501737460509','Adidas R-o Ice Div 50g');

INSERT INTO MOVIMIENTO_HISTORICO_PRODUCTO (ALMACEN_ID,PRODUCTO_ID,FECHA,TIPO_MOVIMIENTO_ID,CANTIDAD,COSTO,PRECIO,USUARIO_ID) VALUES(1,263,now(),30,12,14.317529,19.930000,'root');
INSERT INTO ALMACEN_PRODUCTO(ALMACEN_ID,PRODUCTO_ID,CANTIDAD_ACTUAL,PRECIO_VENTA) VALUES (1,263,12,19.930000);

INSERT INTO ALMACEN_PRODUCTO(ALMACEN_ID,PRODUCTO_ID,CANTIDAD_ACTUAL,PRECIO_VENTA) VALUES (2,263,0,0.000000);

INSERT INTO ALMACEN_PRODUCTO(ALMACEN_ID,PRODUCTO_ID,CANTIDAD_ACTUAL,PRECIO_VENTA) VALUES (3,263,12,18.900000);

INSERT INTO ALMACEN_PRODUCTO(ALMACEN_ID,PRODUCTO_ID,CANTIDAD_ACTUAL,PRECIO_VENTA) VALUES (4,263,0,0.000000);

INSERT INTO PROVEEDOR_PRODUCTO(PROVEEDOR_ID,PRODUCTO_ID,PRECIO_COMPRA) VALUES(12,263, 14.317529);

-- ===========PRODUCTO [264]
INSERT INTO PRODUCTO(ID,MARCA_ID,LINEA_ID,NOMBRE,PRESENTACION,CONTENIDO,UNIDADES_POR_CAJA,COSTO,COSTO_VENTA,PRECIO_BASE,UNIDAD_MEDIDA,CODIGO_BARRAS,ABREBIATURA) VALUES(264,2,4,'Adidas Rollon Caballero','Pro Level',50.0,12.0,14.317529,14.317529,19.930000,'G','75029999','Adidas R-o Pro Lev 50g');

INSERT INTO MOVIMIENTO_HISTORICO_PRODUCTO (ALMACEN_ID,PRODUCTO_ID,FECHA,TIPO_MOVIMIENTO_ID,CANTIDAD,COSTO,PRECIO,USUARIO_ID) VALUES(1,264,now(),30,12,14.317529,19.930000,'root');
INSERT INTO ALMACEN_PRODUCTO(ALMACEN_ID,PRODUCTO_ID,CANTIDAD_ACTUAL,PRECIO_VENTA) VALUES (1,264,12,19.930000);

INSERT INTO ALMACEN_PRODUCTO(ALMACEN_ID,PRODUCTO_ID,CANTIDAD_ACTUAL,PRECIO_VENTA) VALUES (2,264,0,0.000000);

INSERT INTO ALMACEN_PRODUCTO(ALMACEN_ID,PRODUCTO_ID,CANTIDAD_ACTUAL,PRECIO_VENTA) VALUES (3,264,12,18.900000);

INSERT INTO ALMACEN_PRODUCTO(ALMACEN_ID,PRODUCTO_ID,CANTIDAD_ACTUAL,PRECIO_VENTA) VALUES (4,264,0,0.000000);

INSERT INTO PROVEEDOR_PRODUCTO(PROVEEDOR_ID,PRODUCTO_ID,PRECIO_COMPRA) VALUES(12,264, 14.317529);

-- ===========PRODUCTO [265]
INSERT INTO PRODUCTO(ID,MARCA_ID,LINEA_ID,NOMBRE,PRESENTACION,CONTENIDO,UNIDADES_POR_CAJA,COSTO,COSTO_VENTA,PRECIO_BASE,UNIDAD_MEDIDA,CODIGO_BARRAS,ABREBIATURA) VALUES(265,2,4,'Adidas Rollon Caballero','Fresh',50.0,12.0,14.317529,14.317529,19.930000,'G','75030025','Adidas R-o Fresh 50g');

INSERT INTO MOVIMIENTO_HISTORICO_PRODUCTO (ALMACEN_ID,PRODUCTO_ID,FECHA,TIPO_MOVIMIENTO_ID,CANTIDAD,COSTO,PRECIO,USUARIO_ID) VALUES(1,265,now(),30,12,14.317529,19.930000,'root');
INSERT INTO ALMACEN_PRODUCTO(ALMACEN_ID,PRODUCTO_ID,CANTIDAD_ACTUAL,PRECIO_VENTA) VALUES (1,265,12,19.930000);

INSERT INTO ALMACEN_PRODUCTO(ALMACEN_ID,PRODUCTO_ID,CANTIDAD_ACTUAL,PRECIO_VENTA) VALUES (2,265,0,0.000000);

INSERT INTO ALMACEN_PRODUCTO(ALMACEN_ID,PRODUCTO_ID,CANTIDAD_ACTUAL,PRECIO_VENTA) VALUES (3,265,12,18.900000);

INSERT INTO ALMACEN_PRODUCTO(ALMACEN_ID,PRODUCTO_ID,CANTIDAD_ACTUAL,PRECIO_VENTA) VALUES (4,265,0,0.000000);

INSERT INTO PROVEEDOR_PRODUCTO(PROVEEDOR_ID,PRODUCTO_ID,PRECIO_COMPRA) VALUES(12,265, 14.317529);

-- ===========PRODUCTO [266]
INSERT INTO PRODUCTO(ID,MARCA_ID,LINEA_ID,NOMBRE,PRESENTACION,CONTENIDO,UNIDADES_POR_CAJA,COSTO,COSTO_VENTA,PRECIO_BASE,UNIDAD_MEDIDA,CODIGO_BARRAS,ABREBIATURA) VALUES(266,2,4,'Adidas Rollon Caballero','Control',50.0,12.0,14.317529,14.317529,19.930000,'G','75030032','Adidas R-o Control 50g');

INSERT INTO MOVIMIENTO_HISTORICO_PRODUCTO (ALMACEN_ID,PRODUCTO_ID,FECHA,TIPO_MOVIMIENTO_ID,CANTIDAD,COSTO,PRECIO,USUARIO_ID) VALUES(1,266,now(),30,12,14.317529,19.930000,'root');
INSERT INTO ALMACEN_PRODUCTO(ALMACEN_ID,PRODUCTO_ID,CANTIDAD_ACTUAL,PRECIO_VENTA) VALUES (1,266,12,19.930000);

INSERT INTO ALMACEN_PRODUCTO(ALMACEN_ID,PRODUCTO_ID,CANTIDAD_ACTUAL,PRECIO_VENTA) VALUES (2,266,0,0.000000);

INSERT INTO ALMACEN_PRODUCTO(ALMACEN_ID,PRODUCTO_ID,CANTIDAD_ACTUAL,PRECIO_VENTA) VALUES (3,266,12,18.900000);

INSERT INTO ALMACEN_PRODUCTO(ALMACEN_ID,PRODUCTO_ID,CANTIDAD_ACTUAL,PRECIO_VENTA) VALUES (4,266,0,0.000000);

INSERT INTO PROVEEDOR_PRODUCTO(PROVEEDOR_ID,PRODUCTO_ID,PRECIO_COMPRA) VALUES(12,266, 14.317529);

-- ===========PRODUCTO [267]
INSERT INTO PRODUCTO(ID,MARCA_ID,LINEA_ID,NOMBRE,PRESENTACION,CONTENIDO,UNIDADES_POR_CAJA,COSTO,COSTO_VENTA,PRECIO_BASE,UNIDAD_MEDIDA,CODIGO_BARRAS,ABREBIATURA) VALUES(267,40,6,'Curitas Aerosol Pies','Fresh Active',150.0,12.0,0.000000,0.000000,0.000000,'ML','4005800019753','Curitas Pies Fresh Aero');

INSERT INTO MOVIMIENTO_HISTORICO_PRODUCTO (ALMACEN_ID,PRODUCTO_ID,FECHA,TIPO_MOVIMIENTO_ID,CANTIDAD,COSTO,PRECIO,USUARIO_ID) VALUES(1,267,now(),30,12,0.000000,0.000000,'root');
INSERT INTO ALMACEN_PRODUCTO(ALMACEN_ID,PRODUCTO_ID,CANTIDAD_ACTUAL,PRECIO_VENTA) VALUES (1,267,12,0.000000);

INSERT INTO ALMACEN_PRODUCTO(ALMACEN_ID,PRODUCTO_ID,CANTIDAD_ACTUAL,PRECIO_VENTA) VALUES (2,267,0,0.000000);

INSERT INTO ALMACEN_PRODUCTO(ALMACEN_ID,PRODUCTO_ID,CANTIDAD_ACTUAL,PRECIO_VENTA) VALUES (3,267,12,0.000000);

INSERT INTO ALMACEN_PRODUCTO(ALMACEN_ID,PRODUCTO_ID,CANTIDAD_ACTUAL,PRECIO_VENTA) VALUES (4,267,0,0.000000);

INSERT INTO PROVEEDOR_PRODUCTO(PROVEEDOR_ID,PRODUCTO_ID,PRECIO_COMPRA) VALUES(19,267, 0.000000);

-- ===========PRODUCTO [268]
INSERT INTO PRODUCTO(ID,MARCA_ID,LINEA_ID,NOMBRE,PRESENTACION,CONTENIDO,UNIDADES_POR_CAJA,COSTO,COSTO_VENTA,PRECIO_BASE,UNIDAD_MEDIDA,CODIGO_BARRAS,ABREBIATURA) VALUES(268,41,4,'Nivea Aerosol Caballero','Dry Impact',150.0,12.0,26.331500,26.331500,36.653448,'ML','4005808293551','Nivea Aer Dry Imp 150');

INSERT INTO MOVIMIENTO_HISTORICO_PRODUCTO (ALMACEN_ID,PRODUCTO_ID,FECHA,TIPO_MOVIMIENTO_ID,CANTIDAD,COSTO,PRECIO,USUARIO_ID) VALUES(1,268,now(),30,12,26.331500,36.653448,'root');
INSERT INTO ALMACEN_PRODUCTO(ALMACEN_ID,PRODUCTO_ID,CANTIDAD_ACTUAL,PRECIO_VENTA) VALUES (1,268,12,36.653448);

INSERT INTO ALMACEN_PRODUCTO(ALMACEN_ID,PRODUCTO_ID,CANTIDAD_ACTUAL,PRECIO_VENTA) VALUES (2,268,0,0.000000);

INSERT INTO ALMACEN_PRODUCTO(ALMACEN_ID,PRODUCTO_ID,CANTIDAD_ACTUAL,PRECIO_VENTA) VALUES (3,268,12,34.900000);

INSERT INTO ALMACEN_PRODUCTO(ALMACEN_ID,PRODUCTO_ID,CANTIDAD_ACTUAL,PRECIO_VENTA) VALUES (4,268,0,0.000000);

INSERT INTO PROVEEDOR_PRODUCTO(PROVEEDOR_ID,PRODUCTO_ID,PRECIO_COMPRA) VALUES(19,268, 26.331500);

-- ===========PRODUCTO [269]
INSERT INTO PRODUCTO(ID,MARCA_ID,LINEA_ID,NOMBRE,PRESENTACION,CONTENIDO,UNIDADES_POR_CAJA,COSTO,COSTO_VENTA,PRECIO_BASE,UNIDAD_MEDIDA,CODIGO_BARRAS,ABREBIATURA) VALUES(269,41,4,'Nivea Aerosol Caballero','Fresh Active',150.0,12.0,26.331500,26.331500,36.653448,'ML','4005808297252','Nivea Aer Fresh 150ml');

INSERT INTO MOVIMIENTO_HISTORICO_PRODUCTO (ALMACEN_ID,PRODUCTO_ID,FECHA,TIPO_MOVIMIENTO_ID,CANTIDAD,COSTO,PRECIO,USUARIO_ID) VALUES(1,269,now(),30,12,26.331500,36.653448,'root');
INSERT INTO ALMACEN_PRODUCTO(ALMACEN_ID,PRODUCTO_ID,CANTIDAD_ACTUAL,PRECIO_VENTA) VALUES (1,269,12,36.653448);

INSERT INTO ALMACEN_PRODUCTO(ALMACEN_ID,PRODUCTO_ID,CANTIDAD_ACTUAL,PRECIO_VENTA) VALUES (2,269,0,0.000000);

INSERT INTO ALMACEN_PRODUCTO(ALMACEN_ID,PRODUCTO_ID,CANTIDAD_ACTUAL,PRECIO_VENTA) VALUES (3,269,12,34.900000);

INSERT INTO ALMACEN_PRODUCTO(ALMACEN_ID,PRODUCTO_ID,CANTIDAD_ACTUAL,PRECIO_VENTA) VALUES (4,269,0,0.000000);

INSERT INTO PROVEEDOR_PRODUCTO(PROVEEDOR_ID,PRODUCTO_ID,PRECIO_COMPRA) VALUES(19,269, 26.331500);

-- ===========PRODUCTO [270]
INSERT INTO PRODUCTO(ID,MARCA_ID,LINEA_ID,NOMBRE,PRESENTACION,CONTENIDO,UNIDADES_POR_CAJA,COSTO,COSTO_VENTA,PRECIO_BASE,UNIDAD_MEDIDA,CODIGO_BARRAS,ABREBIATURA) VALUES(270,42,4,'English Leather Rollon','Silver',65.0,12.0,0.000000,0.000000,0.000000,'G','7501956510603','English L R-o Silver 65');

INSERT INTO MOVIMIENTO_HISTORICO_PRODUCTO (ALMACEN_ID,PRODUCTO_ID,FECHA,TIPO_MOVIMIENTO_ID,CANTIDAD,COSTO,PRECIO,USUARIO_ID) VALUES(1,270,now(),30,12,0.000000,0.000000,'root');
INSERT INTO ALMACEN_PRODUCTO(ALMACEN_ID,PRODUCTO_ID,CANTIDAD_ACTUAL,PRECIO_VENTA) VALUES (1,270,12,0.000000);

INSERT INTO ALMACEN_PRODUCTO(ALMACEN_ID,PRODUCTO_ID,CANTIDAD_ACTUAL,PRECIO_VENTA) VALUES (2,270,0,0.000000);

INSERT INTO ALMACEN_PRODUCTO(ALMACEN_ID,PRODUCTO_ID,CANTIDAD_ACTUAL,PRECIO_VENTA) VALUES (3,270,12,0.000000);

INSERT INTO ALMACEN_PRODUCTO(ALMACEN_ID,PRODUCTO_ID,CANTIDAD_ACTUAL,PRECIO_VENTA) VALUES (4,270,0,0.000000);

INSERT INTO PROVEEDOR_PRODUCTO(PROVEEDOR_ID,PRODUCTO_ID,PRECIO_COMPRA) VALUES(13,270, 0.000000);

-- ===========PRODUCTO [271]
INSERT INTO PRODUCTO(ID,MARCA_ID,LINEA_ID,NOMBRE,PRESENTACION,CONTENIDO,UNIDADES_POR_CAJA,COSTO,COSTO_VENTA,PRECIO_BASE,UNIDAD_MEDIDA,CODIGO_BARRAS,ABREBIATURA) VALUES(271,42,4,'English Leather Rollon','Edicion Especial',65.0,12.0,0.000000,0.000000,0.000000,'G','7501956509577','English L R-o Edicio 65');

INSERT INTO MOVIMIENTO_HISTORICO_PRODUCTO (ALMACEN_ID,PRODUCTO_ID,FECHA,TIPO_MOVIMIENTO_ID,CANTIDAD,COSTO,PRECIO,USUARIO_ID) VALUES(1,271,now(),30,12,0.000000,0.000000,'root');
INSERT INTO ALMACEN_PRODUCTO(ALMACEN_ID,PRODUCTO_ID,CANTIDAD_ACTUAL,PRECIO_VENTA) VALUES (1,271,12,0.000000);

INSERT INTO ALMACEN_PRODUCTO(ALMACEN_ID,PRODUCTO_ID,CANTIDAD_ACTUAL,PRECIO_VENTA) VALUES (2,271,0,0.000000);

INSERT INTO ALMACEN_PRODUCTO(ALMACEN_ID,PRODUCTO_ID,CANTIDAD_ACTUAL,PRECIO_VENTA) VALUES (3,271,12,0.000000);

INSERT INTO ALMACEN_PRODUCTO(ALMACEN_ID,PRODUCTO_ID,CANTIDAD_ACTUAL,PRECIO_VENTA) VALUES (4,271,0,0.000000);

INSERT INTO PROVEEDOR_PRODUCTO(PROVEEDOR_ID,PRODUCTO_ID,PRECIO_COMPRA) VALUES(13,271, 0.000000);

-- ===========PRODUCTO [272]
INSERT INTO PRODUCTO(ID,MARCA_ID,LINEA_ID,NOMBRE,PRESENTACION,CONTENIDO,UNIDADES_POR_CAJA,COSTO,COSTO_VENTA,PRECIO_BASE,UNIDAD_MEDIDA,CODIGO_BARRAS,ABREBIATURA) VALUES(272,42,4,'English Leather Rollon','Clasico',65.0,12.0,0.000000,0.000000,0.000000,'G','7501956509003','English L R-o Clasic 65');

INSERT INTO MOVIMIENTO_HISTORICO_PRODUCTO (ALMACEN_ID,PRODUCTO_ID,FECHA,TIPO_MOVIMIENTO_ID,CANTIDAD,COSTO,PRECIO,USUARIO_ID) VALUES(1,272,now(),30,12,0.000000,0.000000,'root');
INSERT INTO ALMACEN_PRODUCTO(ALMACEN_ID,PRODUCTO_ID,CANTIDAD_ACTUAL,PRECIO_VENTA) VALUES (1,272,12,0.000000);

INSERT INTO ALMACEN_PRODUCTO(ALMACEN_ID,PRODUCTO_ID,CANTIDAD_ACTUAL,PRECIO_VENTA) VALUES (2,272,0,0.000000);

INSERT INTO ALMACEN_PRODUCTO(ALMACEN_ID,PRODUCTO_ID,CANTIDAD_ACTUAL,PRECIO_VENTA) VALUES (3,272,12,0.000000);

INSERT INTO ALMACEN_PRODUCTO(ALMACEN_ID,PRODUCTO_ID,CANTIDAD_ACTUAL,PRECIO_VENTA) VALUES (4,272,0,0.000000);

INSERT INTO PROVEEDOR_PRODUCTO(PROVEEDOR_ID,PRODUCTO_ID,PRECIO_COMPRA) VALUES(13,272, 0.000000);

-- ===========PRODUCTO [273]
INSERT INTO PRODUCTO(ID,MARCA_ID,LINEA_ID,NOMBRE,PRESENTACION,CONTENIDO,UNIDADES_POR_CAJA,COSTO,COSTO_VENTA,PRECIO_BASE,UNIDAD_MEDIDA,CODIGO_BARRAS,ABREBIATURA) VALUES(273,12,6,'Ammens Talco Desodorante Aerosol','Pies',107.0,12.0,19.956897,19.956897,27.780000,'G','7502221184758','Ammens Aero Pies 107');

INSERT INTO MOVIMIENTO_HISTORICO_PRODUCTO (ALMACEN_ID,PRODUCTO_ID,FECHA,TIPO_MOVIMIENTO_ID,CANTIDAD,COSTO,PRECIO,USUARIO_ID) VALUES(1,273,now(),30,12,19.956897,27.780000,'root');
INSERT INTO ALMACEN_PRODUCTO(ALMACEN_ID,PRODUCTO_ID,CANTIDAD_ACTUAL,PRECIO_VENTA) VALUES (1,273,12,27.780000);

INSERT INTO ALMACEN_PRODUCTO(ALMACEN_ID,PRODUCTO_ID,CANTIDAD_ACTUAL,PRECIO_VENTA) VALUES (2,273,0,0.000000);

INSERT INTO ALMACEN_PRODUCTO(ALMACEN_ID,PRODUCTO_ID,CANTIDAD_ACTUAL,PRECIO_VENTA) VALUES (3,273,12,27.900000);

INSERT INTO ALMACEN_PRODUCTO(ALMACEN_ID,PRODUCTO_ID,CANTIDAD_ACTUAL,PRECIO_VENTA) VALUES (4,273,0,0.000000);

INSERT INTO PROVEEDOR_PRODUCTO(PROVEEDOR_ID,PRODUCTO_ID,PRECIO_COMPRA) VALUES(18,273, 19.956897);

-- ===========PRODUCTO [274]
INSERT INTO PRODUCTO(ID,MARCA_ID,LINEA_ID,NOMBRE,PRESENTACION,CONTENIDO,UNIDADES_POR_CAJA,COSTO,COSTO_VENTA,PRECIO_BASE,UNIDAD_MEDIDA,CODIGO_BARRAS,ABREBIATURA) VALUES(274,11,4,'Brut Aerosol','Dominant',210.0,12.0,0.000000,0.000000,0.000000,'ML','7502221184291','Brut Aero Domina 210ml');

INSERT INTO MOVIMIENTO_HISTORICO_PRODUCTO (ALMACEN_ID,PRODUCTO_ID,FECHA,TIPO_MOVIMIENTO_ID,CANTIDAD,COSTO,PRECIO,USUARIO_ID) VALUES(1,274,now(),30,12,0.000000,0.000000,'root');
INSERT INTO ALMACEN_PRODUCTO(ALMACEN_ID,PRODUCTO_ID,CANTIDAD_ACTUAL,PRECIO_VENTA) VALUES (1,274,12,0.000000);

INSERT INTO ALMACEN_PRODUCTO(ALMACEN_ID,PRODUCTO_ID,CANTIDAD_ACTUAL,PRECIO_VENTA) VALUES (2,274,11,9.500000);

INSERT INTO ALMACEN_PRODUCTO(ALMACEN_ID,PRODUCTO_ID,CANTIDAD_ACTUAL,PRECIO_VENTA) VALUES (3,274,12,34.900000);

INSERT INTO ALMACEN_PRODUCTO(ALMACEN_ID,PRODUCTO_ID,CANTIDAD_ACTUAL,PRECIO_VENTA) VALUES (4,274,11,9.500000);

INSERT INTO PROVEEDOR_PRODUCTO(PROVEEDOR_ID,PRODUCTO_ID,PRECIO_COMPRA) VALUES(18,274, 0.000000);

-- ===========PRODUCTO [275]
INSERT INTO PRODUCTO(ID,MARCA_ID,LINEA_ID,NOMBRE,PRESENTACION,CONTENIDO,UNIDADES_POR_CAJA,COSTO,COSTO_VENTA,PRECIO_BASE,UNIDAD_MEDIDA,CODIGO_BARRAS,ABREBIATURA) VALUES(275,11,4,'Brut Aerosol','Motion',210.0,12.0,0.000000,0.000000,0.000000,'ML','7502221182327','Brut Aero Motion 210ml');

INSERT INTO MOVIMIENTO_HISTORICO_PRODUCTO (ALMACEN_ID,PRODUCTO_ID,FECHA,TIPO_MOVIMIENTO_ID,CANTIDAD,COSTO,PRECIO,USUARIO_ID) VALUES(1,275,now(),30,12,0.000000,0.000000,'root');
INSERT INTO ALMACEN_PRODUCTO(ALMACEN_ID,PRODUCTO_ID,CANTIDAD_ACTUAL,PRECIO_VENTA) VALUES (1,275,12,0.000000);

INSERT INTO ALMACEN_PRODUCTO(ALMACEN_ID,PRODUCTO_ID,CANTIDAD_ACTUAL,PRECIO_VENTA) VALUES (2,275,0,0.000000);

INSERT INTO ALMACEN_PRODUCTO(ALMACEN_ID,PRODUCTO_ID,CANTIDAD_ACTUAL,PRECIO_VENTA) VALUES (3,275,12,34.900000);

INSERT INTO ALMACEN_PRODUCTO(ALMACEN_ID,PRODUCTO_ID,CANTIDAD_ACTUAL,PRECIO_VENTA) VALUES (4,275,0,0.000000);

INSERT INTO PROVEEDOR_PRODUCTO(PROVEEDOR_ID,PRODUCTO_ID,PRECIO_COMPRA) VALUES(18,275, 0.000000);

-- ===========PRODUCTO [276]
INSERT INTO PRODUCTO(ID,MARCA_ID,LINEA_ID,NOMBRE,PRESENTACION,CONTENIDO,UNIDADES_POR_CAJA,COSTO,COSTO_VENTA,PRECIO_BASE,UNIDAD_MEDIDA,CODIGO_BARRAS,ABREBIATURA) VALUES(276,11,4,'Brut Aerosol','Euphoria Deo',210.0,12.0,0.000000,0.000000,0.000000,'ML','7502221183546','Brut Aero Eupho De 210');

INSERT INTO MOVIMIENTO_HISTORICO_PRODUCTO (ALMACEN_ID,PRODUCTO_ID,FECHA,TIPO_MOVIMIENTO_ID,CANTIDAD,COSTO,PRECIO,USUARIO_ID) VALUES(1,276,now(),30,12,0.000000,0.000000,'root');
INSERT INTO ALMACEN_PRODUCTO(ALMACEN_ID,PRODUCTO_ID,CANTIDAD_ACTUAL,PRECIO_VENTA) VALUES (1,276,12,0.000000);

INSERT INTO ALMACEN_PRODUCTO(ALMACEN_ID,PRODUCTO_ID,CANTIDAD_ACTUAL,PRECIO_VENTA) VALUES (2,276,0,0.000000);

INSERT INTO ALMACEN_PRODUCTO(ALMACEN_ID,PRODUCTO_ID,CANTIDAD_ACTUAL,PRECIO_VENTA) VALUES (3,276,12,34.900000);

INSERT INTO ALMACEN_PRODUCTO(ALMACEN_ID,PRODUCTO_ID,CANTIDAD_ACTUAL,PRECIO_VENTA) VALUES (4,276,0,0.000000);

INSERT INTO PROVEEDOR_PRODUCTO(PROVEEDOR_ID,PRODUCTO_ID,PRECIO_COMPRA) VALUES(18,276, 0.000000);

-- ===========PRODUCTO [277]
INSERT INTO PRODUCTO(ID,MARCA_ID,LINEA_ID,NOMBRE,PRESENTACION,CONTENIDO,UNIDADES_POR_CAJA,COSTO,COSTO_VENTA,PRECIO_BASE,UNIDAD_MEDIDA,CODIGO_BARRAS,ABREBIATURA) VALUES(277,11,4,'Brut Aerosol','Instinct',208.0,12.0,0.000000,0.000000,0.000000,'ML','7502221183119','Brut Aero Instin 208ml');

INSERT INTO MOVIMIENTO_HISTORICO_PRODUCTO (ALMACEN_ID,PRODUCTO_ID,FECHA,TIPO_MOVIMIENTO_ID,CANTIDAD,COSTO,PRECIO,USUARIO_ID) VALUES(1,277,now(),30,12,0.000000,0.000000,'root');
INSERT INTO ALMACEN_PRODUCTO(ALMACEN_ID,PRODUCTO_ID,CANTIDAD_ACTUAL,PRECIO_VENTA) VALUES (1,277,12,0.000000);

INSERT INTO ALMACEN_PRODUCTO(ALMACEN_ID,PRODUCTO_ID,CANTIDAD_ACTUAL,PRECIO_VENTA) VALUES (2,277,0,0.000000);

INSERT INTO ALMACEN_PRODUCTO(ALMACEN_ID,PRODUCTO_ID,CANTIDAD_ACTUAL,PRECIO_VENTA) VALUES (3,277,12,34.900000);

INSERT INTO ALMACEN_PRODUCTO(ALMACEN_ID,PRODUCTO_ID,CANTIDAD_ACTUAL,PRECIO_VENTA) VALUES (4,277,0,0.000000);

INSERT INTO PROVEEDOR_PRODUCTO(PROVEEDOR_ID,PRODUCTO_ID,PRECIO_COMPRA) VALUES(18,277, 0.000000);

-- ===========PRODUCTO [278]
INSERT INTO PRODUCTO(ID,MARCA_ID,LINEA_ID,NOMBRE,PRESENTACION,CONTENIDO,UNIDADES_POR_CAJA,COSTO,COSTO_VENTA,PRECIO_BASE,UNIDAD_MEDIDA,CODIGO_BARRAS,ABREBIATURA) VALUES(278,11,4,'Brut Aerosol','Classic Deo',208.0,12.0,0.000000,0.000000,0.000000,'ML','7502221181337','Brut Aero Class Deo 208');

INSERT INTO MOVIMIENTO_HISTORICO_PRODUCTO (ALMACEN_ID,PRODUCTO_ID,FECHA,TIPO_MOVIMIENTO_ID,CANTIDAD,COSTO,PRECIO,USUARIO_ID) VALUES(1,278,now(),30,12,0.000000,0.000000,'root');
INSERT INTO ALMACEN_PRODUCTO(ALMACEN_ID,PRODUCTO_ID,CANTIDAD_ACTUAL,PRECIO_VENTA) VALUES (1,278,12,0.000000);

INSERT INTO ALMACEN_PRODUCTO(ALMACEN_ID,PRODUCTO_ID,CANTIDAD_ACTUAL,PRECIO_VENTA) VALUES (2,278,3,9.500000);

INSERT INTO ALMACEN_PRODUCTO(ALMACEN_ID,PRODUCTO_ID,CANTIDAD_ACTUAL,PRECIO_VENTA) VALUES (3,278,12,34.900000);

INSERT INTO ALMACEN_PRODUCTO(ALMACEN_ID,PRODUCTO_ID,CANTIDAD_ACTUAL,PRECIO_VENTA) VALUES (4,278,3,9.500000);

INSERT INTO PROVEEDOR_PRODUCTO(PROVEEDOR_ID,PRODUCTO_ID,PRECIO_COMPRA) VALUES(18,278, 0.000000);

-- ===========PRODUCTO [279]
INSERT INTO PRODUCTO(ID,MARCA_ID,LINEA_ID,NOMBRE,PRESENTACION,CONTENIDO,UNIDADES_POR_CAJA,COSTO,COSTO_VENTA,PRECIO_BASE,UNIDAD_MEDIDA,CODIGO_BARRAS,ABREBIATURA) VALUES(279,11,4,'Brut Aerosol','Classic Ap',210.0,12.0,0.000000,0.000000,0.000000,'ML','7502221181214','Brut Aero Class Ap 210');

INSERT INTO MOVIMIENTO_HISTORICO_PRODUCTO (ALMACEN_ID,PRODUCTO_ID,FECHA,TIPO_MOVIMIENTO_ID,CANTIDAD,COSTO,PRECIO,USUARIO_ID) VALUES(1,279,now(),30,12,0.000000,0.000000,'root');
INSERT INTO ALMACEN_PRODUCTO(ALMACEN_ID,PRODUCTO_ID,CANTIDAD_ACTUAL,PRECIO_VENTA) VALUES (1,279,12,0.000000);

INSERT INTO ALMACEN_PRODUCTO(ALMACEN_ID,PRODUCTO_ID,CANTIDAD_ACTUAL,PRECIO_VENTA) VALUES (2,279,3,9.500000);

INSERT INTO ALMACEN_PRODUCTO(ALMACEN_ID,PRODUCTO_ID,CANTIDAD_ACTUAL,PRECIO_VENTA) VALUES (3,279,12,34.900000);

INSERT INTO ALMACEN_PRODUCTO(ALMACEN_ID,PRODUCTO_ID,CANTIDAD_ACTUAL,PRECIO_VENTA) VALUES (4,279,3,9.500000);

INSERT INTO PROVEEDOR_PRODUCTO(PROVEEDOR_ID,PRODUCTO_ID,PRECIO_COMPRA) VALUES(18,279, 0.000000);

-- ===========PRODUCTO [280]
INSERT INTO PRODUCTO(ID,MARCA_ID,LINEA_ID,NOMBRE,PRESENTACION,CONTENIDO,UNIDADES_POR_CAJA,COSTO,COSTO_VENTA,PRECIO_BASE,UNIDAD_MEDIDA,CODIGO_BARRAS,ABREBIATURA) VALUES(280,11,4,'Brut Aerosol','Euphoria Ap',210.0,12.0,0.000000,0.000000,0.000000,'ML','7502221181931','Brut Aero Euph Ap 210m');

INSERT INTO MOVIMIENTO_HISTORICO_PRODUCTO (ALMACEN_ID,PRODUCTO_ID,FECHA,TIPO_MOVIMIENTO_ID,CANTIDAD,COSTO,PRECIO,USUARIO_ID) VALUES(1,280,now(),30,12,0.000000,0.000000,'root');
INSERT INTO ALMACEN_PRODUCTO(ALMACEN_ID,PRODUCTO_ID,CANTIDAD_ACTUAL,PRECIO_VENTA) VALUES (1,280,12,0.000000);

INSERT INTO ALMACEN_PRODUCTO(ALMACEN_ID,PRODUCTO_ID,CANTIDAD_ACTUAL,PRECIO_VENTA) VALUES (2,280,4,9.500000);

INSERT INTO ALMACEN_PRODUCTO(ALMACEN_ID,PRODUCTO_ID,CANTIDAD_ACTUAL,PRECIO_VENTA) VALUES (3,280,12,34.900000);

INSERT INTO ALMACEN_PRODUCTO(ALMACEN_ID,PRODUCTO_ID,CANTIDAD_ACTUAL,PRECIO_VENTA) VALUES (4,280,4,9.500000);

INSERT INTO PROVEEDOR_PRODUCTO(PROVEEDOR_ID,PRODUCTO_ID,PRECIO_COMPRA) VALUES(18,280, 0.000000);

-- ===========PRODUCTO [281]
INSERT INTO PRODUCTO(ID,MARCA_ID,LINEA_ID,NOMBRE,PRESENTACION,CONTENIDO,UNIDADES_POR_CAJA,COSTO,COSTO_VENTA,PRECIO_BASE,UNIDAD_MEDIDA,CODIGO_BARRAS,ABREBIATURA) VALUES(281,11,4,'Brut Aerosol','Affection',210.0,12.0,0.000000,0.000000,0.000000,'ML','7502221184246','Brut Aero Affect 210ml');

INSERT INTO MOVIMIENTO_HISTORICO_PRODUCTO (ALMACEN_ID,PRODUCTO_ID,FECHA,TIPO_MOVIMIENTO_ID,CANTIDAD,COSTO,PRECIO,USUARIO_ID) VALUES(1,281,now(),30,12,0.000000,0.000000,'root');
INSERT INTO ALMACEN_PRODUCTO(ALMACEN_ID,PRODUCTO_ID,CANTIDAD_ACTUAL,PRECIO_VENTA) VALUES (1,281,12,0.000000);

INSERT INTO ALMACEN_PRODUCTO(ALMACEN_ID,PRODUCTO_ID,CANTIDAD_ACTUAL,PRECIO_VENTA) VALUES (2,281,2,9.500000);

INSERT INTO ALMACEN_PRODUCTO(ALMACEN_ID,PRODUCTO_ID,CANTIDAD_ACTUAL,PRECIO_VENTA) VALUES (3,281,12,34.900000);

INSERT INTO ALMACEN_PRODUCTO(ALMACEN_ID,PRODUCTO_ID,CANTIDAD_ACTUAL,PRECIO_VENTA) VALUES (4,281,2,9.500000);

INSERT INTO PROVEEDOR_PRODUCTO(PROVEEDOR_ID,PRODUCTO_ID,PRECIO_COMPRA) VALUES(18,281, 0.000000);

-- ===========PRODUCTO [282]
INSERT INTO PRODUCTO(ID,MARCA_ID,LINEA_ID,NOMBRE,PRESENTACION,CONTENIDO,UNIDADES_POR_CAJA,COSTO,COSTO_VENTA,PRECIO_BASE,UNIDAD_MEDIDA,CODIGO_BARRAS,ABREBIATURA) VALUES(282,43,4,'Old Spice Aerosol Caballero','Pure Sport',150.0,12.0,0.000000,0.000000,0.000000,'ML','7501007443607','Old Spic Pure Sp 150ml');

INSERT INTO MOVIMIENTO_HISTORICO_PRODUCTO (ALMACEN_ID,PRODUCTO_ID,FECHA,TIPO_MOVIMIENTO_ID,CANTIDAD,COSTO,PRECIO,USUARIO_ID) VALUES(1,282,now(),30,12,0.000000,0.000000,'root');
INSERT INTO ALMACEN_PRODUCTO(ALMACEN_ID,PRODUCTO_ID,CANTIDAD_ACTUAL,PRECIO_VENTA) VALUES (1,282,12,0.000000);

INSERT INTO ALMACEN_PRODUCTO(ALMACEN_ID,PRODUCTO_ID,CANTIDAD_ACTUAL,PRECIO_VENTA) VALUES (2,282,0,0.000000);

INSERT INTO ALMACEN_PRODUCTO(ALMACEN_ID,PRODUCTO_ID,CANTIDAD_ACTUAL,PRECIO_VENTA) VALUES (3,282,12,0.000000);

INSERT INTO ALMACEN_PRODUCTO(ALMACEN_ID,PRODUCTO_ID,CANTIDAD_ACTUAL,PRECIO_VENTA) VALUES (4,282,0,0.000000);

INSERT INTO PROVEEDOR_PRODUCTO(PROVEEDOR_ID,PRODUCTO_ID,PRECIO_COMPRA) VALUES(19,282, 0.000000);

-- ===========PRODUCTO [283]
INSERT INTO PRODUCTO(ID,MARCA_ID,LINEA_ID,NOMBRE,PRESENTACION,CONTENIDO,UNIDADES_POR_CAJA,COSTO,COSTO_VENTA,PRECIO_BASE,UNIDAD_MEDIDA,CODIGO_BARRAS,ABREBIATURA) VALUES(283,19,4,'Rexona Aerosol Caballero','Sportfan',175.0,12.0,26.939655,26.939655,37.500000,'ML','7791293990620','Rexona Aero Sportf 175');

INSERT INTO MOVIMIENTO_HISTORICO_PRODUCTO (ALMACEN_ID,PRODUCTO_ID,FECHA,TIPO_MOVIMIENTO_ID,CANTIDAD,COSTO,PRECIO,USUARIO_ID) VALUES(1,283,now(),30,24,26.939655,37.500000,'root');
INSERT INTO ALMACEN_PRODUCTO(ALMACEN_ID,PRODUCTO_ID,CANTIDAD_ACTUAL,PRECIO_VENTA) VALUES (1,283,24,37.500000);

INSERT INTO ALMACEN_PRODUCTO(ALMACEN_ID,PRODUCTO_ID,CANTIDAD_ACTUAL,PRECIO_VENTA) VALUES (2,283,0,0.000000);

INSERT INTO ALMACEN_PRODUCTO(ALMACEN_ID,PRODUCTO_ID,CANTIDAD_ACTUAL,PRECIO_VENTA) VALUES (3,283,24,37.900000);

INSERT INTO ALMACEN_PRODUCTO(ALMACEN_ID,PRODUCTO_ID,CANTIDAD_ACTUAL,PRECIO_VENTA) VALUES (4,283,0,0.000000);

INSERT INTO PROVEEDOR_PRODUCTO(PROVEEDOR_ID,PRODUCTO_ID,PRECIO_COMPRA) VALUES(19,283, 26.939655);

-- ===========PRODUCTO [284]
INSERT INTO PRODUCTO(ID,MARCA_ID,LINEA_ID,NOMBRE,PRESENTACION,CONTENIDO,UNIDADES_POR_CAJA,COSTO,COSTO_VENTA,PRECIO_BASE,UNIDAD_MEDIDA,CODIGO_BARRAS,ABREBIATURA) VALUES(284,19,4,'Rexona Aerosol Caballero','Invisible',175.0,12.0,26.939655,26.939655,37.500000,'ML','7791293568942','Rexona Aero Invisb 175');

INSERT INTO MOVIMIENTO_HISTORICO_PRODUCTO (ALMACEN_ID,PRODUCTO_ID,FECHA,TIPO_MOVIMIENTO_ID,CANTIDAD,COSTO,PRECIO,USUARIO_ID) VALUES(1,284,now(),30,12,26.939655,37.500000,'root');
INSERT INTO ALMACEN_PRODUCTO(ALMACEN_ID,PRODUCTO_ID,CANTIDAD_ACTUAL,PRECIO_VENTA) VALUES (1,284,12,37.500000);

INSERT INTO ALMACEN_PRODUCTO(ALMACEN_ID,PRODUCTO_ID,CANTIDAD_ACTUAL,PRECIO_VENTA) VALUES (2,284,0,0.000000);

INSERT INTO ALMACEN_PRODUCTO(ALMACEN_ID,PRODUCTO_ID,CANTIDAD_ACTUAL,PRECIO_VENTA) VALUES (3,284,12,37.900000);

INSERT INTO ALMACEN_PRODUCTO(ALMACEN_ID,PRODUCTO_ID,CANTIDAD_ACTUAL,PRECIO_VENTA) VALUES (4,284,0,0.000000);

INSERT INTO PROVEEDOR_PRODUCTO(PROVEEDOR_ID,PRODUCTO_ID,PRECIO_COMPRA) VALUES(19,284, 26.939655);

-- ===========PRODUCTO [285]
INSERT INTO PRODUCTO(ID,MARCA_ID,LINEA_ID,NOMBRE,PRESENTACION,CONTENIDO,UNIDADES_POR_CAJA,COSTO,COSTO_VENTA,PRECIO_BASE,UNIDAD_MEDIDA,CODIGO_BARRAS,ABREBIATURA) VALUES(285,26,4,'Speed Stick Rollon','Icy Surge',50.0,12.0,0.000000,0.000000,0.000000,'ML','7509546010083','Speed S R-o Icy Surg 50');

INSERT INTO MOVIMIENTO_HISTORICO_PRODUCTO (ALMACEN_ID,PRODUCTO_ID,FECHA,TIPO_MOVIMIENTO_ID,CANTIDAD,COSTO,PRECIO,USUARIO_ID) VALUES(1,285,now(),30,12,0.000000,0.000000,'root');
INSERT INTO ALMACEN_PRODUCTO(ALMACEN_ID,PRODUCTO_ID,CANTIDAD_ACTUAL,PRECIO_VENTA) VALUES (1,285,12,0.000000);

INSERT INTO ALMACEN_PRODUCTO(ALMACEN_ID,PRODUCTO_ID,CANTIDAD_ACTUAL,PRECIO_VENTA) VALUES (2,285,0,0.000000);

INSERT INTO ALMACEN_PRODUCTO(ALMACEN_ID,PRODUCTO_ID,CANTIDAD_ACTUAL,PRECIO_VENTA) VALUES (3,285,12,0.000000);

INSERT INTO ALMACEN_PRODUCTO(ALMACEN_ID,PRODUCTO_ID,CANTIDAD_ACTUAL,PRECIO_VENTA) VALUES (4,285,0,0.000000);

INSERT INTO PROVEEDOR_PRODUCTO(PROVEEDOR_ID,PRODUCTO_ID,PRECIO_COMPRA) VALUES(6,285, 0.000000);

-- ===========PRODUCTO [286]
INSERT INTO PRODUCTO(ID,MARCA_ID,LINEA_ID,NOMBRE,PRESENTACION,CONTENIDO,UNIDADES_POR_CAJA,COSTO,COSTO_VENTA,PRECIO_BASE,UNIDAD_MEDIDA,CODIGO_BARRAS,ABREBIATURA) VALUES(286,44,4,'Axe Aerosol','Dark Temptation',90.0,12.0,16.882184,16.882184,23.500000,'ML','7791293005188','Axe Aero Dark 90ml');

INSERT INTO MOVIMIENTO_HISTORICO_PRODUCTO (ALMACEN_ID,PRODUCTO_ID,FECHA,TIPO_MOVIMIENTO_ID,CANTIDAD,COSTO,PRECIO,USUARIO_ID) VALUES(1,286,now(),30,14,16.882184,23.500000,'root');
INSERT INTO ALMACEN_PRODUCTO(ALMACEN_ID,PRODUCTO_ID,CANTIDAD_ACTUAL,PRECIO_VENTA) VALUES (1,286,14,23.500000);

INSERT INTO ALMACEN_PRODUCTO(ALMACEN_ID,PRODUCTO_ID,CANTIDAD_ACTUAL,PRECIO_VENTA) VALUES (2,286,0,0.000000);

INSERT INTO ALMACEN_PRODUCTO(ALMACEN_ID,PRODUCTO_ID,CANTIDAD_ACTUAL,PRECIO_VENTA) VALUES (3,286,14,22.900000);

INSERT INTO ALMACEN_PRODUCTO(ALMACEN_ID,PRODUCTO_ID,CANTIDAD_ACTUAL,PRECIO_VENTA) VALUES (4,286,0,0.000000);

INSERT INTO PROVEEDOR_PRODUCTO(PROVEEDOR_ID,PRODUCTO_ID,PRECIO_COMPRA) VALUES(19,286, 16.882184);

-- ===========PRODUCTO [287]
INSERT INTO PRODUCTO(ID,MARCA_ID,LINEA_ID,NOMBRE,PRESENTACION,CONTENIDO,UNIDADES_POR_CAJA,COSTO,COSTO_VENTA,PRECIO_BASE,UNIDAD_MEDIDA,CODIGO_BARRAS,ABREBIATURA) VALUES(287,19,4,'Rexona Aerosol Dama','Powder',175.0,12.0,26.939655,26.939655,37.500000,'ML','7791293999470','Rexona Aero Powd 175');

INSERT INTO MOVIMIENTO_HISTORICO_PRODUCTO (ALMACEN_ID,PRODUCTO_ID,FECHA,TIPO_MOVIMIENTO_ID,CANTIDAD,COSTO,PRECIO,USUARIO_ID) VALUES(1,287,now(),30,12,26.939655,37.500000,'root');
INSERT INTO ALMACEN_PRODUCTO(ALMACEN_ID,PRODUCTO_ID,CANTIDAD_ACTUAL,PRECIO_VENTA) VALUES (1,287,12,37.500000);

INSERT INTO ALMACEN_PRODUCTO(ALMACEN_ID,PRODUCTO_ID,CANTIDAD_ACTUAL,PRECIO_VENTA) VALUES (2,287,1,20.000000);

INSERT INTO ALMACEN_PRODUCTO(ALMACEN_ID,PRODUCTO_ID,CANTIDAD_ACTUAL,PRECIO_VENTA) VALUES (3,287,12,37.900000);

INSERT INTO ALMACEN_PRODUCTO(ALMACEN_ID,PRODUCTO_ID,CANTIDAD_ACTUAL,PRECIO_VENTA) VALUES (4,287,1,20.000000);

INSERT INTO PROVEEDOR_PRODUCTO(PROVEEDOR_ID,PRODUCTO_ID,PRECIO_COMPRA) VALUES(19,287, 26.939655);

-- ===========PRODUCTO [288]
INSERT INTO PRODUCTO(ID,MARCA_ID,LINEA_ID,NOMBRE,PRESENTACION,CONTENIDO,UNIDADES_POR_CAJA,COSTO,COSTO_VENTA,PRECIO_BASE,UNIDAD_MEDIDA,CODIGO_BARRAS,ABREBIATURA) VALUES(288,19,4,'Rexona Aerosol Dama','Happy',135.0,12.0,0.000000,0.000000,0.000000,'ML','7791293995588','Rexona Aero Happy 135');

INSERT INTO MOVIMIENTO_HISTORICO_PRODUCTO (ALMACEN_ID,PRODUCTO_ID,FECHA,TIPO_MOVIMIENTO_ID,CANTIDAD,COSTO,PRECIO,USUARIO_ID) VALUES(1,288,now(),30,12,0.000000,0.000000,'root');
INSERT INTO ALMACEN_PRODUCTO(ALMACEN_ID,PRODUCTO_ID,CANTIDAD_ACTUAL,PRECIO_VENTA) VALUES (1,288,12,0.000000);

INSERT INTO ALMACEN_PRODUCTO(ALMACEN_ID,PRODUCTO_ID,CANTIDAD_ACTUAL,PRECIO_VENTA) VALUES (2,288,0,0.000000);

INSERT INTO ALMACEN_PRODUCTO(ALMACEN_ID,PRODUCTO_ID,CANTIDAD_ACTUAL,PRECIO_VENTA) VALUES (3,288,12,0.000000);

INSERT INTO ALMACEN_PRODUCTO(ALMACEN_ID,PRODUCTO_ID,CANTIDAD_ACTUAL,PRECIO_VENTA) VALUES (4,288,0,0.000000);

INSERT INTO PROVEEDOR_PRODUCTO(PROVEEDOR_ID,PRODUCTO_ID,PRECIO_COMPRA) VALUES(19,288, 0.000000);

-- ===========PRODUCTO [289]
INSERT INTO PRODUCTO(ID,MARCA_ID,LINEA_ID,NOMBRE,PRESENTACION,CONTENIDO,UNIDADES_POR_CAJA,COSTO,COSTO_VENTA,PRECIO_BASE,UNIDAD_MEDIDA,CODIGO_BARRAS,ABREBIATURA) VALUES(289,9,4,'Coty Body Fresh Aerosol','Hawaiian Ginger',100.0,12.0,0.000000,0.000000,0.000000,'ML','7501737403933','Coty Aero Hawaia 100m');

INSERT INTO MOVIMIENTO_HISTORICO_PRODUCTO (ALMACEN_ID,PRODUCTO_ID,FECHA,TIPO_MOVIMIENTO_ID,CANTIDAD,COSTO,PRECIO,USUARIO_ID) VALUES(1,289,now(),30,12,0.000000,0.000000,'root');
INSERT INTO ALMACEN_PRODUCTO(ALMACEN_ID,PRODUCTO_ID,CANTIDAD_ACTUAL,PRECIO_VENTA) VALUES (1,289,12,0.000000);

INSERT INTO ALMACEN_PRODUCTO(ALMACEN_ID,PRODUCTO_ID,CANTIDAD_ACTUAL,PRECIO_VENTA) VALUES (2,289,0,0.000000);

INSERT INTO ALMACEN_PRODUCTO(ALMACEN_ID,PRODUCTO_ID,CANTIDAD_ACTUAL,PRECIO_VENTA) VALUES (3,289,12,0.000000);

INSERT INTO ALMACEN_PRODUCTO(ALMACEN_ID,PRODUCTO_ID,CANTIDAD_ACTUAL,PRECIO_VENTA) VALUES (4,289,0,0.000000);

INSERT INTO PROVEEDOR_PRODUCTO(PROVEEDOR_ID,PRODUCTO_ID,PRECIO_COMPRA) VALUES(13,289, 0.000000);

-- ===========PRODUCTO [290]
INSERT INTO PRODUCTO(ID,MARCA_ID,LINEA_ID,NOMBRE,PRESENTACION,CONTENIDO,UNIDADES_POR_CAJA,COSTO,COSTO_VENTA,PRECIO_BASE,UNIDAD_MEDIDA,CODIGO_BARRAS,ABREBIATURA) VALUES(290,9,4,'Coty Body Fresh Aerosol','Tahitian Orchid',100.0,12.0,0.000000,0.000000,0.000000,'ML','7501737403940','Coty Aero Tahitia 100m');

INSERT INTO MOVIMIENTO_HISTORICO_PRODUCTO (ALMACEN_ID,PRODUCTO_ID,FECHA,TIPO_MOVIMIENTO_ID,CANTIDAD,COSTO,PRECIO,USUARIO_ID) VALUES(1,290,now(),30,8,0.000000,0.000000,'root');
INSERT INTO ALMACEN_PRODUCTO(ALMACEN_ID,PRODUCTO_ID,CANTIDAD_ACTUAL,PRECIO_VENTA) VALUES (1,290,8,0.000000);

INSERT INTO ALMACEN_PRODUCTO(ALMACEN_ID,PRODUCTO_ID,CANTIDAD_ACTUAL,PRECIO_VENTA) VALUES (2,290,0,0.000000);

INSERT INTO ALMACEN_PRODUCTO(ALMACEN_ID,PRODUCTO_ID,CANTIDAD_ACTUAL,PRECIO_VENTA) VALUES (3,290,8,0.000000);

INSERT INTO ALMACEN_PRODUCTO(ALMACEN_ID,PRODUCTO_ID,CANTIDAD_ACTUAL,PRECIO_VENTA) VALUES (4,290,0,0.000000);

INSERT INTO PROVEEDOR_PRODUCTO(PROVEEDOR_ID,PRODUCTO_ID,PRECIO_COMPRA) VALUES(13,290, 0.000000);

-- ===========PRODUCTO [291]
INSERT INTO PRODUCTO(ID,MARCA_ID,LINEA_ID,NOMBRE,PRESENTACION,CONTENIDO,UNIDADES_POR_CAJA,COSTO,COSTO_VENTA,PRECIO_BASE,UNIDAD_MEDIDA,CODIGO_BARRAS,ABREBIATURA) VALUES(291,9,4,'Coty Body Fresh Aerosol','Tierna',100.0,12.0,0.000000,0.000000,0.000000,'ML','7501737404930','Coty Aero Tierna 100ml');

INSERT INTO MOVIMIENTO_HISTORICO_PRODUCTO (ALMACEN_ID,PRODUCTO_ID,FECHA,TIPO_MOVIMIENTO_ID,CANTIDAD,COSTO,PRECIO,USUARIO_ID) VALUES(1,291,now(),30,12,0.000000,0.000000,'root');
INSERT INTO ALMACEN_PRODUCTO(ALMACEN_ID,PRODUCTO_ID,CANTIDAD_ACTUAL,PRECIO_VENTA) VALUES (1,291,12,0.000000);

INSERT INTO ALMACEN_PRODUCTO(ALMACEN_ID,PRODUCTO_ID,CANTIDAD_ACTUAL,PRECIO_VENTA) VALUES (2,291,0,0.000000);

INSERT INTO ALMACEN_PRODUCTO(ALMACEN_ID,PRODUCTO_ID,CANTIDAD_ACTUAL,PRECIO_VENTA) VALUES (3,291,12,0.000000);

INSERT INTO ALMACEN_PRODUCTO(ALMACEN_ID,PRODUCTO_ID,CANTIDAD_ACTUAL,PRECIO_VENTA) VALUES (4,291,0,0.000000);

INSERT INTO PROVEEDOR_PRODUCTO(PROVEEDOR_ID,PRODUCTO_ID,PRECIO_COMPRA) VALUES(13,291, 0.000000);

-- ===========PRODUCTO [292]
INSERT INTO PRODUCTO(ID,MARCA_ID,LINEA_ID,NOMBRE,PRESENTACION,CONTENIDO,UNIDADES_POR_CAJA,COSTO,COSTO_VENTA,PRECIO_BASE,UNIDAD_MEDIDA,CODIGO_BARRAS,ABREBIATURA) VALUES(292,26,4,'speed Stick Rollon','Multi-Protect Active',50.0,12.0,0.000000,0.000000,0.000000,'ML','7509546052588','Speed S R-o Mul X5 50m');

INSERT INTO MOVIMIENTO_HISTORICO_PRODUCTO (ALMACEN_ID,PRODUCTO_ID,FECHA,TIPO_MOVIMIENTO_ID,CANTIDAD,COSTO,PRECIO,USUARIO_ID) VALUES(1,292,now(),30,12,0.000000,0.000000,'root');
INSERT INTO ALMACEN_PRODUCTO(ALMACEN_ID,PRODUCTO_ID,CANTIDAD_ACTUAL,PRECIO_VENTA) VALUES (1,292,12,0.000000);

INSERT INTO ALMACEN_PRODUCTO(ALMACEN_ID,PRODUCTO_ID,CANTIDAD_ACTUAL,PRECIO_VENTA) VALUES (2,292,0,0.000000);

INSERT INTO ALMACEN_PRODUCTO(ALMACEN_ID,PRODUCTO_ID,CANTIDAD_ACTUAL,PRECIO_VENTA) VALUES (3,292,12,0.000000);

INSERT INTO ALMACEN_PRODUCTO(ALMACEN_ID,PRODUCTO_ID,CANTIDAD_ACTUAL,PRECIO_VENTA) VALUES (4,292,0,0.000000);

INSERT INTO PROVEEDOR_PRODUCTO(PROVEEDOR_ID,PRODUCTO_ID,PRECIO_COMPRA) VALUES(6,292, 0.000000);

-- ===========PRODUCTO [293]
INSERT INTO PRODUCTO(ID,MARCA_ID,LINEA_ID,NOMBRE,PRESENTACION,CONTENIDO,UNIDADES_POR_CAJA,COSTO,COSTO_VENTA,PRECIO_BASE,UNIDAD_MEDIDA,CODIGO_BARRAS,ABREBIATURA) VALUES(293,26,4,'speed Stick Rollon','Sensitive Power Dry Control',50.0,12.0,0.000000,0.000000,0.000000,'ML','7509546050669','Speed S R-o Dry Cont 50');

INSERT INTO MOVIMIENTO_HISTORICO_PRODUCTO (ALMACEN_ID,PRODUCTO_ID,FECHA,TIPO_MOVIMIENTO_ID,CANTIDAD,COSTO,PRECIO,USUARIO_ID) VALUES(1,293,now(),30,12,0.000000,0.000000,'root');
INSERT INTO ALMACEN_PRODUCTO(ALMACEN_ID,PRODUCTO_ID,CANTIDAD_ACTUAL,PRECIO_VENTA) VALUES (1,293,12,0.000000);

INSERT INTO ALMACEN_PRODUCTO(ALMACEN_ID,PRODUCTO_ID,CANTIDAD_ACTUAL,PRECIO_VENTA) VALUES (2,293,0,0.000000);

INSERT INTO ALMACEN_PRODUCTO(ALMACEN_ID,PRODUCTO_ID,CANTIDAD_ACTUAL,PRECIO_VENTA) VALUES (3,293,12,0.000000);

INSERT INTO ALMACEN_PRODUCTO(ALMACEN_ID,PRODUCTO_ID,CANTIDAD_ACTUAL,PRECIO_VENTA) VALUES (4,293,0,0.000000);

INSERT INTO PROVEEDOR_PRODUCTO(PROVEEDOR_ID,PRODUCTO_ID,PRECIO_COMPRA) VALUES(6,293, 0.000000);

-- ===========PRODUCTO [294]
INSERT INTO PRODUCTO(ID,MARCA_ID,LINEA_ID,NOMBRE,PRESENTACION,CONTENIDO,UNIDADES_POR_CAJA,COSTO,COSTO_VENTA,PRECIO_BASE,UNIDAD_MEDIDA,CODIGO_BARRAS,ABREBIATURA) VALUES(294,41,4,'Nivea Rollon Dama','Dry Comfort',50.0,12.0,15.764586,15.764586,21.944304,'ML','4005808816118','Nivea R-o Dry Comf 50m');

INSERT INTO MOVIMIENTO_HISTORICO_PRODUCTO (ALMACEN_ID,PRODUCTO_ID,FECHA,TIPO_MOVIMIENTO_ID,CANTIDAD,COSTO,PRECIO,USUARIO_ID) VALUES(1,294,now(),30,12,15.764586,21.944304,'root');
INSERT INTO ALMACEN_PRODUCTO(ALMACEN_ID,PRODUCTO_ID,CANTIDAD_ACTUAL,PRECIO_VENTA) VALUES (1,294,12,21.944304);

INSERT INTO ALMACEN_PRODUCTO(ALMACEN_ID,PRODUCTO_ID,CANTIDAD_ACTUAL,PRECIO_VENTA) VALUES (2,294,0,0.000000);

INSERT INTO ALMACEN_PRODUCTO(ALMACEN_ID,PRODUCTO_ID,CANTIDAD_ACTUAL,PRECIO_VENTA) VALUES (3,294,12,21.940000);

INSERT INTO ALMACEN_PRODUCTO(ALMACEN_ID,PRODUCTO_ID,CANTIDAD_ACTUAL,PRECIO_VENTA) VALUES (4,294,0,0.000000);

INSERT INTO PROVEEDOR_PRODUCTO(PROVEEDOR_ID,PRODUCTO_ID,PRECIO_COMPRA) VALUES(19,294, 15.764586);

-- ===========PRODUCTO [295]
INSERT INTO PRODUCTO(ID,MARCA_ID,LINEA_ID,NOMBRE,PRESENTACION,CONTENIDO,UNIDADES_POR_CAJA,COSTO,COSTO_VENTA,PRECIO_BASE,UNIDAD_MEDIDA,CODIGO_BARRAS,ABREBIATURA) VALUES(295,45,4,'Obao O-Fresh Rollon','Joyful Day',65.0,12.0,14.137931,14.137931,19.680000,'G','7501839114461','Obao Frsh Joyful 65g');

INSERT INTO MOVIMIENTO_HISTORICO_PRODUCTO (ALMACEN_ID,PRODUCTO_ID,FECHA,TIPO_MOVIMIENTO_ID,CANTIDAD,COSTO,PRECIO,USUARIO_ID) VALUES(1,295,now(),30,12,14.137931,19.680000,'root');
INSERT INTO ALMACEN_PRODUCTO(ALMACEN_ID,PRODUCTO_ID,CANTIDAD_ACTUAL,PRECIO_VENTA) VALUES (1,295,12,19.680000);

INSERT INTO ALMACEN_PRODUCTO(ALMACEN_ID,PRODUCTO_ID,CANTIDAD_ACTUAL,PRECIO_VENTA) VALUES (2,295,0,0.000000);

INSERT INTO ALMACEN_PRODUCTO(ALMACEN_ID,PRODUCTO_ID,CANTIDAD_ACTUAL,PRECIO_VENTA) VALUES (3,295,12,15.900000);

INSERT INTO ALMACEN_PRODUCTO(ALMACEN_ID,PRODUCTO_ID,CANTIDAD_ACTUAL,PRECIO_VENTA) VALUES (4,295,0,0.000000);

INSERT INTO PROVEEDOR_PRODUCTO(PROVEEDOR_ID,PRODUCTO_ID,PRECIO_COMPRA) VALUES(13,295, 14.137931);

-- ===========PRODUCTO [296]
INSERT INTO PRODUCTO(ID,MARCA_ID,LINEA_ID,NOMBRE,PRESENTACION,CONTENIDO,UNIDADES_POR_CAJA,COSTO,COSTO_VENTA,PRECIO_BASE,UNIDAD_MEDIDA,CODIGO_BARRAS,ABREBIATURA) VALUES(296,45,4,'Obao O-Fresh Rollon','Bamboo Splash',65.0,12.0,14.137931,14.137931,19.680000,'G','7501839114447','Obao Frsh Bamboo 65g');

INSERT INTO MOVIMIENTO_HISTORICO_PRODUCTO (ALMACEN_ID,PRODUCTO_ID,FECHA,TIPO_MOVIMIENTO_ID,CANTIDAD,COSTO,PRECIO,USUARIO_ID) VALUES(1,296,now(),30,12,14.137931,19.680000,'root');
INSERT INTO ALMACEN_PRODUCTO(ALMACEN_ID,PRODUCTO_ID,CANTIDAD_ACTUAL,PRECIO_VENTA) VALUES (1,296,12,19.680000);

INSERT INTO ALMACEN_PRODUCTO(ALMACEN_ID,PRODUCTO_ID,CANTIDAD_ACTUAL,PRECIO_VENTA) VALUES (2,296,0,0.000000);

INSERT INTO ALMACEN_PRODUCTO(ALMACEN_ID,PRODUCTO_ID,CANTIDAD_ACTUAL,PRECIO_VENTA) VALUES (3,296,12,15.900000);

INSERT INTO ALMACEN_PRODUCTO(ALMACEN_ID,PRODUCTO_ID,CANTIDAD_ACTUAL,PRECIO_VENTA) VALUES (4,296,0,0.000000);

INSERT INTO PROVEEDOR_PRODUCTO(PROVEEDOR_ID,PRODUCTO_ID,PRECIO_COMPRA) VALUES(13,296, 14.137931);

-- ===========PRODUCTO [297]
INSERT INTO PRODUCTO(ID,MARCA_ID,LINEA_ID,NOMBRE,PRESENTACION,CONTENIDO,UNIDADES_POR_CAJA,COSTO,COSTO_VENTA,PRECIO_BASE,UNIDAD_MEDIDA,CODIGO_BARRAS,ABREBIATURA) VALUES(297,46,4,'Dove Aerosol Dama','Clear Tone',169.0,12.0,26.939655,26.939655,37.500000,'ML','7791293008110','Dove Aero Clear T 169m');

INSERT INTO MOVIMIENTO_HISTORICO_PRODUCTO (ALMACEN_ID,PRODUCTO_ID,FECHA,TIPO_MOVIMIENTO_ID,CANTIDAD,COSTO,PRECIO,USUARIO_ID) VALUES(1,297,now(),30,12,26.939655,37.500000,'root');
INSERT INTO ALMACEN_PRODUCTO(ALMACEN_ID,PRODUCTO_ID,CANTIDAD_ACTUAL,PRECIO_VENTA) VALUES (1,297,12,37.500000);

INSERT INTO ALMACEN_PRODUCTO(ALMACEN_ID,PRODUCTO_ID,CANTIDAD_ACTUAL,PRECIO_VENTA) VALUES (2,297,0,0.000000);

INSERT INTO ALMACEN_PRODUCTO(ALMACEN_ID,PRODUCTO_ID,CANTIDAD_ACTUAL,PRECIO_VENTA) VALUES (3,297,12,38.900000);

INSERT INTO ALMACEN_PRODUCTO(ALMACEN_ID,PRODUCTO_ID,CANTIDAD_ACTUAL,PRECIO_VENTA) VALUES (4,297,0,0.000000);

INSERT INTO PROVEEDOR_PRODUCTO(PROVEEDOR_ID,PRODUCTO_ID,PRECIO_COMPRA) VALUES(19,297, 26.939655);

-- ===========PRODUCTO [298]
INSERT INTO PRODUCTO(ID,MARCA_ID,LINEA_ID,NOMBRE,PRESENTACION,CONTENIDO,UNIDADES_POR_CAJA,COSTO,COSTO_VENTA,PRECIO_BASE,UNIDAD_MEDIDA,CODIGO_BARRAS,ABREBIATURA) VALUES(298,46,4,'Dove Aerosol Dama','Sensitive',169.0,12.0,26.939655,26.939655,37.500000,'ML','7791293008127','Dove Aero Ssitive 169');

INSERT INTO MOVIMIENTO_HISTORICO_PRODUCTO (ALMACEN_ID,PRODUCTO_ID,FECHA,TIPO_MOVIMIENTO_ID,CANTIDAD,COSTO,PRECIO,USUARIO_ID) VALUES(1,298,now(),30,12,26.939655,37.500000,'root');
INSERT INTO ALMACEN_PRODUCTO(ALMACEN_ID,PRODUCTO_ID,CANTIDAD_ACTUAL,PRECIO_VENTA) VALUES (1,298,12,37.500000);

INSERT INTO ALMACEN_PRODUCTO(ALMACEN_ID,PRODUCTO_ID,CANTIDAD_ACTUAL,PRECIO_VENTA) VALUES (2,298,0,0.000000);

INSERT INTO ALMACEN_PRODUCTO(ALMACEN_ID,PRODUCTO_ID,CANTIDAD_ACTUAL,PRECIO_VENTA) VALUES (3,298,12,38.900000);

INSERT INTO ALMACEN_PRODUCTO(ALMACEN_ID,PRODUCTO_ID,CANTIDAD_ACTUAL,PRECIO_VENTA) VALUES (4,298,0,0.000000);

INSERT INTO PROVEEDOR_PRODUCTO(PROVEEDOR_ID,PRODUCTO_ID,PRECIO_COMPRA) VALUES(19,298, 26.939655);

-- ===========PRODUCTO [299]
INSERT INTO PRODUCTO(ID,MARCA_ID,LINEA_ID,NOMBRE,PRESENTACION,CONTENIDO,UNIDADES_POR_CAJA,COSTO,COSTO_VENTA,PRECIO_BASE,UNIDAD_MEDIDA,CODIGO_BARRAS,ABREBIATURA) VALUES(299,45,4,'Obao Rollon Caballero','Classic',65.0,24.0,0.000000,0.000000,0.000000,'G','7501027286017','Obao R-o Classic 65g');

INSERT INTO MOVIMIENTO_HISTORICO_PRODUCTO (ALMACEN_ID,PRODUCTO_ID,FECHA,TIPO_MOVIMIENTO_ID,CANTIDAD,COSTO,PRECIO,USUARIO_ID) VALUES(1,299,now(),30,12,0.000000,0.000000,'root');
INSERT INTO ALMACEN_PRODUCTO(ALMACEN_ID,PRODUCTO_ID,CANTIDAD_ACTUAL,PRECIO_VENTA) VALUES (1,299,12,0.000000);

INSERT INTO ALMACEN_PRODUCTO(ALMACEN_ID,PRODUCTO_ID,CANTIDAD_ACTUAL,PRECIO_VENTA) VALUES (2,299,0,0.000000);

INSERT INTO ALMACEN_PRODUCTO(ALMACEN_ID,PRODUCTO_ID,CANTIDAD_ACTUAL,PRECIO_VENTA) VALUES (3,299,12,0.000000);

INSERT INTO ALMACEN_PRODUCTO(ALMACEN_ID,PRODUCTO_ID,CANTIDAD_ACTUAL,PRECIO_VENTA) VALUES (4,299,0,0.000000);

INSERT INTO PROVEEDOR_PRODUCTO(PROVEEDOR_ID,PRODUCTO_ID,PRECIO_COMPRA) VALUES(13,299, 0.000000);

-- ===========PRODUCTO [300]
INSERT INTO PRODUCTO(ID,MARCA_ID,LINEA_ID,NOMBRE,PRESENTACION,CONTENIDO,UNIDADES_POR_CAJA,COSTO,COSTO_VENTA,PRECIO_BASE,UNIDAD_MEDIDA,CODIGO_BARRAS,ABREBIATURA) VALUES(300,47,4,'Bio Garnier Aerosol','Fresh',150.0,12.0,20.581897,20.581897,28.650000,'ML','7501839199741','Bio Gar Aero Fresh 150');

INSERT INTO MOVIMIENTO_HISTORICO_PRODUCTO (ALMACEN_ID,PRODUCTO_ID,FECHA,TIPO_MOVIMIENTO_ID,CANTIDAD,COSTO,PRECIO,USUARIO_ID) VALUES(1,300,now(),30,12,20.581897,28.650000,'root');
INSERT INTO ALMACEN_PRODUCTO(ALMACEN_ID,PRODUCTO_ID,CANTIDAD_ACTUAL,PRECIO_VENTA) VALUES (1,300,12,28.650000);

INSERT INTO ALMACEN_PRODUCTO(ALMACEN_ID,PRODUCTO_ID,CANTIDAD_ACTUAL,PRECIO_VENTA) VALUES (2,300,0,0.000000);

INSERT INTO ALMACEN_PRODUCTO(ALMACEN_ID,PRODUCTO_ID,CANTIDAD_ACTUAL,PRECIO_VENTA) VALUES (3,300,12,29.900000);

INSERT INTO ALMACEN_PRODUCTO(ALMACEN_ID,PRODUCTO_ID,CANTIDAD_ACTUAL,PRECIO_VENTA) VALUES (4,300,0,0.000000);

INSERT INTO PROVEEDOR_PRODUCTO(PROVEEDOR_ID,PRODUCTO_ID,PRECIO_COMPRA) VALUES(11,300, 20.581897);

-- ===========PRODUCTO [301]
INSERT INTO PRODUCTO(ID,MARCA_ID,LINEA_ID,NOMBRE,PRESENTACION,CONTENIDO,UNIDADES_POR_CAJA,COSTO,COSTO_VENTA,PRECIO_BASE,UNIDAD_MEDIDA,CODIGO_BARRAS,ABREBIATURA) VALUES(301,47,4,'Bio Garnier Rollon','Clarify',50.0,12.0,14.137931,14.137931,19.680000,'G','7506078948068','Bio Gar R-o Clarify 50g');

INSERT INTO MOVIMIENTO_HISTORICO_PRODUCTO (ALMACEN_ID,PRODUCTO_ID,FECHA,TIPO_MOVIMIENTO_ID,CANTIDAD,COSTO,PRECIO,USUARIO_ID) VALUES(1,301,now(),30,12,14.137931,19.680000,'root');
INSERT INTO ALMACEN_PRODUCTO(ALMACEN_ID,PRODUCTO_ID,CANTIDAD_ACTUAL,PRECIO_VENTA) VALUES (1,301,12,19.680000);

INSERT INTO ALMACEN_PRODUCTO(ALMACEN_ID,PRODUCTO_ID,CANTIDAD_ACTUAL,PRECIO_VENTA) VALUES (2,301,0,0.000000);

INSERT INTO ALMACEN_PRODUCTO(ALMACEN_ID,PRODUCTO_ID,CANTIDAD_ACTUAL,PRECIO_VENTA) VALUES (3,301,12,18.900000);

INSERT INTO ALMACEN_PRODUCTO(ALMACEN_ID,PRODUCTO_ID,CANTIDAD_ACTUAL,PRECIO_VENTA) VALUES (4,301,0,0.000000);

INSERT INTO PROVEEDOR_PRODUCTO(PROVEEDOR_ID,PRODUCTO_ID,PRECIO_COMPRA) VALUES(11,301, 14.137931);

-- ===========PRODUCTO [302]
INSERT INTO PRODUCTO(ID,MARCA_ID,LINEA_ID,NOMBRE,PRESENTACION,CONTENIDO,UNIDADES_POR_CAJA,COSTO,COSTO_VENTA,PRECIO_BASE,UNIDAD_MEDIDA,CODIGO_BARRAS,ABREBIATURA) VALUES(302,9,4,'Coty Body Fresh Rollon Dama','Tierna',70.0,12.0,0.000000,0.000000,0.000000,'ML','7501737404923','Coty R-o Tierna 70ml');

INSERT INTO MOVIMIENTO_HISTORICO_PRODUCTO (ALMACEN_ID,PRODUCTO_ID,FECHA,TIPO_MOVIMIENTO_ID,CANTIDAD,COSTO,PRECIO,USUARIO_ID) VALUES(1,302,now(),30,12,0.000000,0.000000,'root');
INSERT INTO ALMACEN_PRODUCTO(ALMACEN_ID,PRODUCTO_ID,CANTIDAD_ACTUAL,PRECIO_VENTA) VALUES (1,302,12,0.000000);

INSERT INTO ALMACEN_PRODUCTO(ALMACEN_ID,PRODUCTO_ID,CANTIDAD_ACTUAL,PRECIO_VENTA) VALUES (2,302,0,0.000000);

INSERT INTO ALMACEN_PRODUCTO(ALMACEN_ID,PRODUCTO_ID,CANTIDAD_ACTUAL,PRECIO_VENTA) VALUES (3,302,12,0.000000);

INSERT INTO ALMACEN_PRODUCTO(ALMACEN_ID,PRODUCTO_ID,CANTIDAD_ACTUAL,PRECIO_VENTA) VALUES (4,302,0,0.000000);

INSERT INTO PROVEEDOR_PRODUCTO(PROVEEDOR_ID,PRODUCTO_ID,PRECIO_COMPRA) VALUES(13,302, 0.000000);

-- ===========PRODUCTO [303]
INSERT INTO PRODUCTO(ID,MARCA_ID,LINEA_ID,NOMBRE,PRESENTACION,CONTENIDO,UNIDADES_POR_CAJA,COSTO,COSTO_VENTA,PRECIO_BASE,UNIDAD_MEDIDA,CODIGO_BARRAS,ABREBIATURA) VALUES(303,9,4,'Coty Body Fresh Rollon Dama','Energetica',70.0,12.0,0.000000,0.000000,0.000000,'ML','75031855','Coty R-o Energet 70ml');

INSERT INTO MOVIMIENTO_HISTORICO_PRODUCTO (ALMACEN_ID,PRODUCTO_ID,FECHA,TIPO_MOVIMIENTO_ID,CANTIDAD,COSTO,PRECIO,USUARIO_ID) VALUES(1,303,now(),30,12,0.000000,0.000000,'root');
INSERT INTO ALMACEN_PRODUCTO(ALMACEN_ID,PRODUCTO_ID,CANTIDAD_ACTUAL,PRECIO_VENTA) VALUES (1,303,12,0.000000);

INSERT INTO ALMACEN_PRODUCTO(ALMACEN_ID,PRODUCTO_ID,CANTIDAD_ACTUAL,PRECIO_VENTA) VALUES (2,303,0,0.000000);

INSERT INTO ALMACEN_PRODUCTO(ALMACEN_ID,PRODUCTO_ID,CANTIDAD_ACTUAL,PRECIO_VENTA) VALUES (3,303,12,0.000000);

INSERT INTO ALMACEN_PRODUCTO(ALMACEN_ID,PRODUCTO_ID,CANTIDAD_ACTUAL,PRECIO_VENTA) VALUES (4,303,0,0.000000);

INSERT INTO PROVEEDOR_PRODUCTO(PROVEEDOR_ID,PRODUCTO_ID,PRECIO_COMPRA) VALUES(13,303, 0.000000);

-- ===========PRODUCTO [304]
INSERT INTO PRODUCTO(ID,MARCA_ID,LINEA_ID,NOMBRE,PRESENTACION,CONTENIDO,UNIDADES_POR_CAJA,COSTO,COSTO_VENTA,PRECIO_BASE,UNIDAD_MEDIDA,CODIGO_BARRAS,ABREBIATURA) VALUES(304,48,4,'Mum Rollon Dama','Floral',60.0,24.0,0.000000,0.000000,0.000000,'G','75030131','Mum R-o Floral 60g');

INSERT INTO MOVIMIENTO_HISTORICO_PRODUCTO (ALMACEN_ID,PRODUCTO_ID,FECHA,TIPO_MOVIMIENTO_ID,CANTIDAD,COSTO,PRECIO,USUARIO_ID) VALUES(1,304,now(),30,24,0.000000,0.000000,'root');
INSERT INTO ALMACEN_PRODUCTO(ALMACEN_ID,PRODUCTO_ID,CANTIDAD_ACTUAL,PRECIO_VENTA) VALUES (1,304,24,0.000000);

INSERT INTO ALMACEN_PRODUCTO(ALMACEN_ID,PRODUCTO_ID,CANTIDAD_ACTUAL,PRECIO_VENTA) VALUES (2,304,0,0.000000);

INSERT INTO ALMACEN_PRODUCTO(ALMACEN_ID,PRODUCTO_ID,CANTIDAD_ACTUAL,PRECIO_VENTA) VALUES (3,304,24,0.000000);

INSERT INTO ALMACEN_PRODUCTO(ALMACEN_ID,PRODUCTO_ID,CANTIDAD_ACTUAL,PRECIO_VENTA) VALUES (4,304,0,0.000000);

INSERT INTO PROVEEDOR_PRODUCTO(PROVEEDOR_ID,PRODUCTO_ID,PRECIO_COMPRA) VALUES(11,304, 0.000000);

-- ===========PRODUCTO [305]
INSERT INTO PRODUCTO(ID,MARCA_ID,LINEA_ID,NOMBRE,PRESENTACION,CONTENIDO,UNIDADES_POR_CAJA,COSTO,COSTO_VENTA,PRECIO_BASE,UNIDAD_MEDIDA,CODIGO_BARRAS,ABREBIATURA) VALUES(305,13,4,'Gillette Stick','Invisble Soft Comfort',50.0,12.0,0.000000,0.000000,0.000000,'G','7702018023813','Gillette Stick Invisi Sof');

INSERT INTO MOVIMIENTO_HISTORICO_PRODUCTO (ALMACEN_ID,PRODUCTO_ID,FECHA,TIPO_MOVIMIENTO_ID,CANTIDAD,COSTO,PRECIO,USUARIO_ID) VALUES(1,305,now(),30,12,0.000000,0.000000,'root');
INSERT INTO ALMACEN_PRODUCTO(ALMACEN_ID,PRODUCTO_ID,CANTIDAD_ACTUAL,PRECIO_VENTA) VALUES (1,305,12,0.000000);

INSERT INTO ALMACEN_PRODUCTO(ALMACEN_ID,PRODUCTO_ID,CANTIDAD_ACTUAL,PRECIO_VENTA) VALUES (2,305,0,0.000000);

INSERT INTO ALMACEN_PRODUCTO(ALMACEN_ID,PRODUCTO_ID,CANTIDAD_ACTUAL,PRECIO_VENTA) VALUES (3,305,12,0.000000);

INSERT INTO ALMACEN_PRODUCTO(ALMACEN_ID,PRODUCTO_ID,CANTIDAD_ACTUAL,PRECIO_VENTA) VALUES (4,305,0,0.000000);

INSERT INTO PROVEEDOR_PRODUCTO(PROVEEDOR_ID,PRODUCTO_ID,PRECIO_COMPRA) VALUES(11,305, 0.000000);

-- ===========PRODUCTO [306]
INSERT INTO PRODUCTO(ID,MARCA_ID,LINEA_ID,NOMBRE,PRESENTACION,CONTENIDO,UNIDADES_POR_CAJA,COSTO,COSTO_VENTA,PRECIO_BASE,UNIDAD_MEDIDA,CODIGO_BARRAS,ABREBIATURA) VALUES(306,41,4,'Nivea Aerosol Dama','Energy Fresh',150.0,12.0,26.331500,26.331500,36.653448,'ML','4005808837502','Nivea Aero Energy 150m');

INSERT INTO MOVIMIENTO_HISTORICO_PRODUCTO (ALMACEN_ID,PRODUCTO_ID,FECHA,TIPO_MOVIMIENTO_ID,CANTIDAD,COSTO,PRECIO,USUARIO_ID) VALUES(1,306,now(),30,12,26.331500,36.653448,'root');
INSERT INTO ALMACEN_PRODUCTO(ALMACEN_ID,PRODUCTO_ID,CANTIDAD_ACTUAL,PRECIO_VENTA) VALUES (1,306,12,36.653448);

INSERT INTO ALMACEN_PRODUCTO(ALMACEN_ID,PRODUCTO_ID,CANTIDAD_ACTUAL,PRECIO_VENTA) VALUES (2,306,0,0.000000);

INSERT INTO ALMACEN_PRODUCTO(ALMACEN_ID,PRODUCTO_ID,CANTIDAD_ACTUAL,PRECIO_VENTA) VALUES (3,306,12,34.900000);

INSERT INTO ALMACEN_PRODUCTO(ALMACEN_ID,PRODUCTO_ID,CANTIDAD_ACTUAL,PRECIO_VENTA) VALUES (4,306,0,0.000000);

INSERT INTO PROVEEDOR_PRODUCTO(PROVEEDOR_ID,PRODUCTO_ID,PRECIO_COMPRA) VALUES(19,306, 26.331500);

-- ===========PRODUCTO [307]
INSERT INTO PRODUCTO(ID,MARCA_ID,LINEA_ID,NOMBRE,PRESENTACION,CONTENIDO,UNIDADES_POR_CAJA,COSTO,COSTO_VENTA,PRECIO_BASE,UNIDAD_MEDIDA,CODIGO_BARRAS,ABREBIATURA) VALUES(307,26,4,'speed Stick Barra','Naturals & Protect',50.0,12.0,0.000000,0.000000,0.000000,'G','7509546055329','Speed S Bar Natu & 50g');

INSERT INTO MOVIMIENTO_HISTORICO_PRODUCTO (ALMACEN_ID,PRODUCTO_ID,FECHA,TIPO_MOVIMIENTO_ID,CANTIDAD,COSTO,PRECIO,USUARIO_ID) VALUES(1,307,now(),30,12,0.000000,0.000000,'root');
INSERT INTO ALMACEN_PRODUCTO(ALMACEN_ID,PRODUCTO_ID,CANTIDAD_ACTUAL,PRECIO_VENTA) VALUES (1,307,12,0.000000);

INSERT INTO ALMACEN_PRODUCTO(ALMACEN_ID,PRODUCTO_ID,CANTIDAD_ACTUAL,PRECIO_VENTA) VALUES (2,307,0,0.000000);

INSERT INTO ALMACEN_PRODUCTO(ALMACEN_ID,PRODUCTO_ID,CANTIDAD_ACTUAL,PRECIO_VENTA) VALUES (3,307,12,23.900000);

INSERT INTO ALMACEN_PRODUCTO(ALMACEN_ID,PRODUCTO_ID,CANTIDAD_ACTUAL,PRECIO_VENTA) VALUES (4,307,0,0.000000);

INSERT INTO PROVEEDOR_PRODUCTO(PROVEEDOR_ID,PRODUCTO_ID,PRECIO_COMPRA) VALUES(6,307, 0.000000);

-- ===========PRODUCTO [308]
INSERT INTO PRODUCTO(ID,MARCA_ID,LINEA_ID,NOMBRE,PRESENTACION,CONTENIDO,UNIDADES_POR_CAJA,COSTO,COSTO_VENTA,PRECIO_BASE,UNIDAD_MEDIDA,CODIGO_BARRAS,ABREBIATURA) VALUES(308,26,4,'speed Stick Barra','Stainguard Clean',50.0,12.0,0.000000,0.000000,0.000000,'G','7509546046822','Speed S Bar Staing 50g');

INSERT INTO MOVIMIENTO_HISTORICO_PRODUCTO (ALMACEN_ID,PRODUCTO_ID,FECHA,TIPO_MOVIMIENTO_ID,CANTIDAD,COSTO,PRECIO,USUARIO_ID) VALUES(1,308,now(),30,12,0.000000,0.000000,'root');
INSERT INTO ALMACEN_PRODUCTO(ALMACEN_ID,PRODUCTO_ID,CANTIDAD_ACTUAL,PRECIO_VENTA) VALUES (1,308,12,0.000000);

INSERT INTO ALMACEN_PRODUCTO(ALMACEN_ID,PRODUCTO_ID,CANTIDAD_ACTUAL,PRECIO_VENTA) VALUES (2,308,0,0.000000);

INSERT INTO ALMACEN_PRODUCTO(ALMACEN_ID,PRODUCTO_ID,CANTIDAD_ACTUAL,PRECIO_VENTA) VALUES (3,308,12,23.900000);

INSERT INTO ALMACEN_PRODUCTO(ALMACEN_ID,PRODUCTO_ID,CANTIDAD_ACTUAL,PRECIO_VENTA) VALUES (4,308,0,0.000000);

INSERT INTO PROVEEDOR_PRODUCTO(PROVEEDOR_ID,PRODUCTO_ID,PRECIO_COMPRA) VALUES(6,308, 0.000000);

-- ===========PRODUCTO [309]
INSERT INTO PRODUCTO(ID,MARCA_ID,LINEA_ID,NOMBRE,PRESENTACION,CONTENIDO,UNIDADES_POR_CAJA,COSTO,COSTO_VENTA,PRECIO_BASE,UNIDAD_MEDIDA,CODIGO_BARRAS,ABREBIATURA) VALUES(309,26,4,'speed Stick Barra','Lightning',60.0,12.0,0.000000,0.000000,0.000000,'G','7509546009001','Speed S Bar Lightn 50g');

INSERT INTO MOVIMIENTO_HISTORICO_PRODUCTO (ALMACEN_ID,PRODUCTO_ID,FECHA,TIPO_MOVIMIENTO_ID,CANTIDAD,COSTO,PRECIO,USUARIO_ID) VALUES(1,309,now(),30,12,0.000000,0.000000,'root');
INSERT INTO ALMACEN_PRODUCTO(ALMACEN_ID,PRODUCTO_ID,CANTIDAD_ACTUAL,PRECIO_VENTA) VALUES (1,309,12,0.000000);

INSERT INTO ALMACEN_PRODUCTO(ALMACEN_ID,PRODUCTO_ID,CANTIDAD_ACTUAL,PRECIO_VENTA) VALUES (2,309,0,0.000000);

INSERT INTO ALMACEN_PRODUCTO(ALMACEN_ID,PRODUCTO_ID,CANTIDAD_ACTUAL,PRECIO_VENTA) VALUES (3,309,12,23.900000);

INSERT INTO ALMACEN_PRODUCTO(ALMACEN_ID,PRODUCTO_ID,CANTIDAD_ACTUAL,PRECIO_VENTA) VALUES (4,309,0,0.000000);

INSERT INTO PROVEEDOR_PRODUCTO(PROVEEDOR_ID,PRODUCTO_ID,PRECIO_COMPRA) VALUES(6,309, 0.000000);

-- ===========PRODUCTO [310]
INSERT INTO PRODUCTO(ID,MARCA_ID,LINEA_ID,NOMBRE,PRESENTACION,CONTENIDO,UNIDADES_POR_CAJA,COSTO,COSTO_VENTA,PRECIO_BASE,UNIDAD_MEDIDA,CODIGO_BARRAS,ABREBIATURA) VALUES(310,26,4,'speed Stick Barra','Cool Nihgt',50.0,12.0,0.000000,0.000000,0.000000,'G','7509546029115','Speed S Bar C Night 50g');

INSERT INTO MOVIMIENTO_HISTORICO_PRODUCTO (ALMACEN_ID,PRODUCTO_ID,FECHA,TIPO_MOVIMIENTO_ID,CANTIDAD,COSTO,PRECIO,USUARIO_ID) VALUES(1,310,now(),30,12,0.000000,0.000000,'root');
INSERT INTO ALMACEN_PRODUCTO(ALMACEN_ID,PRODUCTO_ID,CANTIDAD_ACTUAL,PRECIO_VENTA) VALUES (1,310,12,0.000000);

INSERT INTO ALMACEN_PRODUCTO(ALMACEN_ID,PRODUCTO_ID,CANTIDAD_ACTUAL,PRECIO_VENTA) VALUES (2,310,0,0.000000);

INSERT INTO ALMACEN_PRODUCTO(ALMACEN_ID,PRODUCTO_ID,CANTIDAD_ACTUAL,PRECIO_VENTA) VALUES (3,310,12,23.900000);

INSERT INTO ALMACEN_PRODUCTO(ALMACEN_ID,PRODUCTO_ID,CANTIDAD_ACTUAL,PRECIO_VENTA) VALUES (4,310,0,0.000000);

INSERT INTO PROVEEDOR_PRODUCTO(PROVEEDOR_ID,PRODUCTO_ID,PRECIO_COMPRA) VALUES(6,310, 0.000000);

-- ===========PRODUCTO [311]
INSERT INTO PRODUCTO(ID,MARCA_ID,LINEA_ID,NOMBRE,PRESENTACION,CONTENIDO,UNIDADES_POR_CAJA,COSTO,COSTO_VENTA,PRECIO_BASE,UNIDAD_MEDIDA,CODIGO_BARRAS,ABREBIATURA) VALUES(311,26,4,'Speed Stick Barra Caballero','Extreme',50.0,12.0,0.000000,0.000000,0.000000,'G','7509546045313','Speed S Bar Extrem 50g');

INSERT INTO MOVIMIENTO_HISTORICO_PRODUCTO (ALMACEN_ID,PRODUCTO_ID,FECHA,TIPO_MOVIMIENTO_ID,CANTIDAD,COSTO,PRECIO,USUARIO_ID) VALUES(1,311,now(),30,12,0.000000,0.000000,'root');
INSERT INTO ALMACEN_PRODUCTO(ALMACEN_ID,PRODUCTO_ID,CANTIDAD_ACTUAL,PRECIO_VENTA) VALUES (1,311,12,0.000000);

INSERT INTO ALMACEN_PRODUCTO(ALMACEN_ID,PRODUCTO_ID,CANTIDAD_ACTUAL,PRECIO_VENTA) VALUES (2,311,0,0.000000);

INSERT INTO ALMACEN_PRODUCTO(ALMACEN_ID,PRODUCTO_ID,CANTIDAD_ACTUAL,PRECIO_VENTA) VALUES (3,311,12,23.900000);

INSERT INTO ALMACEN_PRODUCTO(ALMACEN_ID,PRODUCTO_ID,CANTIDAD_ACTUAL,PRECIO_VENTA) VALUES (4,311,0,0.000000);

INSERT INTO PROVEEDOR_PRODUCTO(PROVEEDOR_ID,PRODUCTO_ID,PRECIO_COMPRA) VALUES(6,311, 0.000000);

-- ===========PRODUCTO [312]
INSERT INTO PRODUCTO(ID,MARCA_ID,LINEA_ID,NOMBRE,PRESENTACION,CONTENIDO,UNIDADES_POR_CAJA,COSTO,COSTO_VENTA,PRECIO_BASE,UNIDAD_MEDIDA,CODIGO_BARRAS,ABREBIATURA) VALUES(312,26,4,'speed Stick Barra','Sensitive Power Dry Control',50.0,12.0,0.000000,0.000000,0.000000,'G','7509546050874','Speed S Bar S Powe 50g');

INSERT INTO MOVIMIENTO_HISTORICO_PRODUCTO (ALMACEN_ID,PRODUCTO_ID,FECHA,TIPO_MOVIMIENTO_ID,CANTIDAD,COSTO,PRECIO,USUARIO_ID) VALUES(1,312,now(),30,12,0.000000,0.000000,'root');
INSERT INTO ALMACEN_PRODUCTO(ALMACEN_ID,PRODUCTO_ID,CANTIDAD_ACTUAL,PRECIO_VENTA) VALUES (1,312,12,0.000000);

INSERT INTO ALMACEN_PRODUCTO(ALMACEN_ID,PRODUCTO_ID,CANTIDAD_ACTUAL,PRECIO_VENTA) VALUES (2,312,1,14.000000);

INSERT INTO ALMACEN_PRODUCTO(ALMACEN_ID,PRODUCTO_ID,CANTIDAD_ACTUAL,PRECIO_VENTA) VALUES (3,312,12,23.900000);

INSERT INTO ALMACEN_PRODUCTO(ALMACEN_ID,PRODUCTO_ID,CANTIDAD_ACTUAL,PRECIO_VENTA) VALUES (4,312,1,14.000000);

INSERT INTO PROVEEDOR_PRODUCTO(PROVEEDOR_ID,PRODUCTO_ID,PRECIO_COMPRA) VALUES(6,312, 0.000000);

-- ===========PRODUCTO [313]
INSERT INTO PRODUCTO(ID,MARCA_ID,LINEA_ID,NOMBRE,PRESENTACION,CONTENIDO,UNIDADES_POR_CAJA,COSTO,COSTO_VENTA,PRECIO_BASE,UNIDAD_MEDIDA,CODIGO_BARRAS,ABREBIATURA) VALUES(313,26,4,'speed Stick Barra','24/7 Cool Fusion',50.0,12.0,0.000000,0.000000,0.000000,'G','7509546009049','Speed S Bar C Fusio 50g');

INSERT INTO MOVIMIENTO_HISTORICO_PRODUCTO (ALMACEN_ID,PRODUCTO_ID,FECHA,TIPO_MOVIMIENTO_ID,CANTIDAD,COSTO,PRECIO,USUARIO_ID) VALUES(1,313,now(),30,12,0.000000,0.000000,'root');
INSERT INTO ALMACEN_PRODUCTO(ALMACEN_ID,PRODUCTO_ID,CANTIDAD_ACTUAL,PRECIO_VENTA) VALUES (1,313,12,0.000000);

INSERT INTO ALMACEN_PRODUCTO(ALMACEN_ID,PRODUCTO_ID,CANTIDAD_ACTUAL,PRECIO_VENTA) VALUES (2,313,1,14.000000);

INSERT INTO ALMACEN_PRODUCTO(ALMACEN_ID,PRODUCTO_ID,CANTIDAD_ACTUAL,PRECIO_VENTA) VALUES (3,313,12,23.900000);

INSERT INTO ALMACEN_PRODUCTO(ALMACEN_ID,PRODUCTO_ID,CANTIDAD_ACTUAL,PRECIO_VENTA) VALUES (4,313,1,14.000000);

INSERT INTO PROVEEDOR_PRODUCTO(PROVEEDOR_ID,PRODUCTO_ID,PRECIO_COMPRA) VALUES(6,313, 0.000000);

-- ===========PRODUCTO [314]
INSERT INTO PRODUCTO(ID,MARCA_ID,LINEA_ID,NOMBRE,PRESENTACION,CONTENIDO,UNIDADES_POR_CAJA,COSTO,COSTO_VENTA,PRECIO_BASE,UNIDAD_MEDIDA,CODIGO_BARRAS,ABREBIATURA) VALUES(314,26,4,'speed Stick Barra','Sensitive Power Dry Control',76.0,12.0,0.000000,0.000000,0.000000,'G','7509546051352','Speed S Bar S Powe 76g');

INSERT INTO MOVIMIENTO_HISTORICO_PRODUCTO (ALMACEN_ID,PRODUCTO_ID,FECHA,TIPO_MOVIMIENTO_ID,CANTIDAD,COSTO,PRECIO,USUARIO_ID) VALUES(1,314,now(),30,12,0.000000,0.000000,'root');
INSERT INTO ALMACEN_PRODUCTO(ALMACEN_ID,PRODUCTO_ID,CANTIDAD_ACTUAL,PRECIO_VENTA) VALUES (1,314,12,0.000000);

INSERT INTO ALMACEN_PRODUCTO(ALMACEN_ID,PRODUCTO_ID,CANTIDAD_ACTUAL,PRECIO_VENTA) VALUES (2,314,0,0.000000);

INSERT INTO ALMACEN_PRODUCTO(ALMACEN_ID,PRODUCTO_ID,CANTIDAD_ACTUAL,PRECIO_VENTA) VALUES (3,314,12,26.900000);

INSERT INTO ALMACEN_PRODUCTO(ALMACEN_ID,PRODUCTO_ID,CANTIDAD_ACTUAL,PRECIO_VENTA) VALUES (4,314,0,0.000000);

INSERT INTO PROVEEDOR_PRODUCTO(PROVEEDOR_ID,PRODUCTO_ID,PRECIO_COMPRA) VALUES(6,314, 0.000000);

-- ===========PRODUCTO [315]
INSERT INTO PRODUCTO(ID,MARCA_ID,LINEA_ID,NOMBRE,PRESENTACION,CONTENIDO,UNIDADES_POR_CAJA,COSTO,COSTO_VENTA,PRECIO_BASE,UNIDAD_MEDIDA,CODIGO_BARRAS,ABREBIATURA) VALUES(315,26,4,'speed Stick Barra','Multi-Protect Active',76.0,12.0,0.000000,0.000000,0.000000,'G','7509546052779','Speed S Bar Multi X5 76');

INSERT INTO MOVIMIENTO_HISTORICO_PRODUCTO (ALMACEN_ID,PRODUCTO_ID,FECHA,TIPO_MOVIMIENTO_ID,CANTIDAD,COSTO,PRECIO,USUARIO_ID) VALUES(1,315,now(),30,12,0.000000,0.000000,'root');
INSERT INTO ALMACEN_PRODUCTO(ALMACEN_ID,PRODUCTO_ID,CANTIDAD_ACTUAL,PRECIO_VENTA) VALUES (1,315,12,0.000000);

INSERT INTO ALMACEN_PRODUCTO(ALMACEN_ID,PRODUCTO_ID,CANTIDAD_ACTUAL,PRECIO_VENTA) VALUES (2,315,0,0.000000);

INSERT INTO ALMACEN_PRODUCTO(ALMACEN_ID,PRODUCTO_ID,CANTIDAD_ACTUAL,PRECIO_VENTA) VALUES (3,315,12,26.900000);

INSERT INTO ALMACEN_PRODUCTO(ALMACEN_ID,PRODUCTO_ID,CANTIDAD_ACTUAL,PRECIO_VENTA) VALUES (4,315,0,0.000000);

INSERT INTO PROVEEDOR_PRODUCTO(PROVEEDOR_ID,PRODUCTO_ID,PRECIO_COMPRA) VALUES(6,315, 0.000000);

-- ===========PRODUCTO [316]
INSERT INTO PRODUCTO(ID,MARCA_ID,LINEA_ID,NOMBRE,PRESENTACION,CONTENIDO,UNIDADES_POR_CAJA,COSTO,COSTO_VENTA,PRECIO_BASE,UNIDAD_MEDIDA,CODIGO_BARRAS,ABREBIATURA) VALUES(316,26,4,'speed Stick Barra','Fresh',92.1,12.0,0.000000,0.000000,0.000000,'G','7509546015842','Speed S Bar Fresh 92.1g');

INSERT INTO MOVIMIENTO_HISTORICO_PRODUCTO (ALMACEN_ID,PRODUCTO_ID,FECHA,TIPO_MOVIMIENTO_ID,CANTIDAD,COSTO,PRECIO,USUARIO_ID) VALUES(1,316,now(),30,12,0.000000,0.000000,'root');
INSERT INTO ALMACEN_PRODUCTO(ALMACEN_ID,PRODUCTO_ID,CANTIDAD_ACTUAL,PRECIO_VENTA) VALUES (1,316,12,0.000000);

INSERT INTO ALMACEN_PRODUCTO(ALMACEN_ID,PRODUCTO_ID,CANTIDAD_ACTUAL,PRECIO_VENTA) VALUES (2,316,1,16.000000);

INSERT INTO ALMACEN_PRODUCTO(ALMACEN_ID,PRODUCTO_ID,CANTIDAD_ACTUAL,PRECIO_VENTA) VALUES (3,316,12,26.900000);

INSERT INTO ALMACEN_PRODUCTO(ALMACEN_ID,PRODUCTO_ID,CANTIDAD_ACTUAL,PRECIO_VENTA) VALUES (4,316,1,16.000000);

INSERT INTO PROVEEDOR_PRODUCTO(PROVEEDOR_ID,PRODUCTO_ID,PRECIO_COMPRA) VALUES(6,316, 0.000000);

-- ===========PRODUCTO [317]
INSERT INTO PRODUCTO(ID,MARCA_ID,LINEA_ID,NOMBRE,PRESENTACION,CONTENIDO,UNIDADES_POR_CAJA,COSTO,COSTO_VENTA,PRECIO_BASE,UNIDAD_MEDIDA,CODIGO_BARRAS,ABREBIATURA) VALUES(317,26,4,'speed Stick Barra','Fresh',60.0,12.0,0.000000,0.000000,0.000000,'G','7501035907508','Speed S Bar Fresh 60g');

INSERT INTO MOVIMIENTO_HISTORICO_PRODUCTO (ALMACEN_ID,PRODUCTO_ID,FECHA,TIPO_MOVIMIENTO_ID,CANTIDAD,COSTO,PRECIO,USUARIO_ID) VALUES(1,317,now(),30,12,0.000000,0.000000,'root');
INSERT INTO ALMACEN_PRODUCTO(ALMACEN_ID,PRODUCTO_ID,CANTIDAD_ACTUAL,PRECIO_VENTA) VALUES (1,317,12,0.000000);

INSERT INTO ALMACEN_PRODUCTO(ALMACEN_ID,PRODUCTO_ID,CANTIDAD_ACTUAL,PRECIO_VENTA) VALUES (2,317,0,0.000000);

INSERT INTO ALMACEN_PRODUCTO(ALMACEN_ID,PRODUCTO_ID,CANTIDAD_ACTUAL,PRECIO_VENTA) VALUES (3,317,12,23.900000);

INSERT INTO ALMACEN_PRODUCTO(ALMACEN_ID,PRODUCTO_ID,CANTIDAD_ACTUAL,PRECIO_VENTA) VALUES (4,317,0,0.000000);

INSERT INTO PROVEEDOR_PRODUCTO(PROVEEDOR_ID,PRODUCTO_ID,PRECIO_COMPRA) VALUES(6,317, 0.000000);

-- ===========PRODUCTO [318]
INSERT INTO PRODUCTO(ID,MARCA_ID,LINEA_ID,NOMBRE,PRESENTACION,CONTENIDO,UNIDADES_POR_CAJA,COSTO,COSTO_VENTA,PRECIO_BASE,UNIDAD_MEDIDA,CODIGO_BARRAS,ABREBIATURA) VALUES(318,26,4,'speed Stick Barra','Hypoallergeni',50.0,12.0,0.000000,0.000000,0.000000,'G','7501035907591','Speed S Bar Hipoal 50g');

INSERT INTO MOVIMIENTO_HISTORICO_PRODUCTO (ALMACEN_ID,PRODUCTO_ID,FECHA,TIPO_MOVIMIENTO_ID,CANTIDAD,COSTO,PRECIO,USUARIO_ID) VALUES(1,318,now(),30,12,0.000000,0.000000,'root');
INSERT INTO ALMACEN_PRODUCTO(ALMACEN_ID,PRODUCTO_ID,CANTIDAD_ACTUAL,PRECIO_VENTA) VALUES (1,318,12,0.000000);

INSERT INTO ALMACEN_PRODUCTO(ALMACEN_ID,PRODUCTO_ID,CANTIDAD_ACTUAL,PRECIO_VENTA) VALUES (2,318,0,0.000000);

INSERT INTO ALMACEN_PRODUCTO(ALMACEN_ID,PRODUCTO_ID,CANTIDAD_ACTUAL,PRECIO_VENTA) VALUES (3,318,12,23.900000);

INSERT INTO ALMACEN_PRODUCTO(ALMACEN_ID,PRODUCTO_ID,CANTIDAD_ACTUAL,PRECIO_VENTA) VALUES (4,318,0,0.000000);

INSERT INTO PROVEEDOR_PRODUCTO(PROVEEDOR_ID,PRODUCTO_ID,PRECIO_COMPRA) VALUES(6,318, 0.000000);

-- ===========PRODUCTO [319]
INSERT INTO PRODUCTO(ID,MARCA_ID,LINEA_ID,NOMBRE,PRESENTACION,CONTENIDO,UNIDADES_POR_CAJA,COSTO,COSTO_VENTA,PRECIO_BASE,UNIDAD_MEDIDA,CODIGO_BARRAS,ABREBIATURA) VALUES(319,26,4,'speed Stick Barra','Waterproof Fresh',50.0,12.0,0.000000,0.000000,0.000000,'G','7509546038339','Speed S Bar Water 50g');

INSERT INTO MOVIMIENTO_HISTORICO_PRODUCTO (ALMACEN_ID,PRODUCTO_ID,FECHA,TIPO_MOVIMIENTO_ID,CANTIDAD,COSTO,PRECIO,USUARIO_ID) VALUES(1,319,now(),30,12,0.000000,0.000000,'root');
INSERT INTO ALMACEN_PRODUCTO(ALMACEN_ID,PRODUCTO_ID,CANTIDAD_ACTUAL,PRECIO_VENTA) VALUES (1,319,12,0.000000);

INSERT INTO ALMACEN_PRODUCTO(ALMACEN_ID,PRODUCTO_ID,CANTIDAD_ACTUAL,PRECIO_VENTA) VALUES (2,319,0,0.000000);

INSERT INTO ALMACEN_PRODUCTO(ALMACEN_ID,PRODUCTO_ID,CANTIDAD_ACTUAL,PRECIO_VENTA) VALUES (3,319,12,23.900000);

INSERT INTO ALMACEN_PRODUCTO(ALMACEN_ID,PRODUCTO_ID,CANTIDAD_ACTUAL,PRECIO_VENTA) VALUES (4,319,0,0.000000);

INSERT INTO PROVEEDOR_PRODUCTO(PROVEEDOR_ID,PRODUCTO_ID,PRECIO_COMPRA) VALUES(6,319, 0.000000);

-- ===========PRODUCTO [320]
INSERT INTO PRODUCTO(ID,MARCA_ID,LINEA_ID,NOMBRE,PRESENTACION,CONTENIDO,UNIDADES_POR_CAJA,COSTO,COSTO_VENTA,PRECIO_BASE,UNIDAD_MEDIDA,CODIGO_BARRAS,ABREBIATURA) VALUES(320,26,4,'speed Stick Barra','Multi-Protect Active',50.0,12.0,0.000000,0.000000,0.000000,'G','7509546052755','Speed S Bar Multi X5 50');

INSERT INTO MOVIMIENTO_HISTORICO_PRODUCTO (ALMACEN_ID,PRODUCTO_ID,FECHA,TIPO_MOVIMIENTO_ID,CANTIDAD,COSTO,PRECIO,USUARIO_ID) VALUES(1,320,now(),30,12,0.000000,0.000000,'root');
INSERT INTO ALMACEN_PRODUCTO(ALMACEN_ID,PRODUCTO_ID,CANTIDAD_ACTUAL,PRECIO_VENTA) VALUES (1,320,12,0.000000);

INSERT INTO ALMACEN_PRODUCTO(ALMACEN_ID,PRODUCTO_ID,CANTIDAD_ACTUAL,PRECIO_VENTA) VALUES (2,320,0,0.000000);

INSERT INTO ALMACEN_PRODUCTO(ALMACEN_ID,PRODUCTO_ID,CANTIDAD_ACTUAL,PRECIO_VENTA) VALUES (3,320,12,23.900000);

INSERT INTO ALMACEN_PRODUCTO(ALMACEN_ID,PRODUCTO_ID,CANTIDAD_ACTUAL,PRECIO_VENTA) VALUES (4,320,0,0.000000);

INSERT INTO PROVEEDOR_PRODUCTO(PROVEEDOR_ID,PRODUCTO_ID,PRECIO_COMPRA) VALUES(6,320, 0.000000);

-- ===========PRODUCTO [321]
INSERT INTO PRODUCTO(ID,MARCA_ID,LINEA_ID,NOMBRE,PRESENTACION,CONTENIDO,UNIDADES_POR_CAJA,COSTO,COSTO_VENTA,PRECIO_BASE,UNIDAD_MEDIDA,CODIGO_BARRAS,ABREBIATURA) VALUES(321,26,4,'speed Stick Barra','24/7 Glacier Power',50.0,12.0,0.000000,0.000000,0.000000,'G','7509546020273','Speed S Bar Glaci 50g');

INSERT INTO MOVIMIENTO_HISTORICO_PRODUCTO (ALMACEN_ID,PRODUCTO_ID,FECHA,TIPO_MOVIMIENTO_ID,CANTIDAD,COSTO,PRECIO,USUARIO_ID) VALUES(1,321,now(),30,12,0.000000,0.000000,'root');
INSERT INTO ALMACEN_PRODUCTO(ALMACEN_ID,PRODUCTO_ID,CANTIDAD_ACTUAL,PRECIO_VENTA) VALUES (1,321,12,0.000000);

INSERT INTO ALMACEN_PRODUCTO(ALMACEN_ID,PRODUCTO_ID,CANTIDAD_ACTUAL,PRECIO_VENTA) VALUES (2,321,0,0.000000);

INSERT INTO ALMACEN_PRODUCTO(ALMACEN_ID,PRODUCTO_ID,CANTIDAD_ACTUAL,PRECIO_VENTA) VALUES (3,321,12,23.900000);

INSERT INTO ALMACEN_PRODUCTO(ALMACEN_ID,PRODUCTO_ID,CANTIDAD_ACTUAL,PRECIO_VENTA) VALUES (4,321,0,0.000000);

INSERT INTO PROVEEDOR_PRODUCTO(PROVEEDOR_ID,PRODUCTO_ID,PRECIO_COMPRA) VALUES(6,321, 0.000000);

-- ===========PRODUCTO [322]
INSERT INTO PRODUCTO(ID,MARCA_ID,LINEA_ID,NOMBRE,PRESENTACION,CONTENIDO,UNIDADES_POR_CAJA,COSTO,COSTO_VENTA,PRECIO_BASE,UNIDAD_MEDIDA,CODIGO_BARRAS,ABREBIATURA) VALUES(322,26,4,'speed Stick Barra','Sport Talc',50.0,12.0,0.000000,0.000000,0.000000,'G','7501035907584','Speed S Bar Sport 50g');

INSERT INTO MOVIMIENTO_HISTORICO_PRODUCTO (ALMACEN_ID,PRODUCTO_ID,FECHA,TIPO_MOVIMIENTO_ID,CANTIDAD,COSTO,PRECIO,USUARIO_ID) VALUES(1,322,now(),30,12,0.000000,0.000000,'root');
INSERT INTO ALMACEN_PRODUCTO(ALMACEN_ID,PRODUCTO_ID,CANTIDAD_ACTUAL,PRECIO_VENTA) VALUES (1,322,12,0.000000);

INSERT INTO ALMACEN_PRODUCTO(ALMACEN_ID,PRODUCTO_ID,CANTIDAD_ACTUAL,PRECIO_VENTA) VALUES (2,322,0,0.000000);

INSERT INTO ALMACEN_PRODUCTO(ALMACEN_ID,PRODUCTO_ID,CANTIDAD_ACTUAL,PRECIO_VENTA) VALUES (3,322,12,23.900000);

INSERT INTO ALMACEN_PRODUCTO(ALMACEN_ID,PRODUCTO_ID,CANTIDAD_ACTUAL,PRECIO_VENTA) VALUES (4,322,0,0.000000);

INSERT INTO PROVEEDOR_PRODUCTO(PROVEEDOR_ID,PRODUCTO_ID,PRECIO_COMPRA) VALUES(6,322, 0.000000);

-- ===========PRODUCTO [323]
INSERT INTO PRODUCTO(ID,MARCA_ID,LINEA_ID,NOMBRE,PRESENTACION,CONTENIDO,UNIDADES_POR_CAJA,COSTO,COSTO_VENTA,PRECIO_BASE,UNIDAD_MEDIDA,CODIGO_BARRAS,ABREBIATURA) VALUES(323,26,4,'Speed Stick Aerosol Caballero','Cool Night',165.0,12.0,0.000000,0.000000,0.000000,'ML','7509546029023','Speed S Aero Cool 165g');

INSERT INTO MOVIMIENTO_HISTORICO_PRODUCTO (ALMACEN_ID,PRODUCTO_ID,FECHA,TIPO_MOVIMIENTO_ID,CANTIDAD,COSTO,PRECIO,USUARIO_ID) VALUES(1,323,now(),30,12,0.000000,0.000000,'root');
INSERT INTO ALMACEN_PRODUCTO(ALMACEN_ID,PRODUCTO_ID,CANTIDAD_ACTUAL,PRECIO_VENTA) VALUES (1,323,12,0.000000);

INSERT INTO ALMACEN_PRODUCTO(ALMACEN_ID,PRODUCTO_ID,CANTIDAD_ACTUAL,PRECIO_VENTA) VALUES (2,323,0,0.000000);

INSERT INTO ALMACEN_PRODUCTO(ALMACEN_ID,PRODUCTO_ID,CANTIDAD_ACTUAL,PRECIO_VENTA) VALUES (3,323,12,0.000000);

INSERT INTO ALMACEN_PRODUCTO(ALMACEN_ID,PRODUCTO_ID,CANTIDAD_ACTUAL,PRECIO_VENTA) VALUES (4,323,0,0.000000);

INSERT INTO PROVEEDOR_PRODUCTO(PROVEEDOR_ID,PRODUCTO_ID,PRECIO_COMPRA) VALUES(6,323, 0.000000);

-- ===========PRODUCTO [324]
INSERT INTO PRODUCTO(ID,MARCA_ID,LINEA_ID,NOMBRE,PRESENTACION,CONTENIDO,UNIDADES_POR_CAJA,COSTO,COSTO_VENTA,PRECIO_BASE,UNIDAD_MEDIDA,CODIGO_BARRAS,ABREBIATURA) VALUES(324,26,4,'Speed Stick Aerosol','Cool Nihgt Desodorante',160.0,12.0,0.000000,0.000000,0.000000,'ML','7509546029030','Speed S Nigh Deo 165m');

INSERT INTO MOVIMIENTO_HISTORICO_PRODUCTO (ALMACEN_ID,PRODUCTO_ID,FECHA,TIPO_MOVIMIENTO_ID,CANTIDAD,COSTO,PRECIO,USUARIO_ID) VALUES(1,324,now(),30,12,0.000000,0.000000,'root');
INSERT INTO ALMACEN_PRODUCTO(ALMACEN_ID,PRODUCTO_ID,CANTIDAD_ACTUAL,PRECIO_VENTA) VALUES (1,324,12,0.000000);

INSERT INTO ALMACEN_PRODUCTO(ALMACEN_ID,PRODUCTO_ID,CANTIDAD_ACTUAL,PRECIO_VENTA) VALUES (2,324,0,0.000000);

INSERT INTO ALMACEN_PRODUCTO(ALMACEN_ID,PRODUCTO_ID,CANTIDAD_ACTUAL,PRECIO_VENTA) VALUES (3,324,12,0.000000);

INSERT INTO ALMACEN_PRODUCTO(ALMACEN_ID,PRODUCTO_ID,CANTIDAD_ACTUAL,PRECIO_VENTA) VALUES (4,324,0,0.000000);

INSERT INTO PROVEEDOR_PRODUCTO(PROVEEDOR_ID,PRODUCTO_ID,PRECIO_COMPRA) VALUES(6,324, 0.000000);

-- ===========PRODUCTO [325]
INSERT INTO PRODUCTO(ID,MARCA_ID,LINEA_ID,NOMBRE,PRESENTACION,CONTENIDO,UNIDADES_POR_CAJA,COSTO,COSTO_VENTA,PRECIO_BASE,UNIDAD_MEDIDA,CODIGO_BARRAS,ABREBIATURA) VALUES(325,26,4,'Lady Speed Stick Rollon','Angel Oscuro',50.0,12.0,0.000000,0.000000,0.000000,'ML','7509546055510','Lady SS R-o Angel 50ml');

INSERT INTO MOVIMIENTO_HISTORICO_PRODUCTO (ALMACEN_ID,PRODUCTO_ID,FECHA,TIPO_MOVIMIENTO_ID,CANTIDAD,COSTO,PRECIO,USUARIO_ID) VALUES(1,325,now(),30,12,0.000000,0.000000,'root');
INSERT INTO ALMACEN_PRODUCTO(ALMACEN_ID,PRODUCTO_ID,CANTIDAD_ACTUAL,PRECIO_VENTA) VALUES (1,325,12,0.000000);

INSERT INTO ALMACEN_PRODUCTO(ALMACEN_ID,PRODUCTO_ID,CANTIDAD_ACTUAL,PRECIO_VENTA) VALUES (2,325,0,0.000000);

INSERT INTO ALMACEN_PRODUCTO(ALMACEN_ID,PRODUCTO_ID,CANTIDAD_ACTUAL,PRECIO_VENTA) VALUES (3,325,12,19.900000);

INSERT INTO ALMACEN_PRODUCTO(ALMACEN_ID,PRODUCTO_ID,CANTIDAD_ACTUAL,PRECIO_VENTA) VALUES (4,325,0,0.000000);

INSERT INTO PROVEEDOR_PRODUCTO(PROVEEDOR_ID,PRODUCTO_ID,PRECIO_COMPRA) VALUES(6,325, 0.000000);

-- ===========PRODUCTO [326]
INSERT INTO PRODUCTO(ID,MARCA_ID,LINEA_ID,NOMBRE,PRESENTACION,CONTENIDO,UNIDADES_POR_CAJA,COSTO,COSTO_VENTA,PRECIO_BASE,UNIDAD_MEDIDA,CODIGO_BARRAS,ABREBIATURA) VALUES(326,15,4,'Lady Speed Stick Barra + Caja','waterproof Protection',45.0,12.0,0.000000,0.000000,0.000000,'G','7509546046853','Lady SS Water Prot 45g');

INSERT INTO MOVIMIENTO_HISTORICO_PRODUCTO (ALMACEN_ID,PRODUCTO_ID,FECHA,TIPO_MOVIMIENTO_ID,CANTIDAD,COSTO,PRECIO,USUARIO_ID) VALUES(1,326,now(),30,12,0.000000,0.000000,'root');
INSERT INTO ALMACEN_PRODUCTO(ALMACEN_ID,PRODUCTO_ID,CANTIDAD_ACTUAL,PRECIO_VENTA) VALUES (1,326,12,0.000000);

INSERT INTO ALMACEN_PRODUCTO(ALMACEN_ID,PRODUCTO_ID,CANTIDAD_ACTUAL,PRECIO_VENTA) VALUES (2,326,0,0.000000);

INSERT INTO ALMACEN_PRODUCTO(ALMACEN_ID,PRODUCTO_ID,CANTIDAD_ACTUAL,PRECIO_VENTA) VALUES (3,326,12,0.000000);

INSERT INTO ALMACEN_PRODUCTO(ALMACEN_ID,PRODUCTO_ID,CANTIDAD_ACTUAL,PRECIO_VENTA) VALUES (4,326,0,0.000000);

INSERT INTO PROVEEDOR_PRODUCTO(PROVEEDOR_ID,PRODUCTO_ID,PRECIO_COMPRA) VALUES(6,326, 0.000000);

-- ===========PRODUCTO [327]
INSERT INTO PRODUCTO(ID,MARCA_ID,LINEA_ID,NOMBRE,PRESENTACION,CONTENIDO,UNIDADES_POR_CAJA,COSTO,COSTO_VENTA,PRECIO_BASE,UNIDAD_MEDIDA,CODIGO_BARRAS,ABREBIATURA) VALUES(327,15,4,'Lady Speed Stick Barra + Caja','Ph Active Protection',45.0,12.0,0.000000,0.000000,0.000000,'G','7509546052687','Lady SS PH Act Prot 45g');

INSERT INTO MOVIMIENTO_HISTORICO_PRODUCTO (ALMACEN_ID,PRODUCTO_ID,FECHA,TIPO_MOVIMIENTO_ID,CANTIDAD,COSTO,PRECIO,USUARIO_ID) VALUES(1,327,now(),30,12,0.000000,0.000000,'root');
INSERT INTO ALMACEN_PRODUCTO(ALMACEN_ID,PRODUCTO_ID,CANTIDAD_ACTUAL,PRECIO_VENTA) VALUES (1,327,12,0.000000);

INSERT INTO ALMACEN_PRODUCTO(ALMACEN_ID,PRODUCTO_ID,CANTIDAD_ACTUAL,PRECIO_VENTA) VALUES (2,327,0,0.000000);

INSERT INTO ALMACEN_PRODUCTO(ALMACEN_ID,PRODUCTO_ID,CANTIDAD_ACTUAL,PRECIO_VENTA) VALUES (3,327,12,0.000000);

INSERT INTO ALMACEN_PRODUCTO(ALMACEN_ID,PRODUCTO_ID,CANTIDAD_ACTUAL,PRECIO_VENTA) VALUES (4,327,0,0.000000);

INSERT INTO PROVEEDOR_PRODUCTO(PROVEEDOR_ID,PRODUCTO_ID,PRECIO_COMPRA) VALUES(6,327, 0.000000);

-- ===========PRODUCTO [328]
INSERT INTO PRODUCTO(ID,MARCA_ID,LINEA_ID,NOMBRE,PRESENTACION,CONTENIDO,UNIDADES_POR_CAJA,COSTO,COSTO_VENTA,PRECIO_BASE,UNIDAD_MEDIDA,CODIGO_BARRAS,ABREBIATURA) VALUES(328,15,4,'Lady Speed Stick Barra + Caja','Professional Protection',45.0,12.0,0.000000,0.000000,0.000000,'G','7509546038995','Lady SS Prof Protect 45g');

INSERT INTO MOVIMIENTO_HISTORICO_PRODUCTO (ALMACEN_ID,PRODUCTO_ID,FECHA,TIPO_MOVIMIENTO_ID,CANTIDAD,COSTO,PRECIO,USUARIO_ID) VALUES(1,328,now(),30,12,0.000000,0.000000,'root');
INSERT INTO ALMACEN_PRODUCTO(ALMACEN_ID,PRODUCTO_ID,CANTIDAD_ACTUAL,PRECIO_VENTA) VALUES (1,328,12,0.000000);

INSERT INTO ALMACEN_PRODUCTO(ALMACEN_ID,PRODUCTO_ID,CANTIDAD_ACTUAL,PRECIO_VENTA) VALUES (2,328,0,0.000000);

INSERT INTO ALMACEN_PRODUCTO(ALMACEN_ID,PRODUCTO_ID,CANTIDAD_ACTUAL,PRECIO_VENTA) VALUES (3,328,12,0.000000);

INSERT INTO ALMACEN_PRODUCTO(ALMACEN_ID,PRODUCTO_ID,CANTIDAD_ACTUAL,PRECIO_VENTA) VALUES (4,328,0,0.000000);

INSERT INTO PROVEEDOR_PRODUCTO(PROVEEDOR_ID,PRODUCTO_ID,PRECIO_COMPRA) VALUES(6,328, 0.000000);

-- ===========PRODUCTO [329]
INSERT INTO PRODUCTO(ID,MARCA_ID,LINEA_ID,NOMBRE,PRESENTACION,CONTENIDO,UNIDADES_POR_CAJA,COSTO,COSTO_VENTA,PRECIO_BASE,UNIDAD_MEDIDA,CODIGO_BARRAS,ABREBIATURA) VALUES(329,49,4,'Stefano Aerosol Caballero','Unic',125.0,12.0,0.000000,0.000000,0.000000,'G','7509546035529','Stefano Aero Unic 125g');

INSERT INTO MOVIMIENTO_HISTORICO_PRODUCTO (ALMACEN_ID,PRODUCTO_ID,FECHA,TIPO_MOVIMIENTO_ID,CANTIDAD,COSTO,PRECIO,USUARIO_ID) VALUES(1,329,now(),30,12,0.000000,0.000000,'root');
INSERT INTO ALMACEN_PRODUCTO(ALMACEN_ID,PRODUCTO_ID,CANTIDAD_ACTUAL,PRECIO_VENTA) VALUES (1,329,12,0.000000);

INSERT INTO ALMACEN_PRODUCTO(ALMACEN_ID,PRODUCTO_ID,CANTIDAD_ACTUAL,PRECIO_VENTA) VALUES (2,329,0,0.000000);

INSERT INTO ALMACEN_PRODUCTO(ALMACEN_ID,PRODUCTO_ID,CANTIDAD_ACTUAL,PRECIO_VENTA) VALUES (3,329,12,0.000000);

INSERT INTO ALMACEN_PRODUCTO(ALMACEN_ID,PRODUCTO_ID,CANTIDAD_ACTUAL,PRECIO_VENTA) VALUES (4,329,0,0.000000);

INSERT INTO PROVEEDOR_PRODUCTO(PROVEEDOR_ID,PRODUCTO_ID,PRECIO_COMPRA) VALUES(6,329, 0.000000);

-- ===========PRODUCTO [330]
INSERT INTO PRODUCTO(ID,MARCA_ID,LINEA_ID,NOMBRE,PRESENTACION,CONTENIDO,UNIDADES_POR_CAJA,COSTO,COSTO_VENTA,PRECIO_BASE,UNIDAD_MEDIDA,CODIGO_BARRAS,ABREBIATURA) VALUES(330,49,4,'Stefano Aerosol Caballero','Fire',125.0,12.0,0.000000,0.000000,0.000000,'G','7509546043791','Stefano Aero Fire 125g');

INSERT INTO MOVIMIENTO_HISTORICO_PRODUCTO (ALMACEN_ID,PRODUCTO_ID,FECHA,TIPO_MOVIMIENTO_ID,CANTIDAD,COSTO,PRECIO,USUARIO_ID) VALUES(1,330,now(),30,12,0.000000,0.000000,'root');
INSERT INTO ALMACEN_PRODUCTO(ALMACEN_ID,PRODUCTO_ID,CANTIDAD_ACTUAL,PRECIO_VENTA) VALUES (1,330,12,0.000000);

INSERT INTO ALMACEN_PRODUCTO(ALMACEN_ID,PRODUCTO_ID,CANTIDAD_ACTUAL,PRECIO_VENTA) VALUES (2,330,0,0.000000);

INSERT INTO ALMACEN_PRODUCTO(ALMACEN_ID,PRODUCTO_ID,CANTIDAD_ACTUAL,PRECIO_VENTA) VALUES (3,330,12,0.000000);

INSERT INTO ALMACEN_PRODUCTO(ALMACEN_ID,PRODUCTO_ID,CANTIDAD_ACTUAL,PRECIO_VENTA) VALUES (4,330,0,0.000000);

INSERT INTO PROVEEDOR_PRODUCTO(PROVEEDOR_ID,PRODUCTO_ID,PRECIO_COMPRA) VALUES(6,330, 0.000000);

-- ===========PRODUCTO [331]
INSERT INTO PRODUCTO(ID,MARCA_ID,LINEA_ID,NOMBRE,PRESENTACION,CONTENIDO,UNIDADES_POR_CAJA,COSTO,COSTO_VENTA,PRECIO_BASE,UNIDAD_MEDIDA,CODIGO_BARRAS,ABREBIATURA) VALUES(331,49,4,'Stefano Aerosol Caballero','Midnight',125.0,12.0,0.000000,0.000000,0.000000,'G','7509546025384','Stefano Aero Midn 125g');

INSERT INTO MOVIMIENTO_HISTORICO_PRODUCTO (ALMACEN_ID,PRODUCTO_ID,FECHA,TIPO_MOVIMIENTO_ID,CANTIDAD,COSTO,PRECIO,USUARIO_ID) VALUES(1,331,now(),30,12,0.000000,0.000000,'root');
INSERT INTO ALMACEN_PRODUCTO(ALMACEN_ID,PRODUCTO_ID,CANTIDAD_ACTUAL,PRECIO_VENTA) VALUES (1,331,12,0.000000);

INSERT INTO ALMACEN_PRODUCTO(ALMACEN_ID,PRODUCTO_ID,CANTIDAD_ACTUAL,PRECIO_VENTA) VALUES (2,331,3,19.000000);

INSERT INTO ALMACEN_PRODUCTO(ALMACEN_ID,PRODUCTO_ID,CANTIDAD_ACTUAL,PRECIO_VENTA) VALUES (3,331,12,0.000000);

INSERT INTO ALMACEN_PRODUCTO(ALMACEN_ID,PRODUCTO_ID,CANTIDAD_ACTUAL,PRECIO_VENTA) VALUES (4,331,3,19.000000);

INSERT INTO PROVEEDOR_PRODUCTO(PROVEEDOR_ID,PRODUCTO_ID,PRECIO_COMPRA) VALUES(6,331, 0.000000);

-- ===========PRODUCTO [332]
INSERT INTO PRODUCTO(ID,MARCA_ID,LINEA_ID,NOMBRE,PRESENTACION,CONTENIDO,UNIDADES_POR_CAJA,COSTO,COSTO_VENTA,PRECIO_BASE,UNIDAD_MEDIDA,CODIGO_BARRAS,ABREBIATURA) VALUES(332,49,4,'Stefano Aerosol Caballero','Verde',125.0,12.0,0.000000,0.000000,0.000000,'G','7509546047720','Stefano Aero Anim 125g');

INSERT INTO MOVIMIENTO_HISTORICO_PRODUCTO (ALMACEN_ID,PRODUCTO_ID,FECHA,TIPO_MOVIMIENTO_ID,CANTIDAD,COSTO,PRECIO,USUARIO_ID) VALUES(1,332,now(),30,36,0.000000,0.000000,'root');
INSERT INTO ALMACEN_PRODUCTO(ALMACEN_ID,PRODUCTO_ID,CANTIDAD_ACTUAL,PRECIO_VENTA) VALUES (1,332,36,0.000000);

INSERT INTO ALMACEN_PRODUCTO(ALMACEN_ID,PRODUCTO_ID,CANTIDAD_ACTUAL,PRECIO_VENTA) VALUES (2,332,4,19.000000);

INSERT INTO ALMACEN_PRODUCTO(ALMACEN_ID,PRODUCTO_ID,CANTIDAD_ACTUAL,PRECIO_VENTA) VALUES (3,332,36,0.000000);

INSERT INTO ALMACEN_PRODUCTO(ALMACEN_ID,PRODUCTO_ID,CANTIDAD_ACTUAL,PRECIO_VENTA) VALUES (4,332,4,19.000000);

INSERT INTO PROVEEDOR_PRODUCTO(PROVEEDOR_ID,PRODUCTO_ID,PRECIO_COMPRA) VALUES(6,332, 0.000000);

-- ===========PRODUCTO [333]
INSERT INTO PRODUCTO(ID,MARCA_ID,LINEA_ID,NOMBRE,PRESENTACION,CONTENIDO,UNIDADES_POR_CAJA,COSTO,COSTO_VENTA,PRECIO_BASE,UNIDAD_MEDIDA,CODIGO_BARRAS,ABREBIATURA) VALUES(333,15,4,'Lady Speed Stick Aerosol','Depil Control',165.0,12.0,0.000000,0.000000,0.000000,'ML','7509546042800','Lady SS Depil Co 165ml');

INSERT INTO MOVIMIENTO_HISTORICO_PRODUCTO (ALMACEN_ID,PRODUCTO_ID,FECHA,TIPO_MOVIMIENTO_ID,CANTIDAD,COSTO,PRECIO,USUARIO_ID) VALUES(1,333,now(),30,12,0.000000,0.000000,'root');
INSERT INTO ALMACEN_PRODUCTO(ALMACEN_ID,PRODUCTO_ID,CANTIDAD_ACTUAL,PRECIO_VENTA) VALUES (1,333,12,0.000000);

INSERT INTO ALMACEN_PRODUCTO(ALMACEN_ID,PRODUCTO_ID,CANTIDAD_ACTUAL,PRECIO_VENTA) VALUES (2,333,1,19.000000);

INSERT INTO ALMACEN_PRODUCTO(ALMACEN_ID,PRODUCTO_ID,CANTIDAD_ACTUAL,PRECIO_VENTA) VALUES (3,333,12,0.000000);

INSERT INTO ALMACEN_PRODUCTO(ALMACEN_ID,PRODUCTO_ID,CANTIDAD_ACTUAL,PRECIO_VENTA) VALUES (4,333,1,19.000000);

INSERT INTO PROVEEDOR_PRODUCTO(PROVEEDOR_ID,PRODUCTO_ID,PRECIO_COMPRA) VALUES(6,333, 0.000000);

-- ===========PRODUCTO [334]
INSERT INTO PRODUCTO(ID,MARCA_ID,LINEA_ID,NOMBRE,PRESENTACION,CONTENIDO,UNIDADES_POR_CAJA,COSTO,COSTO_VENTA,PRECIO_BASE,UNIDAD_MEDIDA,CODIGO_BARRAS,ABREBIATURA) VALUES(334,15,4,'Lady Speed Stick Aerosol','double Defense Active Fresh',165.0,12.0,0.000000,0.000000,0.000000,'ML','7509546028897','Lady SS Activ Frsh 165ml');

INSERT INTO MOVIMIENTO_HISTORICO_PRODUCTO (ALMACEN_ID,PRODUCTO_ID,FECHA,TIPO_MOVIMIENTO_ID,CANTIDAD,COSTO,PRECIO,USUARIO_ID) VALUES(1,334,now(),30,12,0.000000,0.000000,'root');
INSERT INTO ALMACEN_PRODUCTO(ALMACEN_ID,PRODUCTO_ID,CANTIDAD_ACTUAL,PRECIO_VENTA) VALUES (1,334,12,0.000000);

INSERT INTO ALMACEN_PRODUCTO(ALMACEN_ID,PRODUCTO_ID,CANTIDAD_ACTUAL,PRECIO_VENTA) VALUES (2,334,0,0.000000);

INSERT INTO ALMACEN_PRODUCTO(ALMACEN_ID,PRODUCTO_ID,CANTIDAD_ACTUAL,PRECIO_VENTA) VALUES (3,334,12,0.000000);

INSERT INTO ALMACEN_PRODUCTO(ALMACEN_ID,PRODUCTO_ID,CANTIDAD_ACTUAL,PRECIO_VENTA) VALUES (4,334,0,0.000000);

INSERT INTO PROVEEDOR_PRODUCTO(PROVEEDOR_ID,PRODUCTO_ID,PRECIO_COMPRA) VALUES(6,334, 0.000000);

-- ===========PRODUCTO [335]
INSERT INTO PRODUCTO(ID,MARCA_ID,LINEA_ID,NOMBRE,PRESENTACION,CONTENIDO,UNIDADES_POR_CAJA,COSTO,COSTO_VENTA,PRECIO_BASE,UNIDAD_MEDIDA,CODIGO_BARRAS,ABREBIATURA) VALUES(335,15,4,'Lady Speed Stick Aerosol','Waterproof',165.0,12.0,0.000000,0.000000,0.000000,'ML','7509546045610','Lady SS Water 165ml');

INSERT INTO MOVIMIENTO_HISTORICO_PRODUCTO (ALMACEN_ID,PRODUCTO_ID,FECHA,TIPO_MOVIMIENTO_ID,CANTIDAD,COSTO,PRECIO,USUARIO_ID) VALUES(1,335,now(),30,12,0.000000,0.000000,'root');
INSERT INTO ALMACEN_PRODUCTO(ALMACEN_ID,PRODUCTO_ID,CANTIDAD_ACTUAL,PRECIO_VENTA) VALUES (1,335,12,0.000000);

INSERT INTO ALMACEN_PRODUCTO(ALMACEN_ID,PRODUCTO_ID,CANTIDAD_ACTUAL,PRECIO_VENTA) VALUES (2,335,1,19.000000);

INSERT INTO ALMACEN_PRODUCTO(ALMACEN_ID,PRODUCTO_ID,CANTIDAD_ACTUAL,PRECIO_VENTA) VALUES (3,335,12,0.000000);

INSERT INTO ALMACEN_PRODUCTO(ALMACEN_ID,PRODUCTO_ID,CANTIDAD_ACTUAL,PRECIO_VENTA) VALUES (4,335,1,19.000000);

INSERT INTO PROVEEDOR_PRODUCTO(PROVEEDOR_ID,PRODUCTO_ID,PRECIO_COMPRA) VALUES(6,335, 0.000000);

-- ===========PRODUCTO [336]
INSERT INTO PRODUCTO(ID,MARCA_ID,LINEA_ID,NOMBRE,PRESENTACION,CONTENIDO,UNIDADES_POR_CAJA,COSTO,COSTO_VENTA,PRECIO_BASE,UNIDAD_MEDIDA,CODIGO_BARRAS,ABREBIATURA) VALUES(336,15,4,'Lady Speed Stick Aerosol','Naturals & Protect',165.0,12.0,0.000000,0.000000,0.000000,'ML','7509546055282','Lady SS Natur & 165ml');

INSERT INTO MOVIMIENTO_HISTORICO_PRODUCTO (ALMACEN_ID,PRODUCTO_ID,FECHA,TIPO_MOVIMIENTO_ID,CANTIDAD,COSTO,PRECIO,USUARIO_ID) VALUES(1,336,now(),30,12,0.000000,0.000000,'root');
INSERT INTO ALMACEN_PRODUCTO(ALMACEN_ID,PRODUCTO_ID,CANTIDAD_ACTUAL,PRECIO_VENTA) VALUES (1,336,12,0.000000);

INSERT INTO ALMACEN_PRODUCTO(ALMACEN_ID,PRODUCTO_ID,CANTIDAD_ACTUAL,PRECIO_VENTA) VALUES (2,336,0,0.000000);

INSERT INTO ALMACEN_PRODUCTO(ALMACEN_ID,PRODUCTO_ID,CANTIDAD_ACTUAL,PRECIO_VENTA) VALUES (3,336,12,0.000000);

INSERT INTO ALMACEN_PRODUCTO(ALMACEN_ID,PRODUCTO_ID,CANTIDAD_ACTUAL,PRECIO_VENTA) VALUES (4,336,0,0.000000);

INSERT INTO PROVEEDOR_PRODUCTO(PROVEEDOR_ID,PRODUCTO_ID,PRECIO_COMPRA) VALUES(6,336, 0.000000);

-- ===========PRODUCTO [337]
INSERT INTO PRODUCTO(ID,MARCA_ID,LINEA_ID,NOMBRE,PRESENTACION,CONTENIDO,UNIDADES_POR_CAJA,COSTO,COSTO_VENTA,PRECIO_BASE,UNIDAD_MEDIDA,CODIGO_BARRAS,ABREBIATURA) VALUES(337,15,4,'Lady Speed Stick Aerosol','Perfect tone',165.0,12.0,0.000000,0.000000,0.000000,'ML','7509546048277','Lady SS Perf Ton 165ml');

INSERT INTO MOVIMIENTO_HISTORICO_PRODUCTO (ALMACEN_ID,PRODUCTO_ID,FECHA,TIPO_MOVIMIENTO_ID,CANTIDAD,COSTO,PRECIO,USUARIO_ID) VALUES(1,337,now(),30,12,0.000000,0.000000,'root');
INSERT INTO ALMACEN_PRODUCTO(ALMACEN_ID,PRODUCTO_ID,CANTIDAD_ACTUAL,PRECIO_VENTA) VALUES (1,337,12,0.000000);

INSERT INTO ALMACEN_PRODUCTO(ALMACEN_ID,PRODUCTO_ID,CANTIDAD_ACTUAL,PRECIO_VENTA) VALUES (2,337,0,0.000000);

INSERT INTO ALMACEN_PRODUCTO(ALMACEN_ID,PRODUCTO_ID,CANTIDAD_ACTUAL,PRECIO_VENTA) VALUES (3,337,12,0.000000);

INSERT INTO ALMACEN_PRODUCTO(ALMACEN_ID,PRODUCTO_ID,CANTIDAD_ACTUAL,PRECIO_VENTA) VALUES (4,337,0,0.000000);

INSERT INTO PROVEEDOR_PRODUCTO(PROVEEDOR_ID,PRODUCTO_ID,PRECIO_COMPRA) VALUES(6,337, 0.000000);

-- ===========PRODUCTO [338]
INSERT INTO PRODUCTO(ID,MARCA_ID,LINEA_ID,NOMBRE,PRESENTACION,CONTENIDO,UNIDADES_POR_CAJA,COSTO,COSTO_VENTA,PRECIO_BASE,UNIDAD_MEDIDA,CODIGO_BARRAS,ABREBIATURA) VALUES(338,15,4,'Lady Speed Stick Aerosol','Double Defens Floral Fresh',165.0,12.0,0.000000,0.000000,0.000000,'ML','7509546029054','Lady SS Floral Frsh 165');

INSERT INTO MOVIMIENTO_HISTORICO_PRODUCTO (ALMACEN_ID,PRODUCTO_ID,FECHA,TIPO_MOVIMIENTO_ID,CANTIDAD,COSTO,PRECIO,USUARIO_ID) VALUES(1,338,now(),30,7,0.000000,0.000000,'root');
INSERT INTO ALMACEN_PRODUCTO(ALMACEN_ID,PRODUCTO_ID,CANTIDAD_ACTUAL,PRECIO_VENTA) VALUES (1,338,7,0.000000);

INSERT INTO ALMACEN_PRODUCTO(ALMACEN_ID,PRODUCTO_ID,CANTIDAD_ACTUAL,PRECIO_VENTA) VALUES (2,338,0,0.000000);

INSERT INTO ALMACEN_PRODUCTO(ALMACEN_ID,PRODUCTO_ID,CANTIDAD_ACTUAL,PRECIO_VENTA) VALUES (3,338,7,0.000000);

INSERT INTO ALMACEN_PRODUCTO(ALMACEN_ID,PRODUCTO_ID,CANTIDAD_ACTUAL,PRECIO_VENTA) VALUES (4,338,0,0.000000);

INSERT INTO PROVEEDOR_PRODUCTO(PROVEEDOR_ID,PRODUCTO_ID,PRECIO_COMPRA) VALUES(6,338, 0.000000);

-- ===========PRODUCTO [339]
INSERT INTO PRODUCTO(ID,MARCA_ID,LINEA_ID,NOMBRE,PRESENTACION,CONTENIDO,UNIDADES_POR_CAJA,COSTO,COSTO_VENTA,PRECIO_BASE,UNIDAD_MEDIDA,CODIGO_BARRAS,ABREBIATURA) VALUES(339,15,4,'Lady Speed Stick Aerosol','Ph Active',165.0,12.0,0.000000,0.000000,0.000000,'ML','7509546052526','Lady SS PH Active 165m');

INSERT INTO MOVIMIENTO_HISTORICO_PRODUCTO (ALMACEN_ID,PRODUCTO_ID,FECHA,TIPO_MOVIMIENTO_ID,CANTIDAD,COSTO,PRECIO,USUARIO_ID) VALUES(1,339,now(),30,12,0.000000,0.000000,'root');
INSERT INTO ALMACEN_PRODUCTO(ALMACEN_ID,PRODUCTO_ID,CANTIDAD_ACTUAL,PRECIO_VENTA) VALUES (1,339,12,0.000000);

INSERT INTO ALMACEN_PRODUCTO(ALMACEN_ID,PRODUCTO_ID,CANTIDAD_ACTUAL,PRECIO_VENTA) VALUES (2,339,0,0.000000);

INSERT INTO ALMACEN_PRODUCTO(ALMACEN_ID,PRODUCTO_ID,CANTIDAD_ACTUAL,PRECIO_VENTA) VALUES (3,339,12,0.000000);

INSERT INTO ALMACEN_PRODUCTO(ALMACEN_ID,PRODUCTO_ID,CANTIDAD_ACTUAL,PRECIO_VENTA) VALUES (4,339,0,0.000000);

INSERT INTO PROVEEDOR_PRODUCTO(PROVEEDOR_ID,PRODUCTO_ID,PRECIO_COMPRA) VALUES(6,339, 0.000000);

-- ===========PRODUCTO [340]
INSERT INTO PRODUCTO(ID,MARCA_ID,LINEA_ID,NOMBRE,PRESENTACION,CONTENIDO,UNIDADES_POR_CAJA,COSTO,COSTO_VENTA,PRECIO_BASE,UNIDAD_MEDIDA,CODIGO_BARRAS,ABREBIATURA) VALUES(340,18,4,'Palmolive aerosol Dama','Neutro Balance',165.0,12.0,0.000000,0.000000,0.000000,'ML','7509546031422','Neutro Balan Aero 165');

INSERT INTO MOVIMIENTO_HISTORICO_PRODUCTO (ALMACEN_ID,PRODUCTO_ID,FECHA,TIPO_MOVIMIENTO_ID,CANTIDAD,COSTO,PRECIO,USUARIO_ID) VALUES(1,340,now(),30,12,0.000000,0.000000,'root');
INSERT INTO ALMACEN_PRODUCTO(ALMACEN_ID,PRODUCTO_ID,CANTIDAD_ACTUAL,PRECIO_VENTA) VALUES (1,340,12,0.000000);

INSERT INTO ALMACEN_PRODUCTO(ALMACEN_ID,PRODUCTO_ID,CANTIDAD_ACTUAL,PRECIO_VENTA) VALUES (2,340,0,0.000000);

INSERT INTO ALMACEN_PRODUCTO(ALMACEN_ID,PRODUCTO_ID,CANTIDAD_ACTUAL,PRECIO_VENTA) VALUES (3,340,12,0.000000);

INSERT INTO ALMACEN_PRODUCTO(ALMACEN_ID,PRODUCTO_ID,CANTIDAD_ACTUAL,PRECIO_VENTA) VALUES (4,340,0,0.000000);

INSERT INTO PROVEEDOR_PRODUCTO(PROVEEDOR_ID,PRODUCTO_ID,PRECIO_COMPRA) VALUES(6,340, 0.000000);

-- ===========PRODUCTO [341]
INSERT INTO PRODUCTO(ID,MARCA_ID,LINEA_ID,NOMBRE,PRESENTACION,CONTENIDO,UNIDADES_POR_CAJA,COSTO,COSTO_VENTA,PRECIO_BASE,UNIDAD_MEDIDA,CODIGO_BARRAS,ABREBIATURA) VALUES(341,15,4,'Lady Speed Stick Aerosol','Fantasy Queen',100.0,12.0,0.000000,0.000000,0.000000,'ML','7509546048772','Lady SS Fantsy Q 100ml');

INSERT INTO MOVIMIENTO_HISTORICO_PRODUCTO (ALMACEN_ID,PRODUCTO_ID,FECHA,TIPO_MOVIMIENTO_ID,CANTIDAD,COSTO,PRECIO,USUARIO_ID) VALUES(1,341,now(),30,12,0.000000,0.000000,'root');
INSERT INTO ALMACEN_PRODUCTO(ALMACEN_ID,PRODUCTO_ID,CANTIDAD_ACTUAL,PRECIO_VENTA) VALUES (1,341,12,0.000000);

INSERT INTO ALMACEN_PRODUCTO(ALMACEN_ID,PRODUCTO_ID,CANTIDAD_ACTUAL,PRECIO_VENTA) VALUES (2,341,0,0.000000);

INSERT INTO ALMACEN_PRODUCTO(ALMACEN_ID,PRODUCTO_ID,CANTIDAD_ACTUAL,PRECIO_VENTA) VALUES (3,341,12,0.000000);

INSERT INTO ALMACEN_PRODUCTO(ALMACEN_ID,PRODUCTO_ID,CANTIDAD_ACTUAL,PRECIO_VENTA) VALUES (4,341,0,0.000000);

INSERT INTO PROVEEDOR_PRODUCTO(PROVEEDOR_ID,PRODUCTO_ID,PRECIO_COMPRA) VALUES(6,341, 0.000000);

-- ===========PRODUCTO [342]
INSERT INTO PRODUCTO(ID,MARCA_ID,LINEA_ID,NOMBRE,PRESENTACION,CONTENIDO,UNIDADES_POR_CAJA,COSTO,COSTO_VENTA,PRECIO_BASE,UNIDAD_MEDIDA,CODIGO_BARRAS,ABREBIATURA) VALUES(342,15,4,'Lady Speed Stick Rollon','Ph Active',50.0,12.0,0.000000,0.000000,0.000000,'ML','7509546052540','Lady SS R-o  Ph Activ 50');

INSERT INTO MOVIMIENTO_HISTORICO_PRODUCTO (ALMACEN_ID,PRODUCTO_ID,FECHA,TIPO_MOVIMIENTO_ID,CANTIDAD,COSTO,PRECIO,USUARIO_ID) VALUES(1,342,now(),30,12,0.000000,0.000000,'root');
INSERT INTO ALMACEN_PRODUCTO(ALMACEN_ID,PRODUCTO_ID,CANTIDAD_ACTUAL,PRECIO_VENTA) VALUES (1,342,12,0.000000);

INSERT INTO ALMACEN_PRODUCTO(ALMACEN_ID,PRODUCTO_ID,CANTIDAD_ACTUAL,PRECIO_VENTA) VALUES (2,342,1,6.000000);

INSERT INTO ALMACEN_PRODUCTO(ALMACEN_ID,PRODUCTO_ID,CANTIDAD_ACTUAL,PRECIO_VENTA) VALUES (3,342,12,19.900000);

INSERT INTO ALMACEN_PRODUCTO(ALMACEN_ID,PRODUCTO_ID,CANTIDAD_ACTUAL,PRECIO_VENTA) VALUES (4,342,1,6.000000);

INSERT INTO PROVEEDOR_PRODUCTO(PROVEEDOR_ID,PRODUCTO_ID,PRECIO_COMPRA) VALUES(6,342, 0.000000);

-- ===========PRODUCTO [343]
INSERT INTO PRODUCTO(ID,MARCA_ID,LINEA_ID,NOMBRE,PRESENTACION,CONTENIDO,UNIDADES_POR_CAJA,COSTO,COSTO_VENTA,PRECIO_BASE,UNIDAD_MEDIDA,CODIGO_BARRAS,ABREBIATURA) VALUES(343,15,4,'Lady Speed Stick Rollon','Stainguard',50.0,12.0,0.000000,0.000000,0.000000,'ML','7509546050904','Lady SS R-o Staing 50ml');

INSERT INTO MOVIMIENTO_HISTORICO_PRODUCTO (ALMACEN_ID,PRODUCTO_ID,FECHA,TIPO_MOVIMIENTO_ID,CANTIDAD,COSTO,PRECIO,USUARIO_ID) VALUES(1,343,now(),30,12,0.000000,0.000000,'root');
INSERT INTO ALMACEN_PRODUCTO(ALMACEN_ID,PRODUCTO_ID,CANTIDAD_ACTUAL,PRECIO_VENTA) VALUES (1,343,12,0.000000);

INSERT INTO ALMACEN_PRODUCTO(ALMACEN_ID,PRODUCTO_ID,CANTIDAD_ACTUAL,PRECIO_VENTA) VALUES (2,343,0,0.000000);

INSERT INTO ALMACEN_PRODUCTO(ALMACEN_ID,PRODUCTO_ID,CANTIDAD_ACTUAL,PRECIO_VENTA) VALUES (3,343,12,19.900000);

INSERT INTO ALMACEN_PRODUCTO(ALMACEN_ID,PRODUCTO_ID,CANTIDAD_ACTUAL,PRECIO_VENTA) VALUES (4,343,0,0.000000);

INSERT INTO PROVEEDOR_PRODUCTO(PROVEEDOR_ID,PRODUCTO_ID,PRECIO_COMPRA) VALUES(6,343, 0.000000);

-- ===========PRODUCTO [344]
INSERT INTO PRODUCTO(ID,MARCA_ID,LINEA_ID,NOMBRE,PRESENTACION,CONTENIDO,UNIDADES_POR_CAJA,COSTO,COSTO_VENTA,PRECIO_BASE,UNIDAD_MEDIDA,CODIGO_BARRAS,ABREBIATURA) VALUES(344,15,4,'Lady Speed Stick rollon','Naturals & Protect',50.0,12.0,0.000000,0.000000,0.000000,'ML','7509546055275','Lady SS R-o Natur & 50');

INSERT INTO MOVIMIENTO_HISTORICO_PRODUCTO (ALMACEN_ID,PRODUCTO_ID,FECHA,TIPO_MOVIMIENTO_ID,CANTIDAD,COSTO,PRECIO,USUARIO_ID) VALUES(1,344,now(),30,12,0.000000,0.000000,'root');
INSERT INTO ALMACEN_PRODUCTO(ALMACEN_ID,PRODUCTO_ID,CANTIDAD_ACTUAL,PRECIO_VENTA) VALUES (1,344,12,0.000000);

INSERT INTO ALMACEN_PRODUCTO(ALMACEN_ID,PRODUCTO_ID,CANTIDAD_ACTUAL,PRECIO_VENTA) VALUES (2,344,0,0.000000);

INSERT INTO ALMACEN_PRODUCTO(ALMACEN_ID,PRODUCTO_ID,CANTIDAD_ACTUAL,PRECIO_VENTA) VALUES (3,344,12,19.900000);

INSERT INTO ALMACEN_PRODUCTO(ALMACEN_ID,PRODUCTO_ID,CANTIDAD_ACTUAL,PRECIO_VENTA) VALUES (4,344,0,0.000000);

INSERT INTO PROVEEDOR_PRODUCTO(PROVEEDOR_ID,PRODUCTO_ID,PRECIO_COMPRA) VALUES(6,344, 0.000000);

-- ===========PRODUCTO [346]
INSERT INTO PRODUCTO(ID,MARCA_ID,LINEA_ID,NOMBRE,PRESENTACION,CONTENIDO,UNIDADES_POR_CAJA,COSTO,COSTO_VENTA,PRECIO_BASE,UNIDAD_MEDIDA,CODIGO_BARRAS,ABREBIATURA) VALUES(346,15,4,'Lady Speed Stick Rollon','Sexy',50.0,12.0,0.000000,0.000000,0.000000,'ML','7509546020440','Lady SS R-o Sexy 50ml');

INSERT INTO MOVIMIENTO_HISTORICO_PRODUCTO (ALMACEN_ID,PRODUCTO_ID,FECHA,TIPO_MOVIMIENTO_ID,CANTIDAD,COSTO,PRECIO,USUARIO_ID) VALUES(1,346,now(),30,12,0.000000,0.000000,'root');
INSERT INTO ALMACEN_PRODUCTO(ALMACEN_ID,PRODUCTO_ID,CANTIDAD_ACTUAL,PRECIO_VENTA) VALUES (1,346,12,0.000000);

INSERT INTO ALMACEN_PRODUCTO(ALMACEN_ID,PRODUCTO_ID,CANTIDAD_ACTUAL,PRECIO_VENTA) VALUES (2,346,0,0.000000);

INSERT INTO ALMACEN_PRODUCTO(ALMACEN_ID,PRODUCTO_ID,CANTIDAD_ACTUAL,PRECIO_VENTA) VALUES (3,346,12,19.900000);

INSERT INTO ALMACEN_PRODUCTO(ALMACEN_ID,PRODUCTO_ID,CANTIDAD_ACTUAL,PRECIO_VENTA) VALUES (4,346,0,0.000000);

INSERT INTO PROVEEDOR_PRODUCTO(PROVEEDOR_ID,PRODUCTO_ID,PRECIO_COMPRA) VALUES(6,346, 0.000000);

-- ===========PRODUCTO [347]
INSERT INTO PRODUCTO(ID,MARCA_ID,LINEA_ID,NOMBRE,PRESENTACION,CONTENIDO,UNIDADES_POR_CAJA,COSTO,COSTO_VENTA,PRECIO_BASE,UNIDAD_MEDIDA,CODIGO_BARRAS,ABREBIATURA) VALUES(347,15,4,'Lady Speed Stick rollon','Hydra Soft',50.0,12.0,0.000000,0.000000,0.000000,'ML','7501035911703','Lady SS Hydra Sof 50ml');

INSERT INTO MOVIMIENTO_HISTORICO_PRODUCTO (ALMACEN_ID,PRODUCTO_ID,FECHA,TIPO_MOVIMIENTO_ID,CANTIDAD,COSTO,PRECIO,USUARIO_ID) VALUES(1,347,now(),30,12,0.000000,0.000000,'root');
INSERT INTO ALMACEN_PRODUCTO(ALMACEN_ID,PRODUCTO_ID,CANTIDAD_ACTUAL,PRECIO_VENTA) VALUES (1,347,12,0.000000);

INSERT INTO ALMACEN_PRODUCTO(ALMACEN_ID,PRODUCTO_ID,CANTIDAD_ACTUAL,PRECIO_VENTA) VALUES (2,347,0,0.000000);

INSERT INTO ALMACEN_PRODUCTO(ALMACEN_ID,PRODUCTO_ID,CANTIDAD_ACTUAL,PRECIO_VENTA) VALUES (3,347,12,19.900000);

INSERT INTO ALMACEN_PRODUCTO(ALMACEN_ID,PRODUCTO_ID,CANTIDAD_ACTUAL,PRECIO_VENTA) VALUES (4,347,0,0.000000);

INSERT INTO PROVEEDOR_PRODUCTO(PROVEEDOR_ID,PRODUCTO_ID,PRECIO_COMPRA) VALUES(6,347, 0.000000);

-- ===========PRODUCTO [348]
INSERT INTO PRODUCTO(ID,MARCA_ID,LINEA_ID,NOMBRE,PRESENTACION,CONTENIDO,UNIDADES_POR_CAJA,COSTO,COSTO_VENTA,PRECIO_BASE,UNIDAD_MEDIDA,CODIGO_BARRAS,ABREBIATURA) VALUES(348,15,4,'Lady Speed Stick Rollon','Perfect tone',50.0,12.0,0.000000,0.000000,0.000000,'ML','7509546048260','Lady SS R-o Perf Ton 50');

INSERT INTO MOVIMIENTO_HISTORICO_PRODUCTO (ALMACEN_ID,PRODUCTO_ID,FECHA,TIPO_MOVIMIENTO_ID,CANTIDAD,COSTO,PRECIO,USUARIO_ID) VALUES(1,348,now(),30,12,0.000000,0.000000,'root');
INSERT INTO ALMACEN_PRODUCTO(ALMACEN_ID,PRODUCTO_ID,CANTIDAD_ACTUAL,PRECIO_VENTA) VALUES (1,348,12,0.000000);

INSERT INTO ALMACEN_PRODUCTO(ALMACEN_ID,PRODUCTO_ID,CANTIDAD_ACTUAL,PRECIO_VENTA) VALUES (2,348,1,6.000000);

INSERT INTO ALMACEN_PRODUCTO(ALMACEN_ID,PRODUCTO_ID,CANTIDAD_ACTUAL,PRECIO_VENTA) VALUES (3,348,12,19.900000);

INSERT INTO ALMACEN_PRODUCTO(ALMACEN_ID,PRODUCTO_ID,CANTIDAD_ACTUAL,PRECIO_VENTA) VALUES (4,348,1,6.000000);

INSERT INTO PROVEEDOR_PRODUCTO(PROVEEDOR_ID,PRODUCTO_ID,PRECIO_COMPRA) VALUES(6,348, 0.000000);

-- ===========PRODUCTO [349]
INSERT INTO PRODUCTO(ID,MARCA_ID,LINEA_ID,NOMBRE,PRESENTACION,CONTENIDO,UNIDADES_POR_CAJA,COSTO,COSTO_VENTA,PRECIO_BASE,UNIDAD_MEDIDA,CODIGO_BARRAS,ABREBIATURA) VALUES(349,15,4,'Lady Speed Stick Dama','Perfect Tone',45.0,12.0,0.000000,0.000000,0.000000,'G','7509546048314','Lady SS Bar Perf Ton 45');

INSERT INTO MOVIMIENTO_HISTORICO_PRODUCTO (ALMACEN_ID,PRODUCTO_ID,FECHA,TIPO_MOVIMIENTO_ID,CANTIDAD,COSTO,PRECIO,USUARIO_ID) VALUES(1,349,now(),30,12,0.000000,0.000000,'root');
INSERT INTO ALMACEN_PRODUCTO(ALMACEN_ID,PRODUCTO_ID,CANTIDAD_ACTUAL,PRECIO_VENTA) VALUES (1,349,12,0.000000);

INSERT INTO ALMACEN_PRODUCTO(ALMACEN_ID,PRODUCTO_ID,CANTIDAD_ACTUAL,PRECIO_VENTA) VALUES (2,349,0,0.000000);

INSERT INTO ALMACEN_PRODUCTO(ALMACEN_ID,PRODUCTO_ID,CANTIDAD_ACTUAL,PRECIO_VENTA) VALUES (3,349,12,24.900000);

INSERT INTO ALMACEN_PRODUCTO(ALMACEN_ID,PRODUCTO_ID,CANTIDAD_ACTUAL,PRECIO_VENTA) VALUES (4,349,0,0.000000);

INSERT INTO PROVEEDOR_PRODUCTO(PROVEEDOR_ID,PRODUCTO_ID,PRECIO_COMPRA) VALUES(6,349, 0.000000);

-- ===========PRODUCTO [351]
INSERT INTO PRODUCTO(ID,MARCA_ID,LINEA_ID,NOMBRE,PRESENTACION,CONTENIDO,UNIDADES_POR_CAJA,COSTO,COSTO_VENTA,PRECIO_BASE,UNIDAD_MEDIDA,CODIGO_BARRAS,ABREBIATURA) VALUES(351,15,4,'Lady Speed Stick Rollon','Double Defense',50.0,12.0,0.000000,0.000000,0.000000,'ML','7509546015477','Lady SS R-o Act Frsh 50');

INSERT INTO MOVIMIENTO_HISTORICO_PRODUCTO (ALMACEN_ID,PRODUCTO_ID,FECHA,TIPO_MOVIMIENTO_ID,CANTIDAD,COSTO,PRECIO,USUARIO_ID) VALUES(1,351,now(),30,12,0.000000,0.000000,'root');
INSERT INTO ALMACEN_PRODUCTO(ALMACEN_ID,PRODUCTO_ID,CANTIDAD_ACTUAL,PRECIO_VENTA) VALUES (1,351,12,0.000000);

INSERT INTO ALMACEN_PRODUCTO(ALMACEN_ID,PRODUCTO_ID,CANTIDAD_ACTUAL,PRECIO_VENTA) VALUES (2,351,0,0.000000);

INSERT INTO ALMACEN_PRODUCTO(ALMACEN_ID,PRODUCTO_ID,CANTIDAD_ACTUAL,PRECIO_VENTA) VALUES (3,351,12,19.900000);

INSERT INTO ALMACEN_PRODUCTO(ALMACEN_ID,PRODUCTO_ID,CANTIDAD_ACTUAL,PRECIO_VENTA) VALUES (4,351,0,0.000000);

INSERT INTO PROVEEDOR_PRODUCTO(PROVEEDOR_ID,PRODUCTO_ID,PRECIO_COMPRA) VALUES(6,351, 0.000000);

-- ===========PRODUCTO [352]
INSERT INTO PRODUCTO(ID,MARCA_ID,LINEA_ID,NOMBRE,PRESENTACION,CONTENIDO,UNIDADES_POR_CAJA,COSTO,COSTO_VENTA,PRECIO_BASE,UNIDAD_MEDIDA,CODIGO_BARRAS,ABREBIATURA) VALUES(352,15,4,'Lady Speed Stick Barra','Wild freesia',45.0,12.0,0.000000,0.000000,0.000000,'G','7509546004471','Lady SS Bar Wild F 45g');

INSERT INTO MOVIMIENTO_HISTORICO_PRODUCTO (ALMACEN_ID,PRODUCTO_ID,FECHA,TIPO_MOVIMIENTO_ID,CANTIDAD,COSTO,PRECIO,USUARIO_ID) VALUES(1,352,now(),30,12,0.000000,0.000000,'root');
INSERT INTO ALMACEN_PRODUCTO(ALMACEN_ID,PRODUCTO_ID,CANTIDAD_ACTUAL,PRECIO_VENTA) VALUES (1,352,12,0.000000);

INSERT INTO ALMACEN_PRODUCTO(ALMACEN_ID,PRODUCTO_ID,CANTIDAD_ACTUAL,PRECIO_VENTA) VALUES (2,352,0,0.000000);

INSERT INTO ALMACEN_PRODUCTO(ALMACEN_ID,PRODUCTO_ID,CANTIDAD_ACTUAL,PRECIO_VENTA) VALUES (3,352,12,21.900000);

INSERT INTO ALMACEN_PRODUCTO(ALMACEN_ID,PRODUCTO_ID,CANTIDAD_ACTUAL,PRECIO_VENTA) VALUES (4,352,0,0.000000);

INSERT INTO PROVEEDOR_PRODUCTO(PROVEEDOR_ID,PRODUCTO_ID,PRECIO_COMPRA) VALUES(6,352, 0.000000);

-- ===========PRODUCTO [353]
INSERT INTO PRODUCTO(ID,MARCA_ID,LINEA_ID,NOMBRE,PRESENTACION,CONTENIDO,UNIDADES_POR_CAJA,COSTO,COSTO_VENTA,PRECIO_BASE,UNIDAD_MEDIDA,CODIGO_BARRAS,ABREBIATURA) VALUES(353,18,4,'Palmolive rollon dama','Neutro Balance',65.0,12.0,0.000000,0.000000,0.000000,'ML','7509546029825','Neutro Balanc R-o 65g');

INSERT INTO MOVIMIENTO_HISTORICO_PRODUCTO (ALMACEN_ID,PRODUCTO_ID,FECHA,TIPO_MOVIMIENTO_ID,CANTIDAD,COSTO,PRECIO,USUARIO_ID) VALUES(1,353,now(),30,12,0.000000,0.000000,'root');
INSERT INTO ALMACEN_PRODUCTO(ALMACEN_ID,PRODUCTO_ID,CANTIDAD_ACTUAL,PRECIO_VENTA) VALUES (1,353,12,0.000000);

INSERT INTO ALMACEN_PRODUCTO(ALMACEN_ID,PRODUCTO_ID,CANTIDAD_ACTUAL,PRECIO_VENTA) VALUES (2,353,0,0.000000);

INSERT INTO ALMACEN_PRODUCTO(ALMACEN_ID,PRODUCTO_ID,CANTIDAD_ACTUAL,PRECIO_VENTA) VALUES (3,353,12,0.000000);

INSERT INTO ALMACEN_PRODUCTO(ALMACEN_ID,PRODUCTO_ID,CANTIDAD_ACTUAL,PRECIO_VENTA) VALUES (4,353,0,0.000000);

INSERT INTO PROVEEDOR_PRODUCTO(PROVEEDOR_ID,PRODUCTO_ID,PRECIO_COMPRA) VALUES(6,353, 0.000000);

-- ===========PRODUCTO [354]
INSERT INTO PRODUCTO(ID,MARCA_ID,LINEA_ID,NOMBRE,PRESENTACION,CONTENIDO,UNIDADES_POR_CAJA,COSTO,COSTO_VENTA,PRECIO_BASE,UNIDAD_MEDIDA,CODIGO_BARRAS,ABREBIATURA) VALUES(354,15,4,'Lady Speed Stick Aerosol','Angel Oscuro',100.0,12.0,0.000000,0.000000,0.000000,'ml','7509546055503','Lady SS Aero Angel 100');

INSERT INTO MOVIMIENTO_HISTORICO_PRODUCTO (ALMACEN_ID,PRODUCTO_ID,FECHA,TIPO_MOVIMIENTO_ID,CANTIDAD,COSTO,PRECIO,USUARIO_ID) VALUES(1,354,now(),30,12,0.000000,0.000000,'root');
INSERT INTO ALMACEN_PRODUCTO(ALMACEN_ID,PRODUCTO_ID,CANTIDAD_ACTUAL,PRECIO_VENTA) VALUES (1,354,12,0.000000);

INSERT INTO ALMACEN_PRODUCTO(ALMACEN_ID,PRODUCTO_ID,CANTIDAD_ACTUAL,PRECIO_VENTA) VALUES (2,354,0,0.000000);

INSERT INTO ALMACEN_PRODUCTO(ALMACEN_ID,PRODUCTO_ID,CANTIDAD_ACTUAL,PRECIO_VENTA) VALUES (3,354,12,0.000000);

INSERT INTO ALMACEN_PRODUCTO(ALMACEN_ID,PRODUCTO_ID,CANTIDAD_ACTUAL,PRECIO_VENTA) VALUES (4,354,0,0.000000);

INSERT INTO PROVEEDOR_PRODUCTO(PROVEEDOR_ID,PRODUCTO_ID,PRECIO_COMPRA) VALUES(6,354, 0.000000);

-- ===========PRODUCTO [355]
INSERT INTO PRODUCTO(ID,MARCA_ID,LINEA_ID,NOMBRE,PRESENTACION,CONTENIDO,UNIDADES_POR_CAJA,COSTO,COSTO_VENTA,PRECIO_BASE,UNIDAD_MEDIDA,CODIGO_BARRAS,ABREBIATURA) VALUES(355,15,4,'Lady Speed Stick Barra','Waterproof',45.0,12.0,0.000000,0.000000,0.000000,'G','7509546045191','Lady SS Bar Water 45g');

INSERT INTO MOVIMIENTO_HISTORICO_PRODUCTO (ALMACEN_ID,PRODUCTO_ID,FECHA,TIPO_MOVIMIENTO_ID,CANTIDAD,COSTO,PRECIO,USUARIO_ID) VALUES(1,355,now(),30,12,0.000000,0.000000,'root');
INSERT INTO ALMACEN_PRODUCTO(ALMACEN_ID,PRODUCTO_ID,CANTIDAD_ACTUAL,PRECIO_VENTA) VALUES (1,355,12,0.000000);

INSERT INTO ALMACEN_PRODUCTO(ALMACEN_ID,PRODUCTO_ID,CANTIDAD_ACTUAL,PRECIO_VENTA) VALUES (2,355,5,13.000000);

INSERT INTO ALMACEN_PRODUCTO(ALMACEN_ID,PRODUCTO_ID,CANTIDAD_ACTUAL,PRECIO_VENTA) VALUES (3,355,12,21.900000);

INSERT INTO ALMACEN_PRODUCTO(ALMACEN_ID,PRODUCTO_ID,CANTIDAD_ACTUAL,PRECIO_VENTA) VALUES (4,355,5,13.000000);

INSERT INTO PROVEEDOR_PRODUCTO(PROVEEDOR_ID,PRODUCTO_ID,PRECIO_COMPRA) VALUES(6,355, 0.000000);

-- ===========PRODUCTO [356]
INSERT INTO PRODUCTO(ID,MARCA_ID,LINEA_ID,NOMBRE,PRESENTACION,CONTENIDO,UNIDADES_POR_CAJA,COSTO,COSTO_VENTA,PRECIO_BASE,UNIDAD_MEDIDA,CODIGO_BARRAS,ABREBIATURA) VALUES(356,15,4,'Lady Speed Stick Barra','Stainguard',45.0,12.0,0.000000,0.000000,0.000000,'G','7509546050959','Lady SS Bar Staing 45g');

INSERT INTO MOVIMIENTO_HISTORICO_PRODUCTO (ALMACEN_ID,PRODUCTO_ID,FECHA,TIPO_MOVIMIENTO_ID,CANTIDAD,COSTO,PRECIO,USUARIO_ID) VALUES(1,356,now(),30,12,0.000000,0.000000,'root');
INSERT INTO ALMACEN_PRODUCTO(ALMACEN_ID,PRODUCTO_ID,CANTIDAD_ACTUAL,PRECIO_VENTA) VALUES (1,356,12,0.000000);

INSERT INTO ALMACEN_PRODUCTO(ALMACEN_ID,PRODUCTO_ID,CANTIDAD_ACTUAL,PRECIO_VENTA) VALUES (2,356,0,0.000000);

INSERT INTO ALMACEN_PRODUCTO(ALMACEN_ID,PRODUCTO_ID,CANTIDAD_ACTUAL,PRECIO_VENTA) VALUES (3,356,12,21.900000);

INSERT INTO ALMACEN_PRODUCTO(ALMACEN_ID,PRODUCTO_ID,CANTIDAD_ACTUAL,PRECIO_VENTA) VALUES (4,356,0,0.000000);

INSERT INTO PROVEEDOR_PRODUCTO(PROVEEDOR_ID,PRODUCTO_ID,PRECIO_COMPRA) VALUES(6,356, 0.000000);

-- ===========PRODUCTO [357]
INSERT INTO PRODUCTO(ID,MARCA_ID,LINEA_ID,NOMBRE,PRESENTACION,CONTENIDO,UNIDADES_POR_CAJA,COSTO,COSTO_VENTA,PRECIO_BASE,UNIDAD_MEDIDA,CODIGO_BARRAS,ABREBIATURA) VALUES(357,50,4,'Vanart Rollon','Powder',65.0,24.0,0.000000,0.000000,0.000000,'G','7501065631015','Vanart R-o Powde 65g');

INSERT INTO MOVIMIENTO_HISTORICO_PRODUCTO (ALMACEN_ID,PRODUCTO_ID,FECHA,TIPO_MOVIMIENTO_ID,CANTIDAD,COSTO,PRECIO,USUARIO_ID) VALUES(1,357,now(),30,24,0.000000,0.000000,'root');
INSERT INTO ALMACEN_PRODUCTO(ALMACEN_ID,PRODUCTO_ID,CANTIDAD_ACTUAL,PRECIO_VENTA) VALUES (1,357,24,0.000000);

INSERT INTO ALMACEN_PRODUCTO(ALMACEN_ID,PRODUCTO_ID,CANTIDAD_ACTUAL,PRECIO_VENTA) VALUES (2,357,0,0.000000);

INSERT INTO ALMACEN_PRODUCTO(ALMACEN_ID,PRODUCTO_ID,CANTIDAD_ACTUAL,PRECIO_VENTA) VALUES (3,357,24,0.000000);

INSERT INTO ALMACEN_PRODUCTO(ALMACEN_ID,PRODUCTO_ID,CANTIDAD_ACTUAL,PRECIO_VENTA) VALUES (4,357,0,0.000000);

INSERT INTO PROVEEDOR_PRODUCTO(PROVEEDOR_ID,PRODUCTO_ID,PRECIO_COMPRA) VALUES(13,357, 0.000000);

-- ===========PRODUCTO [358]
INSERT INTO PRODUCTO(ID,MARCA_ID,LINEA_ID,NOMBRE,PRESENTACION,CONTENIDO,UNIDADES_POR_CAJA,COSTO,COSTO_VENTA,PRECIO_BASE,UNIDAD_MEDIDA,CODIGO_BARRAS,ABREBIATURA) VALUES(358,50,4,'Vanart Rollon','Bamboo Fresh',65.0,24.0,0.000000,0.000000,0.000000,'G','7501065631060','Vanart R-o Bamboo 65g');

INSERT INTO MOVIMIENTO_HISTORICO_PRODUCTO (ALMACEN_ID,PRODUCTO_ID,FECHA,TIPO_MOVIMIENTO_ID,CANTIDAD,COSTO,PRECIO,USUARIO_ID) VALUES(1,358,now(),30,24,0.000000,0.000000,'root');
INSERT INTO ALMACEN_PRODUCTO(ALMACEN_ID,PRODUCTO_ID,CANTIDAD_ACTUAL,PRECIO_VENTA) VALUES (1,358,24,0.000000);

INSERT INTO ALMACEN_PRODUCTO(ALMACEN_ID,PRODUCTO_ID,CANTIDAD_ACTUAL,PRECIO_VENTA) VALUES (2,358,0,0.000000);

INSERT INTO ALMACEN_PRODUCTO(ALMACEN_ID,PRODUCTO_ID,CANTIDAD_ACTUAL,PRECIO_VENTA) VALUES (3,358,24,0.000000);

INSERT INTO ALMACEN_PRODUCTO(ALMACEN_ID,PRODUCTO_ID,CANTIDAD_ACTUAL,PRECIO_VENTA) VALUES (4,358,0,0.000000);

INSERT INTO PROVEEDOR_PRODUCTO(PROVEEDOR_ID,PRODUCTO_ID,PRECIO_COMPRA) VALUES(13,358, 0.000000);

-- ===========PRODUCTO [359]
INSERT INTO PRODUCTO(ID,MARCA_ID,LINEA_ID,NOMBRE,PRESENTACION,CONTENIDO,UNIDADES_POR_CAJA,COSTO,COSTO_VENTA,PRECIO_BASE,UNIDAD_MEDIDA,CODIGO_BARRAS,ABREBIATURA) VALUES(359,50,4,'Vanart Rollon','Citrus',65.0,24.0,0.000000,0.000000,0.000000,'G','7501065631046','Vanart R-o Citrys 65g');

INSERT INTO MOVIMIENTO_HISTORICO_PRODUCTO (ALMACEN_ID,PRODUCTO_ID,FECHA,TIPO_MOVIMIENTO_ID,CANTIDAD,COSTO,PRECIO,USUARIO_ID) VALUES(1,359,now(),30,24,0.000000,0.000000,'root');
INSERT INTO ALMACEN_PRODUCTO(ALMACEN_ID,PRODUCTO_ID,CANTIDAD_ACTUAL,PRECIO_VENTA) VALUES (1,359,24,0.000000);

INSERT INTO ALMACEN_PRODUCTO(ALMACEN_ID,PRODUCTO_ID,CANTIDAD_ACTUAL,PRECIO_VENTA) VALUES (2,359,0,0.000000);

INSERT INTO ALMACEN_PRODUCTO(ALMACEN_ID,PRODUCTO_ID,CANTIDAD_ACTUAL,PRECIO_VENTA) VALUES (3,359,24,0.000000);

INSERT INTO ALMACEN_PRODUCTO(ALMACEN_ID,PRODUCTO_ID,CANTIDAD_ACTUAL,PRECIO_VENTA) VALUES (4,359,0,0.000000);

INSERT INTO PROVEEDOR_PRODUCTO(PROVEEDOR_ID,PRODUCTO_ID,PRECIO_COMPRA) VALUES(13,359, 0.000000);

-- ===========PRODUCTO [360]
INSERT INTO PRODUCTO(ID,MARCA_ID,LINEA_ID,NOMBRE,PRESENTACION,CONTENIDO,UNIDADES_POR_CAJA,COSTO,COSTO_VENTA,PRECIO_BASE,UNIDAD_MEDIDA,CODIGO_BARRAS,ABREBIATURA) VALUES(360,50,4,'Vanart Rollon','Sensaciones',65.0,24.0,0.000000,0.000000,0.000000,'G','7501065631039','Vanart R-o Sensac 65g');

INSERT INTO MOVIMIENTO_HISTORICO_PRODUCTO (ALMACEN_ID,PRODUCTO_ID,FECHA,TIPO_MOVIMIENTO_ID,CANTIDAD,COSTO,PRECIO,USUARIO_ID) VALUES(1,360,now(),30,24,0.000000,0.000000,'root');
INSERT INTO ALMACEN_PRODUCTO(ALMACEN_ID,PRODUCTO_ID,CANTIDAD_ACTUAL,PRECIO_VENTA) VALUES (1,360,24,0.000000);

INSERT INTO ALMACEN_PRODUCTO(ALMACEN_ID,PRODUCTO_ID,CANTIDAD_ACTUAL,PRECIO_VENTA) VALUES (2,360,0,0.000000);

INSERT INTO ALMACEN_PRODUCTO(ALMACEN_ID,PRODUCTO_ID,CANTIDAD_ACTUAL,PRECIO_VENTA) VALUES (3,360,24,0.000000);

INSERT INTO ALMACEN_PRODUCTO(ALMACEN_ID,PRODUCTO_ID,CANTIDAD_ACTUAL,PRECIO_VENTA) VALUES (4,360,0,0.000000);

INSERT INTO PROVEEDOR_PRODUCTO(PROVEEDOR_ID,PRODUCTO_ID,PRECIO_COMPRA) VALUES(13,360, 0.000000);

-- ===========PRODUCTO [361]
INSERT INTO PRODUCTO(ID,MARCA_ID,LINEA_ID,NOMBRE,PRESENTACION,CONTENIDO,UNIDADES_POR_CAJA,COSTO,COSTO_VENTA,PRECIO_BASE,UNIDAD_MEDIDA,CODIGO_BARRAS,ABREBIATURA) VALUES(361,50,4,'Vanart Rollon','Sensitive',65.0,24.0,0.000000,0.000000,0.000000,'G','7501065631053','Vanart R-o Ssitive 65g');

INSERT INTO MOVIMIENTO_HISTORICO_PRODUCTO (ALMACEN_ID,PRODUCTO_ID,FECHA,TIPO_MOVIMIENTO_ID,CANTIDAD,COSTO,PRECIO,USUARIO_ID) VALUES(1,361,now(),30,24,0.000000,0.000000,'root');
INSERT INTO ALMACEN_PRODUCTO(ALMACEN_ID,PRODUCTO_ID,CANTIDAD_ACTUAL,PRECIO_VENTA) VALUES (1,361,24,0.000000);

INSERT INTO ALMACEN_PRODUCTO(ALMACEN_ID,PRODUCTO_ID,CANTIDAD_ACTUAL,PRECIO_VENTA) VALUES (2,361,0,0.000000);

INSERT INTO ALMACEN_PRODUCTO(ALMACEN_ID,PRODUCTO_ID,CANTIDAD_ACTUAL,PRECIO_VENTA) VALUES (3,361,24,0.000000);

INSERT INTO ALMACEN_PRODUCTO(ALMACEN_ID,PRODUCTO_ID,CANTIDAD_ACTUAL,PRECIO_VENTA) VALUES (4,361,0,0.000000);

INSERT INTO PROVEEDOR_PRODUCTO(PROVEEDOR_ID,PRODUCTO_ID,PRECIO_COMPRA) VALUES(13,361, 0.000000);

-- ===========PRODUCTO [362]
INSERT INTO PRODUCTO(ID,MARCA_ID,LINEA_ID,NOMBRE,PRESENTACION,CONTENIDO,UNIDADES_POR_CAJA,COSTO,COSTO_VENTA,PRECIO_BASE,UNIDAD_MEDIDA,CODIGO_BARRAS,ABREBIATURA) VALUES(362,51,4,'Secret Aerosol Dama','Maracuya Parchita',150.0,24.0,0.000000,0.000000,0.000000,'ML','7501001408459','Secret Aero Maracu 150');

INSERT INTO MOVIMIENTO_HISTORICO_PRODUCTO (ALMACEN_ID,PRODUCTO_ID,FECHA,TIPO_MOVIMIENTO_ID,CANTIDAD,COSTO,PRECIO,USUARIO_ID) VALUES(1,362,now(),30,12,0.000000,0.000000,'root');
INSERT INTO ALMACEN_PRODUCTO(ALMACEN_ID,PRODUCTO_ID,CANTIDAD_ACTUAL,PRECIO_VENTA) VALUES (1,362,12,0.000000);

INSERT INTO ALMACEN_PRODUCTO(ALMACEN_ID,PRODUCTO_ID,CANTIDAD_ACTUAL,PRECIO_VENTA) VALUES (2,362,0,0.000000);

INSERT INTO ALMACEN_PRODUCTO(ALMACEN_ID,PRODUCTO_ID,CANTIDAD_ACTUAL,PRECIO_VENTA) VALUES (3,362,12,0.000000);

INSERT INTO ALMACEN_PRODUCTO(ALMACEN_ID,PRODUCTO_ID,CANTIDAD_ACTUAL,PRECIO_VENTA) VALUES (4,362,0,0.000000);

INSERT INTO PROVEEDOR_PRODUCTO(PROVEEDOR_ID,PRODUCTO_ID,PRECIO_COMPRA) VALUES(19,362, 0.000000);

-- ===========PRODUCTO [363]
INSERT INTO PRODUCTO(ID,MARCA_ID,LINEA_ID,NOMBRE,PRESENTACION,CONTENIDO,UNIDADES_POR_CAJA,COSTO,COSTO_VENTA,PRECIO_BASE,UNIDAD_MEDIDA,CODIGO_BARRAS,ABREBIATURA) VALUES(363,11,4,'Brut Aerosol','Ego',160.0,12.0,0.000000,0.000000,0.000000,'ML','7502221181764','Brut Aero Ego 160ml');

INSERT INTO MOVIMIENTO_HISTORICO_PRODUCTO (ALMACEN_ID,PRODUCTO_ID,FECHA,TIPO_MOVIMIENTO_ID,CANTIDAD,COSTO,PRECIO,USUARIO_ID) VALUES(1,363,now(),30,12,0.000000,0.000000,'root');
INSERT INTO ALMACEN_PRODUCTO(ALMACEN_ID,PRODUCTO_ID,CANTIDAD_ACTUAL,PRECIO_VENTA) VALUES (1,363,12,0.000000);

INSERT INTO ALMACEN_PRODUCTO(ALMACEN_ID,PRODUCTO_ID,CANTIDAD_ACTUAL,PRECIO_VENTA) VALUES (2,363,0,0.000000);

INSERT INTO ALMACEN_PRODUCTO(ALMACEN_ID,PRODUCTO_ID,CANTIDAD_ACTUAL,PRECIO_VENTA) VALUES (3,363,12,34.900000);

INSERT INTO ALMACEN_PRODUCTO(ALMACEN_ID,PRODUCTO_ID,CANTIDAD_ACTUAL,PRECIO_VENTA) VALUES (4,363,0,0.000000);

INSERT INTO PROVEEDOR_PRODUCTO(PROVEEDOR_ID,PRODUCTO_ID,PRECIO_COMPRA) VALUES(18,363, 0.000000);

-- ===========PRODUCTO [364]
INSERT INTO PRODUCTO(ID,MARCA_ID,LINEA_ID,NOMBRE,PRESENTACION,CONTENIDO,UNIDADES_POR_CAJA,COSTO,COSTO_VENTA,PRECIO_BASE,UNIDAD_MEDIDA,CODIGO_BARRAS,ABREBIATURA) VALUES(364,11,4,'Brut Aerosol','Code',160.0,12.0,0.000000,0.000000,0.000000,'ML','7502221181757','Brut Aero Code 160ml');

INSERT INTO MOVIMIENTO_HISTORICO_PRODUCTO (ALMACEN_ID,PRODUCTO_ID,FECHA,TIPO_MOVIMIENTO_ID,CANTIDAD,COSTO,PRECIO,USUARIO_ID) VALUES(1,364,now(),30,0,0.000000,0.000000,'root');
INSERT INTO ALMACEN_PRODUCTO(ALMACEN_ID,PRODUCTO_ID,CANTIDAD_ACTUAL,PRECIO_VENTA) VALUES (1,364,0,0.000000);

INSERT INTO ALMACEN_PRODUCTO(ALMACEN_ID,PRODUCTO_ID,CANTIDAD_ACTUAL,PRECIO_VENTA) VALUES (2,364,0,0.000000);

INSERT INTO PROVEEDOR_PRODUCTO(PROVEEDOR_ID,PRODUCTO_ID,PRECIO_COMPRA) VALUES(18,364, 0.000000);

-- ===========PRODUCTO [365]
INSERT INTO PRODUCTO(ID,MARCA_ID,LINEA_ID,NOMBRE,PRESENTACION,CONTENIDO,UNIDADES_POR_CAJA,COSTO,COSTO_VENTA,PRECIO_BASE,UNIDAD_MEDIDA,CODIGO_BARRAS,ABREBIATURA) VALUES(365,11,4,'Brut Rollon','Classic Ap',50.0,12.0,0.000000,0.000000,0.000000,'G','7502221181115','Brut R-o Classic 50g');

INSERT INTO MOVIMIENTO_HISTORICO_PRODUCTO (ALMACEN_ID,PRODUCTO_ID,FECHA,TIPO_MOVIMIENTO_ID,CANTIDAD,COSTO,PRECIO,USUARIO_ID) VALUES(1,365,now(),30,24,0.000000,0.000000,'root');
INSERT INTO ALMACEN_PRODUCTO(ALMACEN_ID,PRODUCTO_ID,CANTIDAD_ACTUAL,PRECIO_VENTA) VALUES (1,365,24,0.000000);

INSERT INTO ALMACEN_PRODUCTO(ALMACEN_ID,PRODUCTO_ID,CANTIDAD_ACTUAL,PRECIO_VENTA) VALUES (2,365,24,5.000000);

INSERT INTO ALMACEN_PRODUCTO(ALMACEN_ID,PRODUCTO_ID,CANTIDAD_ACTUAL,PRECIO_VENTA) VALUES (3,365,24,14.900000);

INSERT INTO ALMACEN_PRODUCTO(ALMACEN_ID,PRODUCTO_ID,CANTIDAD_ACTUAL,PRECIO_VENTA) VALUES (4,365,24,5.000000);

INSERT INTO PROVEEDOR_PRODUCTO(PROVEEDOR_ID,PRODUCTO_ID,PRECIO_COMPRA) VALUES(18,365, 0.000000);

-- ===========PRODUCTO [366]
INSERT INTO PRODUCTO(ID,MARCA_ID,LINEA_ID,NOMBRE,PRESENTACION,CONTENIDO,UNIDADES_POR_CAJA,COSTO,COSTO_VENTA,PRECIO_BASE,UNIDAD_MEDIDA,CODIGO_BARRAS,ABREBIATURA) VALUES(366,11,4,'Brut Stick','Classic Ap',65.0,12.0,0.000000,0.000000,0.000000,'G','7502221183300','Brut Stick Clas AP 65g');

INSERT INTO MOVIMIENTO_HISTORICO_PRODUCTO (ALMACEN_ID,PRODUCTO_ID,FECHA,TIPO_MOVIMIENTO_ID,CANTIDAD,COSTO,PRECIO,USUARIO_ID) VALUES(1,366,now(),30,12,0.000000,0.000000,'root');
INSERT INTO ALMACEN_PRODUCTO(ALMACEN_ID,PRODUCTO_ID,CANTIDAD_ACTUAL,PRECIO_VENTA) VALUES (1,366,12,0.000000);

INSERT INTO ALMACEN_PRODUCTO(ALMACEN_ID,PRODUCTO_ID,CANTIDAD_ACTUAL,PRECIO_VENTA) VALUES (2,366,3,7.500000);

INSERT INTO ALMACEN_PRODUCTO(ALMACEN_ID,PRODUCTO_ID,CANTIDAD_ACTUAL,PRECIO_VENTA) VALUES (3,366,12,24.900000);

INSERT INTO ALMACEN_PRODUCTO(ALMACEN_ID,PRODUCTO_ID,CANTIDAD_ACTUAL,PRECIO_VENTA) VALUES (4,366,3,7.500000);

INSERT INTO PROVEEDOR_PRODUCTO(PROVEEDOR_ID,PRODUCTO_ID,PRECIO_COMPRA) VALUES(18,366, 0.000000);

-- ===========PRODUCTO [367]
INSERT INTO PRODUCTO(ID,MARCA_ID,LINEA_ID,NOMBRE,PRESENTACION,CONTENIDO,UNIDADES_POR_CAJA,COSTO,COSTO_VENTA,PRECIO_BASE,UNIDAD_MEDIDA,CODIGO_BARRAS,ABREBIATURA) VALUES(367,11,4,'Brut Stick','Classic Deo',65.0,12.0,0.000000,0.000000,0.000000,'G','7502221181641','Brut Stick Clas Deo 65');

INSERT INTO MOVIMIENTO_HISTORICO_PRODUCTO (ALMACEN_ID,PRODUCTO_ID,FECHA,TIPO_MOVIMIENTO_ID,CANTIDAD,COSTO,PRECIO,USUARIO_ID) VALUES(1,367,now(),30,12,0.000000,0.000000,'root');
INSERT INTO ALMACEN_PRODUCTO(ALMACEN_ID,PRODUCTO_ID,CANTIDAD_ACTUAL,PRECIO_VENTA) VALUES (1,367,12,0.000000);

INSERT INTO ALMACEN_PRODUCTO(ALMACEN_ID,PRODUCTO_ID,CANTIDAD_ACTUAL,PRECIO_VENTA) VALUES (2,367,5,7.500000);

INSERT INTO ALMACEN_PRODUCTO(ALMACEN_ID,PRODUCTO_ID,CANTIDAD_ACTUAL,PRECIO_VENTA) VALUES (3,367,12,24.900000);

INSERT INTO ALMACEN_PRODUCTO(ALMACEN_ID,PRODUCTO_ID,CANTIDAD_ACTUAL,PRECIO_VENTA) VALUES (4,367,5,7.500000);

INSERT INTO PROVEEDOR_PRODUCTO(PROVEEDOR_ID,PRODUCTO_ID,PRECIO_COMPRA) VALUES(18,367, 0.000000);

-- ===========PRODUCTO [368]
INSERT INTO PRODUCTO(ID,MARCA_ID,LINEA_ID,NOMBRE,PRESENTACION,CONTENIDO,UNIDADES_POR_CAJA,COSTO,COSTO_VENTA,PRECIO_BASE,UNIDAD_MEDIDA,CODIGO_BARRAS,ABREBIATURA) VALUES(368,11,4,'Brut Stick','Classic Ap',70.0,12.0,0.000000,0.000000,0.000000,'G','7502221181603','Brut Stick Clas AP 70g');

INSERT INTO MOVIMIENTO_HISTORICO_PRODUCTO (ALMACEN_ID,PRODUCTO_ID,FECHA,TIPO_MOVIMIENTO_ID,CANTIDAD,COSTO,PRECIO,USUARIO_ID) VALUES(1,368,now(),30,12,0.000000,0.000000,'root');
INSERT INTO ALMACEN_PRODUCTO(ALMACEN_ID,PRODUCTO_ID,CANTIDAD_ACTUAL,PRECIO_VENTA) VALUES (1,368,12,0.000000);

INSERT INTO ALMACEN_PRODUCTO(ALMACEN_ID,PRODUCTO_ID,CANTIDAD_ACTUAL,PRECIO_VENTA) VALUES (2,368,1,7.500000);

INSERT INTO ALMACEN_PRODUCTO(ALMACEN_ID,PRODUCTO_ID,CANTIDAD_ACTUAL,PRECIO_VENTA) VALUES (3,368,12,24.900000);

INSERT INTO ALMACEN_PRODUCTO(ALMACEN_ID,PRODUCTO_ID,CANTIDAD_ACTUAL,PRECIO_VENTA) VALUES (4,368,1,7.500000);

INSERT INTO PROVEEDOR_PRODUCTO(PROVEEDOR_ID,PRODUCTO_ID,PRECIO_COMPRA) VALUES(18,368, 0.000000);

-- ===========PRODUCTO [369]
INSERT INTO PRODUCTO(ID,MARCA_ID,LINEA_ID,NOMBRE,PRESENTACION,CONTENIDO,UNIDADES_POR_CAJA,COSTO,COSTO_VENTA,PRECIO_BASE,UNIDAD_MEDIDA,CODIGO_BARRAS,ABREBIATURA) VALUES(369,11,4,'Brut Rollon','Euphoria',50.0,12.0,0.000000,0.000000,0.000000,'G','7502221181955','Brut R-o Euphoria 50m');

INSERT INTO MOVIMIENTO_HISTORICO_PRODUCTO (ALMACEN_ID,PRODUCTO_ID,FECHA,TIPO_MOVIMIENTO_ID,CANTIDAD,COSTO,PRECIO,USUARIO_ID) VALUES(1,369,now(),30,12,0.000000,0.000000,'root');
INSERT INTO ALMACEN_PRODUCTO(ALMACEN_ID,PRODUCTO_ID,CANTIDAD_ACTUAL,PRECIO_VENTA) VALUES (1,369,12,0.000000);

INSERT INTO ALMACEN_PRODUCTO(ALMACEN_ID,PRODUCTO_ID,CANTIDAD_ACTUAL,PRECIO_VENTA) VALUES (2,369,15,5.000000);

INSERT INTO ALMACEN_PRODUCTO(ALMACEN_ID,PRODUCTO_ID,CANTIDAD_ACTUAL,PRECIO_VENTA) VALUES (3,369,12,14.900000);

INSERT INTO ALMACEN_PRODUCTO(ALMACEN_ID,PRODUCTO_ID,CANTIDAD_ACTUAL,PRECIO_VENTA) VALUES (4,369,15,5.000000);

INSERT INTO PROVEEDOR_PRODUCTO(PROVEEDOR_ID,PRODUCTO_ID,PRECIO_COMPRA) VALUES(18,369, 0.000000);

-- ===========PRODUCTO [370]
INSERT INTO PRODUCTO(ID,MARCA_ID,LINEA_ID,NOMBRE,PRESENTACION,CONTENIDO,UNIDADES_POR_CAJA,COSTO,COSTO_VENTA,PRECIO_BASE,UNIDAD_MEDIDA,CODIGO_BARRAS,ABREBIATURA) VALUES(370,11,4,'Brut Stick Caballero','Euphoria',70.0,12.0,0.000000,0.000000,0.000000,'G','7502221181948','Brut Stick Euphoria 70g');

INSERT INTO MOVIMIENTO_HISTORICO_PRODUCTO (ALMACEN_ID,PRODUCTO_ID,FECHA,TIPO_MOVIMIENTO_ID,CANTIDAD,COSTO,PRECIO,USUARIO_ID) VALUES(1,370,now(),30,24,0.000000,0.000000,'root');
INSERT INTO ALMACEN_PRODUCTO(ALMACEN_ID,PRODUCTO_ID,CANTIDAD_ACTUAL,PRECIO_VENTA) VALUES (1,370,24,0.000000);

INSERT INTO ALMACEN_PRODUCTO(ALMACEN_ID,PRODUCTO_ID,CANTIDAD_ACTUAL,PRECIO_VENTA) VALUES (2,370,3,7.500000);

INSERT INTO ALMACEN_PRODUCTO(ALMACEN_ID,PRODUCTO_ID,CANTIDAD_ACTUAL,PRECIO_VENTA) VALUES (3,370,24,24.900000);

INSERT INTO ALMACEN_PRODUCTO(ALMACEN_ID,PRODUCTO_ID,CANTIDAD_ACTUAL,PRECIO_VENTA) VALUES (4,370,3,7.500000);

INSERT INTO PROVEEDOR_PRODUCTO(PROVEEDOR_ID,PRODUCTO_ID,PRECIO_COMPRA) VALUES(18,370, 0.000000);

-- ===========PRODUCTO [371]
INSERT INTO PRODUCTO(ID,MARCA_ID,LINEA_ID,NOMBRE,PRESENTACION,CONTENIDO,UNIDADES_POR_CAJA,COSTO,COSTO_VENTA,PRECIO_BASE,UNIDAD_MEDIDA,CODIGO_BARRAS,ABREBIATURA) VALUES(371,11,4,'Brut Stick Caballero','Addiction',70.0,12.0,0.000000,0.000000,0.000000,'G','7502221184772','Brut Stick Addict 70g');

INSERT INTO MOVIMIENTO_HISTORICO_PRODUCTO (ALMACEN_ID,PRODUCTO_ID,FECHA,TIPO_MOVIMIENTO_ID,CANTIDAD,COSTO,PRECIO,USUARIO_ID) VALUES(1,371,now(),30,12,0.000000,0.000000,'root');
INSERT INTO ALMACEN_PRODUCTO(ALMACEN_ID,PRODUCTO_ID,CANTIDAD_ACTUAL,PRECIO_VENTA) VALUES (1,371,12,0.000000);

INSERT INTO ALMACEN_PRODUCTO(ALMACEN_ID,PRODUCTO_ID,CANTIDAD_ACTUAL,PRECIO_VENTA) VALUES (2,371,0,0.000000);

INSERT INTO ALMACEN_PRODUCTO(ALMACEN_ID,PRODUCTO_ID,CANTIDAD_ACTUAL,PRECIO_VENTA) VALUES (3,371,12,24.900000);

INSERT INTO ALMACEN_PRODUCTO(ALMACEN_ID,PRODUCTO_ID,CANTIDAD_ACTUAL,PRECIO_VENTA) VALUES (4,371,0,0.000000);

INSERT INTO PROVEEDOR_PRODUCTO(PROVEEDOR_ID,PRODUCTO_ID,PRECIO_COMPRA) VALUES(18,371, 0.000000);

-- ===========PRODUCTO [372]
INSERT INTO PRODUCTO(ID,MARCA_ID,LINEA_ID,NOMBRE,PRESENTACION,CONTENIDO,UNIDADES_POR_CAJA,COSTO,COSTO_VENTA,PRECIO_BASE,UNIDAD_MEDIDA,CODIGO_BARRAS,ABREBIATURA) VALUES(372,11,4,'Brut Stick','Dominant',70.0,12.0,0.000000,0.000000,0.000000,'G','7502221184284','Brut Stick Domina 70g');

INSERT INTO MOVIMIENTO_HISTORICO_PRODUCTO (ALMACEN_ID,PRODUCTO_ID,FECHA,TIPO_MOVIMIENTO_ID,CANTIDAD,COSTO,PRECIO,USUARIO_ID) VALUES(1,372,now(),30,12,0.000000,0.000000,'root');
INSERT INTO ALMACEN_PRODUCTO(ALMACEN_ID,PRODUCTO_ID,CANTIDAD_ACTUAL,PRECIO_VENTA) VALUES (1,372,12,0.000000);

INSERT INTO ALMACEN_PRODUCTO(ALMACEN_ID,PRODUCTO_ID,CANTIDAD_ACTUAL,PRECIO_VENTA) VALUES (2,372,4,7.500000);

INSERT INTO ALMACEN_PRODUCTO(ALMACEN_ID,PRODUCTO_ID,CANTIDAD_ACTUAL,PRECIO_VENTA) VALUES (3,372,12,24.900000);

INSERT INTO ALMACEN_PRODUCTO(ALMACEN_ID,PRODUCTO_ID,CANTIDAD_ACTUAL,PRECIO_VENTA) VALUES (4,372,4,7.500000);

INSERT INTO PROVEEDOR_PRODUCTO(PROVEEDOR_ID,PRODUCTO_ID,PRECIO_COMPRA) VALUES(18,372, 0.000000);

-- ===========PRODUCTO [373]
INSERT INTO PRODUCTO(ID,MARCA_ID,LINEA_ID,NOMBRE,PRESENTACION,CONTENIDO,UNIDADES_POR_CAJA,COSTO,COSTO_VENTA,PRECIO_BASE,UNIDAD_MEDIDA,CODIGO_BARRAS,ABREBIATURA) VALUES(373,11,4,'Brut Stick','Affection',70.0,12.0,0.000000,0.000000,0.000000,'G','7502221184239','Brut Stick Affect 70g');

INSERT INTO MOVIMIENTO_HISTORICO_PRODUCTO (ALMACEN_ID,PRODUCTO_ID,FECHA,TIPO_MOVIMIENTO_ID,CANTIDAD,COSTO,PRECIO,USUARIO_ID) VALUES(1,373,now(),30,12,0.000000,0.000000,'root');
INSERT INTO ALMACEN_PRODUCTO(ALMACEN_ID,PRODUCTO_ID,CANTIDAD_ACTUAL,PRECIO_VENTA) VALUES (1,373,12,0.000000);

INSERT INTO ALMACEN_PRODUCTO(ALMACEN_ID,PRODUCTO_ID,CANTIDAD_ACTUAL,PRECIO_VENTA) VALUES (2,373,7,7.500000);

INSERT INTO ALMACEN_PRODUCTO(ALMACEN_ID,PRODUCTO_ID,CANTIDAD_ACTUAL,PRECIO_VENTA) VALUES (3,373,12,24.900000);

INSERT INTO ALMACEN_PRODUCTO(ALMACEN_ID,PRODUCTO_ID,CANTIDAD_ACTUAL,PRECIO_VENTA) VALUES (4,373,7,7.500000);

INSERT INTO PROVEEDOR_PRODUCTO(PROVEEDOR_ID,PRODUCTO_ID,PRECIO_COMPRA) VALUES(18,373, 0.000000);

-- ===========PRODUCTO [374]
INSERT INTO PRODUCTO(ID,MARCA_ID,LINEA_ID,NOMBRE,PRESENTACION,CONTENIDO,UNIDADES_POR_CAJA,COSTO,COSTO_VENTA,PRECIO_BASE,UNIDAD_MEDIDA,CODIGO_BARRAS,ABREBIATURA) VALUES(374,11,4,'Brut Aerosol','Excess',160.0,12.0,0.000000,0.000000,0.000000,'ML','7502221181771','Brut Aero Excess 160ml');

INSERT INTO MOVIMIENTO_HISTORICO_PRODUCTO (ALMACEN_ID,PRODUCTO_ID,FECHA,TIPO_MOVIMIENTO_ID,CANTIDAD,COSTO,PRECIO,USUARIO_ID) VALUES(1,374,now(),30,9,0.000000,0.000000,'root');
INSERT INTO ALMACEN_PRODUCTO(ALMACEN_ID,PRODUCTO_ID,CANTIDAD_ACTUAL,PRECIO_VENTA) VALUES (1,374,9,0.000000);

INSERT INTO ALMACEN_PRODUCTO(ALMACEN_ID,PRODUCTO_ID,CANTIDAD_ACTUAL,PRECIO_VENTA) VALUES (2,374,0,0.000000);

INSERT INTO ALMACEN_PRODUCTO(ALMACEN_ID,PRODUCTO_ID,CANTIDAD_ACTUAL,PRECIO_VENTA) VALUES (3,374,9,34.900000);

INSERT INTO ALMACEN_PRODUCTO(ALMACEN_ID,PRODUCTO_ID,CANTIDAD_ACTUAL,PRECIO_VENTA) VALUES (4,374,0,0.000000);

INSERT INTO PROVEEDOR_PRODUCTO(PROVEEDOR_ID,PRODUCTO_ID,PRECIO_COMPRA) VALUES(18,374, 0.000000);

-- ===========PRODUCTO [375]
INSERT INTO PRODUCTO(ID,MARCA_ID,LINEA_ID,NOMBRE,PRESENTACION,CONTENIDO,UNIDADES_POR_CAJA,COSTO,COSTO_VENTA,PRECIO_BASE,UNIDAD_MEDIDA,CODIGO_BARRAS,ABREBIATURA) VALUES(375,11,4,'Brut Aerosol','Urban',160.0,12.0,0.000000,0.000000,0.000000,'ML','7502221181788','Brut Aero Urban 160ml');

INSERT INTO MOVIMIENTO_HISTORICO_PRODUCTO (ALMACEN_ID,PRODUCTO_ID,FECHA,TIPO_MOVIMIENTO_ID,CANTIDAD,COSTO,PRECIO,USUARIO_ID) VALUES(1,375,now(),30,12,0.000000,0.000000,'root');
INSERT INTO ALMACEN_PRODUCTO(ALMACEN_ID,PRODUCTO_ID,CANTIDAD_ACTUAL,PRECIO_VENTA) VALUES (1,375,12,0.000000);

INSERT INTO ALMACEN_PRODUCTO(ALMACEN_ID,PRODUCTO_ID,CANTIDAD_ACTUAL,PRECIO_VENTA) VALUES (2,375,2,8.000000);

INSERT INTO ALMACEN_PRODUCTO(ALMACEN_ID,PRODUCTO_ID,CANTIDAD_ACTUAL,PRECIO_VENTA) VALUES (3,375,12,34.900000);

INSERT INTO ALMACEN_PRODUCTO(ALMACEN_ID,PRODUCTO_ID,CANTIDAD_ACTUAL,PRECIO_VENTA) VALUES (4,375,2,8.000000);

INSERT INTO PROVEEDOR_PRODUCTO(PROVEEDOR_ID,PRODUCTO_ID,PRECIO_COMPRA) VALUES(18,375, 0.000000);

-- ===========PRODUCTO [376]
INSERT INTO PRODUCTO(ID,MARCA_ID,LINEA_ID,NOMBRE,PRESENTACION,CONTENIDO,UNIDADES_POR_CAJA,COSTO,COSTO_VENTA,PRECIO_BASE,UNIDAD_MEDIDA,CODIGO_BARRAS,ABREBIATURA) VALUES(376,11,4,'Brut Rollon','Affection',50.0,12.0,0.000000,0.000000,0.000000,'G','7502221184222','Brut R-o Affect 50g');

INSERT INTO MOVIMIENTO_HISTORICO_PRODUCTO (ALMACEN_ID,PRODUCTO_ID,FECHA,TIPO_MOVIMIENTO_ID,CANTIDAD,COSTO,PRECIO,USUARIO_ID) VALUES(1,376,now(),30,12,0.000000,0.000000,'root');
INSERT INTO ALMACEN_PRODUCTO(ALMACEN_ID,PRODUCTO_ID,CANTIDAD_ACTUAL,PRECIO_VENTA) VALUES (1,376,12,0.000000);

INSERT INTO ALMACEN_PRODUCTO(ALMACEN_ID,PRODUCTO_ID,CANTIDAD_ACTUAL,PRECIO_VENTA) VALUES (2,376,0,0.000000);

INSERT INTO ALMACEN_PRODUCTO(ALMACEN_ID,PRODUCTO_ID,CANTIDAD_ACTUAL,PRECIO_VENTA) VALUES (3,376,12,14.900000);

INSERT INTO ALMACEN_PRODUCTO(ALMACEN_ID,PRODUCTO_ID,CANTIDAD_ACTUAL,PRECIO_VENTA) VALUES (4,376,0,0.000000);

INSERT INTO PROVEEDOR_PRODUCTO(PROVEEDOR_ID,PRODUCTO_ID,PRECIO_COMPRA) VALUES(18,376, 0.000000);

-- ===========PRODUCTO [377]
INSERT INTO PRODUCTO(ID,MARCA_ID,LINEA_ID,NOMBRE,PRESENTACION,CONTENIDO,UNIDADES_POR_CAJA,COSTO,COSTO_VENTA,PRECIO_BASE,UNIDAD_MEDIDA,CODIGO_BARRAS,ABREBIATURA) VALUES(377,11,4,'Brut Rollon','Reaction',50.0,12.0,0.000000,0.000000,0.000000,'G','7502221182358','Brut R-o Reaction 50g');

INSERT INTO MOVIMIENTO_HISTORICO_PRODUCTO (ALMACEN_ID,PRODUCTO_ID,FECHA,TIPO_MOVIMIENTO_ID,CANTIDAD,COSTO,PRECIO,USUARIO_ID) VALUES(1,377,now(),30,12,0.000000,0.000000,'root');
INSERT INTO ALMACEN_PRODUCTO(ALMACEN_ID,PRODUCTO_ID,CANTIDAD_ACTUAL,PRECIO_VENTA) VALUES (1,377,12,0.000000);

INSERT INTO ALMACEN_PRODUCTO(ALMACEN_ID,PRODUCTO_ID,CANTIDAD_ACTUAL,PRECIO_VENTA) VALUES (2,377,0,0.000000);

INSERT INTO ALMACEN_PRODUCTO(ALMACEN_ID,PRODUCTO_ID,CANTIDAD_ACTUAL,PRECIO_VENTA) VALUES (3,377,12,14.900000);

INSERT INTO ALMACEN_PRODUCTO(ALMACEN_ID,PRODUCTO_ID,CANTIDAD_ACTUAL,PRECIO_VENTA) VALUES (4,377,0,0.000000);

INSERT INTO PROVEEDOR_PRODUCTO(PROVEEDOR_ID,PRODUCTO_ID,PRECIO_COMPRA) VALUES(18,377, 0.000000);

-- ===========PRODUCTO [378]
INSERT INTO PRODUCTO(ID,MARCA_ID,LINEA_ID,NOMBRE,PRESENTACION,CONTENIDO,UNIDADES_POR_CAJA,COSTO,COSTO_VENTA,PRECIO_BASE,UNIDAD_MEDIDA,CODIGO_BARRAS,ABREBIATURA) VALUES(378,11,4,'Brut Rollon','Motion',50.0,12.0,0.000000,0.000000,0.000000,'G','7502221182303','Brut R-o Motion 50g');

INSERT INTO MOVIMIENTO_HISTORICO_PRODUCTO (ALMACEN_ID,PRODUCTO_ID,FECHA,TIPO_MOVIMIENTO_ID,CANTIDAD,COSTO,PRECIO,USUARIO_ID) VALUES(1,378,now(),30,12,0.000000,0.000000,'root');
INSERT INTO ALMACEN_PRODUCTO(ALMACEN_ID,PRODUCTO_ID,CANTIDAD_ACTUAL,PRECIO_VENTA) VALUES (1,378,12,0.000000);

INSERT INTO ALMACEN_PRODUCTO(ALMACEN_ID,PRODUCTO_ID,CANTIDAD_ACTUAL,PRECIO_VENTA) VALUES (2,378,0,0.000000);

INSERT INTO ALMACEN_PRODUCTO(ALMACEN_ID,PRODUCTO_ID,CANTIDAD_ACTUAL,PRECIO_VENTA) VALUES (3,378,12,14.900000);

INSERT INTO ALMACEN_PRODUCTO(ALMACEN_ID,PRODUCTO_ID,CANTIDAD_ACTUAL,PRECIO_VENTA) VALUES (4,378,0,0.000000);

INSERT INTO PROVEEDOR_PRODUCTO(PROVEEDOR_ID,PRODUCTO_ID,PRECIO_COMPRA) VALUES(18,378, 0.000000);

-- ===========PRODUCTO [379]
INSERT INTO PRODUCTO(ID,MARCA_ID,LINEA_ID,NOMBRE,PRESENTACION,CONTENIDO,UNIDADES_POR_CAJA,COSTO,COSTO_VENTA,PRECIO_BASE,UNIDAD_MEDIDA,CODIGO_BARRAS,ABREBIATURA) VALUES(379,11,4,'Brut Rollon','Attitude',50.0,12.0,0.000000,0.000000,0.000000,'G','7502221181146','Brut R-o Attitude 50g');

INSERT INTO MOVIMIENTO_HISTORICO_PRODUCTO (ALMACEN_ID,PRODUCTO_ID,FECHA,TIPO_MOVIMIENTO_ID,CANTIDAD,COSTO,PRECIO,USUARIO_ID) VALUES(1,379,now(),30,12,0.000000,0.000000,'root');
INSERT INTO ALMACEN_PRODUCTO(ALMACEN_ID,PRODUCTO_ID,CANTIDAD_ACTUAL,PRECIO_VENTA) VALUES (1,379,12,0.000000);

INSERT INTO ALMACEN_PRODUCTO(ALMACEN_ID,PRODUCTO_ID,CANTIDAD_ACTUAL,PRECIO_VENTA) VALUES (2,379,0,0.000000);

INSERT INTO ALMACEN_PRODUCTO(ALMACEN_ID,PRODUCTO_ID,CANTIDAD_ACTUAL,PRECIO_VENTA) VALUES (3,379,12,14.900000);

INSERT INTO ALMACEN_PRODUCTO(ALMACEN_ID,PRODUCTO_ID,CANTIDAD_ACTUAL,PRECIO_VENTA) VALUES (4,379,0,0.000000);

INSERT INTO PROVEEDOR_PRODUCTO(PROVEEDOR_ID,PRODUCTO_ID,PRECIO_COMPRA) VALUES(18,379, 0.000000);

-- ===========PRODUCTO [380]
INSERT INTO PRODUCTO(ID,MARCA_ID,LINEA_ID,NOMBRE,PRESENTACION,CONTENIDO,UNIDADES_POR_CAJA,COSTO,COSTO_VENTA,PRECIO_BASE,UNIDAD_MEDIDA,CODIGO_BARRAS,ABREBIATURA) VALUES(380,11,4,'Brut Rollon','Success',50.0,12.0,0.000000,0.000000,0.000000,'G','7502221183027','Brut R-o Success 50g');

INSERT INTO MOVIMIENTO_HISTORICO_PRODUCTO (ALMACEN_ID,PRODUCTO_ID,FECHA,TIPO_MOVIMIENTO_ID,CANTIDAD,COSTO,PRECIO,USUARIO_ID) VALUES(1,380,now(),30,3,0.000000,0.000000,'root');
INSERT INTO ALMACEN_PRODUCTO(ALMACEN_ID,PRODUCTO_ID,CANTIDAD_ACTUAL,PRECIO_VENTA) VALUES (1,380,3,0.000000);

INSERT INTO ALMACEN_PRODUCTO(ALMACEN_ID,PRODUCTO_ID,CANTIDAD_ACTUAL,PRECIO_VENTA) VALUES (2,380,0,0.000000);

INSERT INTO ALMACEN_PRODUCTO(ALMACEN_ID,PRODUCTO_ID,CANTIDAD_ACTUAL,PRECIO_VENTA) VALUES (3,380,3,14.900000);

INSERT INTO ALMACEN_PRODUCTO(ALMACEN_ID,PRODUCTO_ID,CANTIDAD_ACTUAL,PRECIO_VENTA) VALUES (4,380,0,0.000000);

INSERT INTO PROVEEDOR_PRODUCTO(PROVEEDOR_ID,PRODUCTO_ID,PRECIO_COMPRA) VALUES(18,380, 0.000000);

-- ===========PRODUCTO [381]
INSERT INTO PRODUCTO(ID,MARCA_ID,LINEA_ID,NOMBRE,PRESENTACION,CONTENIDO,UNIDADES_POR_CAJA,COSTO,COSTO_VENTA,PRECIO_BASE,UNIDAD_MEDIDA,CODIGO_BARRAS,ABREBIATURA) VALUES(381,11,4,'Brut Rollon','Dominant',50.0,12.0,0.000000,0.000000,0.000000,'G','7502221184277','Brut R-o Dominant 50g');

INSERT INTO MOVIMIENTO_HISTORICO_PRODUCTO (ALMACEN_ID,PRODUCTO_ID,FECHA,TIPO_MOVIMIENTO_ID,CANTIDAD,COSTO,PRECIO,USUARIO_ID) VALUES(1,381,now(),30,12,0.000000,0.000000,'root');
INSERT INTO ALMACEN_PRODUCTO(ALMACEN_ID,PRODUCTO_ID,CANTIDAD_ACTUAL,PRECIO_VENTA) VALUES (1,381,12,0.000000);

INSERT INTO ALMACEN_PRODUCTO(ALMACEN_ID,PRODUCTO_ID,CANTIDAD_ACTUAL,PRECIO_VENTA) VALUES (2,381,22,5.000000);

INSERT INTO ALMACEN_PRODUCTO(ALMACEN_ID,PRODUCTO_ID,CANTIDAD_ACTUAL,PRECIO_VENTA) VALUES (3,381,12,14.900000);

INSERT INTO ALMACEN_PRODUCTO(ALMACEN_ID,PRODUCTO_ID,CANTIDAD_ACTUAL,PRECIO_VENTA) VALUES (4,381,22,5.000000);

INSERT INTO PROVEEDOR_PRODUCTO(PROVEEDOR_ID,PRODUCTO_ID,PRECIO_COMPRA) VALUES(18,381, 0.000000);

-- ===========PRODUCTO [383]
INSERT INTO PRODUCTO(ID,MARCA_ID,LINEA_ID,NOMBRE,PRESENTACION,CONTENIDO,UNIDADES_POR_CAJA,COSTO,COSTO_VENTA,PRECIO_BASE,UNIDAD_MEDIDA,CODIGO_BARRAS,ABREBIATURA) VALUES(383,11,4,'Brut Stick','Reaction',65.0,12.0,0.000000,0.000000,0.000000,'G','7502221182365','Brut Stick Reaction 65g');

INSERT INTO MOVIMIENTO_HISTORICO_PRODUCTO (ALMACEN_ID,PRODUCTO_ID,FECHA,TIPO_MOVIMIENTO_ID,CANTIDAD,COSTO,PRECIO,USUARIO_ID) VALUES(1,383,now(),30,12,0.000000,0.000000,'root');
INSERT INTO ALMACEN_PRODUCTO(ALMACEN_ID,PRODUCTO_ID,CANTIDAD_ACTUAL,PRECIO_VENTA) VALUES (1,383,12,0.000000);

INSERT INTO ALMACEN_PRODUCTO(ALMACEN_ID,PRODUCTO_ID,CANTIDAD_ACTUAL,PRECIO_VENTA) VALUES (2,383,0,0.000000);

INSERT INTO ALMACEN_PRODUCTO(ALMACEN_ID,PRODUCTO_ID,CANTIDAD_ACTUAL,PRECIO_VENTA) VALUES (3,383,12,24.900000);

INSERT INTO ALMACEN_PRODUCTO(ALMACEN_ID,PRODUCTO_ID,CANTIDAD_ACTUAL,PRECIO_VENTA) VALUES (4,383,0,0.000000);

INSERT INTO PROVEEDOR_PRODUCTO(PROVEEDOR_ID,PRODUCTO_ID,PRECIO_COMPRA) VALUES(18,383, 0.000000);

-- ===========PRODUCTO [384]
INSERT INTO PRODUCTO(ID,MARCA_ID,LINEA_ID,NOMBRE,PRESENTACION,CONTENIDO,UNIDADES_POR_CAJA,COSTO,COSTO_VENTA,PRECIO_BASE,UNIDAD_MEDIDA,CODIGO_BARRAS,ABREBIATURA) VALUES(384,49,4,'Stefano Rollon','Midnight',50.0,12.0,0.000000,0.000000,0.000000,'ML','7509546025377','Stefano R-o Midn 50g');

INSERT INTO MOVIMIENTO_HISTORICO_PRODUCTO (ALMACEN_ID,PRODUCTO_ID,FECHA,TIPO_MOVIMIENTO_ID,CANTIDAD,COSTO,PRECIO,USUARIO_ID) VALUES(1,384,now(),30,12,0.000000,0.000000,'root');
INSERT INTO ALMACEN_PRODUCTO(ALMACEN_ID,PRODUCTO_ID,CANTIDAD_ACTUAL,PRECIO_VENTA) VALUES (1,384,12,0.000000);

INSERT INTO ALMACEN_PRODUCTO(ALMACEN_ID,PRODUCTO_ID,CANTIDAD_ACTUAL,PRECIO_VENTA) VALUES (2,384,0,0.000000);

INSERT INTO ALMACEN_PRODUCTO(ALMACEN_ID,PRODUCTO_ID,CANTIDAD_ACTUAL,PRECIO_VENTA) VALUES (3,384,12,16.900000);

INSERT INTO ALMACEN_PRODUCTO(ALMACEN_ID,PRODUCTO_ID,CANTIDAD_ACTUAL,PRECIO_VENTA) VALUES (4,384,0,0.000000);

INSERT INTO PROVEEDOR_PRODUCTO(PROVEEDOR_ID,PRODUCTO_ID,PRECIO_COMPRA) VALUES(6,384, 0.000000);

-- ===========PRODUCTO [385]
INSERT INTO PRODUCTO(ID,MARCA_ID,LINEA_ID,NOMBRE,PRESENTACION,CONTENIDO,UNIDADES_POR_CAJA,COSTO,COSTO_VENTA,PRECIO_BASE,UNIDAD_MEDIDA,CODIGO_BARRAS,ABREBIATURA) VALUES(385,49,4,'Stefano Rollon','Unic',50.0,12.0,0.000000,0.000000,0.000000,'ML','7509546035543','Stefano R-o Unic 50ml');

INSERT INTO MOVIMIENTO_HISTORICO_PRODUCTO (ALMACEN_ID,PRODUCTO_ID,FECHA,TIPO_MOVIMIENTO_ID,CANTIDAD,COSTO,PRECIO,USUARIO_ID) VALUES(1,385,now(),30,12,0.000000,0.000000,'root');
INSERT INTO ALMACEN_PRODUCTO(ALMACEN_ID,PRODUCTO_ID,CANTIDAD_ACTUAL,PRECIO_VENTA) VALUES (1,385,12,0.000000);

INSERT INTO ALMACEN_PRODUCTO(ALMACEN_ID,PRODUCTO_ID,CANTIDAD_ACTUAL,PRECIO_VENTA) VALUES (2,385,0,0.000000);

INSERT INTO ALMACEN_PRODUCTO(ALMACEN_ID,PRODUCTO_ID,CANTIDAD_ACTUAL,PRECIO_VENTA) VALUES (3,385,12,16.900000);

INSERT INTO ALMACEN_PRODUCTO(ALMACEN_ID,PRODUCTO_ID,CANTIDAD_ACTUAL,PRECIO_VENTA) VALUES (4,385,0,0.000000);

INSERT INTO PROVEEDOR_PRODUCTO(PROVEEDOR_ID,PRODUCTO_ID,PRECIO_COMPRA) VALUES(6,385, 0.000000);

-- ===========PRODUCTO [386]
INSERT INTO PRODUCTO(ID,MARCA_ID,LINEA_ID,NOMBRE,PRESENTACION,CONTENIDO,UNIDADES_POR_CAJA,COSTO,COSTO_VENTA,PRECIO_BASE,UNIDAD_MEDIDA,CODIGO_BARRAS,ABREBIATURA) VALUES(386,49,4,'Stefano Aerosol Caballero','Spazio',125.0,12.0,0.000000,0.000000,0.000000,'G','7501035916586','Stefano Aero Spaz 125g');

INSERT INTO MOVIMIENTO_HISTORICO_PRODUCTO (ALMACEN_ID,PRODUCTO_ID,FECHA,TIPO_MOVIMIENTO_ID,CANTIDAD,COSTO,PRECIO,USUARIO_ID) VALUES(1,386,now(),30,12,0.000000,0.000000,'root');
INSERT INTO ALMACEN_PRODUCTO(ALMACEN_ID,PRODUCTO_ID,CANTIDAD_ACTUAL,PRECIO_VENTA) VALUES (1,386,12,0.000000);

INSERT INTO ALMACEN_PRODUCTO(ALMACEN_ID,PRODUCTO_ID,CANTIDAD_ACTUAL,PRECIO_VENTA) VALUES (2,386,0,0.000000);

INSERT INTO ALMACEN_PRODUCTO(ALMACEN_ID,PRODUCTO_ID,CANTIDAD_ACTUAL,PRECIO_VENTA) VALUES (3,386,12,0.000000);

INSERT INTO ALMACEN_PRODUCTO(ALMACEN_ID,PRODUCTO_ID,CANTIDAD_ACTUAL,PRECIO_VENTA) VALUES (4,386,0,0.000000);

INSERT INTO PROVEEDOR_PRODUCTO(PROVEEDOR_ID,PRODUCTO_ID,PRECIO_COMPRA) VALUES(6,386, 0.000000);

-- ===========PRODUCTO [387]
INSERT INTO PRODUCTO(ID,MARCA_ID,LINEA_ID,NOMBRE,PRESENTACION,CONTENIDO,UNIDADES_POR_CAJA,COSTO,COSTO_VENTA,PRECIO_BASE,UNIDAD_MEDIDA,CODIGO_BARRAS,ABREBIATURA) VALUES(387,49,4,'Stefano Aerosol Caballero','Black',125.0,12.0,0.000000,0.000000,0.000000,'G','7501035916265','Stefano Aero Blac 125g');

INSERT INTO MOVIMIENTO_HISTORICO_PRODUCTO (ALMACEN_ID,PRODUCTO_ID,FECHA,TIPO_MOVIMIENTO_ID,CANTIDAD,COSTO,PRECIO,USUARIO_ID) VALUES(1,387,now(),30,12,0.000000,0.000000,'root');
INSERT INTO ALMACEN_PRODUCTO(ALMACEN_ID,PRODUCTO_ID,CANTIDAD_ACTUAL,PRECIO_VENTA) VALUES (1,387,12,0.000000);

INSERT INTO ALMACEN_PRODUCTO(ALMACEN_ID,PRODUCTO_ID,CANTIDAD_ACTUAL,PRECIO_VENTA) VALUES (2,387,5,19.000000);

INSERT INTO ALMACEN_PRODUCTO(ALMACEN_ID,PRODUCTO_ID,CANTIDAD_ACTUAL,PRECIO_VENTA) VALUES (3,387,12,0.000000);

INSERT INTO ALMACEN_PRODUCTO(ALMACEN_ID,PRODUCTO_ID,CANTIDAD_ACTUAL,PRECIO_VENTA) VALUES (4,387,5,19.000000);

INSERT INTO PROVEEDOR_PRODUCTO(PROVEEDOR_ID,PRODUCTO_ID,PRECIO_COMPRA) VALUES(6,387, 0.000000);

-- ===========PRODUCTO [388]
INSERT INTO PRODUCTO(ID,MARCA_ID,LINEA_ID,NOMBRE,PRESENTACION,CONTENIDO,UNIDADES_POR_CAJA,COSTO,COSTO_VENTA,PRECIO_BASE,UNIDAD_MEDIDA,CODIGO_BARRAS,ABREBIATURA) VALUES(388,49,4,'Stefano Aerosol Caballero','Cosmo',125.0,12.0,0.000000,0.000000,0.000000,'G','7509546051789','Stefano Aero Cosm 125g');

INSERT INTO MOVIMIENTO_HISTORICO_PRODUCTO (ALMACEN_ID,PRODUCTO_ID,FECHA,TIPO_MOVIMIENTO_ID,CANTIDAD,COSTO,PRECIO,USUARIO_ID) VALUES(1,388,now(),30,12,0.000000,0.000000,'root');
INSERT INTO ALMACEN_PRODUCTO(ALMACEN_ID,PRODUCTO_ID,CANTIDAD_ACTUAL,PRECIO_VENTA) VALUES (1,388,12,0.000000);

INSERT INTO ALMACEN_PRODUCTO(ALMACEN_ID,PRODUCTO_ID,CANTIDAD_ACTUAL,PRECIO_VENTA) VALUES (2,388,1,19.000000);

INSERT INTO ALMACEN_PRODUCTO(ALMACEN_ID,PRODUCTO_ID,CANTIDAD_ACTUAL,PRECIO_VENTA) VALUES (3,388,12,0.000000);

INSERT INTO ALMACEN_PRODUCTO(ALMACEN_ID,PRODUCTO_ID,CANTIDAD_ACTUAL,PRECIO_VENTA) VALUES (4,388,1,19.000000);

INSERT INTO PROVEEDOR_PRODUCTO(PROVEEDOR_ID,PRODUCTO_ID,PRECIO_COMPRA) VALUES(6,388, 0.000000);

-- ===========PRODUCTO [389]
INSERT INTO PRODUCTO(ID,MARCA_ID,LINEA_ID,NOMBRE,PRESENTACION,CONTENIDO,UNIDADES_POR_CAJA,COSTO,COSTO_VENTA,PRECIO_BASE,UNIDAD_MEDIDA,CODIGO_BARRAS,ABREBIATURA) VALUES(389,49,4,'Stefano Stick Caballero','Spazio',60.0,12.0,0.000000,0.000000,0.000000,'G','7501035909014','Stefano Stick Spaz 60g');

INSERT INTO MOVIMIENTO_HISTORICO_PRODUCTO (ALMACEN_ID,PRODUCTO_ID,FECHA,TIPO_MOVIMIENTO_ID,CANTIDAD,COSTO,PRECIO,USUARIO_ID) VALUES(1,389,now(),30,12,0.000000,0.000000,'root');
INSERT INTO ALMACEN_PRODUCTO(ALMACEN_ID,PRODUCTO_ID,CANTIDAD_ACTUAL,PRECIO_VENTA) VALUES (1,389,12,0.000000);

INSERT INTO ALMACEN_PRODUCTO(ALMACEN_ID,PRODUCTO_ID,CANTIDAD_ACTUAL,PRECIO_VENTA) VALUES (2,389,0,0.000000);

INSERT INTO ALMACEN_PRODUCTO(ALMACEN_ID,PRODUCTO_ID,CANTIDAD_ACTUAL,PRECIO_VENTA) VALUES (3,389,12,0.000000);

INSERT INTO ALMACEN_PRODUCTO(ALMACEN_ID,PRODUCTO_ID,CANTIDAD_ACTUAL,PRECIO_VENTA) VALUES (4,389,0,0.000000);

INSERT INTO PROVEEDOR_PRODUCTO(PROVEEDOR_ID,PRODUCTO_ID,PRECIO_COMPRA) VALUES(6,389, 0.000000);

-- ===========PRODUCTO [390]
INSERT INTO PRODUCTO(ID,MARCA_ID,LINEA_ID,NOMBRE,PRESENTACION,CONTENIDO,UNIDADES_POR_CAJA,COSTO,COSTO_VENTA,PRECIO_BASE,UNIDAD_MEDIDA,CODIGO_BARRAS,ABREBIATURA) VALUES(390,49,4,'Stefano Caballero Barra','Animal',60.0,12.0,0.000000,0.000000,0.000000,'G','7509546047768','Stefano Stick Anim 60g');

INSERT INTO MOVIMIENTO_HISTORICO_PRODUCTO (ALMACEN_ID,PRODUCTO_ID,FECHA,TIPO_MOVIMIENTO_ID,CANTIDAD,COSTO,PRECIO,USUARIO_ID) VALUES(1,390,now(),30,12,0.000000,0.000000,'root');
INSERT INTO ALMACEN_PRODUCTO(ALMACEN_ID,PRODUCTO_ID,CANTIDAD_ACTUAL,PRECIO_VENTA) VALUES (1,390,12,0.000000);

INSERT INTO ALMACEN_PRODUCTO(ALMACEN_ID,PRODUCTO_ID,CANTIDAD_ACTUAL,PRECIO_VENTA) VALUES (2,390,0,0.000000);

INSERT INTO ALMACEN_PRODUCTO(ALMACEN_ID,PRODUCTO_ID,CANTIDAD_ACTUAL,PRECIO_VENTA) VALUES (3,390,12,0.000000);

INSERT INTO ALMACEN_PRODUCTO(ALMACEN_ID,PRODUCTO_ID,CANTIDAD_ACTUAL,PRECIO_VENTA) VALUES (4,390,0,0.000000);

INSERT INTO PROVEEDOR_PRODUCTO(PROVEEDOR_ID,PRODUCTO_ID,PRECIO_COMPRA) VALUES(6,390, 0.000000);

-- ===========PRODUCTO [391]
INSERT INTO PRODUCTO(ID,MARCA_ID,LINEA_ID,NOMBRE,PRESENTACION,CONTENIDO,UNIDADES_POR_CAJA,COSTO,COSTO_VENTA,PRECIO_BASE,UNIDAD_MEDIDA,CODIGO_BARRAS,ABREBIATURA) VALUES(391,49,4,'Stefano Rollon caballero','Black',50.0,12.0,0.000000,0.000000,0.000000,'ML','7501035900264','Stefano R-o Black 50ml');

INSERT INTO MOVIMIENTO_HISTORICO_PRODUCTO (ALMACEN_ID,PRODUCTO_ID,FECHA,TIPO_MOVIMIENTO_ID,CANTIDAD,COSTO,PRECIO,USUARIO_ID) VALUES(1,391,now(),30,12,0.000000,0.000000,'root');
INSERT INTO ALMACEN_PRODUCTO(ALMACEN_ID,PRODUCTO_ID,CANTIDAD_ACTUAL,PRECIO_VENTA) VALUES (1,391,12,0.000000);

INSERT INTO ALMACEN_PRODUCTO(ALMACEN_ID,PRODUCTO_ID,CANTIDAD_ACTUAL,PRECIO_VENTA) VALUES (2,391,0,0.000000);

INSERT INTO ALMACEN_PRODUCTO(ALMACEN_ID,PRODUCTO_ID,CANTIDAD_ACTUAL,PRECIO_VENTA) VALUES (3,391,12,16.900000);

INSERT INTO ALMACEN_PRODUCTO(ALMACEN_ID,PRODUCTO_ID,CANTIDAD_ACTUAL,PRECIO_VENTA) VALUES (4,391,0,0.000000);

INSERT INTO PROVEEDOR_PRODUCTO(PROVEEDOR_ID,PRODUCTO_ID,PRECIO_COMPRA) VALUES(6,391, 0.000000);

-- ===========PRODUCTO [392]
INSERT INTO PRODUCTO(ID,MARCA_ID,LINEA_ID,NOMBRE,PRESENTACION,CONTENIDO,UNIDADES_POR_CAJA,COSTO,COSTO_VENTA,PRECIO_BASE,UNIDAD_MEDIDA,CODIGO_BARRAS,ABREBIATURA) VALUES(392,49,4,'Stefano Rollon caballero','Cosmo',50.0,12.0,0.000000,0.000000,0.000000,'ML','7509546051802','Stefano R-o Cosm 50ml');

INSERT INTO MOVIMIENTO_HISTORICO_PRODUCTO (ALMACEN_ID,PRODUCTO_ID,FECHA,TIPO_MOVIMIENTO_ID,CANTIDAD,COSTO,PRECIO,USUARIO_ID) VALUES(1,392,now(),30,12,0.000000,0.000000,'root');
INSERT INTO ALMACEN_PRODUCTO(ALMACEN_ID,PRODUCTO_ID,CANTIDAD_ACTUAL,PRECIO_VENTA) VALUES (1,392,12,0.000000);

INSERT INTO ALMACEN_PRODUCTO(ALMACEN_ID,PRODUCTO_ID,CANTIDAD_ACTUAL,PRECIO_VENTA) VALUES (2,392,0,0.000000);

INSERT INTO ALMACEN_PRODUCTO(ALMACEN_ID,PRODUCTO_ID,CANTIDAD_ACTUAL,PRECIO_VENTA) VALUES (3,392,12,16.900000);

INSERT INTO ALMACEN_PRODUCTO(ALMACEN_ID,PRODUCTO_ID,CANTIDAD_ACTUAL,PRECIO_VENTA) VALUES (4,392,0,0.000000);

INSERT INTO PROVEEDOR_PRODUCTO(PROVEEDOR_ID,PRODUCTO_ID,PRECIO_COMPRA) VALUES(6,392, 0.000000);

-- ===========PRODUCTO [393]
INSERT INTO PRODUCTO(ID,MARCA_ID,LINEA_ID,NOMBRE,PRESENTACION,CONTENIDO,UNIDADES_POR_CAJA,COSTO,COSTO_VENTA,PRECIO_BASE,UNIDAD_MEDIDA,CODIGO_BARRAS,ABREBIATURA) VALUES(393,49,4,'Stefano Rollon caballero','Spazio',50.0,12.0,0.000000,0.000000,0.000000,'ML','7501035900271','Stefano R-o Spaz 50ml');

INSERT INTO MOVIMIENTO_HISTORICO_PRODUCTO (ALMACEN_ID,PRODUCTO_ID,FECHA,TIPO_MOVIMIENTO_ID,CANTIDAD,COSTO,PRECIO,USUARIO_ID) VALUES(1,393,now(),30,12,0.000000,0.000000,'root');
INSERT INTO ALMACEN_PRODUCTO(ALMACEN_ID,PRODUCTO_ID,CANTIDAD_ACTUAL,PRECIO_VENTA) VALUES (1,393,12,0.000000);

INSERT INTO ALMACEN_PRODUCTO(ALMACEN_ID,PRODUCTO_ID,CANTIDAD_ACTUAL,PRECIO_VENTA) VALUES (2,393,0,0.000000);

INSERT INTO ALMACEN_PRODUCTO(ALMACEN_ID,PRODUCTO_ID,CANTIDAD_ACTUAL,PRECIO_VENTA) VALUES (3,393,12,16.900000);

INSERT INTO ALMACEN_PRODUCTO(ALMACEN_ID,PRODUCTO_ID,CANTIDAD_ACTUAL,PRECIO_VENTA) VALUES (4,393,0,0.000000);

INSERT INTO PROVEEDOR_PRODUCTO(PROVEEDOR_ID,PRODUCTO_ID,PRECIO_COMPRA) VALUES(6,393, 0.000000);

-- ===========PRODUCTO [394]
INSERT INTO PRODUCTO(ID,MARCA_ID,LINEA_ID,NOMBRE,PRESENTACION,CONTENIDO,UNIDADES_POR_CAJA,COSTO,COSTO_VENTA,PRECIO_BASE,UNIDAD_MEDIDA,CODIGO_BARRAS,ABREBIATURA) VALUES(394,49,4,'Stefano Rollon caballero','Animal',50.0,12.0,0.000000,0.000000,0.000000,'ML','7509546047737','Stefano R-o Anim 50ml');

INSERT INTO MOVIMIENTO_HISTORICO_PRODUCTO (ALMACEN_ID,PRODUCTO_ID,FECHA,TIPO_MOVIMIENTO_ID,CANTIDAD,COSTO,PRECIO,USUARIO_ID) VALUES(1,394,now(),30,12,0.000000,0.000000,'root');
INSERT INTO ALMACEN_PRODUCTO(ALMACEN_ID,PRODUCTO_ID,CANTIDAD_ACTUAL,PRECIO_VENTA) VALUES (1,394,12,0.000000);

INSERT INTO ALMACEN_PRODUCTO(ALMACEN_ID,PRODUCTO_ID,CANTIDAD_ACTUAL,PRECIO_VENTA) VALUES (2,394,0,0.000000);

INSERT INTO ALMACEN_PRODUCTO(ALMACEN_ID,PRODUCTO_ID,CANTIDAD_ACTUAL,PRECIO_VENTA) VALUES (3,394,12,16.900000);

INSERT INTO ALMACEN_PRODUCTO(ALMACEN_ID,PRODUCTO_ID,CANTIDAD_ACTUAL,PRECIO_VENTA) VALUES (4,394,0,0.000000);

INSERT INTO PROVEEDOR_PRODUCTO(PROVEEDOR_ID,PRODUCTO_ID,PRECIO_COMPRA) VALUES(6,394, 0.000000);

-- ===========PRODUCTO [395]
INSERT INTO PRODUCTO(ID,MARCA_ID,LINEA_ID,NOMBRE,PRESENTACION,CONTENIDO,UNIDADES_POR_CAJA,COSTO,COSTO_VENTA,PRECIO_BASE,UNIDAD_MEDIDA,CODIGO_BARRAS,ABREBIATURA) VALUES(395,49,4,'Stefano Aerosol','Gladius',125.0,12.0,0.000000,0.000000,0.000000,'G','7509546056838','Stef Aero Gladius 125');

INSERT INTO MOVIMIENTO_HISTORICO_PRODUCTO (ALMACEN_ID,PRODUCTO_ID,FECHA,TIPO_MOVIMIENTO_ID,CANTIDAD,COSTO,PRECIO,USUARIO_ID) VALUES(1,395,now(),30,12,0.000000,0.000000,'root');
INSERT INTO ALMACEN_PRODUCTO(ALMACEN_ID,PRODUCTO_ID,CANTIDAD_ACTUAL,PRECIO_VENTA) VALUES (1,395,12,0.000000);

INSERT INTO ALMACEN_PRODUCTO(ALMACEN_ID,PRODUCTO_ID,CANTIDAD_ACTUAL,PRECIO_VENTA) VALUES (2,395,0,0.000000);

INSERT INTO ALMACEN_PRODUCTO(ALMACEN_ID,PRODUCTO_ID,CANTIDAD_ACTUAL,PRECIO_VENTA) VALUES (3,395,12,0.000000);

INSERT INTO ALMACEN_PRODUCTO(ALMACEN_ID,PRODUCTO_ID,CANTIDAD_ACTUAL,PRECIO_VENTA) VALUES (4,395,0,0.000000);

INSERT INTO PROVEEDOR_PRODUCTO(PROVEEDOR_ID,PRODUCTO_ID,PRECIO_COMPRA) VALUES(6,395, 0.000000);

-- ===========PRODUCTO [396]
INSERT INTO PRODUCTO(ID,MARCA_ID,LINEA_ID,NOMBRE,PRESENTACION,CONTENIDO,UNIDADES_POR_CAJA,COSTO,COSTO_VENTA,PRECIO_BASE,UNIDAD_MEDIDA,CODIGO_BARRAS,ABREBIATURA) VALUES(396,49,4,'Stefano Aerosol Caballero','Platinum',125.0,12.0,0.000000,0.000000,0.000000,'G','7509546052649','Stef Aero Platinu 125g');

INSERT INTO MOVIMIENTO_HISTORICO_PRODUCTO (ALMACEN_ID,PRODUCTO_ID,FECHA,TIPO_MOVIMIENTO_ID,CANTIDAD,COSTO,PRECIO,USUARIO_ID) VALUES(1,396,now(),30,12,0.000000,0.000000,'root');
INSERT INTO ALMACEN_PRODUCTO(ALMACEN_ID,PRODUCTO_ID,CANTIDAD_ACTUAL,PRECIO_VENTA) VALUES (1,396,12,0.000000);

INSERT INTO ALMACEN_PRODUCTO(ALMACEN_ID,PRODUCTO_ID,CANTIDAD_ACTUAL,PRECIO_VENTA) VALUES (2,396,0,0.000000);

INSERT INTO ALMACEN_PRODUCTO(ALMACEN_ID,PRODUCTO_ID,CANTIDAD_ACTUAL,PRECIO_VENTA) VALUES (3,396,12,0.000000);

INSERT INTO ALMACEN_PRODUCTO(ALMACEN_ID,PRODUCTO_ID,CANTIDAD_ACTUAL,PRECIO_VENTA) VALUES (4,396,0,0.000000);

INSERT INTO PROVEEDOR_PRODUCTO(PROVEEDOR_ID,PRODUCTO_ID,PRECIO_COMPRA) VALUES(6,396, 0.000000);

-- ===========PRODUCTO [397]
INSERT INTO PRODUCTO(ID,MARCA_ID,LINEA_ID,NOMBRE,PRESENTACION,CONTENIDO,UNIDADES_POR_CAJA,COSTO,COSTO_VENTA,PRECIO_BASE,UNIDAD_MEDIDA,CODIGO_BARRAS,ABREBIATURA) VALUES(397,49,4,'Desodorante Stefano Roll-on','Gladius',50.0,12.0,0.000000,0.000000,0.000000,'ml','7509546056845','Stefano R-o Gladiu 50');

INSERT INTO MOVIMIENTO_HISTORICO_PRODUCTO (ALMACEN_ID,PRODUCTO_ID,FECHA,TIPO_MOVIMIENTO_ID,CANTIDAD,COSTO,PRECIO,USUARIO_ID) VALUES(1,397,now(),30,12,0.000000,0.000000,'root');
INSERT INTO ALMACEN_PRODUCTO(ALMACEN_ID,PRODUCTO_ID,CANTIDAD_ACTUAL,PRECIO_VENTA) VALUES (1,397,12,0.000000);

INSERT INTO ALMACEN_PRODUCTO(ALMACEN_ID,PRODUCTO_ID,CANTIDAD_ACTUAL,PRECIO_VENTA) VALUES (2,397,0,0.000000);

INSERT INTO ALMACEN_PRODUCTO(ALMACEN_ID,PRODUCTO_ID,CANTIDAD_ACTUAL,PRECIO_VENTA) VALUES (3,397,12,0.000000);

INSERT INTO ALMACEN_PRODUCTO(ALMACEN_ID,PRODUCTO_ID,CANTIDAD_ACTUAL,PRECIO_VENTA) VALUES (4,397,0,0.000000);

INSERT INTO PROVEEDOR_PRODUCTO(PROVEEDOR_ID,PRODUCTO_ID,PRECIO_COMPRA) VALUES(6,397, 0.000000);

-- ===========PRODUCTO [398]
INSERT INTO PRODUCTO(ID,MARCA_ID,LINEA_ID,NOMBRE,PRESENTACION,CONTENIDO,UNIDADES_POR_CAJA,COSTO,COSTO_VENTA,PRECIO_BASE,UNIDAD_MEDIDA,CODIGO_BARRAS,ABREBIATURA) VALUES(398,11,4,'Brut Rollon','Ego',50.0,12.0,0.000000,0.000000,0.000000,'G','7502221182464','Brut R-o Ego 50ml');

INSERT INTO MOVIMIENTO_HISTORICO_PRODUCTO (ALMACEN_ID,PRODUCTO_ID,FECHA,TIPO_MOVIMIENTO_ID,CANTIDAD,COSTO,PRECIO,USUARIO_ID) VALUES(1,398,now(),30,12,0.000000,0.000000,'root');
INSERT INTO ALMACEN_PRODUCTO(ALMACEN_ID,PRODUCTO_ID,CANTIDAD_ACTUAL,PRECIO_VENTA) VALUES (1,398,12,0.000000);

INSERT INTO ALMACEN_PRODUCTO(ALMACEN_ID,PRODUCTO_ID,CANTIDAD_ACTUAL,PRECIO_VENTA) VALUES (2,398,45,5.000000);

INSERT INTO ALMACEN_PRODUCTO(ALMACEN_ID,PRODUCTO_ID,CANTIDAD_ACTUAL,PRECIO_VENTA) VALUES (3,398,12,14.900000);

INSERT INTO ALMACEN_PRODUCTO(ALMACEN_ID,PRODUCTO_ID,CANTIDAD_ACTUAL,PRECIO_VENTA) VALUES (4,398,45,5.000000);

INSERT INTO PROVEEDOR_PRODUCTO(PROVEEDOR_ID,PRODUCTO_ID,PRECIO_COMPRA) VALUES(18,398, 0.000000);

-- ===========PRODUCTO [399]
INSERT INTO PRODUCTO(ID,MARCA_ID,LINEA_ID,NOMBRE,PRESENTACION,CONTENIDO,UNIDADES_POR_CAJA,COSTO,COSTO_VENTA,PRECIO_BASE,UNIDAD_MEDIDA,CODIGO_BARRAS,ABREBIATURA) VALUES(399,47,4,'Bio Garnier Aerosol','Cool',150.0,12.0,20.581897,20.581897,28.650000,'ML','7501839199758','Gar Bio Aer Cool 150ml');

INSERT INTO MOVIMIENTO_HISTORICO_PRODUCTO (ALMACEN_ID,PRODUCTO_ID,FECHA,TIPO_MOVIMIENTO_ID,CANTIDAD,COSTO,PRECIO,USUARIO_ID) VALUES(1,399,now(),30,12,20.581897,28.650000,'root');
INSERT INTO ALMACEN_PRODUCTO(ALMACEN_ID,PRODUCTO_ID,CANTIDAD_ACTUAL,PRECIO_VENTA) VALUES (1,399,12,28.650000);

INSERT INTO ALMACEN_PRODUCTO(ALMACEN_ID,PRODUCTO_ID,CANTIDAD_ACTUAL,PRECIO_VENTA) VALUES (2,399,0,0.000000);

INSERT INTO ALMACEN_PRODUCTO(ALMACEN_ID,PRODUCTO_ID,CANTIDAD_ACTUAL,PRECIO_VENTA) VALUES (3,399,12,29.900000);

INSERT INTO ALMACEN_PRODUCTO(ALMACEN_ID,PRODUCTO_ID,CANTIDAD_ACTUAL,PRECIO_VENTA) VALUES (4,399,0,0.000000);

INSERT INTO PROVEEDOR_PRODUCTO(PROVEEDOR_ID,PRODUCTO_ID,PRECIO_COMPRA) VALUES(13,399, 20.581897);

-- ===========PRODUCTO [400]
INSERT INTO PRODUCTO(ID,MARCA_ID,LINEA_ID,NOMBRE,PRESENTACION,CONTENIDO,UNIDADES_POR_CAJA,COSTO,COSTO_VENTA,PRECIO_BASE,UNIDAD_MEDIDA,CODIGO_BARRAS,ABREBIATURA) VALUES(400,47,4,'Bio Garnier Aerosol','Ice Fresh',150.0,12.0,25.474138,25.474138,35.460000,'ML','7501839199765','Gar Bio Aer Fresh 150ml');

INSERT INTO MOVIMIENTO_HISTORICO_PRODUCTO (ALMACEN_ID,PRODUCTO_ID,FECHA,TIPO_MOVIMIENTO_ID,CANTIDAD,COSTO,PRECIO,USUARIO_ID) VALUES(1,400,now(),30,12,25.474138,35.460000,'root');
INSERT INTO ALMACEN_PRODUCTO(ALMACEN_ID,PRODUCTO_ID,CANTIDAD_ACTUAL,PRECIO_VENTA) VALUES (1,400,12,35.460000);

INSERT INTO ALMACEN_PRODUCTO(ALMACEN_ID,PRODUCTO_ID,CANTIDAD_ACTUAL,PRECIO_VENTA) VALUES (2,400,0,0.000000);

INSERT INTO ALMACEN_PRODUCTO(ALMACEN_ID,PRODUCTO_ID,CANTIDAD_ACTUAL,PRECIO_VENTA) VALUES (3,400,12,34.900000);

INSERT INTO ALMACEN_PRODUCTO(ALMACEN_ID,PRODUCTO_ID,CANTIDAD_ACTUAL,PRECIO_VENTA) VALUES (4,400,0,0.000000);

INSERT INTO PROVEEDOR_PRODUCTO(PROVEEDOR_ID,PRODUCTO_ID,PRECIO_COMPRA) VALUES(13,400, 25.474138);

-- ===========PRODUCTO [401]
INSERT INTO PRODUCTO(ID,MARCA_ID,LINEA_ID,NOMBRE,PRESENTACION,CONTENIDO,UNIDADES_POR_CAJA,COSTO,COSTO_VENTA,PRECIO_BASE,UNIDAD_MEDIDA,CODIGO_BARRAS,ABREBIATURA) VALUES(401,26,4,'Speed Stick Gel','Cool Fusion',85.0,12.0,0.000000,0.000000,0.000000,'G','7509546009070','Speed S Gel Cool F 85g');

INSERT INTO MOVIMIENTO_HISTORICO_PRODUCTO (ALMACEN_ID,PRODUCTO_ID,FECHA,TIPO_MOVIMIENTO_ID,CANTIDAD,COSTO,PRECIO,USUARIO_ID) VALUES(1,401,now(),30,12,0.000000,0.000000,'root');
INSERT INTO ALMACEN_PRODUCTO(ALMACEN_ID,PRODUCTO_ID,CANTIDAD_ACTUAL,PRECIO_VENTA) VALUES (1,401,12,0.000000);

INSERT INTO ALMACEN_PRODUCTO(ALMACEN_ID,PRODUCTO_ID,CANTIDAD_ACTUAL,PRECIO_VENTA) VALUES (2,401,1,17.000000);

INSERT INTO ALMACEN_PRODUCTO(ALMACEN_ID,PRODUCTO_ID,CANTIDAD_ACTUAL,PRECIO_VENTA) VALUES (3,401,12,0.000000);

INSERT INTO ALMACEN_PRODUCTO(ALMACEN_ID,PRODUCTO_ID,CANTIDAD_ACTUAL,PRECIO_VENTA) VALUES (4,401,1,17.000000);

INSERT INTO PROVEEDOR_PRODUCTO(PROVEEDOR_ID,PRODUCTO_ID,PRECIO_COMPRA) VALUES(6,401, 0.000000);

-- ===========PRODUCTO [402]
INSERT INTO PRODUCTO(ID,MARCA_ID,LINEA_ID,NOMBRE,PRESENTACION,CONTENIDO,UNIDADES_POR_CAJA,COSTO,COSTO_VENTA,PRECIO_BASE,UNIDAD_MEDIDA,CODIGO_BARRAS,ABREBIATURA) VALUES(402,26,4,'Speed Stick Gel','Cool Nihgt',85.0,12.0,0.000000,0.000000,0.000000,'G','7509546029139','Speed S Gel Cool N 85g');

INSERT INTO MOVIMIENTO_HISTORICO_PRODUCTO (ALMACEN_ID,PRODUCTO_ID,FECHA,TIPO_MOVIMIENTO_ID,CANTIDAD,COSTO,PRECIO,USUARIO_ID) VALUES(1,402,now(),30,12,0.000000,0.000000,'root');
INSERT INTO ALMACEN_PRODUCTO(ALMACEN_ID,PRODUCTO_ID,CANTIDAD_ACTUAL,PRECIO_VENTA) VALUES (1,402,12,0.000000);

INSERT INTO ALMACEN_PRODUCTO(ALMACEN_ID,PRODUCTO_ID,CANTIDAD_ACTUAL,PRECIO_VENTA) VALUES (2,402,0,0.000000);

INSERT INTO ALMACEN_PRODUCTO(ALMACEN_ID,PRODUCTO_ID,CANTIDAD_ACTUAL,PRECIO_VENTA) VALUES (3,402,12,0.000000);

INSERT INTO ALMACEN_PRODUCTO(ALMACEN_ID,PRODUCTO_ID,CANTIDAD_ACTUAL,PRECIO_VENTA) VALUES (4,402,0,0.000000);

INSERT INTO PROVEEDOR_PRODUCTO(PROVEEDOR_ID,PRODUCTO_ID,PRECIO_COMPRA) VALUES(6,402, 0.000000);

-- ===========PRODUCTO [403]
INSERT INTO PRODUCTO(ID,MARCA_ID,LINEA_ID,NOMBRE,PRESENTACION,CONTENIDO,UNIDADES_POR_CAJA,COSTO,COSTO_VENTA,PRECIO_BASE,UNIDAD_MEDIDA,CODIGO_BARRAS,ABREBIATURA) VALUES(403,26,4,'Speed Stick Gel','Naturals & Protect',85.0,12.0,0.000000,0.000000,0.000000,'G','7509546055336','Speed S Gel Natu & 85g');

INSERT INTO MOVIMIENTO_HISTORICO_PRODUCTO (ALMACEN_ID,PRODUCTO_ID,FECHA,TIPO_MOVIMIENTO_ID,CANTIDAD,COSTO,PRECIO,USUARIO_ID) VALUES(1,403,now(),30,11,0.000000,0.000000,'root');
INSERT INTO ALMACEN_PRODUCTO(ALMACEN_ID,PRODUCTO_ID,CANTIDAD_ACTUAL,PRECIO_VENTA) VALUES (1,403,11,0.000000);

INSERT INTO ALMACEN_PRODUCTO(ALMACEN_ID,PRODUCTO_ID,CANTIDAD_ACTUAL,PRECIO_VENTA) VALUES (2,403,3,17.000000);

INSERT INTO ALMACEN_PRODUCTO(ALMACEN_ID,PRODUCTO_ID,CANTIDAD_ACTUAL,PRECIO_VENTA) VALUES (3,403,11,0.000000);

INSERT INTO ALMACEN_PRODUCTO(ALMACEN_ID,PRODUCTO_ID,CANTIDAD_ACTUAL,PRECIO_VENTA) VALUES (4,403,3,17.000000);

INSERT INTO PROVEEDOR_PRODUCTO(PROVEEDOR_ID,PRODUCTO_ID,PRECIO_COMPRA) VALUES(6,403, 0.000000);

-- ===========PRODUCTO [404]
INSERT INTO PRODUCTO(ID,MARCA_ID,LINEA_ID,NOMBRE,PRESENTACION,CONTENIDO,UNIDADES_POR_CAJA,COSTO,COSTO_VENTA,PRECIO_BASE,UNIDAD_MEDIDA,CODIGO_BARRAS,ABREBIATURA) VALUES(404,26,4,'Speed Stick Gel Caballero','Icy Surge',85.0,12.0,0.000000,0.000000,0.000000,'G','7509546009087','Speed S Gel Icy S & 85g');

INSERT INTO MOVIMIENTO_HISTORICO_PRODUCTO (ALMACEN_ID,PRODUCTO_ID,FECHA,TIPO_MOVIMIENTO_ID,CANTIDAD,COSTO,PRECIO,USUARIO_ID) VALUES(1,404,now(),30,12,0.000000,0.000000,'root');
INSERT INTO ALMACEN_PRODUCTO(ALMACEN_ID,PRODUCTO_ID,CANTIDAD_ACTUAL,PRECIO_VENTA) VALUES (1,404,12,0.000000);

INSERT INTO ALMACEN_PRODUCTO(ALMACEN_ID,PRODUCTO_ID,CANTIDAD_ACTUAL,PRECIO_VENTA) VALUES (2,404,0,0.000000);

INSERT INTO ALMACEN_PRODUCTO(ALMACEN_ID,PRODUCTO_ID,CANTIDAD_ACTUAL,PRECIO_VENTA) VALUES (3,404,12,0.000000);

INSERT INTO ALMACEN_PRODUCTO(ALMACEN_ID,PRODUCTO_ID,CANTIDAD_ACTUAL,PRECIO_VENTA) VALUES (4,404,0,0.000000);

INSERT INTO PROVEEDOR_PRODUCTO(PROVEEDOR_ID,PRODUCTO_ID,PRECIO_COMPRA) VALUES(6,404, 0.000000);

-- ===========PRODUCTO [405]
INSERT INTO PRODUCTO(ID,MARCA_ID,LINEA_ID,NOMBRE,PRESENTACION,CONTENIDO,UNIDADES_POR_CAJA,COSTO,COSTO_VENTA,PRECIO_BASE,UNIDAD_MEDIDA,CODIGO_BARRAS,ABREBIATURA) VALUES(405,26,4,'Speed Stick Gel Caballero','Ultra',85.0,12.0,0.000000,0.000000,0.000000,'G','7509546045320','Speed S Gel Extrem 85g');

INSERT INTO MOVIMIENTO_HISTORICO_PRODUCTO (ALMACEN_ID,PRODUCTO_ID,FECHA,TIPO_MOVIMIENTO_ID,CANTIDAD,COSTO,PRECIO,USUARIO_ID) VALUES(1,405,now(),30,12,0.000000,0.000000,'root');
INSERT INTO ALMACEN_PRODUCTO(ALMACEN_ID,PRODUCTO_ID,CANTIDAD_ACTUAL,PRECIO_VENTA) VALUES (1,405,12,0.000000);

INSERT INTO ALMACEN_PRODUCTO(ALMACEN_ID,PRODUCTO_ID,CANTIDAD_ACTUAL,PRECIO_VENTA) VALUES (2,405,0,0.000000);

INSERT INTO ALMACEN_PRODUCTO(ALMACEN_ID,PRODUCTO_ID,CANTIDAD_ACTUAL,PRECIO_VENTA) VALUES (3,405,12,0.000000);

INSERT INTO ALMACEN_PRODUCTO(ALMACEN_ID,PRODUCTO_ID,CANTIDAD_ACTUAL,PRECIO_VENTA) VALUES (4,405,0,0.000000);

INSERT INTO PROVEEDOR_PRODUCTO(PROVEEDOR_ID,PRODUCTO_ID,PRECIO_COMPRA) VALUES(6,405, 0.000000);

-- ===========PRODUCTO [406]
INSERT INTO PRODUCTO(ID,MARCA_ID,LINEA_ID,NOMBRE,PRESENTACION,CONTENIDO,UNIDADES_POR_CAJA,COSTO,COSTO_VENTA,PRECIO_BASE,UNIDAD_MEDIDA,CODIGO_BARRAS,ABREBIATURA) VALUES(406,26,4,'Speed Stick Gel','Lighting',85.0,12.0,0.000000,0.000000,0.000000,'G','7509546004440','Speed S Gel Lightn 85g');

INSERT INTO MOVIMIENTO_HISTORICO_PRODUCTO (ALMACEN_ID,PRODUCTO_ID,FECHA,TIPO_MOVIMIENTO_ID,CANTIDAD,COSTO,PRECIO,USUARIO_ID) VALUES(1,406,now(),30,12,0.000000,0.000000,'root');
INSERT INTO ALMACEN_PRODUCTO(ALMACEN_ID,PRODUCTO_ID,CANTIDAD_ACTUAL,PRECIO_VENTA) VALUES (1,406,12,0.000000);

INSERT INTO ALMACEN_PRODUCTO(ALMACEN_ID,PRODUCTO_ID,CANTIDAD_ACTUAL,PRECIO_VENTA) VALUES (2,406,2,17.000000);

INSERT INTO ALMACEN_PRODUCTO(ALMACEN_ID,PRODUCTO_ID,CANTIDAD_ACTUAL,PRECIO_VENTA) VALUES (3,406,12,0.000000);

INSERT INTO ALMACEN_PRODUCTO(ALMACEN_ID,PRODUCTO_ID,CANTIDAD_ACTUAL,PRECIO_VENTA) VALUES (4,406,2,17.000000);

INSERT INTO PROVEEDOR_PRODUCTO(PROVEEDOR_ID,PRODUCTO_ID,PRECIO_COMPRA) VALUES(6,406, 0.000000);

-- ===========PRODUCTO [407]
INSERT INTO PRODUCTO(ID,MARCA_ID,LINEA_ID,NOMBRE,PRESENTACION,CONTENIDO,UNIDADES_POR_CAJA,COSTO,COSTO_VENTA,PRECIO_BASE,UNIDAD_MEDIDA,CODIGO_BARRAS,ABREBIATURA) VALUES(407,26,4,'Speed Stick Gel','Glacier Power',85.0,12.0,0.000000,0.000000,0.000000,'G','7509546020266','Speed S Gel Gl Pow 85');

INSERT INTO MOVIMIENTO_HISTORICO_PRODUCTO (ALMACEN_ID,PRODUCTO_ID,FECHA,TIPO_MOVIMIENTO_ID,CANTIDAD,COSTO,PRECIO,USUARIO_ID) VALUES(1,407,now(),30,12,0.000000,0.000000,'root');
INSERT INTO ALMACEN_PRODUCTO(ALMACEN_ID,PRODUCTO_ID,CANTIDAD_ACTUAL,PRECIO_VENTA) VALUES (1,407,12,0.000000);

INSERT INTO ALMACEN_PRODUCTO(ALMACEN_ID,PRODUCTO_ID,CANTIDAD_ACTUAL,PRECIO_VENTA) VALUES (2,407,0,0.000000);

INSERT INTO ALMACEN_PRODUCTO(ALMACEN_ID,PRODUCTO_ID,CANTIDAD_ACTUAL,PRECIO_VENTA) VALUES (3,407,12,0.000000);

INSERT INTO ALMACEN_PRODUCTO(ALMACEN_ID,PRODUCTO_ID,CANTIDAD_ACTUAL,PRECIO_VENTA) VALUES (4,407,0,0.000000);

INSERT INTO PROVEEDOR_PRODUCTO(PROVEEDOR_ID,PRODUCTO_ID,PRECIO_COMPRA) VALUES(6,407, 0.000000);

-- ===========PRODUCTO [408]
INSERT INTO PRODUCTO(ID,MARCA_ID,LINEA_ID,NOMBRE,PRESENTACION,CONTENIDO,UNIDADES_POR_CAJA,COSTO,COSTO_VENTA,PRECIO_BASE,UNIDAD_MEDIDA,CODIGO_BARRAS,ABREBIATURA) VALUES(408,26,4,'Speed Stick Gel','Multi-Protect Active',85.0,12.0,0.000000,0.000000,0.000000,'G','7509546052816','Speed Stick Multi X5 85');

INSERT INTO MOVIMIENTO_HISTORICO_PRODUCTO (ALMACEN_ID,PRODUCTO_ID,FECHA,TIPO_MOVIMIENTO_ID,CANTIDAD,COSTO,PRECIO,USUARIO_ID) VALUES(1,408,now(),30,12,0.000000,0.000000,'root');
INSERT INTO ALMACEN_PRODUCTO(ALMACEN_ID,PRODUCTO_ID,CANTIDAD_ACTUAL,PRECIO_VENTA) VALUES (1,408,12,0.000000);

INSERT INTO ALMACEN_PRODUCTO(ALMACEN_ID,PRODUCTO_ID,CANTIDAD_ACTUAL,PRECIO_VENTA) VALUES (2,408,0,0.000000);

INSERT INTO ALMACEN_PRODUCTO(ALMACEN_ID,PRODUCTO_ID,CANTIDAD_ACTUAL,PRECIO_VENTA) VALUES (3,408,12,0.000000);

INSERT INTO ALMACEN_PRODUCTO(ALMACEN_ID,PRODUCTO_ID,CANTIDAD_ACTUAL,PRECIO_VENTA) VALUES (4,408,0,0.000000);

INSERT INTO PROVEEDOR_PRODUCTO(PROVEEDOR_ID,PRODUCTO_ID,PRECIO_COMPRA) VALUES(6,408, 0.000000);

-- ===========PRODUCTO [409]
INSERT INTO PRODUCTO(ID,MARCA_ID,LINEA_ID,NOMBRE,PRESENTACION,CONTENIDO,UNIDADES_POR_CAJA,COSTO,COSTO_VENTA,PRECIO_BASE,UNIDAD_MEDIDA,CODIGO_BARRAS,ABREBIATURA) VALUES(409,11,1,'Brut Estuche Locion 100ml + Aerosol + Maletin','Classic',3.0,6.0,0.000000,0.000000,0.000000,'Pz','7502221185519','Brut Est Loc/Spry/Mal');

INSERT INTO MOVIMIENTO_HISTORICO_PRODUCTO (ALMACEN_ID,PRODUCTO_ID,FECHA,TIPO_MOVIMIENTO_ID,CANTIDAD,COSTO,PRECIO,USUARIO_ID) VALUES(1,409,now(),30,3,0.000000,0.000000,'root');
INSERT INTO ALMACEN_PRODUCTO(ALMACEN_ID,PRODUCTO_ID,CANTIDAD_ACTUAL,PRECIO_VENTA) VALUES (1,409,3,0.000000);

INSERT INTO ALMACEN_PRODUCTO(ALMACEN_ID,PRODUCTO_ID,CANTIDAD_ACTUAL,PRECIO_VENTA) VALUES (2,409,0,0.000000);

INSERT INTO ALMACEN_PRODUCTO(ALMACEN_ID,PRODUCTO_ID,CANTIDAD_ACTUAL,PRECIO_VENTA) VALUES (3,409,3,0.000000);

INSERT INTO ALMACEN_PRODUCTO(ALMACEN_ID,PRODUCTO_ID,CANTIDAD_ACTUAL,PRECIO_VENTA) VALUES (4,409,0,0.000000);

INSERT INTO PROVEEDOR_PRODUCTO(PROVEEDOR_ID,PRODUCTO_ID,PRECIO_COMPRA) VALUES(18,409, 0.000000);

-- ===========PRODUCTO [410]
INSERT INTO PRODUCTO(ID,MARCA_ID,LINEA_ID,NOMBRE,PRESENTACION,CONTENIDO,UNIDADES_POR_CAJA,COSTO,COSTO_VENTA,PRECIO_BASE,UNIDAD_MEDIDA,CODIGO_BARRAS,ABREBIATURA) VALUES(410,11,1,'Brut Estuche Locion 50ml + Rollon + Aerosol 83ml + Maletin','Classic',4.0,6.0,0.000000,0.000000,0.000000,'Pz','7502221185502','Brut Est Loc/R-o/Aer Cls');

INSERT INTO MOVIMIENTO_HISTORICO_PRODUCTO (ALMACEN_ID,PRODUCTO_ID,FECHA,TIPO_MOVIMIENTO_ID,CANTIDAD,COSTO,PRECIO,USUARIO_ID) VALUES(1,410,now(),30,1,0.000000,0.000000,'root');
INSERT INTO ALMACEN_PRODUCTO(ALMACEN_ID,PRODUCTO_ID,CANTIDAD_ACTUAL,PRECIO_VENTA) VALUES (1,410,1,0.000000);

INSERT INTO ALMACEN_PRODUCTO(ALMACEN_ID,PRODUCTO_ID,CANTIDAD_ACTUAL,PRECIO_VENTA) VALUES (2,410,0,0.000000);

INSERT INTO ALMACEN_PRODUCTO(ALMACEN_ID,PRODUCTO_ID,CANTIDAD_ACTUAL,PRECIO_VENTA) VALUES (3,410,1,0.000000);

INSERT INTO ALMACEN_PRODUCTO(ALMACEN_ID,PRODUCTO_ID,CANTIDAD_ACTUAL,PRECIO_VENTA) VALUES (4,410,0,0.000000);

INSERT INTO PROVEEDOR_PRODUCTO(PROVEEDOR_ID,PRODUCTO_ID,PRECIO_COMPRA) VALUES(18,410, 0.000000);

-- ===========PRODUCTO [411]
INSERT INTO PRODUCTO(ID,MARCA_ID,LINEA_ID,NOMBRE,PRESENTACION,CONTENIDO,UNIDADES_POR_CAJA,COSTO,COSTO_VENTA,PRECIO_BASE,UNIDAD_MEDIDA,CODIGO_BARRAS,ABREBIATURA) VALUES(411,11,1,'Brut Estuche 2 Locion 100ml + Maletin','Classic',3.0,6.0,0.000000,0.000000,0.000000,'Pz','7502221185496','Brut Est 2 Loc/Mal Clas');

INSERT INTO MOVIMIENTO_HISTORICO_PRODUCTO (ALMACEN_ID,PRODUCTO_ID,FECHA,TIPO_MOVIMIENTO_ID,CANTIDAD,COSTO,PRECIO,USUARIO_ID) VALUES(1,411,now(),30,3,0.000000,0.000000,'root');
INSERT INTO ALMACEN_PRODUCTO(ALMACEN_ID,PRODUCTO_ID,CANTIDAD_ACTUAL,PRECIO_VENTA) VALUES (1,411,3,0.000000);

INSERT INTO ALMACEN_PRODUCTO(ALMACEN_ID,PRODUCTO_ID,CANTIDAD_ACTUAL,PRECIO_VENTA) VALUES (2,411,0,0.000000);

INSERT INTO ALMACEN_PRODUCTO(ALMACEN_ID,PRODUCTO_ID,CANTIDAD_ACTUAL,PRECIO_VENTA) VALUES (3,411,3,0.000000);

INSERT INTO ALMACEN_PRODUCTO(ALMACEN_ID,PRODUCTO_ID,CANTIDAD_ACTUAL,PRECIO_VENTA) VALUES (4,411,0,0.000000);

INSERT INTO PROVEEDOR_PRODUCTO(PROVEEDOR_ID,PRODUCTO_ID,PRECIO_COMPRA) VALUES(18,411, 0.000000);

-- ===========PRODUCTO [412]
INSERT INTO PRODUCTO(ID,MARCA_ID,LINEA_ID,NOMBRE,PRESENTACION,CONTENIDO,UNIDADES_POR_CAJA,COSTO,COSTO_VENTA,PRECIO_BASE,UNIDAD_MEDIDA,CODIGO_BARRAS,ABREBIATURA) VALUES(412,11,1,'Brut Estuche 2 Locion 100ml + Talco 125g','Affection',3.0,6.0,0.000000,0.000000,0.000000,'Pz','7502221185359','Brut Est 2 Loc/Tal Affec');

INSERT INTO MOVIMIENTO_HISTORICO_PRODUCTO (ALMACEN_ID,PRODUCTO_ID,FECHA,TIPO_MOVIMIENTO_ID,CANTIDAD,COSTO,PRECIO,USUARIO_ID) VALUES(1,412,now(),30,3,0.000000,0.000000,'root');
INSERT INTO ALMACEN_PRODUCTO(ALMACEN_ID,PRODUCTO_ID,CANTIDAD_ACTUAL,PRECIO_VENTA) VALUES (1,412,3,0.000000);

INSERT INTO ALMACEN_PRODUCTO(ALMACEN_ID,PRODUCTO_ID,CANTIDAD_ACTUAL,PRECIO_VENTA) VALUES (2,412,0,0.000000);

INSERT INTO ALMACEN_PRODUCTO(ALMACEN_ID,PRODUCTO_ID,CANTIDAD_ACTUAL,PRECIO_VENTA) VALUES (3,412,3,0.000000);

INSERT INTO ALMACEN_PRODUCTO(ALMACEN_ID,PRODUCTO_ID,CANTIDAD_ACTUAL,PRECIO_VENTA) VALUES (4,412,0,0.000000);

INSERT INTO PROVEEDOR_PRODUCTO(PROVEEDOR_ID,PRODUCTO_ID,PRECIO_COMPRA) VALUES(18,412, 0.000000);

-- ===========PRODUCTO [413]
INSERT INTO PRODUCTO(ID,MARCA_ID,LINEA_ID,NOMBRE,PRESENTACION,CONTENIDO,UNIDADES_POR_CAJA,COSTO,COSTO_VENTA,PRECIO_BASE,UNIDAD_MEDIDA,CODIGO_BARRAS,ABREBIATURA) VALUES(413,11,1,'Brut Estuche 2 Locion 100ml','Classic',2.0,6.0,0.000000,0.000000,0.000000,'Pz','7502221184635','Brut Est 2 Loc Classic');

INSERT INTO MOVIMIENTO_HISTORICO_PRODUCTO (ALMACEN_ID,PRODUCTO_ID,FECHA,TIPO_MOVIMIENTO_ID,CANTIDAD,COSTO,PRECIO,USUARIO_ID) VALUES(1,413,now(),30,2,0.000000,0.000000,'root');
INSERT INTO ALMACEN_PRODUCTO(ALMACEN_ID,PRODUCTO_ID,CANTIDAD_ACTUAL,PRECIO_VENTA) VALUES (1,413,2,0.000000);

INSERT INTO ALMACEN_PRODUCTO(ALMACEN_ID,PRODUCTO_ID,CANTIDAD_ACTUAL,PRECIO_VENTA) VALUES (2,413,0,0.000000);

INSERT INTO ALMACEN_PRODUCTO(ALMACEN_ID,PRODUCTO_ID,CANTIDAD_ACTUAL,PRECIO_VENTA) VALUES (3,413,2,0.000000);

INSERT INTO ALMACEN_PRODUCTO(ALMACEN_ID,PRODUCTO_ID,CANTIDAD_ACTUAL,PRECIO_VENTA) VALUES (4,413,0,0.000000);

INSERT INTO PROVEEDOR_PRODUCTO(PROVEEDOR_ID,PRODUCTO_ID,PRECIO_COMPRA) VALUES(18,413, 0.000000);

-- ===========PRODUCTO [414]
INSERT INTO PRODUCTO(ID,MARCA_ID,LINEA_ID,NOMBRE,PRESENTACION,CONTENIDO,UNIDADES_POR_CAJA,COSTO,COSTO_VENTA,PRECIO_BASE,UNIDAD_MEDIDA,CODIGO_BARRAS,ABREBIATURA) VALUES(414,11,1,'Brut Estuche 2 Locion 100ml + Body Wash 350ml','Addiction',3.0,6.0,0.000000,0.000000,0.000000,'Pz','7502221185366','Brut Est 2 Loc/Bod Adict');

INSERT INTO MOVIMIENTO_HISTORICO_PRODUCTO (ALMACEN_ID,PRODUCTO_ID,FECHA,TIPO_MOVIMIENTO_ID,CANTIDAD,COSTO,PRECIO,USUARIO_ID) VALUES(1,414,now(),30,3,0.000000,0.000000,'root');
INSERT INTO ALMACEN_PRODUCTO(ALMACEN_ID,PRODUCTO_ID,CANTIDAD_ACTUAL,PRECIO_VENTA) VALUES (1,414,3,0.000000);

INSERT INTO ALMACEN_PRODUCTO(ALMACEN_ID,PRODUCTO_ID,CANTIDAD_ACTUAL,PRECIO_VENTA) VALUES (2,414,0,0.000000);

INSERT INTO ALMACEN_PRODUCTO(ALMACEN_ID,PRODUCTO_ID,CANTIDAD_ACTUAL,PRECIO_VENTA) VALUES (3,414,3,0.000000);

INSERT INTO ALMACEN_PRODUCTO(ALMACEN_ID,PRODUCTO_ID,CANTIDAD_ACTUAL,PRECIO_VENTA) VALUES (4,414,0,0.000000);

INSERT INTO PROVEEDOR_PRODUCTO(PROVEEDOR_ID,PRODUCTO_ID,PRECIO_COMPRA) VALUES(18,414, 0.000000);

-- ===========PRODUCTO [415]
INSERT INTO PRODUCTO(ID,MARCA_ID,LINEA_ID,NOMBRE,PRESENTACION,CONTENIDO,UNIDADES_POR_CAJA,COSTO,COSTO_VENTA,PRECIO_BASE,UNIDAD_MEDIDA,CODIGO_BARRAS,ABREBIATURA) VALUES(415,11,1,'Brut Estuche 2 Locion 100ml + Shower Gel 150ml','Dominant',3.0,6.0,0.000000,0.000000,0.000000,'Pz','7502221184581','Brut Est 2 Loc/shw Dom');

INSERT INTO MOVIMIENTO_HISTORICO_PRODUCTO (ALMACEN_ID,PRODUCTO_ID,FECHA,TIPO_MOVIMIENTO_ID,CANTIDAD,COSTO,PRECIO,USUARIO_ID) VALUES(1,415,now(),30,3,0.000000,0.000000,'root');
INSERT INTO ALMACEN_PRODUCTO(ALMACEN_ID,PRODUCTO_ID,CANTIDAD_ACTUAL,PRECIO_VENTA) VALUES (1,415,3,0.000000);

INSERT INTO ALMACEN_PRODUCTO(ALMACEN_ID,PRODUCTO_ID,CANTIDAD_ACTUAL,PRECIO_VENTA) VALUES (2,415,0,0.000000);

INSERT INTO ALMACEN_PRODUCTO(ALMACEN_ID,PRODUCTO_ID,CANTIDAD_ACTUAL,PRECIO_VENTA) VALUES (3,415,3,0.000000);

INSERT INTO ALMACEN_PRODUCTO(ALMACEN_ID,PRODUCTO_ID,CANTIDAD_ACTUAL,PRECIO_VENTA) VALUES (4,415,0,0.000000);

INSERT INTO PROVEEDOR_PRODUCTO(PROVEEDOR_ID,PRODUCTO_ID,PRECIO_COMPRA) VALUES(18,415, 0.000000);

-- ===========PRODUCTO [416]
INSERT INTO PRODUCTO(ID,MARCA_ID,LINEA_ID,NOMBRE,PRESENTACION,CONTENIDO,UNIDADES_POR_CAJA,COSTO,COSTO_VENTA,PRECIO_BASE,UNIDAD_MEDIDA,CODIGO_BARRAS,ABREBIATURA) VALUES(416,11,1,'Brut Estuche 2 Locion 100ml + Shower Gel 150ml','Affection',3.0,6.0,0.000000,0.000000,0.000000,'Pz','7502221184574','Brut Est 2 Loc/shw Afec');

INSERT INTO MOVIMIENTO_HISTORICO_PRODUCTO (ALMACEN_ID,PRODUCTO_ID,FECHA,TIPO_MOVIMIENTO_ID,CANTIDAD,COSTO,PRECIO,USUARIO_ID) VALUES(1,416,now(),30,1,0.000000,0.000000,'root');
INSERT INTO ALMACEN_PRODUCTO(ALMACEN_ID,PRODUCTO_ID,CANTIDAD_ACTUAL,PRECIO_VENTA) VALUES (1,416,1,0.000000);

INSERT INTO ALMACEN_PRODUCTO(ALMACEN_ID,PRODUCTO_ID,CANTIDAD_ACTUAL,PRECIO_VENTA) VALUES (2,416,0,0.000000);

INSERT INTO ALMACEN_PRODUCTO(ALMACEN_ID,PRODUCTO_ID,CANTIDAD_ACTUAL,PRECIO_VENTA) VALUES (3,416,1,0.000000);

INSERT INTO ALMACEN_PRODUCTO(ALMACEN_ID,PRODUCTO_ID,CANTIDAD_ACTUAL,PRECIO_VENTA) VALUES (4,416,0,0.000000);

INSERT INTO PROVEEDOR_PRODUCTO(PROVEEDOR_ID,PRODUCTO_ID,PRECIO_COMPRA) VALUES(18,416, 0.000000);

-- ===========PRODUCTO [417]
INSERT INTO PRODUCTO(ID,MARCA_ID,LINEA_ID,NOMBRE,PRESENTACION,CONTENIDO,UNIDADES_POR_CAJA,COSTO,COSTO_VENTA,PRECIO_BASE,UNIDAD_MEDIDA,CODIGO_BARRAS,ABREBIATURA) VALUES(417,11,1,'Brut Estuche 2 Locion 100ml + Shower Gel 150ml','Euphoria',3.0,6.0,0.000000,0.000000,0.000000,'Pz','7502221184567','Brut Est 2 Loc/shw Euph');

INSERT INTO MOVIMIENTO_HISTORICO_PRODUCTO (ALMACEN_ID,PRODUCTO_ID,FECHA,TIPO_MOVIMIENTO_ID,CANTIDAD,COSTO,PRECIO,USUARIO_ID) VALUES(1,417,now(),30,3,0.000000,0.000000,'root');
INSERT INTO ALMACEN_PRODUCTO(ALMACEN_ID,PRODUCTO_ID,CANTIDAD_ACTUAL,PRECIO_VENTA) VALUES (1,417,3,0.000000);

INSERT INTO ALMACEN_PRODUCTO(ALMACEN_ID,PRODUCTO_ID,CANTIDAD_ACTUAL,PRECIO_VENTA) VALUES (2,417,0,0.000000);

INSERT INTO ALMACEN_PRODUCTO(ALMACEN_ID,PRODUCTO_ID,CANTIDAD_ACTUAL,PRECIO_VENTA) VALUES (3,417,3,0.000000);

INSERT INTO ALMACEN_PRODUCTO(ALMACEN_ID,PRODUCTO_ID,CANTIDAD_ACTUAL,PRECIO_VENTA) VALUES (4,417,0,0.000000);

INSERT INTO PROVEEDOR_PRODUCTO(PROVEEDOR_ID,PRODUCTO_ID,PRECIO_COMPRA) VALUES(18,417, 0.000000);

-- ===========PRODUCTO [418]
INSERT INTO PRODUCTO(ID,MARCA_ID,LINEA_ID,NOMBRE,PRESENTACION,CONTENIDO,UNIDADES_POR_CAJA,COSTO,COSTO_VENTA,PRECIO_BASE,UNIDAD_MEDIDA,CODIGO_BARRAS,ABREBIATURA) VALUES(418,11,1,'Brut Estuche 2 Locion 50ml','Classic / Euphoria',2.0,6.0,0.000000,0.000000,0.000000,'Pz','7502221185373','Brut Est 2 Loc Clas/Eup');

INSERT INTO MOVIMIENTO_HISTORICO_PRODUCTO (ALMACEN_ID,PRODUCTO_ID,FECHA,TIPO_MOVIMIENTO_ID,CANTIDAD,COSTO,PRECIO,USUARIO_ID) VALUES(1,418,now(),30,3,0.000000,0.000000,'root');
INSERT INTO ALMACEN_PRODUCTO(ALMACEN_ID,PRODUCTO_ID,CANTIDAD_ACTUAL,PRECIO_VENTA) VALUES (1,418,3,0.000000);

INSERT INTO ALMACEN_PRODUCTO(ALMACEN_ID,PRODUCTO_ID,CANTIDAD_ACTUAL,PRECIO_VENTA) VALUES (2,418,0,0.000000);

INSERT INTO ALMACEN_PRODUCTO(ALMACEN_ID,PRODUCTO_ID,CANTIDAD_ACTUAL,PRECIO_VENTA) VALUES (3,418,3,0.000000);

INSERT INTO ALMACEN_PRODUCTO(ALMACEN_ID,PRODUCTO_ID,CANTIDAD_ACTUAL,PRECIO_VENTA) VALUES (4,418,0,0.000000);

INSERT INTO PROVEEDOR_PRODUCTO(PROVEEDOR_ID,PRODUCTO_ID,PRECIO_COMPRA) VALUES(18,418, 0.000000);

-- ===========PRODUCTO [419]
INSERT INTO PRODUCTO(ID,MARCA_ID,LINEA_ID,NOMBRE,PRESENTACION,CONTENIDO,UNIDADES_POR_CAJA,COSTO,COSTO_VENTA,PRECIO_BASE,UNIDAD_MEDIDA,CODIGO_BARRAS,ABREBIATURA) VALUES(419,11,1,'Brut Estuche Locion 50ml + Espuma Afeitar','Classic',2.0,6.0,0.000000,0.000000,0.000000,'Pz','7502221184642','Brut Est Loc/Esp Classi');

INSERT INTO MOVIMIENTO_HISTORICO_PRODUCTO (ALMACEN_ID,PRODUCTO_ID,FECHA,TIPO_MOVIMIENTO_ID,CANTIDAD,COSTO,PRECIO,USUARIO_ID) VALUES(1,419,now(),30,4,0.000000,0.000000,'root');
INSERT INTO ALMACEN_PRODUCTO(ALMACEN_ID,PRODUCTO_ID,CANTIDAD_ACTUAL,PRECIO_VENTA) VALUES (1,419,4,0.000000);

INSERT INTO ALMACEN_PRODUCTO(ALMACEN_ID,PRODUCTO_ID,CANTIDAD_ACTUAL,PRECIO_VENTA) VALUES (2,419,0,0.000000);

INSERT INTO ALMACEN_PRODUCTO(ALMACEN_ID,PRODUCTO_ID,CANTIDAD_ACTUAL,PRECIO_VENTA) VALUES (3,419,4,0.000000);

INSERT INTO ALMACEN_PRODUCTO(ALMACEN_ID,PRODUCTO_ID,CANTIDAD_ACTUAL,PRECIO_VENTA) VALUES (4,419,0,0.000000);

INSERT INTO PROVEEDOR_PRODUCTO(PROVEEDOR_ID,PRODUCTO_ID,PRECIO_COMPRA) VALUES(18,419, 0.000000);

-- ===========PRODUCTO [420]
INSERT INTO PRODUCTO(ID,MARCA_ID,LINEA_ID,NOMBRE,PRESENTACION,CONTENIDO,UNIDADES_POR_CAJA,COSTO,COSTO_VENTA,PRECIO_BASE,UNIDAD_MEDIDA,CODIGO_BARRAS,ABREBIATURA) VALUES(420,11,1,'Brut Estuche Locion 100ml + Body 350ml + Talco 125g','Classic',3.0,6.0,0.000000,0.000000,0.000000,'Pz','7502221185380','Brut Est Loc/Body/Talco');

INSERT INTO MOVIMIENTO_HISTORICO_PRODUCTO (ALMACEN_ID,PRODUCTO_ID,FECHA,TIPO_MOVIMIENTO_ID,CANTIDAD,COSTO,PRECIO,USUARIO_ID) VALUES(1,420,now(),30,3,0.000000,0.000000,'root');
INSERT INTO ALMACEN_PRODUCTO(ALMACEN_ID,PRODUCTO_ID,CANTIDAD_ACTUAL,PRECIO_VENTA) VALUES (1,420,3,0.000000);

INSERT INTO ALMACEN_PRODUCTO(ALMACEN_ID,PRODUCTO_ID,CANTIDAD_ACTUAL,PRECIO_VENTA) VALUES (2,420,0,0.000000);

INSERT INTO ALMACEN_PRODUCTO(ALMACEN_ID,PRODUCTO_ID,CANTIDAD_ACTUAL,PRECIO_VENTA) VALUES (3,420,3,0.000000);

INSERT INTO ALMACEN_PRODUCTO(ALMACEN_ID,PRODUCTO_ID,CANTIDAD_ACTUAL,PRECIO_VENTA) VALUES (4,420,0,0.000000);

INSERT INTO PROVEEDOR_PRODUCTO(PROVEEDOR_ID,PRODUCTO_ID,PRECIO_COMPRA) VALUES(18,420, 0.000000);

-- ===========PRODUCTO [421]
INSERT INTO PRODUCTO(ID,MARCA_ID,LINEA_ID,NOMBRE,PRESENTACION,CONTENIDO,UNIDADES_POR_CAJA,COSTO,COSTO_VENTA,PRECIO_BASE,UNIDAD_MEDIDA,CODIGO_BARRAS,ABREBIATURA) VALUES(421,11,1,'Brut Estuche 2 Locion 100ml + Espuma Afeitar','Classic',3.0,6.0,0.000000,0.000000,0.000000,'Pz','7502221185342','Brut Est 2 Loc/Esp Clas');

INSERT INTO MOVIMIENTO_HISTORICO_PRODUCTO (ALMACEN_ID,PRODUCTO_ID,FECHA,TIPO_MOVIMIENTO_ID,CANTIDAD,COSTO,PRECIO,USUARIO_ID) VALUES(1,421,now(),30,3,0.000000,0.000000,'root');
INSERT INTO ALMACEN_PRODUCTO(ALMACEN_ID,PRODUCTO_ID,CANTIDAD_ACTUAL,PRECIO_VENTA) VALUES (1,421,3,0.000000);

INSERT INTO ALMACEN_PRODUCTO(ALMACEN_ID,PRODUCTO_ID,CANTIDAD_ACTUAL,PRECIO_VENTA) VALUES (2,421,0,0.000000);

INSERT INTO ALMACEN_PRODUCTO(ALMACEN_ID,PRODUCTO_ID,CANTIDAD_ACTUAL,PRECIO_VENTA) VALUES (3,421,3,0.000000);

INSERT INTO ALMACEN_PRODUCTO(ALMACEN_ID,PRODUCTO_ID,CANTIDAD_ACTUAL,PRECIO_VENTA) VALUES (4,421,0,0.000000);

INSERT INTO PROVEEDOR_PRODUCTO(PROVEEDOR_ID,PRODUCTO_ID,PRECIO_COMPRA) VALUES(18,421, 0.000000);

-- ===========PRODUCTO [422]
INSERT INTO PRODUCTO(ID,MARCA_ID,LINEA_ID,NOMBRE,PRESENTACION,CONTENIDO,UNIDADES_POR_CAJA,COSTO,COSTO_VENTA,PRECIO_BASE,UNIDAD_MEDIDA,CODIGO_BARRAS,ABREBIATURA) VALUES(422,11,1,'Brut Estuche 2 Locion 100ml','Affection',2.0,6.0,0.000000,0.000000,0.000000,'Pz','7502221184659','Brut Est 2 Loc Affection');

INSERT INTO MOVIMIENTO_HISTORICO_PRODUCTO (ALMACEN_ID,PRODUCTO_ID,FECHA,TIPO_MOVIMIENTO_ID,CANTIDAD,COSTO,PRECIO,USUARIO_ID) VALUES(1,422,now(),30,3,0.000000,0.000000,'root');
INSERT INTO ALMACEN_PRODUCTO(ALMACEN_ID,PRODUCTO_ID,CANTIDAD_ACTUAL,PRECIO_VENTA) VALUES (1,422,3,0.000000);

INSERT INTO ALMACEN_PRODUCTO(ALMACEN_ID,PRODUCTO_ID,CANTIDAD_ACTUAL,PRECIO_VENTA) VALUES (2,422,0,0.000000);

INSERT INTO ALMACEN_PRODUCTO(ALMACEN_ID,PRODUCTO_ID,CANTIDAD_ACTUAL,PRECIO_VENTA) VALUES (3,422,3,0.000000);

INSERT INTO ALMACEN_PRODUCTO(ALMACEN_ID,PRODUCTO_ID,CANTIDAD_ACTUAL,PRECIO_VENTA) VALUES (4,422,0,0.000000);

INSERT INTO PROVEEDOR_PRODUCTO(PROVEEDOR_ID,PRODUCTO_ID,PRECIO_COMPRA) VALUES(18,422, 0.000000);

-- ===========PRODUCTO [423]
INSERT INTO PRODUCTO(ID,MARCA_ID,LINEA_ID,NOMBRE,PRESENTACION,CONTENIDO,UNIDADES_POR_CAJA,COSTO,COSTO_VENTA,PRECIO_BASE,UNIDAD_MEDIDA,CODIGO_BARRAS,ABREBIATURA) VALUES(423,20,11,'Colgate Plax Enjuague Bucal','Sin Alcohol',2.0,3.0,0.000000,0.000000,0.000000,'LT','7891024180068','Plax Sin Alcohol 2Ltos');

INSERT INTO MOVIMIENTO_HISTORICO_PRODUCTO (ALMACEN_ID,PRODUCTO_ID,FECHA,TIPO_MOVIMIENTO_ID,CANTIDAD,COSTO,PRECIO,USUARIO_ID) VALUES(1,423,now(),30,6,0.000000,0.000000,'root');
INSERT INTO ALMACEN_PRODUCTO(ALMACEN_ID,PRODUCTO_ID,CANTIDAD_ACTUAL,PRECIO_VENTA) VALUES (1,423,6,0.000000);

INSERT INTO ALMACEN_PRODUCTO(ALMACEN_ID,PRODUCTO_ID,CANTIDAD_ACTUAL,PRECIO_VENTA) VALUES (2,423,0,0.000000);

INSERT INTO ALMACEN_PRODUCTO(ALMACEN_ID,PRODUCTO_ID,CANTIDAD_ACTUAL,PRECIO_VENTA) VALUES (3,423,6,0.000000);

INSERT INTO ALMACEN_PRODUCTO(ALMACEN_ID,PRODUCTO_ID,CANTIDAD_ACTUAL,PRECIO_VENTA) VALUES (4,423,0,0.000000);

INSERT INTO PROVEEDOR_PRODUCTO(PROVEEDOR_ID,PRODUCTO_ID,PRECIO_COMPRA) VALUES(6,423, 0.000000);

-- ===========PRODUCTO [424]
INSERT INTO PRODUCTO(ID,MARCA_ID,LINEA_ID,NOMBRE,PRESENTACION,CONTENIDO,UNIDADES_POR_CAJA,COSTO,COSTO_VENTA,PRECIO_BASE,UNIDAD_MEDIDA,CODIGO_BARRAS,ABREBIATURA) VALUES(424,52,11,'4 Today Cepillo Dental Exhibidor','T 201',12.0,12.0,67.751437,67.751437,94.310000,'Pz','6926360987062','4 Today Cep Ex T201/12');

INSERT INTO MOVIMIENTO_HISTORICO_PRODUCTO (ALMACEN_ID,PRODUCTO_ID,FECHA,TIPO_MOVIMIENTO_ID,CANTIDAD,COSTO,PRECIO,USUARIO_ID) VALUES(1,424,now(),30,2,67.751437,94.310000,'root');
INSERT INTO ALMACEN_PRODUCTO(ALMACEN_ID,PRODUCTO_ID,CANTIDAD_ACTUAL,PRECIO_VENTA) VALUES (1,424,2,94.310000);

INSERT INTO ALMACEN_PRODUCTO(ALMACEN_ID,PRODUCTO_ID,CANTIDAD_ACTUAL,PRECIO_VENTA) VALUES (2,424,0,0.000000);

INSERT INTO ALMACEN_PRODUCTO(ALMACEN_ID,PRODUCTO_ID,CANTIDAD_ACTUAL,PRECIO_VENTA) VALUES (3,424,2,72.000000);

INSERT INTO ALMACEN_PRODUCTO(ALMACEN_ID,PRODUCTO_ID,CANTIDAD_ACTUAL,PRECIO_VENTA) VALUES (4,424,0,0.000000);

INSERT INTO PROVEEDOR_PRODUCTO(PROVEEDOR_ID,PRODUCTO_ID,PRECIO_COMPRA) VALUES(7,424, 67.751437);

-- ===========PRODUCTO [425]
INSERT INTO PRODUCTO(ID,MARCA_ID,LINEA_ID,NOMBRE,PRESENTACION,CONTENIDO,UNIDADES_POR_CAJA,COSTO,COSTO_VENTA,PRECIO_BASE,UNIDAD_MEDIDA,CODIGO_BARRAS,ABREBIATURA) VALUES(425,52,11,'4 Today Cepillo Dental Exhibidor','T 301 - 2Pz',12.0,12.0,67.751437,67.751437,94.310000,'Pz','6926360987093','4 Today Cep Ex T301/12');

INSERT INTO MOVIMIENTO_HISTORICO_PRODUCTO (ALMACEN_ID,PRODUCTO_ID,FECHA,TIPO_MOVIMIENTO_ID,CANTIDAD,COSTO,PRECIO,USUARIO_ID) VALUES(1,425,now(),30,2,67.751437,94.310000,'root');
INSERT INTO ALMACEN_PRODUCTO(ALMACEN_ID,PRODUCTO_ID,CANTIDAD_ACTUAL,PRECIO_VENTA) VALUES (1,425,2,94.310000);

INSERT INTO ALMACEN_PRODUCTO(ALMACEN_ID,PRODUCTO_ID,CANTIDAD_ACTUAL,PRECIO_VENTA) VALUES (2,425,0,0.000000);

INSERT INTO ALMACEN_PRODUCTO(ALMACEN_ID,PRODUCTO_ID,CANTIDAD_ACTUAL,PRECIO_VENTA) VALUES (3,425,2,72.000000);

INSERT INTO ALMACEN_PRODUCTO(ALMACEN_ID,PRODUCTO_ID,CANTIDAD_ACTUAL,PRECIO_VENTA) VALUES (4,425,0,0.000000);

INSERT INTO PROVEEDOR_PRODUCTO(PROVEEDOR_ID,PRODUCTO_ID,PRECIO_COMPRA) VALUES(7,425, 67.751437);

-- ===========PRODUCTO [426]
INSERT INTO PRODUCTO(ID,MARCA_ID,LINEA_ID,NOMBRE,PRESENTACION,CONTENIDO,UNIDADES_POR_CAJA,COSTO,COSTO_VENTA,PRECIO_BASE,UNIDAD_MEDIDA,CODIGO_BARRAS,ABREBIATURA) VALUES(426,52,11,'4 Today Cepillo Dental Exhibidor','T 300 - 2Pz',12.0,12.0,67.751437,67.751437,94.310000,'Pz','6926360987086','4 Today Cep Ex T2300/12');

INSERT INTO MOVIMIENTO_HISTORICO_PRODUCTO (ALMACEN_ID,PRODUCTO_ID,FECHA,TIPO_MOVIMIENTO_ID,CANTIDAD,COSTO,PRECIO,USUARIO_ID) VALUES(1,426,now(),30,2,67.751437,94.310000,'root');
INSERT INTO ALMACEN_PRODUCTO(ALMACEN_ID,PRODUCTO_ID,CANTIDAD_ACTUAL,PRECIO_VENTA) VALUES (1,426,2,94.310000);

INSERT INTO ALMACEN_PRODUCTO(ALMACEN_ID,PRODUCTO_ID,CANTIDAD_ACTUAL,PRECIO_VENTA) VALUES (2,426,0,0.000000);

INSERT INTO ALMACEN_PRODUCTO(ALMACEN_ID,PRODUCTO_ID,CANTIDAD_ACTUAL,PRECIO_VENTA) VALUES (3,426,2,72.000000);

INSERT INTO ALMACEN_PRODUCTO(ALMACEN_ID,PRODUCTO_ID,CANTIDAD_ACTUAL,PRECIO_VENTA) VALUES (4,426,0,0.000000);

INSERT INTO PROVEEDOR_PRODUCTO(PROVEEDOR_ID,PRODUCTO_ID,PRECIO_COMPRA) VALUES(7,426, 67.751437);

-- ===========PRODUCTO [427]
INSERT INTO PRODUCTO(ID,MARCA_ID,LINEA_ID,NOMBRE,PRESENTACION,CONTENIDO,UNIDADES_POR_CAJA,COSTO,COSTO_VENTA,PRECIO_BASE,UNIDAD_MEDIDA,CODIGO_BARRAS,ABREBIATURA) VALUES(427,52,11,'4 Today Cepillo Dental','T 300',2.0,12.0,5.645953,5.645953,7.859167,'Pz','6926360983002','4 Today Cep T300 2Pz');

INSERT INTO MOVIMIENTO_HISTORICO_PRODUCTO (ALMACEN_ID,PRODUCTO_ID,FECHA,TIPO_MOVIMIENTO_ID,CANTIDAD,COSTO,PRECIO,USUARIO_ID) VALUES(1,427,now(),30,12,5.645953,7.859167,'root');
INSERT INTO ALMACEN_PRODUCTO(ALMACEN_ID,PRODUCTO_ID,CANTIDAD_ACTUAL,PRECIO_VENTA) VALUES (1,427,12,7.859167);

INSERT INTO ALMACEN_PRODUCTO(ALMACEN_ID,PRODUCTO_ID,CANTIDAD_ACTUAL,PRECIO_VENTA) VALUES (2,427,0,0.000000);

INSERT INTO ALMACEN_PRODUCTO(ALMACEN_ID,PRODUCTO_ID,CANTIDAD_ACTUAL,PRECIO_VENTA) VALUES (3,427,12,6.500000);

INSERT INTO ALMACEN_PRODUCTO(ALMACEN_ID,PRODUCTO_ID,CANTIDAD_ACTUAL,PRECIO_VENTA) VALUES (4,427,0,0.000000);

INSERT INTO PROVEEDOR_PRODUCTO(PROVEEDOR_ID,PRODUCTO_ID,PRECIO_COMPRA) VALUES(7,427, 5.645953);

-- ===========PRODUCTO [428]
INSERT INTO PRODUCTO(ID,MARCA_ID,LINEA_ID,NOMBRE,PRESENTACION,CONTENIDO,UNIDADES_POR_CAJA,COSTO,COSTO_VENTA,PRECIO_BASE,UNIDAD_MEDIDA,CODIGO_BARRAS,ABREBIATURA) VALUES(428,52,11,'4 Today Cepillo Dental','T 301',2.0,12.0,5.645953,5.645953,7.859167,'Pz','6926360983019','4 Today Cep T301 2Pz');

INSERT INTO MOVIMIENTO_HISTORICO_PRODUCTO (ALMACEN_ID,PRODUCTO_ID,FECHA,TIPO_MOVIMIENTO_ID,CANTIDAD,COSTO,PRECIO,USUARIO_ID) VALUES(1,428,now(),30,12,5.645953,7.859167,'root');
INSERT INTO ALMACEN_PRODUCTO(ALMACEN_ID,PRODUCTO_ID,CANTIDAD_ACTUAL,PRECIO_VENTA) VALUES (1,428,12,7.859167);

INSERT INTO ALMACEN_PRODUCTO(ALMACEN_ID,PRODUCTO_ID,CANTIDAD_ACTUAL,PRECIO_VENTA) VALUES (2,428,0,0.000000);

INSERT INTO ALMACEN_PRODUCTO(ALMACEN_ID,PRODUCTO_ID,CANTIDAD_ACTUAL,PRECIO_VENTA) VALUES (3,428,12,6.500000);

INSERT INTO ALMACEN_PRODUCTO(ALMACEN_ID,PRODUCTO_ID,CANTIDAD_ACTUAL,PRECIO_VENTA) VALUES (4,428,0,0.000000);

INSERT INTO PROVEEDOR_PRODUCTO(PROVEEDOR_ID,PRODUCTO_ID,PRECIO_COMPRA) VALUES(7,428, 5.645953);

-- ===========PRODUCTO [429]
INSERT INTO PRODUCTO(ID,MARCA_ID,LINEA_ID,NOMBRE,PRESENTACION,CONTENIDO,UNIDADES_POR_CAJA,COSTO,COSTO_VENTA,PRECIO_BASE,UNIDAD_MEDIDA,CODIGO_BARRAS,ABREBIATURA) VALUES(429,52,11,'4 Today Cepillo Dental','T 201',1.0,12.0,5.645953,5.645953,7.859167,'Pz','6926360982012','4 Today Cep T201 1Pz');

INSERT INTO MOVIMIENTO_HISTORICO_PRODUCTO (ALMACEN_ID,PRODUCTO_ID,FECHA,TIPO_MOVIMIENTO_ID,CANTIDAD,COSTO,PRECIO,USUARIO_ID) VALUES(1,429,now(),30,12,5.645953,7.859167,'root');
INSERT INTO ALMACEN_PRODUCTO(ALMACEN_ID,PRODUCTO_ID,CANTIDAD_ACTUAL,PRECIO_VENTA) VALUES (1,429,12,7.859167);

INSERT INTO ALMACEN_PRODUCTO(ALMACEN_ID,PRODUCTO_ID,CANTIDAD_ACTUAL,PRECIO_VENTA) VALUES (2,429,0,0.000000);

INSERT INTO ALMACEN_PRODUCTO(ALMACEN_ID,PRODUCTO_ID,CANTIDAD_ACTUAL,PRECIO_VENTA) VALUES (3,429,12,6.500000);

INSERT INTO ALMACEN_PRODUCTO(ALMACEN_ID,PRODUCTO_ID,CANTIDAD_ACTUAL,PRECIO_VENTA) VALUES (4,429,0,0.000000);

INSERT INTO PROVEEDOR_PRODUCTO(PROVEEDOR_ID,PRODUCTO_ID,PRECIO_COMPRA) VALUES(7,429, 5.645953);

-- ===========PRODUCTO [430]
INSERT INTO PRODUCTO(ID,MARCA_ID,LINEA_ID,NOMBRE,PRESENTACION,CONTENIDO,UNIDADES_POR_CAJA,COSTO,COSTO_VENTA,PRECIO_BASE,UNIDAD_MEDIDA,CODIGO_BARRAS,ABREBIATURA) VALUES(430,52,11,'Colgate Plax Enjuague Bucal','Whitening',60.0,72.0,0.000000,0.000000,0.000000,'ML','7891024135990','Plax Whitening 60ml');

INSERT INTO MOVIMIENTO_HISTORICO_PRODUCTO (ALMACEN_ID,PRODUCTO_ID,FECHA,TIPO_MOVIMIENTO_ID,CANTIDAD,COSTO,PRECIO,USUARIO_ID) VALUES(1,430,now(),30,0,0.000000,0.000000,'root');
INSERT INTO ALMACEN_PRODUCTO(ALMACEN_ID,PRODUCTO_ID,CANTIDAD_ACTUAL,PRECIO_VENTA) VALUES (1,430,0,0.000000);

INSERT INTO ALMACEN_PRODUCTO(ALMACEN_ID,PRODUCTO_ID,CANTIDAD_ACTUAL,PRECIO_VENTA) VALUES (2,430,0,0.000000);

INSERT INTO PROVEEDOR_PRODUCTO(PROVEEDOR_ID,PRODUCTO_ID,PRECIO_COMPRA) VALUES(7,430, 0.000000);

-- ===========PRODUCTO [431]
INSERT INTO PRODUCTO(ID,MARCA_ID,LINEA_ID,NOMBRE,PRESENTACION,CONTENIDO,UNIDADES_POR_CAJA,COSTO,COSTO_VENTA,PRECIO_BASE,UNIDAD_MEDIDA,CODIGO_BARRAS,ABREBIATURA) VALUES(431,52,11,'4 Today Cepillo Dental Exhibidor','T 677',12.0,12.0,67.751437,67.751437,94.310000,'Pz','6926360986751','4 Today Cep Ex T677/12');

INSERT INTO MOVIMIENTO_HISTORICO_PRODUCTO (ALMACEN_ID,PRODUCTO_ID,FECHA,TIPO_MOVIMIENTO_ID,CANTIDAD,COSTO,PRECIO,USUARIO_ID) VALUES(1,431,now(),30,2,67.751437,94.310000,'root');
INSERT INTO ALMACEN_PRODUCTO(ALMACEN_ID,PRODUCTO_ID,CANTIDAD_ACTUAL,PRECIO_VENTA) VALUES (1,431,2,94.310000);

INSERT INTO ALMACEN_PRODUCTO(ALMACEN_ID,PRODUCTO_ID,CANTIDAD_ACTUAL,PRECIO_VENTA) VALUES (2,431,0,0.000000);

INSERT INTO ALMACEN_PRODUCTO(ALMACEN_ID,PRODUCTO_ID,CANTIDAD_ACTUAL,PRECIO_VENTA) VALUES (3,431,2,72.000000);

INSERT INTO ALMACEN_PRODUCTO(ALMACEN_ID,PRODUCTO_ID,CANTIDAD_ACTUAL,PRECIO_VENTA) VALUES (4,431,0,0.000000);

INSERT INTO PROVEEDOR_PRODUCTO(PROVEEDOR_ID,PRODUCTO_ID,PRECIO_COMPRA) VALUES(7,431, 67.751437);

-- ===========PRODUCTO [432]
INSERT INTO PRODUCTO(ID,MARCA_ID,LINEA_ID,NOMBRE,PRESENTACION,CONTENIDO,UNIDADES_POR_CAJA,COSTO,COSTO_VENTA,PRECIO_BASE,UNIDAD_MEDIDA,CODIGO_BARRAS,ABREBIATURA) VALUES(432,52,11,'4 Today Cepillo Dental','T 677',1.0,12.0,5.645953,5.645953,7.859167,'Pz','6926360986775','4 Today Cep T677 1Pz');

INSERT INTO MOVIMIENTO_HISTORICO_PRODUCTO (ALMACEN_ID,PRODUCTO_ID,FECHA,TIPO_MOVIMIENTO_ID,CANTIDAD,COSTO,PRECIO,USUARIO_ID) VALUES(1,432,now(),30,12,5.645953,7.859167,'root');
INSERT INTO ALMACEN_PRODUCTO(ALMACEN_ID,PRODUCTO_ID,CANTIDAD_ACTUAL,PRECIO_VENTA) VALUES (1,432,12,7.859167);

INSERT INTO ALMACEN_PRODUCTO(ALMACEN_ID,PRODUCTO_ID,CANTIDAD_ACTUAL,PRECIO_VENTA) VALUES (2,432,0,0.000000);

INSERT INTO ALMACEN_PRODUCTO(ALMACEN_ID,PRODUCTO_ID,CANTIDAD_ACTUAL,PRECIO_VENTA) VALUES (3,432,12,6.500000);

INSERT INTO ALMACEN_PRODUCTO(ALMACEN_ID,PRODUCTO_ID,CANTIDAD_ACTUAL,PRECIO_VENTA) VALUES (4,432,0,0.000000);

INSERT INTO PROVEEDOR_PRODUCTO(PROVEEDOR_ID,PRODUCTO_ID,PRECIO_COMPRA) VALUES(7,432, 5.645953);

-- ===========PRODUCTO [433]
INSERT INTO PRODUCTO(ID,MARCA_ID,LINEA_ID,NOMBRE,PRESENTACION,CONTENIDO,UNIDADES_POR_CAJA,COSTO,COSTO_VENTA,PRECIO_BASE,UNIDAD_MEDIDA,CODIGO_BARRAS,ABREBIATURA) VALUES(433,52,11,'4 Today Cepillo Dental Exhibidor','T 678',12.0,12.0,67.751437,67.751437,94.310000,'Pz','6926360986744','4 Today Cep Ex T678/12');

INSERT INTO MOVIMIENTO_HISTORICO_PRODUCTO (ALMACEN_ID,PRODUCTO_ID,FECHA,TIPO_MOVIMIENTO_ID,CANTIDAD,COSTO,PRECIO,USUARIO_ID) VALUES(1,433,now(),30,2,67.751437,94.310000,'root');
INSERT INTO ALMACEN_PRODUCTO(ALMACEN_ID,PRODUCTO_ID,CANTIDAD_ACTUAL,PRECIO_VENTA) VALUES (1,433,2,94.310000);

INSERT INTO ALMACEN_PRODUCTO(ALMACEN_ID,PRODUCTO_ID,CANTIDAD_ACTUAL,PRECIO_VENTA) VALUES (2,433,0,0.000000);

INSERT INTO ALMACEN_PRODUCTO(ALMACEN_ID,PRODUCTO_ID,CANTIDAD_ACTUAL,PRECIO_VENTA) VALUES (3,433,2,72.000000);

INSERT INTO ALMACEN_PRODUCTO(ALMACEN_ID,PRODUCTO_ID,CANTIDAD_ACTUAL,PRECIO_VENTA) VALUES (4,433,0,0.000000);

INSERT INTO PROVEEDOR_PRODUCTO(PROVEEDOR_ID,PRODUCTO_ID,PRECIO_COMPRA) VALUES(7,433, 67.751437);

-- ===========PRODUCTO [434]
INSERT INTO PRODUCTO(ID,MARCA_ID,LINEA_ID,NOMBRE,PRESENTACION,CONTENIDO,UNIDADES_POR_CAJA,COSTO,COSTO_VENTA,PRECIO_BASE,UNIDAD_MEDIDA,CODIGO_BARRAS,ABREBIATURA) VALUES(434,52,11,'4 Today Cepillo Dental','T 678',1.0,12.0,5.645953,5.645953,7.859167,'Pz','6926360986782','4 Today Cep T678 1Pz');

INSERT INTO MOVIMIENTO_HISTORICO_PRODUCTO (ALMACEN_ID,PRODUCTO_ID,FECHA,TIPO_MOVIMIENTO_ID,CANTIDAD,COSTO,PRECIO,USUARIO_ID) VALUES(1,434,now(),30,12,5.645953,7.859167,'root');
INSERT INTO ALMACEN_PRODUCTO(ALMACEN_ID,PRODUCTO_ID,CANTIDAD_ACTUAL,PRECIO_VENTA) VALUES (1,434,12,7.859167);

INSERT INTO ALMACEN_PRODUCTO(ALMACEN_ID,PRODUCTO_ID,CANTIDAD_ACTUAL,PRECIO_VENTA) VALUES (2,434,0,0.000000);

INSERT INTO ALMACEN_PRODUCTO(ALMACEN_ID,PRODUCTO_ID,CANTIDAD_ACTUAL,PRECIO_VENTA) VALUES (3,434,12,6.500000);

INSERT INTO ALMACEN_PRODUCTO(ALMACEN_ID,PRODUCTO_ID,CANTIDAD_ACTUAL,PRECIO_VENTA) VALUES (4,434,0,0.000000);

INSERT INTO PROVEEDOR_PRODUCTO(PROVEEDOR_ID,PRODUCTO_ID,PRECIO_COMPRA) VALUES(7,434, 5.645953);

-- ===========PRODUCTO [435]
INSERT INTO PRODUCTO(ID,MARCA_ID,LINEA_ID,NOMBRE,PRESENTACION,CONTENIDO,UNIDADES_POR_CAJA,COSTO,COSTO_VENTA,PRECIO_BASE,UNIDAD_MEDIDA,CODIGO_BARRAS,ABREBIATURA) VALUES(435,52,11,'4 Today Cepillo Dental','T 679',1.0,12.0,5.645953,5.645953,7.859167,'Pz','6926360986799','4 Today Cep T679 1Pz');

INSERT INTO MOVIMIENTO_HISTORICO_PRODUCTO (ALMACEN_ID,PRODUCTO_ID,FECHA,TIPO_MOVIMIENTO_ID,CANTIDAD,COSTO,PRECIO,USUARIO_ID) VALUES(1,435,now(),30,12,5.645953,7.859167,'root');
INSERT INTO ALMACEN_PRODUCTO(ALMACEN_ID,PRODUCTO_ID,CANTIDAD_ACTUAL,PRECIO_VENTA) VALUES (1,435,12,7.859167);

INSERT INTO ALMACEN_PRODUCTO(ALMACEN_ID,PRODUCTO_ID,CANTIDAD_ACTUAL,PRECIO_VENTA) VALUES (2,435,0,0.000000);

INSERT INTO ALMACEN_PRODUCTO(ALMACEN_ID,PRODUCTO_ID,CANTIDAD_ACTUAL,PRECIO_VENTA) VALUES (3,435,12,6.500000);

INSERT INTO ALMACEN_PRODUCTO(ALMACEN_ID,PRODUCTO_ID,CANTIDAD_ACTUAL,PRECIO_VENTA) VALUES (4,435,0,0.000000);

INSERT INTO PROVEEDOR_PRODUCTO(PROVEEDOR_ID,PRODUCTO_ID,PRECIO_COMPRA) VALUES(7,435, 5.645953);

-- ===========PRODUCTO [436]
INSERT INTO PRODUCTO(ID,MARCA_ID,LINEA_ID,NOMBRE,PRESENTACION,CONTENIDO,UNIDADES_POR_CAJA,COSTO,COSTO_VENTA,PRECIO_BASE,UNIDAD_MEDIDA,CODIGO_BARRAS,ABREBIATURA) VALUES(436,52,11,'4 Today Cepillo Dental Exhibidor','T 679',12.0,12.0,67.751437,67.751437,94.310000,'Pz','6926360986768','4 Today Cep Ex T679/12');

INSERT INTO MOVIMIENTO_HISTORICO_PRODUCTO (ALMACEN_ID,PRODUCTO_ID,FECHA,TIPO_MOVIMIENTO_ID,CANTIDAD,COSTO,PRECIO,USUARIO_ID) VALUES(1,436,now(),30,2,67.751437,94.310000,'root');
INSERT INTO ALMACEN_PRODUCTO(ALMACEN_ID,PRODUCTO_ID,CANTIDAD_ACTUAL,PRECIO_VENTA) VALUES (1,436,2,94.310000);

INSERT INTO ALMACEN_PRODUCTO(ALMACEN_ID,PRODUCTO_ID,CANTIDAD_ACTUAL,PRECIO_VENTA) VALUES (2,436,0,0.000000);

INSERT INTO ALMACEN_PRODUCTO(ALMACEN_ID,PRODUCTO_ID,CANTIDAD_ACTUAL,PRECIO_VENTA) VALUES (3,436,2,72.000000);

INSERT INTO ALMACEN_PRODUCTO(ALMACEN_ID,PRODUCTO_ID,CANTIDAD_ACTUAL,PRECIO_VENTA) VALUES (4,436,0,0.000000);

INSERT INTO PROVEEDOR_PRODUCTO(PROVEEDOR_ID,PRODUCTO_ID,PRECIO_COMPRA) VALUES(7,436, 67.751437);

-- ===========PRODUCTO [437]
INSERT INTO PRODUCTO(ID,MARCA_ID,LINEA_ID,NOMBRE,PRESENTACION,CONTENIDO,UNIDADES_POR_CAJA,COSTO,COSTO_VENTA,PRECIO_BASE,UNIDAD_MEDIDA,CODIGO_BARRAS,ABREBIATURA) VALUES(437,52,11,'4 Today Cepillo Dental','T 680',1.0,12.0,5.645953,5.645953,7.859167,'Pz','6926360986805','4 Today Cep T680 1Pz');

INSERT INTO MOVIMIENTO_HISTORICO_PRODUCTO (ALMACEN_ID,PRODUCTO_ID,FECHA,TIPO_MOVIMIENTO_ID,CANTIDAD,COSTO,PRECIO,USUARIO_ID) VALUES(1,437,now(),30,12,5.645953,7.859167,'root');
INSERT INTO ALMACEN_PRODUCTO(ALMACEN_ID,PRODUCTO_ID,CANTIDAD_ACTUAL,PRECIO_VENTA) VALUES (1,437,12,7.859167);

INSERT INTO ALMACEN_PRODUCTO(ALMACEN_ID,PRODUCTO_ID,CANTIDAD_ACTUAL,PRECIO_VENTA) VALUES (2,437,0,0.000000);

INSERT INTO ALMACEN_PRODUCTO(ALMACEN_ID,PRODUCTO_ID,CANTIDAD_ACTUAL,PRECIO_VENTA) VALUES (3,437,12,6.500000);

INSERT INTO ALMACEN_PRODUCTO(ALMACEN_ID,PRODUCTO_ID,CANTIDAD_ACTUAL,PRECIO_VENTA) VALUES (4,437,0,0.000000);

INSERT INTO PROVEEDOR_PRODUCTO(PROVEEDOR_ID,PRODUCTO_ID,PRECIO_COMPRA) VALUES(7,437, 5.645953);

-- ===========PRODUCTO [438]
INSERT INTO PRODUCTO(ID,MARCA_ID,LINEA_ID,NOMBRE,PRESENTACION,CONTENIDO,UNIDADES_POR_CAJA,COSTO,COSTO_VENTA,PRECIO_BASE,UNIDAD_MEDIDA,CODIGO_BARRAS,ABREBIATURA) VALUES(438,52,11,'4 Today Cepillo Dental Exhibidor','T 680',12.0,12.0,67.751437,67.751437,94.310000,'Pz','6926360986874','4 Today Cep Ex T680/12');

INSERT INTO MOVIMIENTO_HISTORICO_PRODUCTO (ALMACEN_ID,PRODUCTO_ID,FECHA,TIPO_MOVIMIENTO_ID,CANTIDAD,COSTO,PRECIO,USUARIO_ID) VALUES(1,438,now(),30,2,67.751437,94.310000,'root');
INSERT INTO ALMACEN_PRODUCTO(ALMACEN_ID,PRODUCTO_ID,CANTIDAD_ACTUAL,PRECIO_VENTA) VALUES (1,438,2,94.310000);

INSERT INTO ALMACEN_PRODUCTO(ALMACEN_ID,PRODUCTO_ID,CANTIDAD_ACTUAL,PRECIO_VENTA) VALUES (2,438,0,0.000000);

INSERT INTO ALMACEN_PRODUCTO(ALMACEN_ID,PRODUCTO_ID,CANTIDAD_ACTUAL,PRECIO_VENTA) VALUES (3,438,2,72.000000);

INSERT INTO ALMACEN_PRODUCTO(ALMACEN_ID,PRODUCTO_ID,CANTIDAD_ACTUAL,PRECIO_VENTA) VALUES (4,438,0,0.000000);

INSERT INTO PROVEEDOR_PRODUCTO(PROVEEDOR_ID,PRODUCTO_ID,PRECIO_COMPRA) VALUES(7,438, 67.751437);

-- ===========PRODUCTO [439]
INSERT INTO PRODUCTO(ID,MARCA_ID,LINEA_ID,NOMBRE,PRESENTACION,CONTENIDO,UNIDADES_POR_CAJA,COSTO,COSTO_VENTA,PRECIO_BASE,UNIDAD_MEDIDA,CODIGO_BARRAS,ABREBIATURA) VALUES(439,52,11,'4 Today Cepillo Dental Exhibidor','T 683',12.0,12.0,67.751437,67.751437,94.310000,'Pz','6926360986898','4 Today Cep Ex T683/12');

INSERT INTO MOVIMIENTO_HISTORICO_PRODUCTO (ALMACEN_ID,PRODUCTO_ID,FECHA,TIPO_MOVIMIENTO_ID,CANTIDAD,COSTO,PRECIO,USUARIO_ID) VALUES(1,439,now(),30,2,67.751437,94.310000,'root');
INSERT INTO ALMACEN_PRODUCTO(ALMACEN_ID,PRODUCTO_ID,CANTIDAD_ACTUAL,PRECIO_VENTA) VALUES (1,439,2,94.310000);

INSERT INTO ALMACEN_PRODUCTO(ALMACEN_ID,PRODUCTO_ID,CANTIDAD_ACTUAL,PRECIO_VENTA) VALUES (2,439,0,0.000000);

INSERT INTO ALMACEN_PRODUCTO(ALMACEN_ID,PRODUCTO_ID,CANTIDAD_ACTUAL,PRECIO_VENTA) VALUES (3,439,2,72.000000);

INSERT INTO ALMACEN_PRODUCTO(ALMACEN_ID,PRODUCTO_ID,CANTIDAD_ACTUAL,PRECIO_VENTA) VALUES (4,439,0,0.000000);

INSERT INTO PROVEEDOR_PRODUCTO(PROVEEDOR_ID,PRODUCTO_ID,PRECIO_COMPRA) VALUES(7,439, 67.751437);

-- ===========PRODUCTO [440]
INSERT INTO PRODUCTO(ID,MARCA_ID,LINEA_ID,NOMBRE,PRESENTACION,CONTENIDO,UNIDADES_POR_CAJA,COSTO,COSTO_VENTA,PRECIO_BASE,UNIDAD_MEDIDA,CODIGO_BARRAS,ABREBIATURA) VALUES(440,52,11,'4 Today Cepillo Dental','T 683',1.0,12.0,5.645953,5.645953,7.859167,'Pz','6926360986836','4 Today Cep T683 1Pz');

INSERT INTO MOVIMIENTO_HISTORICO_PRODUCTO (ALMACEN_ID,PRODUCTO_ID,FECHA,TIPO_MOVIMIENTO_ID,CANTIDAD,COSTO,PRECIO,USUARIO_ID) VALUES(1,440,now(),30,12,5.645953,7.859167,'root');
INSERT INTO ALMACEN_PRODUCTO(ALMACEN_ID,PRODUCTO_ID,CANTIDAD_ACTUAL,PRECIO_VENTA) VALUES (1,440,12,7.859167);

INSERT INTO ALMACEN_PRODUCTO(ALMACEN_ID,PRODUCTO_ID,CANTIDAD_ACTUAL,PRECIO_VENTA) VALUES (2,440,0,0.000000);

INSERT INTO ALMACEN_PRODUCTO(ALMACEN_ID,PRODUCTO_ID,CANTIDAD_ACTUAL,PRECIO_VENTA) VALUES (3,440,12,6.500000);

INSERT INTO ALMACEN_PRODUCTO(ALMACEN_ID,PRODUCTO_ID,CANTIDAD_ACTUAL,PRECIO_VENTA) VALUES (4,440,0,0.000000);

INSERT INTO PROVEEDOR_PRODUCTO(PROVEEDOR_ID,PRODUCTO_ID,PRECIO_COMPRA) VALUES(7,440, 5.645953);

-- ===========PRODUCTO [441]
INSERT INTO PRODUCTO(ID,MARCA_ID,LINEA_ID,NOMBRE,PRESENTACION,CONTENIDO,UNIDADES_POR_CAJA,COSTO,COSTO_VENTA,PRECIO_BASE,UNIDAD_MEDIDA,CODIGO_BARRAS,ABREBIATURA) VALUES(441,52,11,'4 Today Cepillo Dental Exhibidor','T 653',12.0,12.0,67.751437,67.751437,94.310000,'Pz','6926360986546','4 Today Cep Ex T653/12');

INSERT INTO MOVIMIENTO_HISTORICO_PRODUCTO (ALMACEN_ID,PRODUCTO_ID,FECHA,TIPO_MOVIMIENTO_ID,CANTIDAD,COSTO,PRECIO,USUARIO_ID) VALUES(1,441,now(),30,2,67.751437,94.310000,'root');
INSERT INTO ALMACEN_PRODUCTO(ALMACEN_ID,PRODUCTO_ID,CANTIDAD_ACTUAL,PRECIO_VENTA) VALUES (1,441,2,94.310000);

INSERT INTO ALMACEN_PRODUCTO(ALMACEN_ID,PRODUCTO_ID,CANTIDAD_ACTUAL,PRECIO_VENTA) VALUES (2,441,0,0.000000);

INSERT INTO ALMACEN_PRODUCTO(ALMACEN_ID,PRODUCTO_ID,CANTIDAD_ACTUAL,PRECIO_VENTA) VALUES (3,441,2,72.000000);

INSERT INTO ALMACEN_PRODUCTO(ALMACEN_ID,PRODUCTO_ID,CANTIDAD_ACTUAL,PRECIO_VENTA) VALUES (4,441,0,0.000000);

INSERT INTO PROVEEDOR_PRODUCTO(PROVEEDOR_ID,PRODUCTO_ID,PRECIO_COMPRA) VALUES(7,441, 67.751437);

-- ===========PRODUCTO [442]
INSERT INTO PRODUCTO(ID,MARCA_ID,LINEA_ID,NOMBRE,PRESENTACION,CONTENIDO,UNIDADES_POR_CAJA,COSTO,COSTO_VENTA,PRECIO_BASE,UNIDAD_MEDIDA,CODIGO_BARRAS,ABREBIATURA) VALUES(442,52,11,'4 Today Cepillo Dental Exhibidor','T 666',12.0,12.0,67.751437,67.751437,94.310000,'Pz','6926360986645','4 Today Cep Ex T666/12');

INSERT INTO MOVIMIENTO_HISTORICO_PRODUCTO (ALMACEN_ID,PRODUCTO_ID,FECHA,TIPO_MOVIMIENTO_ID,CANTIDAD,COSTO,PRECIO,USUARIO_ID) VALUES(1,442,now(),30,2,67.751437,94.310000,'root');
INSERT INTO ALMACEN_PRODUCTO(ALMACEN_ID,PRODUCTO_ID,CANTIDAD_ACTUAL,PRECIO_VENTA) VALUES (1,442,2,94.310000);

INSERT INTO ALMACEN_PRODUCTO(ALMACEN_ID,PRODUCTO_ID,CANTIDAD_ACTUAL,PRECIO_VENTA) VALUES (2,442,0,0.000000);

INSERT INTO ALMACEN_PRODUCTO(ALMACEN_ID,PRODUCTO_ID,CANTIDAD_ACTUAL,PRECIO_VENTA) VALUES (3,442,2,72.000000);

INSERT INTO ALMACEN_PRODUCTO(ALMACEN_ID,PRODUCTO_ID,CANTIDAD_ACTUAL,PRECIO_VENTA) VALUES (4,442,0,0.000000);

INSERT INTO PROVEEDOR_PRODUCTO(PROVEEDOR_ID,PRODUCTO_ID,PRECIO_COMPRA) VALUES(7,442, 67.751437);

-- ===========PRODUCTO [443]
INSERT INTO PRODUCTO(ID,MARCA_ID,LINEA_ID,NOMBRE,PRESENTACION,CONTENIDO,UNIDADES_POR_CAJA,COSTO,COSTO_VENTA,PRECIO_BASE,UNIDAD_MEDIDA,CODIGO_BARRAS,ABREBIATURA) VALUES(443,52,11,'4 Today Cepillo Dental Exhibidor','T 661',12.0,12.0,67.751437,67.751437,94.310000,'Pz','6926360987017','4 Today Cep Ex T661/12');

INSERT INTO MOVIMIENTO_HISTORICO_PRODUCTO (ALMACEN_ID,PRODUCTO_ID,FECHA,TIPO_MOVIMIENTO_ID,CANTIDAD,COSTO,PRECIO,USUARIO_ID) VALUES(1,443,now(),30,2,67.751437,94.310000,'root');
INSERT INTO ALMACEN_PRODUCTO(ALMACEN_ID,PRODUCTO_ID,CANTIDAD_ACTUAL,PRECIO_VENTA) VALUES (1,443,2,94.310000);

INSERT INTO ALMACEN_PRODUCTO(ALMACEN_ID,PRODUCTO_ID,CANTIDAD_ACTUAL,PRECIO_VENTA) VALUES (2,443,0,0.000000);

INSERT INTO ALMACEN_PRODUCTO(ALMACEN_ID,PRODUCTO_ID,CANTIDAD_ACTUAL,PRECIO_VENTA) VALUES (3,443,2,72.000000);

INSERT INTO ALMACEN_PRODUCTO(ALMACEN_ID,PRODUCTO_ID,CANTIDAD_ACTUAL,PRECIO_VENTA) VALUES (4,443,0,0.000000);

INSERT INTO PROVEEDOR_PRODUCTO(PROVEEDOR_ID,PRODUCTO_ID,PRECIO_COMPRA) VALUES(7,443, 67.751437);

-- ===========PRODUCTO [444]
INSERT INTO PRODUCTO(ID,MARCA_ID,LINEA_ID,NOMBRE,PRESENTACION,CONTENIDO,UNIDADES_POR_CAJA,COSTO,COSTO_VENTA,PRECIO_BASE,UNIDAD_MEDIDA,CODIGO_BARRAS,ABREBIATURA) VALUES(444,52,11,'4 Today Cepillo Dental Exhibidor','T 100',12.0,12.0,67.751437,67.751437,94.310000,'Pz','6926360987055','4 Today Cep Ex T100/12');

INSERT INTO MOVIMIENTO_HISTORICO_PRODUCTO (ALMACEN_ID,PRODUCTO_ID,FECHA,TIPO_MOVIMIENTO_ID,CANTIDAD,COSTO,PRECIO,USUARIO_ID) VALUES(1,444,now(),30,2,67.751437,94.310000,'root');
INSERT INTO ALMACEN_PRODUCTO(ALMACEN_ID,PRODUCTO_ID,CANTIDAD_ACTUAL,PRECIO_VENTA) VALUES (1,444,2,94.310000);

INSERT INTO ALMACEN_PRODUCTO(ALMACEN_ID,PRODUCTO_ID,CANTIDAD_ACTUAL,PRECIO_VENTA) VALUES (2,444,0,0.000000);

INSERT INTO ALMACEN_PRODUCTO(ALMACEN_ID,PRODUCTO_ID,CANTIDAD_ACTUAL,PRECIO_VENTA) VALUES (3,444,2,72.000000);

INSERT INTO ALMACEN_PRODUCTO(ALMACEN_ID,PRODUCTO_ID,CANTIDAD_ACTUAL,PRECIO_VENTA) VALUES (4,444,0,0.000000);

INSERT INTO PROVEEDOR_PRODUCTO(PROVEEDOR_ID,PRODUCTO_ID,PRECIO_COMPRA) VALUES(7,444, 67.751437);

-- ===========PRODUCTO [445]
INSERT INTO PRODUCTO(ID,MARCA_ID,LINEA_ID,NOMBRE,PRESENTACION,CONTENIDO,UNIDADES_POR_CAJA,COSTO,COSTO_VENTA,PRECIO_BASE,UNIDAD_MEDIDA,CODIGO_BARRAS,ABREBIATURA) VALUES(445,52,11,'4 Today Cepillo Dental','T 653',1.0,12.0,5.645953,5.645953,7.859167,'Pz','6926360986539','4 Today Cep T653 1Pz');

INSERT INTO MOVIMIENTO_HISTORICO_PRODUCTO (ALMACEN_ID,PRODUCTO_ID,FECHA,TIPO_MOVIMIENTO_ID,CANTIDAD,COSTO,PRECIO,USUARIO_ID) VALUES(1,445,now(),30,12,5.645953,7.859167,'root');
INSERT INTO ALMACEN_PRODUCTO(ALMACEN_ID,PRODUCTO_ID,CANTIDAD_ACTUAL,PRECIO_VENTA) VALUES (1,445,12,7.859167);

INSERT INTO ALMACEN_PRODUCTO(ALMACEN_ID,PRODUCTO_ID,CANTIDAD_ACTUAL,PRECIO_VENTA) VALUES (2,445,0,0.000000);

INSERT INTO ALMACEN_PRODUCTO(ALMACEN_ID,PRODUCTO_ID,CANTIDAD_ACTUAL,PRECIO_VENTA) VALUES (3,445,12,6.500000);

INSERT INTO ALMACEN_PRODUCTO(ALMACEN_ID,PRODUCTO_ID,CANTIDAD_ACTUAL,PRECIO_VENTA) VALUES (4,445,0,0.000000);

INSERT INTO PROVEEDOR_PRODUCTO(PROVEEDOR_ID,PRODUCTO_ID,PRECIO_COMPRA) VALUES(7,445, 5.645953);

-- ===========PRODUCTO [446]
INSERT INTO PRODUCTO(ID,MARCA_ID,LINEA_ID,NOMBRE,PRESENTACION,CONTENIDO,UNIDADES_POR_CAJA,COSTO,COSTO_VENTA,PRECIO_BASE,UNIDAD_MEDIDA,CODIGO_BARRAS,ABREBIATURA) VALUES(446,52,11,'4 Today Cepillo Dental','T 666',1.0,12.0,5.645953,5.645953,7.859167,'Pz','6926360986669','4 Today Cep T666 1Pz');

INSERT INTO MOVIMIENTO_HISTORICO_PRODUCTO (ALMACEN_ID,PRODUCTO_ID,FECHA,TIPO_MOVIMIENTO_ID,CANTIDAD,COSTO,PRECIO,USUARIO_ID) VALUES(1,446,now(),30,12,5.645953,7.859167,'root');
INSERT INTO ALMACEN_PRODUCTO(ALMACEN_ID,PRODUCTO_ID,CANTIDAD_ACTUAL,PRECIO_VENTA) VALUES (1,446,12,7.859167);

INSERT INTO ALMACEN_PRODUCTO(ALMACEN_ID,PRODUCTO_ID,CANTIDAD_ACTUAL,PRECIO_VENTA) VALUES (2,446,0,0.000000);

INSERT INTO ALMACEN_PRODUCTO(ALMACEN_ID,PRODUCTO_ID,CANTIDAD_ACTUAL,PRECIO_VENTA) VALUES (3,446,12,6.500000);

INSERT INTO ALMACEN_PRODUCTO(ALMACEN_ID,PRODUCTO_ID,CANTIDAD_ACTUAL,PRECIO_VENTA) VALUES (4,446,0,0.000000);

INSERT INTO PROVEEDOR_PRODUCTO(PROVEEDOR_ID,PRODUCTO_ID,PRECIO_COMPRA) VALUES(7,446, 5.645953);

-- ===========PRODUCTO [447]
INSERT INTO PRODUCTO(ID,MARCA_ID,LINEA_ID,NOMBRE,PRESENTACION,CONTENIDO,UNIDADES_POR_CAJA,COSTO,COSTO_VENTA,PRECIO_BASE,UNIDAD_MEDIDA,CODIGO_BARRAS,ABREBIATURA) VALUES(447,52,11,'4 Today Cepillo Dental','T 661',1.0,12.0,5.645953,5.645953,7.859167,'Pz','6926360986614','4 Today Cep T661 1Pz');

INSERT INTO MOVIMIENTO_HISTORICO_PRODUCTO (ALMACEN_ID,PRODUCTO_ID,FECHA,TIPO_MOVIMIENTO_ID,CANTIDAD,COSTO,PRECIO,USUARIO_ID) VALUES(1,447,now(),30,12,5.645953,7.859167,'root');
INSERT INTO ALMACEN_PRODUCTO(ALMACEN_ID,PRODUCTO_ID,CANTIDAD_ACTUAL,PRECIO_VENTA) VALUES (1,447,12,7.859167);

INSERT INTO ALMACEN_PRODUCTO(ALMACEN_ID,PRODUCTO_ID,CANTIDAD_ACTUAL,PRECIO_VENTA) VALUES (2,447,0,0.000000);

INSERT INTO ALMACEN_PRODUCTO(ALMACEN_ID,PRODUCTO_ID,CANTIDAD_ACTUAL,PRECIO_VENTA) VALUES (3,447,12,6.500000);

INSERT INTO ALMACEN_PRODUCTO(ALMACEN_ID,PRODUCTO_ID,CANTIDAD_ACTUAL,PRECIO_VENTA) VALUES (4,447,0,0.000000);

INSERT INTO PROVEEDOR_PRODUCTO(PROVEEDOR_ID,PRODUCTO_ID,PRECIO_COMPRA) VALUES(7,447, 5.645953);

-- ===========PRODUCTO [448]
INSERT INTO PRODUCTO(ID,MARCA_ID,LINEA_ID,NOMBRE,PRESENTACION,CONTENIDO,UNIDADES_POR_CAJA,COSTO,COSTO_VENTA,PRECIO_BASE,UNIDAD_MEDIDA,CODIGO_BARRAS,ABREBIATURA) VALUES(448,52,11,'4 Today Cepillo Dental','T 100',1.0,12.0,5.645953,5.645953,7.859167,'Pz','6926360981008','4 Today Cep T100 1Pz');

INSERT INTO MOVIMIENTO_HISTORICO_PRODUCTO (ALMACEN_ID,PRODUCTO_ID,FECHA,TIPO_MOVIMIENTO_ID,CANTIDAD,COSTO,PRECIO,USUARIO_ID) VALUES(1,448,now(),30,12,5.645953,7.859167,'root');
INSERT INTO ALMACEN_PRODUCTO(ALMACEN_ID,PRODUCTO_ID,CANTIDAD_ACTUAL,PRECIO_VENTA) VALUES (1,448,12,7.859167);

INSERT INTO ALMACEN_PRODUCTO(ALMACEN_ID,PRODUCTO_ID,CANTIDAD_ACTUAL,PRECIO_VENTA) VALUES (2,448,0,0.000000);

INSERT INTO ALMACEN_PRODUCTO(ALMACEN_ID,PRODUCTO_ID,CANTIDAD_ACTUAL,PRECIO_VENTA) VALUES (3,448,12,6.500000);

INSERT INTO ALMACEN_PRODUCTO(ALMACEN_ID,PRODUCTO_ID,CANTIDAD_ACTUAL,PRECIO_VENTA) VALUES (4,448,0,0.000000);

INSERT INTO PROVEEDOR_PRODUCTO(PROVEEDOR_ID,PRODUCTO_ID,PRECIO_COMPRA) VALUES(7,448, 5.645953);

-- ===========PRODUCTO [449]
INSERT INTO PRODUCTO(ID,MARCA_ID,LINEA_ID,NOMBRE,PRESENTACION,CONTENIDO,UNIDADES_POR_CAJA,COSTO,COSTO_VENTA,PRECIO_BASE,UNIDAD_MEDIDA,CODIGO_BARRAS,ABREBIATURA) VALUES(449,35,11,'Colgate Pasta Dental','Total Clean Mint',50.0,144.0,0.000000,0.000000,0.000000,'ML','7509546007083','Colgate Total Cl 50ml');

INSERT INTO MOVIMIENTO_HISTORICO_PRODUCTO (ALMACEN_ID,PRODUCTO_ID,FECHA,TIPO_MOVIMIENTO_ID,CANTIDAD,COSTO,PRECIO,USUARIO_ID) VALUES(1,449,now(),30,144,0.000000,0.000000,'root');
INSERT INTO ALMACEN_PRODUCTO(ALMACEN_ID,PRODUCTO_ID,CANTIDAD_ACTUAL,PRECIO_VENTA) VALUES (1,449,144,0.000000);

INSERT INTO ALMACEN_PRODUCTO(ALMACEN_ID,PRODUCTO_ID,CANTIDAD_ACTUAL,PRECIO_VENTA) VALUES (2,449,11,5.000000);

INSERT INTO ALMACEN_PRODUCTO(ALMACEN_ID,PRODUCTO_ID,CANTIDAD_ACTUAL,PRECIO_VENTA) VALUES (3,449,144,0.000000);

INSERT INTO ALMACEN_PRODUCTO(ALMACEN_ID,PRODUCTO_ID,CANTIDAD_ACTUAL,PRECIO_VENTA) VALUES (4,449,11,5.000000);

INSERT INTO PROVEEDOR_PRODUCTO(PROVEEDOR_ID,PRODUCTO_ID,PRECIO_COMPRA) VALUES(6,449, 0.000000);

-- ===========PRODUCTO [450]
INSERT INTO PRODUCTO(ID,MARCA_ID,LINEA_ID,NOMBRE,PRESENTACION,CONTENIDO,UNIDADES_POR_CAJA,COSTO,COSTO_VENTA,PRECIO_BASE,UNIDAD_MEDIDA,CODIGO_BARRAS,ABREBIATURA) VALUES(450,35,11,'Colgate Cepillo Pack','Luminous White',2.0,12.0,0.000000,0.000000,0.000000,'PZ','7509546055152','Colgat Cep Lumin 2Pz');

INSERT INTO MOVIMIENTO_HISTORICO_PRODUCTO (ALMACEN_ID,PRODUCTO_ID,FECHA,TIPO_MOVIMIENTO_ID,CANTIDAD,COSTO,PRECIO,USUARIO_ID) VALUES(1,450,now(),30,12,0.000000,0.000000,'root');
INSERT INTO ALMACEN_PRODUCTO(ALMACEN_ID,PRODUCTO_ID,CANTIDAD_ACTUAL,PRECIO_VENTA) VALUES (1,450,12,0.000000);

INSERT INTO ALMACEN_PRODUCTO(ALMACEN_ID,PRODUCTO_ID,CANTIDAD_ACTUAL,PRECIO_VENTA) VALUES (2,450,0,0.000000);

INSERT INTO ALMACEN_PRODUCTO(ALMACEN_ID,PRODUCTO_ID,CANTIDAD_ACTUAL,PRECIO_VENTA) VALUES (3,450,12,0.000000);

INSERT INTO ALMACEN_PRODUCTO(ALMACEN_ID,PRODUCTO_ID,CANTIDAD_ACTUAL,PRECIO_VENTA) VALUES (4,450,0,0.000000);

INSERT INTO PROVEEDOR_PRODUCTO(PROVEEDOR_ID,PRODUCTO_ID,PRECIO_COMPRA) VALUES(6,450, 0.000000);

-- ===========PRODUCTO [451]
INSERT INTO PRODUCTO(ID,MARCA_ID,LINEA_ID,NOMBRE,PRESENTACION,CONTENIDO,UNIDADES_POR_CAJA,COSTO,COSTO_VENTA,PRECIO_BASE,UNIDAD_MEDIDA,CODIGO_BARRAS,ABREBIATURA) VALUES(451,35,11,'Colgate Pasta Dental Paquete 100ml','Triple Accion',3.0,24.0,0.000000,0.000000,0.000000,'Pz','7702010611278','Colgat Pack Tripl 3-100');

INSERT INTO MOVIMIENTO_HISTORICO_PRODUCTO (ALMACEN_ID,PRODUCTO_ID,FECHA,TIPO_MOVIMIENTO_ID,CANTIDAD,COSTO,PRECIO,USUARIO_ID) VALUES(1,451,now(),30,24,0.000000,0.000000,'root');
INSERT INTO ALMACEN_PRODUCTO(ALMACEN_ID,PRODUCTO_ID,CANTIDAD_ACTUAL,PRECIO_VENTA) VALUES (1,451,24,0.000000);

INSERT INTO ALMACEN_PRODUCTO(ALMACEN_ID,PRODUCTO_ID,CANTIDAD_ACTUAL,PRECIO_VENTA) VALUES (2,451,0,0.000000);

INSERT INTO ALMACEN_PRODUCTO(ALMACEN_ID,PRODUCTO_ID,CANTIDAD_ACTUAL,PRECIO_VENTA) VALUES (3,451,24,0.000000);

INSERT INTO ALMACEN_PRODUCTO(ALMACEN_ID,PRODUCTO_ID,CANTIDAD_ACTUAL,PRECIO_VENTA) VALUES (4,451,0,0.000000);

INSERT INTO PROVEEDOR_PRODUCTO(PROVEEDOR_ID,PRODUCTO_ID,PRECIO_COMPRA) VALUES(6,451, 0.000000);

-- ===========PRODUCTO [452]
INSERT INTO PRODUCTO(ID,MARCA_ID,LINEA_ID,NOMBRE,PRESENTACION,CONTENIDO,UNIDADES_POR_CAJA,COSTO,COSTO_VENTA,PRECIO_BASE,UNIDAD_MEDIDA,CODIGO_BARRAS,ABREBIATURA) VALUES(452,22,13,'Loreal Revitalift','Doble Lifting',30.0,6.0,0.000000,0.000000,0.000000,'ML','3600520625072','Lore Revit Db Liftin 30m');

INSERT INTO MOVIMIENTO_HISTORICO_PRODUCTO (ALMACEN_ID,PRODUCTO_ID,FECHA,TIPO_MOVIMIENTO_ID,CANTIDAD,COSTO,PRECIO,USUARIO_ID) VALUES(1,452,now(),30,6,0.000000,0.000000,'root');
INSERT INTO ALMACEN_PRODUCTO(ALMACEN_ID,PRODUCTO_ID,CANTIDAD_ACTUAL,PRECIO_VENTA) VALUES (1,452,6,0.000000);

INSERT INTO ALMACEN_PRODUCTO(ALMACEN_ID,PRODUCTO_ID,CANTIDAD_ACTUAL,PRECIO_VENTA) VALUES (2,452,0,0.000000);

INSERT INTO ALMACEN_PRODUCTO(ALMACEN_ID,PRODUCTO_ID,CANTIDAD_ACTUAL,PRECIO_VENTA) VALUES (3,452,6,0.000000);

INSERT INTO ALMACEN_PRODUCTO(ALMACEN_ID,PRODUCTO_ID,CANTIDAD_ACTUAL,PRECIO_VENTA) VALUES (4,452,0,0.000000);

INSERT INTO PROVEEDOR_PRODUCTO(PROVEEDOR_ID,PRODUCTO_ID,PRECIO_COMPRA) VALUES(13,452, 0.000000);

-- ===========PRODUCTO [453]
INSERT INTO PRODUCTO(ID,MARCA_ID,LINEA_ID,NOMBRE,PRESENTACION,CONTENIDO,UNIDADES_POR_CAJA,COSTO,COSTO_VENTA,PRECIO_BASE,UNIDAD_MEDIDA,CODIGO_BARRAS,ABREBIATURA) VALUES(453,22,13,'Loreal Desmaquillante','Demaq Expert',100.0,6.0,0.000000,0.000000,0.000000,'ML','3600521113370','Lore Desm derm Exp 100');

INSERT INTO MOVIMIENTO_HISTORICO_PRODUCTO (ALMACEN_ID,PRODUCTO_ID,FECHA,TIPO_MOVIMIENTO_ID,CANTIDAD,COSTO,PRECIO,USUARIO_ID) VALUES(1,453,now(),30,6,0.000000,0.000000,'root');
INSERT INTO ALMACEN_PRODUCTO(ALMACEN_ID,PRODUCTO_ID,CANTIDAD_ACTUAL,PRECIO_VENTA) VALUES (1,453,6,0.000000);

INSERT INTO ALMACEN_PRODUCTO(ALMACEN_ID,PRODUCTO_ID,CANTIDAD_ACTUAL,PRECIO_VENTA) VALUES (2,453,0,0.000000);

INSERT INTO ALMACEN_PRODUCTO(ALMACEN_ID,PRODUCTO_ID,CANTIDAD_ACTUAL,PRECIO_VENTA) VALUES (3,453,6,0.000000);

INSERT INTO ALMACEN_PRODUCTO(ALMACEN_ID,PRODUCTO_ID,CANTIDAD_ACTUAL,PRECIO_VENTA) VALUES (4,453,0,0.000000);

INSERT INTO PROVEEDOR_PRODUCTO(PROVEEDOR_ID,PRODUCTO_ID,PRECIO_COMPRA) VALUES(13,453, 0.000000);

-- ===========PRODUCTO [454]
INSERT INTO PRODUCTO(ID,MARCA_ID,LINEA_ID,NOMBRE,PRESENTACION,CONTENIDO,UNIDADES_POR_CAJA,COSTO,COSTO_VENTA,PRECIO_BASE,UNIDAD_MEDIDA,CODIGO_BARRAS,ABREBIATURA) VALUES(454,35,11,'Colgate Kit Portatil Cepillo + Pasta 22ml','Maxima Proteccion Anticaries',2.0,12.0,0.000000,0.000000,0.000000,'PZ','7509546052885','Colgte Kit Cep/Past 22m');

INSERT INTO MOVIMIENTO_HISTORICO_PRODUCTO (ALMACEN_ID,PRODUCTO_ID,FECHA,TIPO_MOVIMIENTO_ID,CANTIDAD,COSTO,PRECIO,USUARIO_ID) VALUES(1,454,now(),30,12,0.000000,0.000000,'root');
INSERT INTO ALMACEN_PRODUCTO(ALMACEN_ID,PRODUCTO_ID,CANTIDAD_ACTUAL,PRECIO_VENTA) VALUES (1,454,12,0.000000);

INSERT INTO ALMACEN_PRODUCTO(ALMACEN_ID,PRODUCTO_ID,CANTIDAD_ACTUAL,PRECIO_VENTA) VALUES (2,454,0,0.000000);

INSERT INTO ALMACEN_PRODUCTO(ALMACEN_ID,PRODUCTO_ID,CANTIDAD_ACTUAL,PRECIO_VENTA) VALUES (3,454,12,0.000000);

INSERT INTO ALMACEN_PRODUCTO(ALMACEN_ID,PRODUCTO_ID,CANTIDAD_ACTUAL,PRECIO_VENTA) VALUES (4,454,0,0.000000);

INSERT INTO PROVEEDOR_PRODUCTO(PROVEEDOR_ID,PRODUCTO_ID,PRECIO_COMPRA) VALUES(6,454, 0.000000);

-- ===========PRODUCTO [455]
INSERT INTO PRODUCTO(ID,MARCA_ID,LINEA_ID,NOMBRE,PRESENTACION,CONTENIDO,UNIDADES_POR_CAJA,COSTO,COSTO_VENTA,PRECIO_BASE,UNIDAD_MEDIDA,CODIGO_BARRAS,ABREBIATURA) VALUES(455,35,11,'Colgate Cepillo Dental','Extra Clean Suave',1.0,72.0,0.000000,0.000000,0.000000,'PZ','7501056237891','Colgte Cep Ext Cl Sve 1Pz');

INSERT INTO MOVIMIENTO_HISTORICO_PRODUCTO (ALMACEN_ID,PRODUCTO_ID,FECHA,TIPO_MOVIMIENTO_ID,CANTIDAD,COSTO,PRECIO,USUARIO_ID) VALUES(1,455,now(),30,79,0.000000,0.000000,'root');
INSERT INTO ALMACEN_PRODUCTO(ALMACEN_ID,PRODUCTO_ID,CANTIDAD_ACTUAL,PRECIO_VENTA) VALUES (1,455,79,0.000000);

INSERT INTO ALMACEN_PRODUCTO(ALMACEN_ID,PRODUCTO_ID,CANTIDAD_ACTUAL,PRECIO_VENTA) VALUES (2,455,0,0.000000);

INSERT INTO ALMACEN_PRODUCTO(ALMACEN_ID,PRODUCTO_ID,CANTIDAD_ACTUAL,PRECIO_VENTA) VALUES (3,455,79,0.000000);

INSERT INTO ALMACEN_PRODUCTO(ALMACEN_ID,PRODUCTO_ID,CANTIDAD_ACTUAL,PRECIO_VENTA) VALUES (4,455,0,0.000000);

INSERT INTO PROVEEDOR_PRODUCTO(PROVEEDOR_ID,PRODUCTO_ID,PRECIO_COMPRA) VALUES(6,455, 0.000000);

-- ===========PRODUCTO [456]
INSERT INTO PRODUCTO(ID,MARCA_ID,LINEA_ID,NOMBRE,PRESENTACION,CONTENIDO,UNIDADES_POR_CAJA,COSTO,COSTO_VENTA,PRECIO_BASE,UNIDAD_MEDIDA,CODIGO_BARRAS,ABREBIATURA) VALUES(456,1,1,'Jovan Colonia Atomizador Caballero','Musk For Men',11.0,12.0,0.000000,0.000000,0.000000,'ML','7501023187612','Jovan Col Musk 11ml');

INSERT INTO MOVIMIENTO_HISTORICO_PRODUCTO (ALMACEN_ID,PRODUCTO_ID,FECHA,TIPO_MOVIMIENTO_ID,CANTIDAD,COSTO,PRECIO,USUARIO_ID) VALUES(1,456,now(),30,7,0.000000,0.000000,'root');
INSERT INTO ALMACEN_PRODUCTO(ALMACEN_ID,PRODUCTO_ID,CANTIDAD_ACTUAL,PRECIO_VENTA) VALUES (1,456,7,0.000000);

INSERT INTO ALMACEN_PRODUCTO(ALMACEN_ID,PRODUCTO_ID,CANTIDAD_ACTUAL,PRECIO_VENTA) VALUES (2,456,0,0.000000);

INSERT INTO ALMACEN_PRODUCTO(ALMACEN_ID,PRODUCTO_ID,CANTIDAD_ACTUAL,PRECIO_VENTA) VALUES (3,456,7,0.000000);

INSERT INTO ALMACEN_PRODUCTO(ALMACEN_ID,PRODUCTO_ID,CANTIDAD_ACTUAL,PRECIO_VENTA) VALUES (4,456,0,0.000000);

INSERT INTO PROVEEDOR_PRODUCTO(PROVEEDOR_ID,PRODUCTO_ID,PRECIO_COMPRA) VALUES(13,456, 0.000000);

-- ===========PRODUCTO [457]
INSERT INTO PRODUCTO(ID,MARCA_ID,LINEA_ID,NOMBRE,PRESENTACION,CONTENIDO,UNIDADES_POR_CAJA,COSTO,COSTO_VENTA,PRECIO_BASE,UNIDAD_MEDIDA,CODIGO_BARRAS,ABREBIATURA) VALUES(457,35,11,'Colgate Pasta Dental','Sensitive Pro Alivio',35.0,24.0,0.000000,0.000000,0.000000,'ML','7891024123577','Colgte Pro Alivio 35ml');

INSERT INTO MOVIMIENTO_HISTORICO_PRODUCTO (ALMACEN_ID,PRODUCTO_ID,FECHA,TIPO_MOVIMIENTO_ID,CANTIDAD,COSTO,PRECIO,USUARIO_ID) VALUES(1,457,now(),30,24,0.000000,0.000000,'root');
INSERT INTO ALMACEN_PRODUCTO(ALMACEN_ID,PRODUCTO_ID,CANTIDAD_ACTUAL,PRECIO_VENTA) VALUES (1,457,24,0.000000);

INSERT INTO ALMACEN_PRODUCTO(ALMACEN_ID,PRODUCTO_ID,CANTIDAD_ACTUAL,PRECIO_VENTA) VALUES (2,457,0,0.000000);

INSERT INTO ALMACEN_PRODUCTO(ALMACEN_ID,PRODUCTO_ID,CANTIDAD_ACTUAL,PRECIO_VENTA) VALUES (3,457,24,0.000000);

INSERT INTO ALMACEN_PRODUCTO(ALMACEN_ID,PRODUCTO_ID,CANTIDAD_ACTUAL,PRECIO_VENTA) VALUES (4,457,0,0.000000);

INSERT INTO PROVEEDOR_PRODUCTO(PROVEEDOR_ID,PRODUCTO_ID,PRECIO_COMPRA) VALUES(6,457, 0.000000);

-- ===========PRODUCTO [458]
INSERT INTO PRODUCTO(ID,MARCA_ID,LINEA_ID,NOMBRE,PRESENTACION,CONTENIDO,UNIDADES_POR_CAJA,COSTO,COSTO_VENTA,PRECIO_BASE,UNIDAD_MEDIDA,CODIGO_BARRAS,ABREBIATURA) VALUES(458,20,11,'Colgate Plax Enjuague Bucal','Luminous White',60.0,72.0,0.000000,0.000000,0.000000,'ML','7891024179413','Plax Luminuos 60ml');

INSERT INTO MOVIMIENTO_HISTORICO_PRODUCTO (ALMACEN_ID,PRODUCTO_ID,FECHA,TIPO_MOVIMIENTO_ID,CANTIDAD,COSTO,PRECIO,USUARIO_ID) VALUES(1,458,now(),30,18,0.000000,0.000000,'root');
INSERT INTO ALMACEN_PRODUCTO(ALMACEN_ID,PRODUCTO_ID,CANTIDAD_ACTUAL,PRECIO_VENTA) VALUES (1,458,18,0.000000);

INSERT INTO ALMACEN_PRODUCTO(ALMACEN_ID,PRODUCTO_ID,CANTIDAD_ACTUAL,PRECIO_VENTA) VALUES (2,458,0,0.000000);

INSERT INTO ALMACEN_PRODUCTO(ALMACEN_ID,PRODUCTO_ID,CANTIDAD_ACTUAL,PRECIO_VENTA) VALUES (3,458,18,0.000000);

INSERT INTO ALMACEN_PRODUCTO(ALMACEN_ID,PRODUCTO_ID,CANTIDAD_ACTUAL,PRECIO_VENTA) VALUES (4,458,0,0.000000);

INSERT INTO PROVEEDOR_PRODUCTO(PROVEEDOR_ID,PRODUCTO_ID,PRECIO_COMPRA) VALUES(6,458, 0.000000);

-- ===========PRODUCTO [459]
INSERT INTO PRODUCTO(ID,MARCA_ID,LINEA_ID,NOMBRE,PRESENTACION,CONTENIDO,UNIDADES_POR_CAJA,COSTO,COSTO_VENTA,PRECIO_BASE,UNIDAD_MEDIDA,CODIGO_BARRAS,ABREBIATURA) VALUES(459,20,11,'Colgate Plax Enjuague Bucal','Sin Alcohol',60.0,72.0,0.000000,0.000000,0.000000,'ML','7891024180051','Plax Sin Alcohol 60ml');

INSERT INTO MOVIMIENTO_HISTORICO_PRODUCTO (ALMACEN_ID,PRODUCTO_ID,FECHA,TIPO_MOVIMIENTO_ID,CANTIDAD,COSTO,PRECIO,USUARIO_ID) VALUES(1,459,now(),30,18,0.000000,0.000000,'root');
INSERT INTO ALMACEN_PRODUCTO(ALMACEN_ID,PRODUCTO_ID,CANTIDAD_ACTUAL,PRECIO_VENTA) VALUES (1,459,18,0.000000);

INSERT INTO ALMACEN_PRODUCTO(ALMACEN_ID,PRODUCTO_ID,CANTIDAD_ACTUAL,PRECIO_VENTA) VALUES (2,459,0,0.000000);

INSERT INTO ALMACEN_PRODUCTO(ALMACEN_ID,PRODUCTO_ID,CANTIDAD_ACTUAL,PRECIO_VENTA) VALUES (3,459,18,0.000000);

INSERT INTO ALMACEN_PRODUCTO(ALMACEN_ID,PRODUCTO_ID,CANTIDAD_ACTUAL,PRECIO_VENTA) VALUES (4,459,0,0.000000);

INSERT INTO PROVEEDOR_PRODUCTO(PROVEEDOR_ID,PRODUCTO_ID,PRECIO_COMPRA) VALUES(6,459, 0.000000);

-- ===========PRODUCTO [460]
INSERT INTO PRODUCTO(ID,MARCA_ID,LINEA_ID,NOMBRE,PRESENTACION,CONTENIDO,UNIDADES_POR_CAJA,COSTO,COSTO_VENTA,PRECIO_BASE,UNIDAD_MEDIDA,CODIGO_BARRAS,ABREBIATURA) VALUES(460,36,2,'Caprice Fixion Gel Fijador','Fijacion Extrema',400.0,18.0,0.000000,0.000000,0.000000,'G','7509546019642','Fixion Capric Gel 400g');

INSERT INTO MOVIMIENTO_HISTORICO_PRODUCTO (ALMACEN_ID,PRODUCTO_ID,FECHA,TIPO_MOVIMIENTO_ID,CANTIDAD,COSTO,PRECIO,USUARIO_ID) VALUES(1,460,now(),30,18,0.000000,0.000000,'root');
INSERT INTO ALMACEN_PRODUCTO(ALMACEN_ID,PRODUCTO_ID,CANTIDAD_ACTUAL,PRECIO_VENTA) VALUES (1,460,18,0.000000);

INSERT INTO ALMACEN_PRODUCTO(ALMACEN_ID,PRODUCTO_ID,CANTIDAD_ACTUAL,PRECIO_VENTA) VALUES (2,460,0,0.000000);

INSERT INTO ALMACEN_PRODUCTO(ALMACEN_ID,PRODUCTO_ID,CANTIDAD_ACTUAL,PRECIO_VENTA) VALUES (3,460,18,0.000000);

INSERT INTO ALMACEN_PRODUCTO(ALMACEN_ID,PRODUCTO_ID,CANTIDAD_ACTUAL,PRECIO_VENTA) VALUES (4,460,0,0.000000);

INSERT INTO PROVEEDOR_PRODUCTO(PROVEEDOR_ID,PRODUCTO_ID,PRECIO_COMPRA) VALUES(6,460, 0.000000);

-- ===========PRODUCTO [461]
INSERT INTO PRODUCTO(ID,MARCA_ID,LINEA_ID,NOMBRE,PRESENTACION,CONTENIDO,UNIDADES_POR_CAJA,COSTO,COSTO_VENTA,PRECIO_BASE,UNIDAD_MEDIDA,CODIGO_BARRAS,ABREBIATURA) VALUES(461,53,2,'Natural Gloss Silica + Crema + Cr Peinar 120ml','Almendras y Miel',3.0,12.0,0.000000,0.000000,0.000000,'Pz','7502245720239','Nat Gloss Pck Alm 3Pz');

INSERT INTO MOVIMIENTO_HISTORICO_PRODUCTO (ALMACEN_ID,PRODUCTO_ID,FECHA,TIPO_MOVIMIENTO_ID,CANTIDAD,COSTO,PRECIO,USUARIO_ID) VALUES(1,461,now(),30,12,0.000000,0.000000,'root');
INSERT INTO ALMACEN_PRODUCTO(ALMACEN_ID,PRODUCTO_ID,CANTIDAD_ACTUAL,PRECIO_VENTA) VALUES (1,461,12,0.000000);

INSERT INTO ALMACEN_PRODUCTO(ALMACEN_ID,PRODUCTO_ID,CANTIDAD_ACTUAL,PRECIO_VENTA) VALUES (2,461,0,0.000000);

INSERT INTO ALMACEN_PRODUCTO(ALMACEN_ID,PRODUCTO_ID,CANTIDAD_ACTUAL,PRECIO_VENTA) VALUES (3,461,12,0.000000);

INSERT INTO ALMACEN_PRODUCTO(ALMACEN_ID,PRODUCTO_ID,CANTIDAD_ACTUAL,PRECIO_VENTA) VALUES (4,461,0,0.000000);

INSERT INTO PROVEEDOR_PRODUCTO(PROVEEDOR_ID,PRODUCTO_ID,PRECIO_COMPRA) VALUES(27,461, 0.000000);

-- ===========PRODUCTO [462]
INSERT INTO PRODUCTO(ID,MARCA_ID,LINEA_ID,NOMBRE,PRESENTACION,CONTENIDO,UNIDADES_POR_CAJA,COSTO,COSTO_VENTA,PRECIO_BASE,UNIDAD_MEDIDA,CODIGO_BARRAS,ABREBIATURA) VALUES(462,53,2,'Natural Gloss Silica + Crema + Cr Peinar 120ml','Uva',3.0,12.0,0.000000,0.000000,0.000000,'Pz','7502245720253','Nat Gloss Pck Uva 3Pz');

INSERT INTO MOVIMIENTO_HISTORICO_PRODUCTO (ALMACEN_ID,PRODUCTO_ID,FECHA,TIPO_MOVIMIENTO_ID,CANTIDAD,COSTO,PRECIO,USUARIO_ID) VALUES(1,462,now(),30,12,0.000000,0.000000,'root');
INSERT INTO ALMACEN_PRODUCTO(ALMACEN_ID,PRODUCTO_ID,CANTIDAD_ACTUAL,PRECIO_VENTA) VALUES (1,462,12,0.000000);

INSERT INTO ALMACEN_PRODUCTO(ALMACEN_ID,PRODUCTO_ID,CANTIDAD_ACTUAL,PRECIO_VENTA) VALUES (2,462,0,0.000000);

INSERT INTO ALMACEN_PRODUCTO(ALMACEN_ID,PRODUCTO_ID,CANTIDAD_ACTUAL,PRECIO_VENTA) VALUES (3,462,12,0.000000);

INSERT INTO ALMACEN_PRODUCTO(ALMACEN_ID,PRODUCTO_ID,CANTIDAD_ACTUAL,PRECIO_VENTA) VALUES (4,462,0,0.000000);

INSERT INTO PROVEEDOR_PRODUCTO(PROVEEDOR_ID,PRODUCTO_ID,PRECIO_COMPRA) VALUES(27,462, 0.000000);

-- ===========PRODUCTO [463]
INSERT INTO PRODUCTO(ID,MARCA_ID,LINEA_ID,NOMBRE,PRESENTACION,CONTENIDO,UNIDADES_POR_CAJA,COSTO,COSTO_VENTA,PRECIO_BASE,UNIDAD_MEDIDA,CODIGO_BARRAS,ABREBIATURA) VALUES(463,53,2,'Natural Gloss Silica + Crema + Cr Peinar 120ml','Frutas Rojas',3.0,12.0,0.000000,0.000000,0.000000,'Pz','7502245720260','Nat Gloss Pck Fruta 3Pz');

INSERT INTO MOVIMIENTO_HISTORICO_PRODUCTO (ALMACEN_ID,PRODUCTO_ID,FECHA,TIPO_MOVIMIENTO_ID,CANTIDAD,COSTO,PRECIO,USUARIO_ID) VALUES(1,463,now(),30,12,0.000000,0.000000,'root');
INSERT INTO ALMACEN_PRODUCTO(ALMACEN_ID,PRODUCTO_ID,CANTIDAD_ACTUAL,PRECIO_VENTA) VALUES (1,463,12,0.000000);

INSERT INTO ALMACEN_PRODUCTO(ALMACEN_ID,PRODUCTO_ID,CANTIDAD_ACTUAL,PRECIO_VENTA) VALUES (2,463,0,0.000000);

INSERT INTO ALMACEN_PRODUCTO(ALMACEN_ID,PRODUCTO_ID,CANTIDAD_ACTUAL,PRECIO_VENTA) VALUES (3,463,12,0.000000);

INSERT INTO ALMACEN_PRODUCTO(ALMACEN_ID,PRODUCTO_ID,CANTIDAD_ACTUAL,PRECIO_VENTA) VALUES (4,463,0,0.000000);

INSERT INTO PROVEEDOR_PRODUCTO(PROVEEDOR_ID,PRODUCTO_ID,PRECIO_COMPRA) VALUES(27,463, 0.000000);

-- ===========PRODUCTO [464]
INSERT INTO PRODUCTO(ID,MARCA_ID,LINEA_ID,NOMBRE,PRESENTACION,CONTENIDO,UNIDADES_POR_CAJA,COSTO,COSTO_VENTA,PRECIO_BASE,UNIDAD_MEDIDA,CODIGO_BARRAS,ABREBIATURA) VALUES(464,53,2,'Natural Gloss Silica + Crema + Cr Peinar 120ml','Coco y Aloe Vera',3.0,12.0,0.000000,0.000000,0.000000,'Pz','7502245720246','Nat Gloss Pck Coco 3Pz');

INSERT INTO MOVIMIENTO_HISTORICO_PRODUCTO (ALMACEN_ID,PRODUCTO_ID,FECHA,TIPO_MOVIMIENTO_ID,CANTIDAD,COSTO,PRECIO,USUARIO_ID) VALUES(1,464,now(),30,12,0.000000,0.000000,'root');
INSERT INTO ALMACEN_PRODUCTO(ALMACEN_ID,PRODUCTO_ID,CANTIDAD_ACTUAL,PRECIO_VENTA) VALUES (1,464,12,0.000000);

INSERT INTO ALMACEN_PRODUCTO(ALMACEN_ID,PRODUCTO_ID,CANTIDAD_ACTUAL,PRECIO_VENTA) VALUES (2,464,0,0.000000);

INSERT INTO ALMACEN_PRODUCTO(ALMACEN_ID,PRODUCTO_ID,CANTIDAD_ACTUAL,PRECIO_VENTA) VALUES (3,464,12,0.000000);

INSERT INTO ALMACEN_PRODUCTO(ALMACEN_ID,PRODUCTO_ID,CANTIDAD_ACTUAL,PRECIO_VENTA) VALUES (4,464,0,0.000000);

INSERT INTO PROVEEDOR_PRODUCTO(PROVEEDOR_ID,PRODUCTO_ID,PRECIO_COMPRA) VALUES(27,464, 0.000000);

-- ===========PRODUCTO [465]
INSERT INTO PRODUCTO(ID,MARCA_ID,LINEA_ID,NOMBRE,PRESENTACION,CONTENIDO,UNIDADES_POR_CAJA,COSTO,COSTO_VENTA,PRECIO_BASE,UNIDAD_MEDIDA,CODIGO_BARRAS,ABREBIATURA) VALUES(465,54,7,'Vaselina Real Bebe','Azul',100.0,12.0,0.000000,0.000000,0.000000,'G','7501039701003','Real Vaselina Azul 100');

INSERT INTO MOVIMIENTO_HISTORICO_PRODUCTO (ALMACEN_ID,PRODUCTO_ID,FECHA,TIPO_MOVIMIENTO_ID,CANTIDAD,COSTO,PRECIO,USUARIO_ID) VALUES(1,465,now(),30,54,0.000000,0.000000,'root');
INSERT INTO ALMACEN_PRODUCTO(ALMACEN_ID,PRODUCTO_ID,CANTIDAD_ACTUAL,PRECIO_VENTA) VALUES (1,465,54,0.000000);

INSERT INTO ALMACEN_PRODUCTO(ALMACEN_ID,PRODUCTO_ID,CANTIDAD_ACTUAL,PRECIO_VENTA) VALUES (2,465,1,5.000000);

INSERT INTO ALMACEN_PRODUCTO(ALMACEN_ID,PRODUCTO_ID,CANTIDAD_ACTUAL,PRECIO_VENTA) VALUES (3,465,54,0.000000);

INSERT INTO ALMACEN_PRODUCTO(ALMACEN_ID,PRODUCTO_ID,CANTIDAD_ACTUAL,PRECIO_VENTA) VALUES (4,465,1,5.000000);

INSERT INTO PROVEEDOR_PRODUCTO(PROVEEDOR_ID,PRODUCTO_ID,PRECIO_COMPRA) VALUES(26,465, 0.000000);

-- ===========PRODUCTO [466]
INSERT INTO PRODUCTO(ID,MARCA_ID,LINEA_ID,NOMBRE,PRESENTACION,CONTENIDO,UNIDADES_POR_CAJA,COSTO,COSTO_VENTA,PRECIO_BASE,UNIDAD_MEDIDA,CODIGO_BARRAS,ABREBIATURA) VALUES(466,17,2,'Palmolive Brillantina Liquida','Aceite de Oliva',52.0,12.0,0.000000,0.000000,0.000000,'ML','75001872','Palmoliv Brillan 52ml');

INSERT INTO MOVIMIENTO_HISTORICO_PRODUCTO (ALMACEN_ID,PRODUCTO_ID,FECHA,TIPO_MOVIMIENTO_ID,CANTIDAD,COSTO,PRECIO,USUARIO_ID) VALUES(1,466,now(),30,12,0.000000,0.000000,'root');
INSERT INTO ALMACEN_PRODUCTO(ALMACEN_ID,PRODUCTO_ID,CANTIDAD_ACTUAL,PRECIO_VENTA) VALUES (1,466,12,0.000000);

INSERT INTO ALMACEN_PRODUCTO(ALMACEN_ID,PRODUCTO_ID,CANTIDAD_ACTUAL,PRECIO_VENTA) VALUES (2,466,47,6.000000);

INSERT INTO ALMACEN_PRODUCTO(ALMACEN_ID,PRODUCTO_ID,CANTIDAD_ACTUAL,PRECIO_VENTA) VALUES (3,466,12,0.000000);

INSERT INTO ALMACEN_PRODUCTO(ALMACEN_ID,PRODUCTO_ID,CANTIDAD_ACTUAL,PRECIO_VENTA) VALUES (4,466,47,6.000000);

INSERT INTO PROVEEDOR_PRODUCTO(PROVEEDOR_ID,PRODUCTO_ID,PRECIO_COMPRA) VALUES(6,466, 0.000000);

-- ===========PRODUCTO [467]
INSERT INTO PRODUCTO(ID,MARCA_ID,LINEA_ID,NOMBRE,PRESENTACION,CONTENIDO,UNIDADES_POR_CAJA,COSTO,COSTO_VENTA,PRECIO_BASE,UNIDAD_MEDIDA,CODIGO_BARRAS,ABREBIATURA) VALUES(467,17,2,'Palmolive Brillantina Liquida','Aceite de Oliva',115.0,12.0,0.000000,0.000000,0.000000,'ML','75001865','Palmoliv Brillan 115ml');

INSERT INTO MOVIMIENTO_HISTORICO_PRODUCTO (ALMACEN_ID,PRODUCTO_ID,FECHA,TIPO_MOVIMIENTO_ID,CANTIDAD,COSTO,PRECIO,USUARIO_ID) VALUES(1,467,now(),30,12,0.000000,0.000000,'root');
INSERT INTO ALMACEN_PRODUCTO(ALMACEN_ID,PRODUCTO_ID,CANTIDAD_ACTUAL,PRECIO_VENTA) VALUES (1,467,12,0.000000);

INSERT INTO ALMACEN_PRODUCTO(ALMACEN_ID,PRODUCTO_ID,CANTIDAD_ACTUAL,PRECIO_VENTA) VALUES (2,467,81,9.500000);

INSERT INTO ALMACEN_PRODUCTO(ALMACEN_ID,PRODUCTO_ID,CANTIDAD_ACTUAL,PRECIO_VENTA) VALUES (3,467,12,0.000000);

INSERT INTO ALMACEN_PRODUCTO(ALMACEN_ID,PRODUCTO_ID,CANTIDAD_ACTUAL,PRECIO_VENTA) VALUES (4,467,81,9.500000);

INSERT INTO PROVEEDOR_PRODUCTO(PROVEEDOR_ID,PRODUCTO_ID,PRECIO_COMPRA) VALUES(6,467, 0.000000);

-- ===========PRODUCTO [468]
INSERT INTO PRODUCTO(ID,MARCA_ID,LINEA_ID,NOMBRE,PRESENTACION,CONTENIDO,UNIDADES_POR_CAJA,COSTO,COSTO_VENTA,PRECIO_BASE,UNIDAD_MEDIDA,CODIGO_BARRAS,ABREBIATURA) VALUES(468,17,2,'Palmolive Brillantina Liquida','Aceite de Oliva',199.0,12.0,0.000000,0.000000,0.000000,'ML','75001858','Palmoliv Brillan 199ml');

INSERT INTO MOVIMIENTO_HISTORICO_PRODUCTO (ALMACEN_ID,PRODUCTO_ID,FECHA,TIPO_MOVIMIENTO_ID,CANTIDAD,COSTO,PRECIO,USUARIO_ID) VALUES(1,468,now(),30,12,0.000000,0.000000,'root');
INSERT INTO ALMACEN_PRODUCTO(ALMACEN_ID,PRODUCTO_ID,CANTIDAD_ACTUAL,PRECIO_VENTA) VALUES (1,468,12,0.000000);

INSERT INTO ALMACEN_PRODUCTO(ALMACEN_ID,PRODUCTO_ID,CANTIDAD_ACTUAL,PRECIO_VENTA) VALUES (2,468,71,15.000000);

INSERT INTO ALMACEN_PRODUCTO(ALMACEN_ID,PRODUCTO_ID,CANTIDAD_ACTUAL,PRECIO_VENTA) VALUES (3,468,12,0.000000);

INSERT INTO ALMACEN_PRODUCTO(ALMACEN_ID,PRODUCTO_ID,CANTIDAD_ACTUAL,PRECIO_VENTA) VALUES (4,468,71,15.000000);

INSERT INTO PROVEEDOR_PRODUCTO(PROVEEDOR_ID,PRODUCTO_ID,PRECIO_COMPRA) VALUES(6,468, 0.000000);

-- ===========PRODUCTO [469]
INSERT INTO PRODUCTO(ID,MARCA_ID,LINEA_ID,NOMBRE,PRESENTACION,CONTENIDO,UNIDADES_POR_CAJA,COSTO,COSTO_VENTA,PRECIO_BASE,UNIDAD_MEDIDA,CODIGO_BARRAS,ABREBIATURA) VALUES(469,17,2,'Palmolive Brillantina Solida','Aceite de Oliva',53.0,12.0,0.000000,0.000000,0.000000,'G','75001841','Palmoliv Brillan 53g');

INSERT INTO MOVIMIENTO_HISTORICO_PRODUCTO (ALMACEN_ID,PRODUCTO_ID,FECHA,TIPO_MOVIMIENTO_ID,CANTIDAD,COSTO,PRECIO,USUARIO_ID) VALUES(1,469,now(),30,12,0.000000,0.000000,'root');
INSERT INTO ALMACEN_PRODUCTO(ALMACEN_ID,PRODUCTO_ID,CANTIDAD_ACTUAL,PRECIO_VENTA) VALUES (1,469,12,0.000000);

INSERT INTO ALMACEN_PRODUCTO(ALMACEN_ID,PRODUCTO_ID,CANTIDAD_ACTUAL,PRECIO_VENTA) VALUES (2,469,0,0.000000);

INSERT INTO ALMACEN_PRODUCTO(ALMACEN_ID,PRODUCTO_ID,CANTIDAD_ACTUAL,PRECIO_VENTA) VALUES (3,469,12,0.000000);

INSERT INTO ALMACEN_PRODUCTO(ALMACEN_ID,PRODUCTO_ID,CANTIDAD_ACTUAL,PRECIO_VENTA) VALUES (4,469,0,0.000000);

INSERT INTO PROVEEDOR_PRODUCTO(PROVEEDOR_ID,PRODUCTO_ID,PRECIO_COMPRA) VALUES(6,469, 0.000000);

-- ===========PRODUCTO [470]
INSERT INTO PRODUCTO(ID,MARCA_ID,LINEA_ID,NOMBRE,PRESENTACION,CONTENIDO,UNIDADES_POR_CAJA,COSTO,COSTO_VENTA,PRECIO_BASE,UNIDAD_MEDIDA,CODIGO_BARRAS,ABREBIATURA) VALUES(470,35,11,'Colgate Cepillo Dental','360 Limpieza Completa',1.0,12.0,0.000000,0.000000,0.000000,'Pz','7891024316177','Colgat Cep 360 Lpza 1Pz');

INSERT INTO MOVIMIENTO_HISTORICO_PRODUCTO (ALMACEN_ID,PRODUCTO_ID,FECHA,TIPO_MOVIMIENTO_ID,CANTIDAD,COSTO,PRECIO,USUARIO_ID) VALUES(1,470,now(),30,24,0.000000,0.000000,'root');
INSERT INTO ALMACEN_PRODUCTO(ALMACEN_ID,PRODUCTO_ID,CANTIDAD_ACTUAL,PRECIO_VENTA) VALUES (1,470,24,0.000000);

INSERT INTO ALMACEN_PRODUCTO(ALMACEN_ID,PRODUCTO_ID,CANTIDAD_ACTUAL,PRECIO_VENTA) VALUES (2,470,11,8.000000);

INSERT INTO ALMACEN_PRODUCTO(ALMACEN_ID,PRODUCTO_ID,CANTIDAD_ACTUAL,PRECIO_VENTA) VALUES (3,470,24,0.000000);

INSERT INTO ALMACEN_PRODUCTO(ALMACEN_ID,PRODUCTO_ID,CANTIDAD_ACTUAL,PRECIO_VENTA) VALUES (4,470,11,8.000000);

INSERT INTO PROVEEDOR_PRODUCTO(PROVEEDOR_ID,PRODUCTO_ID,PRECIO_COMPRA) VALUES(6,470, 0.000000);

-- ===========PRODUCTO [471]
INSERT INTO PRODUCTO(ID,MARCA_ID,LINEA_ID,NOMBRE,PRESENTACION,CONTENIDO,UNIDADES_POR_CAJA,COSTO,COSTO_VENTA,PRECIO_BASE,UNIDAD_MEDIDA,CODIGO_BARRAS,ABREBIATURA) VALUES(471,55,13,'Asepxia Exhibidor 10ml','Puntos Negros',30.0,18.0,70.280172,70.280172,97.830000,'Pz','650240005794','Asepx Ex Punts Neg 30');

INSERT INTO MOVIMIENTO_HISTORICO_PRODUCTO (ALMACEN_ID,PRODUCTO_ID,FECHA,TIPO_MOVIMIENTO_ID,CANTIDAD,COSTO,PRECIO,USUARIO_ID) VALUES(1,471,now(),30,3,70.280172,97.830000,'root');
INSERT INTO ALMACEN_PRODUCTO(ALMACEN_ID,PRODUCTO_ID,CANTIDAD_ACTUAL,PRECIO_VENTA) VALUES (1,471,3,97.830000);

INSERT INTO ALMACEN_PRODUCTO(ALMACEN_ID,PRODUCTO_ID,CANTIDAD_ACTUAL,PRECIO_VENTA) VALUES (2,471,0,0.000000);

INSERT INTO ALMACEN_PRODUCTO(ALMACEN_ID,PRODUCTO_ID,CANTIDAD_ACTUAL,PRECIO_VENTA) VALUES (3,471,3,94.500000);

INSERT INTO ALMACEN_PRODUCTO(ALMACEN_ID,PRODUCTO_ID,CANTIDAD_ACTUAL,PRECIO_VENTA) VALUES (4,471,0,0.000000);

INSERT INTO PROVEEDOR_PRODUCTO(PROVEEDOR_ID,PRODUCTO_ID,PRECIO_COMPRA) VALUES(14,471, 70.280172);

-- ===========PRODUCTO [472]
INSERT INTO PRODUCTO(ID,MARCA_ID,LINEA_ID,NOMBRE,PRESENTACION,CONTENIDO,UNIDADES_POR_CAJA,COSTO,COSTO_VENTA,PRECIO_BASE,UNIDAD_MEDIDA,CODIGO_BARRAS,ABREBIATURA) VALUES(472,55,13,'Asepxia Sachet','Puntos Negros',10.0,30.0,2.485632,2.485632,3.460000,'ML','650240005633','Asepxi Sch Ptos Ngr 10m');

INSERT INTO MOVIMIENTO_HISTORICO_PRODUCTO (ALMACEN_ID,PRODUCTO_ID,FECHA,TIPO_MOVIMIENTO_ID,CANTIDAD,COSTO,PRECIO,USUARIO_ID) VALUES(1,472,now(),30,60,2.485632,3.460000,'root');
INSERT INTO ALMACEN_PRODUCTO(ALMACEN_ID,PRODUCTO_ID,CANTIDAD_ACTUAL,PRECIO_VENTA) VALUES (1,472,60,3.460000);

INSERT INTO ALMACEN_PRODUCTO(ALMACEN_ID,PRODUCTO_ID,CANTIDAD_ACTUAL,PRECIO_VENTA) VALUES (2,472,0,0.000000);

INSERT INTO ALMACEN_PRODUCTO(ALMACEN_ID,PRODUCTO_ID,CANTIDAD_ACTUAL,PRECIO_VENTA) VALUES (3,472,60,3.500000);

INSERT INTO ALMACEN_PRODUCTO(ALMACEN_ID,PRODUCTO_ID,CANTIDAD_ACTUAL,PRECIO_VENTA) VALUES (4,472,0,0.000000);

INSERT INTO PROVEEDOR_PRODUCTO(PROVEEDOR_ID,PRODUCTO_ID,PRECIO_COMPRA) VALUES(14,472, 2.485632);

-- ===========PRODUCTO [473]
INSERT INTO PRODUCTO(ID,MARCA_ID,LINEA_ID,NOMBRE,PRESENTACION,CONTENIDO,UNIDADES_POR_CAJA,COSTO,COSTO_VENTA,PRECIO_BASE,UNIDAD_MEDIDA,CODIGO_BARRAS,ABREBIATURA) VALUES(473,22,16,'Loreal Kids Estuche Sh + Cr + Lapicera','Manzanilla',3.0,6.0,0.000000,0.000000,0.000000,'Pz','7509552134667','Lore Kids Est Mnzan 3Pz');

INSERT INTO MOVIMIENTO_HISTORICO_PRODUCTO (ALMACEN_ID,PRODUCTO_ID,FECHA,TIPO_MOVIMIENTO_ID,CANTIDAD,COSTO,PRECIO,USUARIO_ID) VALUES(1,473,now(),30,6,0.000000,0.000000,'root');
INSERT INTO ALMACEN_PRODUCTO(ALMACEN_ID,PRODUCTO_ID,CANTIDAD_ACTUAL,PRECIO_VENTA) VALUES (1,473,6,0.000000);

INSERT INTO ALMACEN_PRODUCTO(ALMACEN_ID,PRODUCTO_ID,CANTIDAD_ACTUAL,PRECIO_VENTA) VALUES (2,473,0,0.000000);

INSERT INTO ALMACEN_PRODUCTO(ALMACEN_ID,PRODUCTO_ID,CANTIDAD_ACTUAL,PRECIO_VENTA) VALUES (3,473,6,0.000000);

INSERT INTO ALMACEN_PRODUCTO(ALMACEN_ID,PRODUCTO_ID,CANTIDAD_ACTUAL,PRECIO_VENTA) VALUES (4,473,0,0.000000);

INSERT INTO PROVEEDOR_PRODUCTO(PROVEEDOR_ID,PRODUCTO_ID,PRECIO_COMPRA) VALUES(13,473, 0.000000);

-- ===========PRODUCTO [474]
INSERT INTO PRODUCTO(ID,MARCA_ID,LINEA_ID,NOMBRE,PRESENTACION,CONTENIDO,UNIDADES_POR_CAJA,COSTO,COSTO_VENTA,PRECIO_BASE,UNIDAD_MEDIDA,CODIGO_BARRAS,ABREBIATURA) VALUES(474,22,16,'Loreal Kids Estuche 2 Sh + Lapicera','Explosion Coco',3.0,6.0,0.000000,0.000000,0.000000,'Pz','7509552158083','Lore Kids Est Coco 3Pz');

INSERT INTO MOVIMIENTO_HISTORICO_PRODUCTO (ALMACEN_ID,PRODUCTO_ID,FECHA,TIPO_MOVIMIENTO_ID,CANTIDAD,COSTO,PRECIO,USUARIO_ID) VALUES(1,474,now(),30,7,0.000000,0.000000,'root');
INSERT INTO ALMACEN_PRODUCTO(ALMACEN_ID,PRODUCTO_ID,CANTIDAD_ACTUAL,PRECIO_VENTA) VALUES (1,474,7,0.000000);

INSERT INTO ALMACEN_PRODUCTO(ALMACEN_ID,PRODUCTO_ID,CANTIDAD_ACTUAL,PRECIO_VENTA) VALUES (2,474,0,0.000000);

INSERT INTO ALMACEN_PRODUCTO(ALMACEN_ID,PRODUCTO_ID,CANTIDAD_ACTUAL,PRECIO_VENTA) VALUES (3,474,7,0.000000);

INSERT INTO ALMACEN_PRODUCTO(ALMACEN_ID,PRODUCTO_ID,CANTIDAD_ACTUAL,PRECIO_VENTA) VALUES (4,474,0,0.000000);

INSERT INTO PROVEEDOR_PRODUCTO(PROVEEDOR_ID,PRODUCTO_ID,PRECIO_COMPRA) VALUES(13,474, 0.000000);

-- ===========PRODUCTO [475]
INSERT INTO PRODUCTO(ID,MARCA_ID,LINEA_ID,NOMBRE,PRESENTACION,CONTENIDO,UNIDADES_POR_CAJA,COSTO,COSTO_VENTA,PRECIO_BASE,UNIDAD_MEDIDA,CODIGO_BARRAS,ABREBIATURA) VALUES(475,22,16,'Loreal Kids Estuche 2 Sh + Lapicera','Vainilla / Mora',3.0,6.0,0.000000,0.000000,0.000000,'Pz','7506078998025','Lore Kids Est Vainil 3Pz');

INSERT INTO MOVIMIENTO_HISTORICO_PRODUCTO (ALMACEN_ID,PRODUCTO_ID,FECHA,TIPO_MOVIMIENTO_ID,CANTIDAD,COSTO,PRECIO,USUARIO_ID) VALUES(1,475,now(),30,6,0.000000,0.000000,'root');
INSERT INTO ALMACEN_PRODUCTO(ALMACEN_ID,PRODUCTO_ID,CANTIDAD_ACTUAL,PRECIO_VENTA) VALUES (1,475,6,0.000000);

INSERT INTO ALMACEN_PRODUCTO(ALMACEN_ID,PRODUCTO_ID,CANTIDAD_ACTUAL,PRECIO_VENTA) VALUES (2,475,0,0.000000);

INSERT INTO ALMACEN_PRODUCTO(ALMACEN_ID,PRODUCTO_ID,CANTIDAD_ACTUAL,PRECIO_VENTA) VALUES (3,475,6,0.000000);

INSERT INTO ALMACEN_PRODUCTO(ALMACEN_ID,PRODUCTO_ID,CANTIDAD_ACTUAL,PRECIO_VENTA) VALUES (4,475,0,0.000000);

INSERT INTO PROVEEDOR_PRODUCTO(PROVEEDOR_ID,PRODUCTO_ID,PRECIO_COMPRA) VALUES(13,475, 0.000000);

-- ===========PRODUCTO [476]
INSERT INTO PRODUCTO(ID,MARCA_ID,LINEA_ID,NOMBRE,PRESENTACION,CONTENIDO,UNIDADES_POR_CAJA,COSTO,COSTO_VENTA,PRECIO_BASE,UNIDAD_MEDIDA,CODIGO_BARRAS,ABREBIATURA) VALUES(476,56,7,'Max -O-Fresh Talco Kinder','Chicle',200.0,12.0,0.000000,0.000000,0.000000,'G','7503001167060','Max Frsh Talc Chic 200');

INSERT INTO MOVIMIENTO_HISTORICO_PRODUCTO (ALMACEN_ID,PRODUCTO_ID,FECHA,TIPO_MOVIMIENTO_ID,CANTIDAD,COSTO,PRECIO,USUARIO_ID) VALUES(1,476,now(),30,12,0.000000,0.000000,'root');
INSERT INTO ALMACEN_PRODUCTO(ALMACEN_ID,PRODUCTO_ID,CANTIDAD_ACTUAL,PRECIO_VENTA) VALUES (1,476,12,0.000000);

INSERT INTO ALMACEN_PRODUCTO(ALMACEN_ID,PRODUCTO_ID,CANTIDAD_ACTUAL,PRECIO_VENTA) VALUES (2,476,0,0.000000);

INSERT INTO ALMACEN_PRODUCTO(ALMACEN_ID,PRODUCTO_ID,CANTIDAD_ACTUAL,PRECIO_VENTA) VALUES (3,476,12,0.000000);

INSERT INTO ALMACEN_PRODUCTO(ALMACEN_ID,PRODUCTO_ID,CANTIDAD_ACTUAL,PRECIO_VENTA) VALUES (4,476,0,0.000000);

INSERT INTO PROVEEDOR_PRODUCTO(PROVEEDOR_ID,PRODUCTO_ID,PRECIO_COMPRA) VALUES(29,476, 0.000000);

-- ===========PRODUCTO [477]
INSERT INTO PRODUCTO(ID,MARCA_ID,LINEA_ID,NOMBRE,PRESENTACION,CONTENIDO,UNIDADES_POR_CAJA,COSTO,COSTO_VENTA,PRECIO_BASE,UNIDAD_MEDIDA,CODIGO_BARRAS,ABREBIATURA) VALUES(477,56,7,'Max -O-Fresh Talco Kinder','Fresa',200.0,12.0,0.000000,0.000000,0.000000,'G','7503001167107','Max Frsh Talc Clas 200g');

INSERT INTO MOVIMIENTO_HISTORICO_PRODUCTO (ALMACEN_ID,PRODUCTO_ID,FECHA,TIPO_MOVIMIENTO_ID,CANTIDAD,COSTO,PRECIO,USUARIO_ID) VALUES(1,477,now(),30,12,0.000000,0.000000,'root');
INSERT INTO ALMACEN_PRODUCTO(ALMACEN_ID,PRODUCTO_ID,CANTIDAD_ACTUAL,PRECIO_VENTA) VALUES (1,477,12,0.000000);

INSERT INTO ALMACEN_PRODUCTO(ALMACEN_ID,PRODUCTO_ID,CANTIDAD_ACTUAL,PRECIO_VENTA) VALUES (2,477,0,0.000000);

INSERT INTO ALMACEN_PRODUCTO(ALMACEN_ID,PRODUCTO_ID,CANTIDAD_ACTUAL,PRECIO_VENTA) VALUES (3,477,12,0.000000);

INSERT INTO ALMACEN_PRODUCTO(ALMACEN_ID,PRODUCTO_ID,CANTIDAD_ACTUAL,PRECIO_VENTA) VALUES (4,477,0,0.000000);

INSERT INTO PROVEEDOR_PRODUCTO(PROVEEDOR_ID,PRODUCTO_ID,PRECIO_COMPRA) VALUES(29,477, 0.000000);

-- ===========PRODUCTO [478]
INSERT INTO PRODUCTO(ID,MARCA_ID,LINEA_ID,NOMBRE,PRESENTACION,CONTENIDO,UNIDADES_POR_CAJA,COSTO,COSTO_VENTA,PRECIO_BASE,UNIDAD_MEDIDA,CODIGO_BARRAS,ABREBIATURA) VALUES(478,56,7,'Max -O-Fresh Talco Kinder','Clasico',200.0,12.0,0.000000,0.000000,0.000000,'G','7503001167398','Max Frsh Talc Fres 200');

INSERT INTO MOVIMIENTO_HISTORICO_PRODUCTO (ALMACEN_ID,PRODUCTO_ID,FECHA,TIPO_MOVIMIENTO_ID,CANTIDAD,COSTO,PRECIO,USUARIO_ID) VALUES(1,478,now(),30,12,0.000000,0.000000,'root');
INSERT INTO ALMACEN_PRODUCTO(ALMACEN_ID,PRODUCTO_ID,CANTIDAD_ACTUAL,PRECIO_VENTA) VALUES (1,478,12,0.000000);

INSERT INTO ALMACEN_PRODUCTO(ALMACEN_ID,PRODUCTO_ID,CANTIDAD_ACTUAL,PRECIO_VENTA) VALUES (2,478,0,0.000000);

INSERT INTO ALMACEN_PRODUCTO(ALMACEN_ID,PRODUCTO_ID,CANTIDAD_ACTUAL,PRECIO_VENTA) VALUES (3,478,12,0.000000);

INSERT INTO ALMACEN_PRODUCTO(ALMACEN_ID,PRODUCTO_ID,CANTIDAD_ACTUAL,PRECIO_VENTA) VALUES (4,478,0,0.000000);

INSERT INTO PROVEEDOR_PRODUCTO(PROVEEDOR_ID,PRODUCTO_ID,PRECIO_COMPRA) VALUES(29,478, 0.000000);

-- ===========PRODUCTO [479]
INSERT INTO PRODUCTO(ID,MARCA_ID,LINEA_ID,NOMBRE,PRESENTACION,CONTENIDO,UNIDADES_POR_CAJA,COSTO,COSTO_VENTA,PRECIO_BASE,UNIDAD_MEDIDA,CODIGO_BARRAS,ABREBIATURA) VALUES(479,57,7,'Mennen Baby Magic Talco','Azul',500.0,12.0,0.000000,0.000000,0.000000,'G','7509546039732','Menn Talc Azul 500g');

INSERT INTO MOVIMIENTO_HISTORICO_PRODUCTO (ALMACEN_ID,PRODUCTO_ID,FECHA,TIPO_MOVIMIENTO_ID,CANTIDAD,COSTO,PRECIO,USUARIO_ID) VALUES(1,479,now(),30,12,0.000000,0.000000,'root');
INSERT INTO ALMACEN_PRODUCTO(ALMACEN_ID,PRODUCTO_ID,CANTIDAD_ACTUAL,PRECIO_VENTA) VALUES (1,479,12,0.000000);

INSERT INTO ALMACEN_PRODUCTO(ALMACEN_ID,PRODUCTO_ID,CANTIDAD_ACTUAL,PRECIO_VENTA) VALUES (2,479,1,19.000000);

INSERT INTO ALMACEN_PRODUCTO(ALMACEN_ID,PRODUCTO_ID,CANTIDAD_ACTUAL,PRECIO_VENTA) VALUES (3,479,12,29.900000);

INSERT INTO ALMACEN_PRODUCTO(ALMACEN_ID,PRODUCTO_ID,CANTIDAD_ACTUAL,PRECIO_VENTA) VALUES (4,479,1,19.000000);

INSERT INTO PROVEEDOR_PRODUCTO(PROVEEDOR_ID,PRODUCTO_ID,PRECIO_COMPRA) VALUES(6,479, 0.000000);

-- ===========PRODUCTO [480]
INSERT INTO PRODUCTO(ID,MARCA_ID,LINEA_ID,NOMBRE,PRESENTACION,CONTENIDO,UNIDADES_POR_CAJA,COSTO,COSTO_VENTA,PRECIO_BASE,UNIDAD_MEDIDA,CODIGO_BARRAS,ABREBIATURA) VALUES(480,35,11,'Colgate Pack Pasta 75ml + 1 Cepillo Triple Accion','Triple Accin',2.0,48.0,0.000000,0.000000,0.000000,'PZ','7509546052632','Clgte Pck Cep/Past Trip');

INSERT INTO MOVIMIENTO_HISTORICO_PRODUCTO (ALMACEN_ID,PRODUCTO_ID,FECHA,TIPO_MOVIMIENTO_ID,CANTIDAD,COSTO,PRECIO,USUARIO_ID) VALUES(1,480,now(),30,51,0.000000,0.000000,'root');
INSERT INTO ALMACEN_PRODUCTO(ALMACEN_ID,PRODUCTO_ID,CANTIDAD_ACTUAL,PRECIO_VENTA) VALUES (1,480,51,0.000000);

INSERT INTO ALMACEN_PRODUCTO(ALMACEN_ID,PRODUCTO_ID,CANTIDAD_ACTUAL,PRECIO_VENTA) VALUES (2,480,0,0.000000);

INSERT INTO ALMACEN_PRODUCTO(ALMACEN_ID,PRODUCTO_ID,CANTIDAD_ACTUAL,PRECIO_VENTA) VALUES (3,480,51,0.000000);

INSERT INTO ALMACEN_PRODUCTO(ALMACEN_ID,PRODUCTO_ID,CANTIDAD_ACTUAL,PRECIO_VENTA) VALUES (4,480,0,0.000000);

INSERT INTO PROVEEDOR_PRODUCTO(PROVEEDOR_ID,PRODUCTO_ID,PRECIO_COMPRA) VALUES(6,480, 0.000000);

-- ===========PRODUCTO [481]
INSERT INTO PRODUCTO(ID,MARCA_ID,LINEA_ID,NOMBRE,PRESENTACION,CONTENIDO,UNIDADES_POR_CAJA,COSTO,COSTO_VENTA,PRECIO_BASE,UNIDAD_MEDIDA,CODIGO_BARRAS,ABREBIATURA) VALUES(481,35,11,'Colgate Pack Pasta 50ml + 1 Cepillo Zig','Maxima Proteccin Anticaries',2.0,48.0,0.000000,0.000000,0.000000,'PZ','7509546046785','Clgte Pck Cep/Past MPA');

INSERT INTO MOVIMIENTO_HISTORICO_PRODUCTO (ALMACEN_ID,PRODUCTO_ID,FECHA,TIPO_MOVIMIENTO_ID,CANTIDAD,COSTO,PRECIO,USUARIO_ID) VALUES(1,481,now(),30,48,0.000000,0.000000,'root');
INSERT INTO ALMACEN_PRODUCTO(ALMACEN_ID,PRODUCTO_ID,CANTIDAD_ACTUAL,PRECIO_VENTA) VALUES (1,481,48,0.000000);

INSERT INTO ALMACEN_PRODUCTO(ALMACEN_ID,PRODUCTO_ID,CANTIDAD_ACTUAL,PRECIO_VENTA) VALUES (2,481,0,0.000000);

INSERT INTO ALMACEN_PRODUCTO(ALMACEN_ID,PRODUCTO_ID,CANTIDAD_ACTUAL,PRECIO_VENTA) VALUES (3,481,48,0.000000);

INSERT INTO ALMACEN_PRODUCTO(ALMACEN_ID,PRODUCTO_ID,CANTIDAD_ACTUAL,PRECIO_VENTA) VALUES (4,481,0,0.000000);

INSERT INTO PROVEEDOR_PRODUCTO(PROVEEDOR_ID,PRODUCTO_ID,PRECIO_COMPRA) VALUES(6,481, 0.000000);

-- ===========PRODUCTO [482]
INSERT INTO PRODUCTO(ID,MARCA_ID,LINEA_ID,NOMBRE,PRESENTACION,CONTENIDO,UNIDADES_POR_CAJA,COSTO,COSTO_VENTA,PRECIO_BASE,UNIDAD_MEDIDA,CODIGO_BARRAS,ABREBIATURA) VALUES(482,35,11,'Paquete Colgate 100ml + Cep twister','Triple Accin',2.0,48.0,0.000000,0.000000,0.000000,'Pz','7509546048611','Clgte Pck Cep/Past Twis');

INSERT INTO MOVIMIENTO_HISTORICO_PRODUCTO (ALMACEN_ID,PRODUCTO_ID,FECHA,TIPO_MOVIMIENTO_ID,CANTIDAD,COSTO,PRECIO,USUARIO_ID) VALUES(1,482,now(),30,48,0.000000,0.000000,'root');
INSERT INTO ALMACEN_PRODUCTO(ALMACEN_ID,PRODUCTO_ID,CANTIDAD_ACTUAL,PRECIO_VENTA) VALUES (1,482,48,0.000000);

INSERT INTO ALMACEN_PRODUCTO(ALMACEN_ID,PRODUCTO_ID,CANTIDAD_ACTUAL,PRECIO_VENTA) VALUES (2,482,26,13.000000);

INSERT INTO ALMACEN_PRODUCTO(ALMACEN_ID,PRODUCTO_ID,CANTIDAD_ACTUAL,PRECIO_VENTA) VALUES (3,482,48,0.000000);

INSERT INTO ALMACEN_PRODUCTO(ALMACEN_ID,PRODUCTO_ID,CANTIDAD_ACTUAL,PRECIO_VENTA) VALUES (4,482,26,13.000000);

INSERT INTO PROVEEDOR_PRODUCTO(PROVEEDOR_ID,PRODUCTO_ID,PRECIO_COMPRA) VALUES(6,482, 0.000000);

-- ===========PRODUCTO [483]
INSERT INTO PRODUCTO(ID,MARCA_ID,LINEA_ID,NOMBRE,PRESENTACION,CONTENIDO,UNIDADES_POR_CAJA,COSTO,COSTO_VENTA,PRECIO_BASE,UNIDAD_MEDIDA,CODIGO_BARRAS,ABREBIATURA) VALUES(483,35,11,'Colgate Cepillo Dental','Twister Medio',1.0,12.0,0.000000,0.000000,0.000000,'PZ','99176316251','Clgte Cep Twist Med 1P');

INSERT INTO MOVIMIENTO_HISTORICO_PRODUCTO (ALMACEN_ID,PRODUCTO_ID,FECHA,TIPO_MOVIMIENTO_ID,CANTIDAD,COSTO,PRECIO,USUARIO_ID) VALUES(1,483,now(),30,73,0.000000,0.000000,'root');
INSERT INTO ALMACEN_PRODUCTO(ALMACEN_ID,PRODUCTO_ID,CANTIDAD_ACTUAL,PRECIO_VENTA) VALUES (1,483,73,0.000000);

INSERT INTO ALMACEN_PRODUCTO(ALMACEN_ID,PRODUCTO_ID,CANTIDAD_ACTUAL,PRECIO_VENTA) VALUES (2,483,0,0.000000);

INSERT INTO ALMACEN_PRODUCTO(ALMACEN_ID,PRODUCTO_ID,CANTIDAD_ACTUAL,PRECIO_VENTA) VALUES (3,483,73,0.000000);

INSERT INTO ALMACEN_PRODUCTO(ALMACEN_ID,PRODUCTO_ID,CANTIDAD_ACTUAL,PRECIO_VENTA) VALUES (4,483,0,0.000000);

INSERT INTO PROVEEDOR_PRODUCTO(PROVEEDOR_ID,PRODUCTO_ID,PRECIO_COMPRA) VALUES(6,483, 0.000000);

-- ===========PRODUCTO [484]
INSERT INTO PRODUCTO(ID,MARCA_ID,LINEA_ID,NOMBRE,PRESENTACION,CONTENIDO,UNIDADES_POR_CAJA,COSTO,COSTO_VENTA,PRECIO_BASE,UNIDAD_MEDIDA,CODIGO_BARRAS,ABREBIATURA) VALUES(484,35,11,'Colgate Cepillo Dental Pack C/6','Premier Ultra',6.0,24.0,0.000000,0.000000,0.000000,'Pz','7509546041957','Clgte Cep Ex Pre Ult 6Pz');

INSERT INTO MOVIMIENTO_HISTORICO_PRODUCTO (ALMACEN_ID,PRODUCTO_ID,FECHA,TIPO_MOVIMIENTO_ID,CANTIDAD,COSTO,PRECIO,USUARIO_ID) VALUES(1,484,now(),30,22,0.000000,0.000000,'root');
INSERT INTO ALMACEN_PRODUCTO(ALMACEN_ID,PRODUCTO_ID,CANTIDAD_ACTUAL,PRECIO_VENTA) VALUES (1,484,22,0.000000);

INSERT INTO ALMACEN_PRODUCTO(ALMACEN_ID,PRODUCTO_ID,CANTIDAD_ACTUAL,PRECIO_VENTA) VALUES (2,484,0,0.000000);

INSERT INTO ALMACEN_PRODUCTO(ALMACEN_ID,PRODUCTO_ID,CANTIDAD_ACTUAL,PRECIO_VENTA) VALUES (3,484,22,0.000000);

INSERT INTO ALMACEN_PRODUCTO(ALMACEN_ID,PRODUCTO_ID,CANTIDAD_ACTUAL,PRECIO_VENTA) VALUES (4,484,0,0.000000);

INSERT INTO PROVEEDOR_PRODUCTO(PROVEEDOR_ID,PRODUCTO_ID,PRECIO_COMPRA) VALUES(6,484, 0.000000);

-- ===========PRODUCTO [485]
INSERT INTO PRODUCTO(ID,MARCA_ID,LINEA_ID,NOMBRE,PRESENTACION,CONTENIDO,UNIDADES_POR_CAJA,COSTO,COSTO_VENTA,PRECIO_BASE,UNIDAD_MEDIDA,CODIGO_BARRAS,ABREBIATURA) VALUES(485,35,11,'Colgate Cepillo Dental','Premier Ultra',1.0,6.0,0.000000,0.000000,0.000000,'PZ','7509546042848','Clgte Cep Prem Ultr 1Pz');

INSERT INTO MOVIMIENTO_HISTORICO_PRODUCTO (ALMACEN_ID,PRODUCTO_ID,FECHA,TIPO_MOVIMIENTO_ID,CANTIDAD,COSTO,PRECIO,USUARIO_ID) VALUES(1,485,now(),30,36,0.000000,0.000000,'root');
INSERT INTO ALMACEN_PRODUCTO(ALMACEN_ID,PRODUCTO_ID,CANTIDAD_ACTUAL,PRECIO_VENTA) VALUES (1,485,36,0.000000);

INSERT INTO ALMACEN_PRODUCTO(ALMACEN_ID,PRODUCTO_ID,CANTIDAD_ACTUAL,PRECIO_VENTA) VALUES (2,485,0,0.000000);

INSERT INTO ALMACEN_PRODUCTO(ALMACEN_ID,PRODUCTO_ID,CANTIDAD_ACTUAL,PRECIO_VENTA) VALUES (3,485,36,0.000000);

INSERT INTO ALMACEN_PRODUCTO(ALMACEN_ID,PRODUCTO_ID,CANTIDAD_ACTUAL,PRECIO_VENTA) VALUES (4,485,0,0.000000);

INSERT INTO PROVEEDOR_PRODUCTO(PROVEEDOR_ID,PRODUCTO_ID,PRECIO_COMPRA) VALUES(6,485, 0.000000);

-- ===========PRODUCTO [486]
INSERT INTO PRODUCTO(ID,MARCA_ID,LINEA_ID,NOMBRE,PRESENTACION,CONTENIDO,UNIDADES_POR_CAJA,COSTO,COSTO_VENTA,PRECIO_BASE,UNIDAD_MEDIDA,CODIGO_BARRAS,ABREBIATURA) VALUES(486,35,11,'Colgate Cepillo Dental Exibidor','360 Limpieza Completa',8.0,26.0,0.000000,0.000000,0.000000,'PZ','7509546053813','Clgte Cep 360 Lmpza Co');

INSERT INTO MOVIMIENTO_HISTORICO_PRODUCTO (ALMACEN_ID,PRODUCTO_ID,FECHA,TIPO_MOVIMIENTO_ID,CANTIDAD,COSTO,PRECIO,USUARIO_ID) VALUES(1,486,now(),30,6,0.000000,0.000000,'root');
INSERT INTO ALMACEN_PRODUCTO(ALMACEN_ID,PRODUCTO_ID,CANTIDAD_ACTUAL,PRECIO_VENTA) VALUES (1,486,6,0.000000);

INSERT INTO ALMACEN_PRODUCTO(ALMACEN_ID,PRODUCTO_ID,CANTIDAD_ACTUAL,PRECIO_VENTA) VALUES (2,486,0,0.000000);

INSERT INTO ALMACEN_PRODUCTO(ALMACEN_ID,PRODUCTO_ID,CANTIDAD_ACTUAL,PRECIO_VENTA) VALUES (3,486,6,0.000000);

INSERT INTO ALMACEN_PRODUCTO(ALMACEN_ID,PRODUCTO_ID,CANTIDAD_ACTUAL,PRECIO_VENTA) VALUES (4,486,0,0.000000);

INSERT INTO PROVEEDOR_PRODUCTO(PROVEEDOR_ID,PRODUCTO_ID,PRECIO_COMPRA) VALUES(6,486, 0.000000);

-- ===========PRODUCTO [487]
INSERT INTO PRODUCTO(ID,MARCA_ID,LINEA_ID,NOMBRE,PRESENTACION,CONTENIDO,UNIDADES_POR_CAJA,COSTO,COSTO_VENTA,PRECIO_BASE,UNIDAD_MEDIDA,CODIGO_BARRAS,ABREBIATURA) VALUES(487,35,11,'Colgate Pasta Dental','Sensitive Pro Alivio Blanqueadora',75.0,24.0,0.000000,0.000000,0.000000,'ML','7891024123898','Colgt Pro Alivi Blanq 75');

INSERT INTO MOVIMIENTO_HISTORICO_PRODUCTO (ALMACEN_ID,PRODUCTO_ID,FECHA,TIPO_MOVIMIENTO_ID,CANTIDAD,COSTO,PRECIO,USUARIO_ID) VALUES(1,487,now(),30,24,0.000000,0.000000,'root');
INSERT INTO ALMACEN_PRODUCTO(ALMACEN_ID,PRODUCTO_ID,CANTIDAD_ACTUAL,PRECIO_VENTA) VALUES (1,487,24,0.000000);

INSERT INTO ALMACEN_PRODUCTO(ALMACEN_ID,PRODUCTO_ID,CANTIDAD_ACTUAL,PRECIO_VENTA) VALUES (2,487,39,18.000000);

INSERT INTO ALMACEN_PRODUCTO(ALMACEN_ID,PRODUCTO_ID,CANTIDAD_ACTUAL,PRECIO_VENTA) VALUES (3,487,24,0.000000);

INSERT INTO ALMACEN_PRODUCTO(ALMACEN_ID,PRODUCTO_ID,CANTIDAD_ACTUAL,PRECIO_VENTA) VALUES (4,487,39,18.000000);

INSERT INTO PROVEEDOR_PRODUCTO(PROVEEDOR_ID,PRODUCTO_ID,PRECIO_COMPRA) VALUES(6,487, 0.000000);

-- ===========PRODUCTO [488]
INSERT INTO PRODUCTO(ID,MARCA_ID,LINEA_ID,NOMBRE,PRESENTACION,CONTENIDO,UNIDADES_POR_CAJA,COSTO,COSTO_VENTA,PRECIO_BASE,UNIDAD_MEDIDA,CODIGO_BARRAS,ABREBIATURA) VALUES(488,15,4,'Lady Speed Stick Rollon','Fashion Glam',50.0,12.0,0.000000,0.000000,0.000000,'ML','7509546030296','Lady SS R-o Glam 50ml');

INSERT INTO MOVIMIENTO_HISTORICO_PRODUCTO (ALMACEN_ID,PRODUCTO_ID,FECHA,TIPO_MOVIMIENTO_ID,CANTIDAD,COSTO,PRECIO,USUARIO_ID) VALUES(1,488,now(),30,24,0.000000,0.000000,'root');
INSERT INTO ALMACEN_PRODUCTO(ALMACEN_ID,PRODUCTO_ID,CANTIDAD_ACTUAL,PRECIO_VENTA) VALUES (1,488,24,0.000000);

INSERT INTO ALMACEN_PRODUCTO(ALMACEN_ID,PRODUCTO_ID,CANTIDAD_ACTUAL,PRECIO_VENTA) VALUES (2,488,0,0.000000);

INSERT INTO ALMACEN_PRODUCTO(ALMACEN_ID,PRODUCTO_ID,CANTIDAD_ACTUAL,PRECIO_VENTA) VALUES (3,488,24,19.900000);

INSERT INTO ALMACEN_PRODUCTO(ALMACEN_ID,PRODUCTO_ID,CANTIDAD_ACTUAL,PRECIO_VENTA) VALUES (4,488,0,0.000000);

INSERT INTO PROVEEDOR_PRODUCTO(PROVEEDOR_ID,PRODUCTO_ID,PRECIO_COMPRA) VALUES(6,488, 0.000000);

-- ===========PRODUCTO [489]
INSERT INTO PRODUCTO(ID,MARCA_ID,LINEA_ID,NOMBRE,PRESENTACION,CONTENIDO,UNIDADES_POR_CAJA,COSTO,COSTO_VENTA,PRECIO_BASE,UNIDAD_MEDIDA,CODIGO_BARRAS,ABREBIATURA) VALUES(489,35,11,'Colgate Cepillo Dental','Max Fresh Limpiador de Lengua',1.0,12.0,0.000000,0.000000,0.000000,'Pz','7509546031873','Clgte Cep Max Frsh 1Pz');

INSERT INTO MOVIMIENTO_HISTORICO_PRODUCTO (ALMACEN_ID,PRODUCTO_ID,FECHA,TIPO_MOVIMIENTO_ID,CANTIDAD,COSTO,PRECIO,USUARIO_ID) VALUES(1,489,now(),30,24,0.000000,0.000000,'root');
INSERT INTO ALMACEN_PRODUCTO(ALMACEN_ID,PRODUCTO_ID,CANTIDAD_ACTUAL,PRECIO_VENTA) VALUES (1,489,24,0.000000);

INSERT INTO ALMACEN_PRODUCTO(ALMACEN_ID,PRODUCTO_ID,CANTIDAD_ACTUAL,PRECIO_VENTA) VALUES (2,489,0,0.000000);

INSERT INTO ALMACEN_PRODUCTO(ALMACEN_ID,PRODUCTO_ID,CANTIDAD_ACTUAL,PRECIO_VENTA) VALUES (3,489,24,0.000000);

INSERT INTO ALMACEN_PRODUCTO(ALMACEN_ID,PRODUCTO_ID,CANTIDAD_ACTUAL,PRECIO_VENTA) VALUES (4,489,0,0.000000);

INSERT INTO PROVEEDOR_PRODUCTO(PROVEEDOR_ID,PRODUCTO_ID,PRECIO_COMPRA) VALUES(6,489, 0.000000);

-- ===========PRODUCTO [490]
INSERT INTO PRODUCTO(ID,MARCA_ID,LINEA_ID,NOMBRE,PRESENTACION,CONTENIDO,UNIDADES_POR_CAJA,COSTO,COSTO_VENTA,PRECIO_BASE,UNIDAD_MEDIDA,CODIGO_BARRAS,ABREBIATURA) VALUES(490,58,3,'Silk Hair Quita Esmalte + Barniz','Cereza / Manzana',2.0,15.0,0.000000,0.000000,0.000000,'Pz','7502245720215','Silk Esmalt + Barniz 2P');

INSERT INTO MOVIMIENTO_HISTORICO_PRODUCTO (ALMACEN_ID,PRODUCTO_ID,FECHA,TIPO_MOVIMIENTO_ID,CANTIDAD,COSTO,PRECIO,USUARIO_ID) VALUES(1,490,now(),30,20,0.000000,0.000000,'root');
INSERT INTO ALMACEN_PRODUCTO(ALMACEN_ID,PRODUCTO_ID,CANTIDAD_ACTUAL,PRECIO_VENTA) VALUES (1,490,20,0.000000);

INSERT INTO ALMACEN_PRODUCTO(ALMACEN_ID,PRODUCTO_ID,CANTIDAD_ACTUAL,PRECIO_VENTA) VALUES (2,490,0,0.000000);

INSERT INTO ALMACEN_PRODUCTO(ALMACEN_ID,PRODUCTO_ID,CANTIDAD_ACTUAL,PRECIO_VENTA) VALUES (3,490,20,0.000000);

INSERT INTO ALMACEN_PRODUCTO(ALMACEN_ID,PRODUCTO_ID,CANTIDAD_ACTUAL,PRECIO_VENTA) VALUES (4,490,0,0.000000);

INSERT INTO PROVEEDOR_PRODUCTO(PROVEEDOR_ID,PRODUCTO_ID,PRECIO_COMPRA) VALUES(27,490, 0.000000);

-- ===========PRODUCTO [491]
INSERT INTO PRODUCTO(ID,MARCA_ID,LINEA_ID,NOMBRE,PRESENTACION,CONTENIDO,UNIDADES_POR_CAJA,COSTO,COSTO_VENTA,PRECIO_BASE,UNIDAD_MEDIDA,CODIGO_BARRAS,ABREBIATURA) VALUES(491,58,3,'Silk Hair Quita Esmalte + Maquillaje','Cereza / Manzana',2.0,15.0,0.000000,0.000000,0.000000,'Pz','7502245720208','Silk Esmalt + Maqui 2P');

INSERT INTO MOVIMIENTO_HISTORICO_PRODUCTO (ALMACEN_ID,PRODUCTO_ID,FECHA,TIPO_MOVIMIENTO_ID,CANTIDAD,COSTO,PRECIO,USUARIO_ID) VALUES(1,491,now(),30,10,0.000000,0.000000,'root');
INSERT INTO ALMACEN_PRODUCTO(ALMACEN_ID,PRODUCTO_ID,CANTIDAD_ACTUAL,PRECIO_VENTA) VALUES (1,491,10,0.000000);

INSERT INTO ALMACEN_PRODUCTO(ALMACEN_ID,PRODUCTO_ID,CANTIDAD_ACTUAL,PRECIO_VENTA) VALUES (2,491,3,9.000000);

INSERT INTO ALMACEN_PRODUCTO(ALMACEN_ID,PRODUCTO_ID,CANTIDAD_ACTUAL,PRECIO_VENTA) VALUES (3,491,10,0.000000);

INSERT INTO ALMACEN_PRODUCTO(ALMACEN_ID,PRODUCTO_ID,CANTIDAD_ACTUAL,PRECIO_VENTA) VALUES (4,491,3,9.000000);

INSERT INTO PROVEEDOR_PRODUCTO(PROVEEDOR_ID,PRODUCTO_ID,PRECIO_COMPRA) VALUES(27,491, 0.000000);

-- ===========PRODUCTO [492]
INSERT INTO PRODUCTO(ID,MARCA_ID,LINEA_ID,NOMBRE,PRESENTACION,CONTENIDO,UNIDADES_POR_CAJA,COSTO,COSTO_VENTA,PRECIO_BASE,UNIDAD_MEDIDA,CODIGO_BARRAS,ABREBIATURA) VALUES(492,59,16,'Barbie Shampoo Nias','Fruitylicious',230.0,12.0,16.630747,16.630747,23.150000,'ML','7501057503917','Barbie Sh 230ml');

INSERT INTO MOVIMIENTO_HISTORICO_PRODUCTO (ALMACEN_ID,PRODUCTO_ID,FECHA,TIPO_MOVIMIENTO_ID,CANTIDAD,COSTO,PRECIO,USUARIO_ID) VALUES(1,492,now(),30,12,16.630747,23.150000,'root');
INSERT INTO ALMACEN_PRODUCTO(ALMACEN_ID,PRODUCTO_ID,CANTIDAD_ACTUAL,PRECIO_VENTA) VALUES (1,492,12,23.150000);

INSERT INTO ALMACEN_PRODUCTO(ALMACEN_ID,PRODUCTO_ID,CANTIDAD_ACTUAL,PRECIO_VENTA) VALUES (2,492,0,0.000000);

INSERT INTO ALMACEN_PRODUCTO(ALMACEN_ID,PRODUCTO_ID,CANTIDAD_ACTUAL,PRECIO_VENTA) VALUES (3,492,12,19.900000);

INSERT INTO ALMACEN_PRODUCTO(ALMACEN_ID,PRODUCTO_ID,CANTIDAD_ACTUAL,PRECIO_VENTA) VALUES (4,492,0,0.000000);

INSERT INTO PROVEEDOR_PRODUCTO(PROVEEDOR_ID,PRODUCTO_ID,PRECIO_COMPRA) VALUES(13,492, 16.630747);

-- ===========PRODUCTO [493]
INSERT INTO PRODUCTO(ID,MARCA_ID,LINEA_ID,NOMBRE,PRESENTACION,CONTENIDO,UNIDADES_POR_CAJA,COSTO,COSTO_VENTA,PRECIO_BASE,UNIDAD_MEDIDA,CODIGO_BARRAS,ABREBIATURA) VALUES(493,60,10,'Bustillos Crema','Arnica',150.0,24.0,0.000000,0.000000,0.000000,'G','7501185730544','Bustill Cre Arnic 150g');

INSERT INTO MOVIMIENTO_HISTORICO_PRODUCTO (ALMACEN_ID,PRODUCTO_ID,FECHA,TIPO_MOVIMIENTO_ID,CANTIDAD,COSTO,PRECIO,USUARIO_ID) VALUES(1,493,now(),30,12,0.000000,0.000000,'root');
INSERT INTO ALMACEN_PRODUCTO(ALMACEN_ID,PRODUCTO_ID,CANTIDAD_ACTUAL,PRECIO_VENTA) VALUES (1,493,12,0.000000);

INSERT INTO ALMACEN_PRODUCTO(ALMACEN_ID,PRODUCTO_ID,CANTIDAD_ACTUAL,PRECIO_VENTA) VALUES (2,493,0,0.000000);

INSERT INTO ALMACEN_PRODUCTO(ALMACEN_ID,PRODUCTO_ID,CANTIDAD_ACTUAL,PRECIO_VENTA) VALUES (3,493,12,0.000000);

INSERT INTO ALMACEN_PRODUCTO(ALMACEN_ID,PRODUCTO_ID,CANTIDAD_ACTUAL,PRECIO_VENTA) VALUES (4,493,0,0.000000);

INSERT INTO PROVEEDOR_PRODUCTO(PROVEEDOR_ID,PRODUCTO_ID,PRECIO_COMPRA) VALUES(20,493, 0.000000);

-- ===========PRODUCTO [494]
INSERT INTO PRODUCTO(ID,MARCA_ID,LINEA_ID,NOMBRE,PRESENTACION,CONTENIDO,UNIDADES_POR_CAJA,COSTO,COSTO_VENTA,PRECIO_BASE,UNIDAD_MEDIDA,CODIGO_BARRAS,ABREBIATURA) VALUES(494,52,8,'4 Today Rastrillo Exhibidor','Triple Hoja Dama',2.0,20.0,10.596264,10.596264,14.750000,'Pz','6935249631828','4 Today Rast Dama 2Pz');

INSERT INTO MOVIMIENTO_HISTORICO_PRODUCTO (ALMACEN_ID,PRODUCTO_ID,FECHA,TIPO_MOVIMIENTO_ID,CANTIDAD,COSTO,PRECIO,USUARIO_ID) VALUES(1,494,now(),30,20,10.596264,14.750000,'root');
INSERT INTO ALMACEN_PRODUCTO(ALMACEN_ID,PRODUCTO_ID,CANTIDAD_ACTUAL,PRECIO_VENTA) VALUES (1,494,20,14.750000);

INSERT INTO ALMACEN_PRODUCTO(ALMACEN_ID,PRODUCTO_ID,CANTIDAD_ACTUAL,PRECIO_VENTA) VALUES (2,494,0,0.000000);

INSERT INTO ALMACEN_PRODUCTO(ALMACEN_ID,PRODUCTO_ID,CANTIDAD_ACTUAL,PRECIO_VENTA) VALUES (3,494,20,15.900000);

INSERT INTO ALMACEN_PRODUCTO(ALMACEN_ID,PRODUCTO_ID,CANTIDAD_ACTUAL,PRECIO_VENTA) VALUES (4,494,0,0.000000);

INSERT INTO PROVEEDOR_PRODUCTO(PROVEEDOR_ID,PRODUCTO_ID,PRECIO_COMPRA) VALUES(7,494, 10.596264);

-- ===========PRODUCTO [495]
INSERT INTO PRODUCTO(ID,MARCA_ID,LINEA_ID,NOMBRE,PRESENTACION,CONTENIDO,UNIDADES_POR_CAJA,COSTO,COSTO_VENTA,PRECIO_BASE,UNIDAD_MEDIDA,CODIGO_BARRAS,ABREBIATURA) VALUES(495,52,8,'4 Today Rastrillo Exhibidor','Triple Hoja Caballero',2.0,20.0,10.596264,10.596264,14.750000,'Pz','6935249631811','4 Today Rast Cab 2Pz');

INSERT INTO MOVIMIENTO_HISTORICO_PRODUCTO (ALMACEN_ID,PRODUCTO_ID,FECHA,TIPO_MOVIMIENTO_ID,CANTIDAD,COSTO,PRECIO,USUARIO_ID) VALUES(1,495,now(),30,20,10.596264,14.750000,'root');
INSERT INTO ALMACEN_PRODUCTO(ALMACEN_ID,PRODUCTO_ID,CANTIDAD_ACTUAL,PRECIO_VENTA) VALUES (1,495,20,14.750000);

INSERT INTO ALMACEN_PRODUCTO(ALMACEN_ID,PRODUCTO_ID,CANTIDAD_ACTUAL,PRECIO_VENTA) VALUES (2,495,0,0.000000);

INSERT INTO ALMACEN_PRODUCTO(ALMACEN_ID,PRODUCTO_ID,CANTIDAD_ACTUAL,PRECIO_VENTA) VALUES (3,495,20,15.900000);

INSERT INTO ALMACEN_PRODUCTO(ALMACEN_ID,PRODUCTO_ID,CANTIDAD_ACTUAL,PRECIO_VENTA) VALUES (4,495,0,0.000000);

INSERT INTO PROVEEDOR_PRODUCTO(PROVEEDOR_ID,PRODUCTO_ID,PRECIO_COMPRA) VALUES(7,495, 10.596264);

-- ===========PRODUCTO [496]
INSERT INTO PRODUCTO(ID,MARCA_ID,LINEA_ID,NOMBRE,PRESENTACION,CONTENIDO,UNIDADES_POR_CAJA,COSTO,COSTO_VENTA,PRECIO_BASE,UNIDAD_MEDIDA,CODIGO_BARRAS,ABREBIATURA) VALUES(496,52,8,'4 Today Rastrillo Exhibidor','Doble Hoja',10.0,120.0,12.126437,12.126437,16.880000,'Pz','6935249621515','4 Today Rast Cab 10Pz');

INSERT INTO MOVIMIENTO_HISTORICO_PRODUCTO (ALMACEN_ID,PRODUCTO_ID,FECHA,TIPO_MOVIMIENTO_ID,CANTIDAD,COSTO,PRECIO,USUARIO_ID) VALUES(1,496,now(),30,24,12.126437,16.880000,'root');
INSERT INTO ALMACEN_PRODUCTO(ALMACEN_ID,PRODUCTO_ID,CANTIDAD_ACTUAL,PRECIO_VENTA) VALUES (1,496,24,16.880000);

INSERT INTO ALMACEN_PRODUCTO(ALMACEN_ID,PRODUCTO_ID,CANTIDAD_ACTUAL,PRECIO_VENTA) VALUES (2,496,0,0.000000);

INSERT INTO ALMACEN_PRODUCTO(ALMACEN_ID,PRODUCTO_ID,CANTIDAD_ACTUAL,PRECIO_VENTA) VALUES (3,496,24,19.000000);

INSERT INTO ALMACEN_PRODUCTO(ALMACEN_ID,PRODUCTO_ID,CANTIDAD_ACTUAL,PRECIO_VENTA) VALUES (4,496,0,0.000000);

INSERT INTO PROVEEDOR_PRODUCTO(PROVEEDOR_ID,PRODUCTO_ID,PRECIO_COMPRA) VALUES(7,496, 12.126437);

-- ===========PRODUCTO [497]
INSERT INTO PRODUCTO(ID,MARCA_ID,LINEA_ID,NOMBRE,PRESENTACION,CONTENIDO,UNIDADES_POR_CAJA,COSTO,COSTO_VENTA,PRECIO_BASE,UNIDAD_MEDIDA,CODIGO_BARRAS,ABREBIATURA) VALUES(497,52,8,'4 Today Rastrillo Exhibidor','Doble Hoja',24.0,36.0,45.854885,45.854885,63.830000,'Pz','6935249624226','4 Today Rast Exib 24Pz');

INSERT INTO MOVIMIENTO_HISTORICO_PRODUCTO (ALMACEN_ID,PRODUCTO_ID,FECHA,TIPO_MOVIMIENTO_ID,CANTIDAD,COSTO,PRECIO,USUARIO_ID) VALUES(1,497,now(),30,10,45.854885,63.830000,'root');
INSERT INTO ALMACEN_PRODUCTO(ALMACEN_ID,PRODUCTO_ID,CANTIDAD_ACTUAL,PRECIO_VENTA) VALUES (1,497,10,63.830000);

INSERT INTO ALMACEN_PRODUCTO(ALMACEN_ID,PRODUCTO_ID,CANTIDAD_ACTUAL,PRECIO_VENTA) VALUES (2,497,0,0.000000);

INSERT INTO ALMACEN_PRODUCTO(ALMACEN_ID,PRODUCTO_ID,CANTIDAD_ACTUAL,PRECIO_VENTA) VALUES (3,497,10,69.000000);

INSERT INTO ALMACEN_PRODUCTO(ALMACEN_ID,PRODUCTO_ID,CANTIDAD_ACTUAL,PRECIO_VENTA) VALUES (4,497,0,0.000000);

INSERT INTO PROVEEDOR_PRODUCTO(PROVEEDOR_ID,PRODUCTO_ID,PRECIO_COMPRA) VALUES(7,497, 45.854885);

-- ===========PRODUCTO [498]
INSERT INTO PRODUCTO(ID,MARCA_ID,LINEA_ID,NOMBRE,PRESENTACION,CONTENIDO,UNIDADES_POR_CAJA,COSTO,COSTO_VENTA,PRECIO_BASE,UNIDAD_MEDIDA,CODIGO_BARRAS,ABREBIATURA) VALUES(498,52,8,'4 Today Rastrillo','Doble Hoja',2.0,12.0,3.821839,3.821839,5.320000,'Pz','6935249602446','4 Today Rast Cab 2Pz');

INSERT INTO MOVIMIENTO_HISTORICO_PRODUCTO (ALMACEN_ID,PRODUCTO_ID,FECHA,TIPO_MOVIMIENTO_ID,CANTIDAD,COSTO,PRECIO,USUARIO_ID) VALUES(1,498,now(),30,36,3.821839,5.320000,'root');
INSERT INTO ALMACEN_PRODUCTO(ALMACEN_ID,PRODUCTO_ID,CANTIDAD_ACTUAL,PRECIO_VENTA) VALUES (1,498,36,5.320000);

INSERT INTO ALMACEN_PRODUCTO(ALMACEN_ID,PRODUCTO_ID,CANTIDAD_ACTUAL,PRECIO_VENTA) VALUES (2,498,0,0.000000);

INSERT INTO ALMACEN_PRODUCTO(ALMACEN_ID,PRODUCTO_ID,CANTIDAD_ACTUAL,PRECIO_VENTA) VALUES (3,498,36,6.500000);

INSERT INTO ALMACEN_PRODUCTO(ALMACEN_ID,PRODUCTO_ID,CANTIDAD_ACTUAL,PRECIO_VENTA) VALUES (4,498,0,0.000000);

INSERT INTO PROVEEDOR_PRODUCTO(PROVEEDOR_ID,PRODUCTO_ID,PRECIO_COMPRA) VALUES(7,498, 3.821839);

-- ===========PRODUCTO [499]
INSERT INTO PRODUCTO(ID,MARCA_ID,LINEA_ID,NOMBRE,PRESENTACION,CONTENIDO,UNIDADES_POR_CAJA,COSTO,COSTO_VENTA,PRECIO_BASE,UNIDAD_MEDIDA,CODIGO_BARRAS,ABREBIATURA) VALUES(499,54,10,'Real Solida','Glicerina',400.0,24.0,0.000000,0.000000,0.000000,'G','7501039704202','Real Cr Glicerin 400g');

INSERT INTO MOVIMIENTO_HISTORICO_PRODUCTO (ALMACEN_ID,PRODUCTO_ID,FECHA,TIPO_MOVIMIENTO_ID,CANTIDAD,COSTO,PRECIO,USUARIO_ID) VALUES(1,499,now(),30,60,0.000000,0.000000,'root');
INSERT INTO ALMACEN_PRODUCTO(ALMACEN_ID,PRODUCTO_ID,CANTIDAD_ACTUAL,PRECIO_VENTA) VALUES (1,499,60,0.000000);

INSERT INTO ALMACEN_PRODUCTO(ALMACEN_ID,PRODUCTO_ID,CANTIDAD_ACTUAL,PRECIO_VENTA) VALUES (2,499,0,0.000000);

INSERT INTO ALMACEN_PRODUCTO(ALMACEN_ID,PRODUCTO_ID,CANTIDAD_ACTUAL,PRECIO_VENTA) VALUES (3,499,60,0.000000);

INSERT INTO ALMACEN_PRODUCTO(ALMACEN_ID,PRODUCTO_ID,CANTIDAD_ACTUAL,PRECIO_VENTA) VALUES (4,499,0,0.000000);

INSERT INTO PROVEEDOR_PRODUCTO(PROVEEDOR_ID,PRODUCTO_ID,PRECIO_COMPRA) VALUES(26,499, 0.000000);

-- ===========PRODUCTO [500]
INSERT INTO PRODUCTO(ID,MARCA_ID,LINEA_ID,NOMBRE,PRESENTACION,CONTENIDO,UNIDADES_POR_CAJA,COSTO,COSTO_VENTA,PRECIO_BASE,UNIDAD_MEDIDA,CODIGO_BARRAS,ABREBIATURA) VALUES(500,54,7,'Vaselina Real','Petrolato',200.0,36.0,0.000000,0.000000,0.000000,'G','7501039701065','Real Vselin Petro 200g');

INSERT INTO MOVIMIENTO_HISTORICO_PRODUCTO (ALMACEN_ID,PRODUCTO_ID,FECHA,TIPO_MOVIMIENTO_ID,CANTIDAD,COSTO,PRECIO,USUARIO_ID) VALUES(1,500,now(),30,48,0.000000,0.000000,'root');
INSERT INTO ALMACEN_PRODUCTO(ALMACEN_ID,PRODUCTO_ID,CANTIDAD_ACTUAL,PRECIO_VENTA) VALUES (1,500,48,0.000000);

INSERT INTO ALMACEN_PRODUCTO(ALMACEN_ID,PRODUCTO_ID,CANTIDAD_ACTUAL,PRECIO_VENTA) VALUES (2,500,0,0.000000);

INSERT INTO ALMACEN_PRODUCTO(ALMACEN_ID,PRODUCTO_ID,CANTIDAD_ACTUAL,PRECIO_VENTA) VALUES (3,500,48,0.000000);

INSERT INTO ALMACEN_PRODUCTO(ALMACEN_ID,PRODUCTO_ID,CANTIDAD_ACTUAL,PRECIO_VENTA) VALUES (4,500,0,0.000000);

INSERT INTO PROVEEDOR_PRODUCTO(PROVEEDOR_ID,PRODUCTO_ID,PRECIO_COMPRA) VALUES(26,500, 0.000000);

-- ===========PRODUCTO [501]
INSERT INTO PRODUCTO(ID,MARCA_ID,LINEA_ID,NOMBRE,PRESENTACION,CONTENIDO,UNIDADES_POR_CAJA,COSTO,COSTO_VENTA,PRECIO_BASE,UNIDAD_MEDIDA,CODIGO_BARRAS,ABREBIATURA) VALUES(501,54,7,'Vaselina Real','Perfume',200.0,36.0,0.000000,0.000000,0.000000,'G','7501039701058','Real Vselin Perfu 200g');

INSERT INTO MOVIMIENTO_HISTORICO_PRODUCTO (ALMACEN_ID,PRODUCTO_ID,FECHA,TIPO_MOVIMIENTO_ID,CANTIDAD,COSTO,PRECIO,USUARIO_ID) VALUES(1,501,now(),30,47,0.000000,0.000000,'root');
INSERT INTO ALMACEN_PRODUCTO(ALMACEN_ID,PRODUCTO_ID,CANTIDAD_ACTUAL,PRECIO_VENTA) VALUES (1,501,47,0.000000);

INSERT INTO ALMACEN_PRODUCTO(ALMACEN_ID,PRODUCTO_ID,CANTIDAD_ACTUAL,PRECIO_VENTA) VALUES (2,501,0,0.000000);

INSERT INTO ALMACEN_PRODUCTO(ALMACEN_ID,PRODUCTO_ID,CANTIDAD_ACTUAL,PRECIO_VENTA) VALUES (3,501,47,0.000000);

INSERT INTO ALMACEN_PRODUCTO(ALMACEN_ID,PRODUCTO_ID,CANTIDAD_ACTUAL,PRECIO_VENTA) VALUES (4,501,0,0.000000);

INSERT INTO PROVEEDOR_PRODUCTO(PROVEEDOR_ID,PRODUCTO_ID,PRECIO_COMPRA) VALUES(26,501, 0.000000);

-- ===========PRODUCTO [502]
INSERT INTO PRODUCTO(ID,MARCA_ID,LINEA_ID,NOMBRE,PRESENTACION,CONTENIDO,UNIDADES_POR_CAJA,COSTO,COSTO_VENTA,PRECIO_BASE,UNIDAD_MEDIDA,CODIGO_BARRAS,ABREBIATURA) VALUES(502,12,6,'Ammens Talco Desodorante','Aloe Vera',250.0,12.0,20.725575,20.725575,28.850000,'G','7502221182242','Ammen Talc Aloe 250g');

INSERT INTO MOVIMIENTO_HISTORICO_PRODUCTO (ALMACEN_ID,PRODUCTO_ID,FECHA,TIPO_MOVIMIENTO_ID,CANTIDAD,COSTO,PRECIO,USUARIO_ID) VALUES(1,502,now(),30,12,20.725575,28.850000,'root');
INSERT INTO ALMACEN_PRODUCTO(ALMACEN_ID,PRODUCTO_ID,CANTIDAD_ACTUAL,PRECIO_VENTA) VALUES (1,502,12,28.850000);

INSERT INTO ALMACEN_PRODUCTO(ALMACEN_ID,PRODUCTO_ID,CANTIDAD_ACTUAL,PRECIO_VENTA) VALUES (2,502,25,9.500000);

INSERT INTO ALMACEN_PRODUCTO(ALMACEN_ID,PRODUCTO_ID,CANTIDAD_ACTUAL,PRECIO_VENTA) VALUES (3,502,12,26.500000);

INSERT INTO ALMACEN_PRODUCTO(ALMACEN_ID,PRODUCTO_ID,CANTIDAD_ACTUAL,PRECIO_VENTA) VALUES (4,502,25,9.500000);

INSERT INTO PROVEEDOR_PRODUCTO(PROVEEDOR_ID,PRODUCTO_ID,PRECIO_COMPRA) VALUES(18,502, 20.725575);

-- ===========PRODUCTO [503]
INSERT INTO PRODUCTO(ID,MARCA_ID,LINEA_ID,NOMBRE,PRESENTACION,CONTENIDO,UNIDADES_POR_CAJA,COSTO,COSTO_VENTA,PRECIO_BASE,UNIDAD_MEDIDA,CODIGO_BARRAS,ABREBIATURA) VALUES(503,54,10,'Real Solida','Piel Seca',200.0,48.0,0.000000,0.000000,0.000000,'G','7501039702017','Real Cr Seca 200g');

INSERT INTO MOVIMIENTO_HISTORICO_PRODUCTO (ALMACEN_ID,PRODUCTO_ID,FECHA,TIPO_MOVIMIENTO_ID,CANTIDAD,COSTO,PRECIO,USUARIO_ID) VALUES(1,503,now(),30,82,0.000000,0.000000,'root');
INSERT INTO ALMACEN_PRODUCTO(ALMACEN_ID,PRODUCTO_ID,CANTIDAD_ACTUAL,PRECIO_VENTA) VALUES (1,503,82,0.000000);

INSERT INTO ALMACEN_PRODUCTO(ALMACEN_ID,PRODUCTO_ID,CANTIDAD_ACTUAL,PRECIO_VENTA) VALUES (2,503,0,0.000000);

INSERT INTO ALMACEN_PRODUCTO(ALMACEN_ID,PRODUCTO_ID,CANTIDAD_ACTUAL,PRECIO_VENTA) VALUES (3,503,82,0.000000);

INSERT INTO ALMACEN_PRODUCTO(ALMACEN_ID,PRODUCTO_ID,CANTIDAD_ACTUAL,PRECIO_VENTA) VALUES (4,503,0,0.000000);

INSERT INTO PROVEEDOR_PRODUCTO(PROVEEDOR_ID,PRODUCTO_ID,PRECIO_COMPRA) VALUES(26,503, 0.000000);

-- ===========PRODUCTO [504]
INSERT INTO PRODUCTO(ID,MARCA_ID,LINEA_ID,NOMBRE,PRESENTACION,CONTENIDO,UNIDADES_POR_CAJA,COSTO,COSTO_VENTA,PRECIO_BASE,UNIDAD_MEDIDA,CODIGO_BARRAS,ABREBIATURA) VALUES(504,12,6,'Ammens Talco Desodorante','Manzanilla',250.0,12.0,20.725575,20.725575,28.850000,'G','7502221182266','Ammen Talc Manz 250g');

INSERT INTO MOVIMIENTO_HISTORICO_PRODUCTO (ALMACEN_ID,PRODUCTO_ID,FECHA,TIPO_MOVIMIENTO_ID,CANTIDAD,COSTO,PRECIO,USUARIO_ID) VALUES(1,504,now(),30,12,20.725575,28.850000,'root');
INSERT INTO ALMACEN_PRODUCTO(ALMACEN_ID,PRODUCTO_ID,CANTIDAD_ACTUAL,PRECIO_VENTA) VALUES (1,504,12,28.850000);

INSERT INTO ALMACEN_PRODUCTO(ALMACEN_ID,PRODUCTO_ID,CANTIDAD_ACTUAL,PRECIO_VENTA) VALUES (2,504,11,9.500000);

INSERT INTO ALMACEN_PRODUCTO(ALMACEN_ID,PRODUCTO_ID,CANTIDAD_ACTUAL,PRECIO_VENTA) VALUES (3,504,12,26.500000);

INSERT INTO ALMACEN_PRODUCTO(ALMACEN_ID,PRODUCTO_ID,CANTIDAD_ACTUAL,PRECIO_VENTA) VALUES (4,504,11,9.500000);

INSERT INTO PROVEEDOR_PRODUCTO(PROVEEDOR_ID,PRODUCTO_ID,PRECIO_COMPRA) VALUES(18,504, 20.725575);

-- ===========PRODUCTO [505]
INSERT INTO PRODUCTO(ID,MARCA_ID,LINEA_ID,NOMBRE,PRESENTACION,CONTENIDO,UNIDADES_POR_CAJA,COSTO,COSTO_VENTA,PRECIO_BASE,UNIDAD_MEDIDA,CODIGO_BARRAS,ABREBIATURA) VALUES(505,54,10,'Real Liquida','Piel Seca',380.0,24.0,0.000000,0.000000,0.000000,'ML','7501039701201','Real Cr Seca Li 380ml');

INSERT INTO MOVIMIENTO_HISTORICO_PRODUCTO (ALMACEN_ID,PRODUCTO_ID,FECHA,TIPO_MOVIMIENTO_ID,CANTIDAD,COSTO,PRECIO,USUARIO_ID) VALUES(1,505,now(),30,48,0.000000,0.000000,'root');
INSERT INTO ALMACEN_PRODUCTO(ALMACEN_ID,PRODUCTO_ID,CANTIDAD_ACTUAL,PRECIO_VENTA) VALUES (1,505,48,0.000000);

INSERT INTO ALMACEN_PRODUCTO(ALMACEN_ID,PRODUCTO_ID,CANTIDAD_ACTUAL,PRECIO_VENTA) VALUES (2,505,0,0.000000);

INSERT INTO ALMACEN_PRODUCTO(ALMACEN_ID,PRODUCTO_ID,CANTIDAD_ACTUAL,PRECIO_VENTA) VALUES (3,505,48,0.000000);

INSERT INTO ALMACEN_PRODUCTO(ALMACEN_ID,PRODUCTO_ID,CANTIDAD_ACTUAL,PRECIO_VENTA) VALUES (4,505,0,0.000000);

INSERT INTO PROVEEDOR_PRODUCTO(PROVEEDOR_ID,PRODUCTO_ID,PRECIO_COMPRA) VALUES(26,505, 0.000000);

-- ===========PRODUCTO [506]
INSERT INTO PRODUCTO(ID,MARCA_ID,LINEA_ID,NOMBRE,PRESENTACION,CONTENIDO,UNIDADES_POR_CAJA,COSTO,COSTO_VENTA,PRECIO_BASE,UNIDAD_MEDIDA,CODIGO_BARRAS,ABREBIATURA) VALUES(506,54,10,'Real Liquida','Piel Normal',380.0,24.0,0.000000,0.000000,0.000000,'ML','7501039701195','Real Cr Norm Li 380ml');

INSERT INTO MOVIMIENTO_HISTORICO_PRODUCTO (ALMACEN_ID,PRODUCTO_ID,FECHA,TIPO_MOVIMIENTO_ID,CANTIDAD,COSTO,PRECIO,USUARIO_ID) VALUES(1,506,now(),30,48,0.000000,0.000000,'root');
INSERT INTO ALMACEN_PRODUCTO(ALMACEN_ID,PRODUCTO_ID,CANTIDAD_ACTUAL,PRECIO_VENTA) VALUES (1,506,48,0.000000);

INSERT INTO ALMACEN_PRODUCTO(ALMACEN_ID,PRODUCTO_ID,CANTIDAD_ACTUAL,PRECIO_VENTA) VALUES (2,506,0,0.000000);

INSERT INTO ALMACEN_PRODUCTO(ALMACEN_ID,PRODUCTO_ID,CANTIDAD_ACTUAL,PRECIO_VENTA) VALUES (3,506,48,0.000000);

INSERT INTO ALMACEN_PRODUCTO(ALMACEN_ID,PRODUCTO_ID,CANTIDAD_ACTUAL,PRECIO_VENTA) VALUES (4,506,0,0.000000);

INSERT INTO PROVEEDOR_PRODUCTO(PROVEEDOR_ID,PRODUCTO_ID,PRECIO_COMPRA) VALUES(26,506, 0.000000);

-- ===========PRODUCTO [507]
INSERT INTO PRODUCTO(ID,MARCA_ID,LINEA_ID,NOMBRE,PRESENTACION,CONTENIDO,UNIDADES_POR_CAJA,COSTO,COSTO_VENTA,PRECIO_BASE,UNIDAD_MEDIDA,CODIGO_BARRAS,ABREBIATURA) VALUES(507,54,10,'Real Liquida','Piel Extra Seca',380.0,24.0,0.000000,0.000000,0.000000,'ML','7501039701249','Real Cr Ex Seca Li 380');

INSERT INTO MOVIMIENTO_HISTORICO_PRODUCTO (ALMACEN_ID,PRODUCTO_ID,FECHA,TIPO_MOVIMIENTO_ID,CANTIDAD,COSTO,PRECIO,USUARIO_ID) VALUES(1,507,now(),30,48,0.000000,0.000000,'root');
INSERT INTO ALMACEN_PRODUCTO(ALMACEN_ID,PRODUCTO_ID,CANTIDAD_ACTUAL,PRECIO_VENTA) VALUES (1,507,48,0.000000);

INSERT INTO ALMACEN_PRODUCTO(ALMACEN_ID,PRODUCTO_ID,CANTIDAD_ACTUAL,PRECIO_VENTA) VALUES (2,507,0,0.000000);

INSERT INTO ALMACEN_PRODUCTO(ALMACEN_ID,PRODUCTO_ID,CANTIDAD_ACTUAL,PRECIO_VENTA) VALUES (3,507,48,0.000000);

INSERT INTO ALMACEN_PRODUCTO(ALMACEN_ID,PRODUCTO_ID,CANTIDAD_ACTUAL,PRECIO_VENTA) VALUES (4,507,0,0.000000);

INSERT INTO PROVEEDOR_PRODUCTO(PROVEEDOR_ID,PRODUCTO_ID,PRECIO_COMPRA) VALUES(26,507, 0.000000);

-- ===========PRODUCTO [508]
INSERT INTO PRODUCTO(ID,MARCA_ID,LINEA_ID,NOMBRE,PRESENTACION,CONTENIDO,UNIDADES_POR_CAJA,COSTO,COSTO_VENTA,PRECIO_BASE,UNIDAD_MEDIDA,CODIGO_BARRAS,ABREBIATURA) VALUES(508,54,10,'Real Solida','Piel Extra Seca',200.0,48.0,0.000000,0.000000,0.000000,'G','7501039702024','Real Cr Ex Seca 200g');

INSERT INTO MOVIMIENTO_HISTORICO_PRODUCTO (ALMACEN_ID,PRODUCTO_ID,FECHA,TIPO_MOVIMIENTO_ID,CANTIDAD,COSTO,PRECIO,USUARIO_ID) VALUES(1,508,now(),30,82,0.000000,0.000000,'root');
INSERT INTO ALMACEN_PRODUCTO(ALMACEN_ID,PRODUCTO_ID,CANTIDAD_ACTUAL,PRECIO_VENTA) VALUES (1,508,82,0.000000);

INSERT INTO ALMACEN_PRODUCTO(ALMACEN_ID,PRODUCTO_ID,CANTIDAD_ACTUAL,PRECIO_VENTA) VALUES (2,508,2,9.000000);

INSERT INTO ALMACEN_PRODUCTO(ALMACEN_ID,PRODUCTO_ID,CANTIDAD_ACTUAL,PRECIO_VENTA) VALUES (3,508,82,0.000000);

INSERT INTO ALMACEN_PRODUCTO(ALMACEN_ID,PRODUCTO_ID,CANTIDAD_ACTUAL,PRECIO_VENTA) VALUES (4,508,2,9.000000);

INSERT INTO PROVEEDOR_PRODUCTO(PROVEEDOR_ID,PRODUCTO_ID,PRECIO_COMPRA) VALUES(26,508, 0.000000);

-- ===========PRODUCTO [509]
INSERT INTO PRODUCTO(ID,MARCA_ID,LINEA_ID,NOMBRE,PRESENTACION,CONTENIDO,UNIDADES_POR_CAJA,COSTO,COSTO_VENTA,PRECIO_BASE,UNIDAD_MEDIDA,CODIGO_BARRAS,ABREBIATURA) VALUES(509,54,10,'Real Solida','Piel Seca',370.0,24.0,0.000000,0.000000,0.000000,'G','7501039703717','Real Cr Seca 370g');

INSERT INTO MOVIMIENTO_HISTORICO_PRODUCTO (ALMACEN_ID,PRODUCTO_ID,FECHA,TIPO_MOVIMIENTO_ID,CANTIDAD,COSTO,PRECIO,USUARIO_ID) VALUES(1,509,now(),30,30,0.000000,0.000000,'root');
INSERT INTO ALMACEN_PRODUCTO(ALMACEN_ID,PRODUCTO_ID,CANTIDAD_ACTUAL,PRECIO_VENTA) VALUES (1,509,30,0.000000);

INSERT INTO ALMACEN_PRODUCTO(ALMACEN_ID,PRODUCTO_ID,CANTIDAD_ACTUAL,PRECIO_VENTA) VALUES (2,509,0,0.000000);

INSERT INTO ALMACEN_PRODUCTO(ALMACEN_ID,PRODUCTO_ID,CANTIDAD_ACTUAL,PRECIO_VENTA) VALUES (3,509,30,0.000000);

INSERT INTO ALMACEN_PRODUCTO(ALMACEN_ID,PRODUCTO_ID,CANTIDAD_ACTUAL,PRECIO_VENTA) VALUES (4,509,0,0.000000);

INSERT INTO PROVEEDOR_PRODUCTO(PROVEEDOR_ID,PRODUCTO_ID,PRECIO_COMPRA) VALUES(26,509, 0.000000);

-- ===========PRODUCTO [510]
INSERT INTO PRODUCTO(ID,MARCA_ID,LINEA_ID,NOMBRE,PRESENTACION,CONTENIDO,UNIDADES_POR_CAJA,COSTO,COSTO_VENTA,PRECIO_BASE,UNIDAD_MEDIDA,CODIGO_BARRAS,ABREBIATURA) VALUES(510,61,2,'Moco de Gorila Squizz','Rockero',340.0,12.0,0.000000,0.000000,0.000000,'G','7501438326074','Moco Squiz Rock 340g');

INSERT INTO MOVIMIENTO_HISTORICO_PRODUCTO (ALMACEN_ID,PRODUCTO_ID,FECHA,TIPO_MOVIMIENTO_ID,CANTIDAD,COSTO,PRECIO,USUARIO_ID) VALUES(1,510,now(),30,12,0.000000,0.000000,'root');
INSERT INTO ALMACEN_PRODUCTO(ALMACEN_ID,PRODUCTO_ID,CANTIDAD_ACTUAL,PRECIO_VENTA) VALUES (1,510,12,0.000000);

INSERT INTO ALMACEN_PRODUCTO(ALMACEN_ID,PRODUCTO_ID,CANTIDAD_ACTUAL,PRECIO_VENTA) VALUES (2,510,0,0.000000);

INSERT INTO ALMACEN_PRODUCTO(ALMACEN_ID,PRODUCTO_ID,CANTIDAD_ACTUAL,PRECIO_VENTA) VALUES (3,510,12,17.900000);

INSERT INTO ALMACEN_PRODUCTO(ALMACEN_ID,PRODUCTO_ID,CANTIDAD_ACTUAL,PRECIO_VENTA) VALUES (4,510,0,0.000000);

INSERT INTO PROVEEDOR_PRODUCTO(PROVEEDOR_ID,PRODUCTO_ID,PRECIO_COMPRA) VALUES(12,510, 0.000000);

-- ===========PRODUCTO [511]
INSERT INTO PRODUCTO(ID,MARCA_ID,LINEA_ID,NOMBRE,PRESENTACION,CONTENIDO,UNIDADES_POR_CAJA,COSTO,COSTO_VENTA,PRECIO_BASE,UNIDAD_MEDIDA,CODIGO_BARRAS,ABREBIATURA) VALUES(511,61,2,'Moco de Gorila Squizz','Galan',340.0,12.0,0.000000,0.000000,0.000000,'G','7501438326067','Moco Squiz Gala 340g');

INSERT INTO MOVIMIENTO_HISTORICO_PRODUCTO (ALMACEN_ID,PRODUCTO_ID,FECHA,TIPO_MOVIMIENTO_ID,CANTIDAD,COSTO,PRECIO,USUARIO_ID) VALUES(1,511,now(),30,12,0.000000,0.000000,'root');
INSERT INTO ALMACEN_PRODUCTO(ALMACEN_ID,PRODUCTO_ID,CANTIDAD_ACTUAL,PRECIO_VENTA) VALUES (1,511,12,0.000000);

INSERT INTO ALMACEN_PRODUCTO(ALMACEN_ID,PRODUCTO_ID,CANTIDAD_ACTUAL,PRECIO_VENTA) VALUES (2,511,0,0.000000);

INSERT INTO ALMACEN_PRODUCTO(ALMACEN_ID,PRODUCTO_ID,CANTIDAD_ACTUAL,PRECIO_VENTA) VALUES (3,511,12,17.900000);

INSERT INTO ALMACEN_PRODUCTO(ALMACEN_ID,PRODUCTO_ID,CANTIDAD_ACTUAL,PRECIO_VENTA) VALUES (4,511,0,0.000000);

INSERT INTO PROVEEDOR_PRODUCTO(PROVEEDOR_ID,PRODUCTO_ID,PRECIO_COMPRA) VALUES(12,511, 0.000000);

-- ===========PRODUCTO [512]
INSERT INTO PRODUCTO(ID,MARCA_ID,LINEA_ID,NOMBRE,PRESENTACION,CONTENIDO,UNIDADES_POR_CAJA,COSTO,COSTO_VENTA,PRECIO_BASE,UNIDAD_MEDIDA,CODIGO_BARRAS,ABREBIATURA) VALUES(512,17,14,'Palmolive Optims Shampoo','4 Extra Intensivo',200.0,12.0,0.000000,0.000000,0.000000,'ML','75002794','Palm Sh 4 Ext 200ml');

INSERT INTO MOVIMIENTO_HISTORICO_PRODUCTO (ALMACEN_ID,PRODUCTO_ID,FECHA,TIPO_MOVIMIENTO_ID,CANTIDAD,COSTO,PRECIO,USUARIO_ID) VALUES(1,512,now(),30,12,0.000000,0.000000,'root');
INSERT INTO ALMACEN_PRODUCTO(ALMACEN_ID,PRODUCTO_ID,CANTIDAD_ACTUAL,PRECIO_VENTA) VALUES (1,512,12,0.000000);

INSERT INTO ALMACEN_PRODUCTO(ALMACEN_ID,PRODUCTO_ID,CANTIDAD_ACTUAL,PRECIO_VENTA) VALUES (2,512,0,0.000000);

INSERT INTO ALMACEN_PRODUCTO(ALMACEN_ID,PRODUCTO_ID,CANTIDAD_ACTUAL,PRECIO_VENTA) VALUES (3,512,12,0.000000);

INSERT INTO ALMACEN_PRODUCTO(ALMACEN_ID,PRODUCTO_ID,CANTIDAD_ACTUAL,PRECIO_VENTA) VALUES (4,512,0,0.000000);

INSERT INTO PROVEEDOR_PRODUCTO(PROVEEDOR_ID,PRODUCTO_ID,PRECIO_COMPRA) VALUES(6,512, 0.000000);

-- ===========PRODUCTO [513]
INSERT INTO PRODUCTO(ID,MARCA_ID,LINEA_ID,NOMBRE,PRESENTACION,CONTENIDO,UNIDADES_POR_CAJA,COSTO,COSTO_VENTA,PRECIO_BASE,UNIDAD_MEDIDA,CODIGO_BARRAS,ABREBIATURA) VALUES(513,17,10,'Palmolive Hydra Natura','Intensiva Zonas Dificiles',400.0,12.0,25.416667,25.416667,35.380000,'ML','7509546053707','Palmol Cr Zona Dif 400');

INSERT INTO MOVIMIENTO_HISTORICO_PRODUCTO (ALMACEN_ID,PRODUCTO_ID,FECHA,TIPO_MOVIMIENTO_ID,CANTIDAD,COSTO,PRECIO,USUARIO_ID) VALUES(1,513,now(),30,12,25.416667,35.380000,'root');
INSERT INTO ALMACEN_PRODUCTO(ALMACEN_ID,PRODUCTO_ID,CANTIDAD_ACTUAL,PRECIO_VENTA) VALUES (1,513,12,35.380000);

INSERT INTO ALMACEN_PRODUCTO(ALMACEN_ID,PRODUCTO_ID,CANTIDAD_ACTUAL,PRECIO_VENTA) VALUES (2,513,0,0.000000);

INSERT INTO ALMACEN_PRODUCTO(ALMACEN_ID,PRODUCTO_ID,CANTIDAD_ACTUAL,PRECIO_VENTA) VALUES (3,513,12,29.900000);

INSERT INTO ALMACEN_PRODUCTO(ALMACEN_ID,PRODUCTO_ID,CANTIDAD_ACTUAL,PRECIO_VENTA) VALUES (4,513,0,0.000000);

INSERT INTO PROVEEDOR_PRODUCTO(PROVEEDOR_ID,PRODUCTO_ID,PRECIO_COMPRA) VALUES(6,513, 25.416667);

-- ===========PRODUCTO [514]
INSERT INTO PRODUCTO(ID,MARCA_ID,LINEA_ID,NOMBRE,PRESENTACION,CONTENIDO,UNIDADES_POR_CAJA,COSTO,COSTO_VENTA,PRECIO_BASE,UNIDAD_MEDIDA,CODIGO_BARRAS,ABREBIATURA) VALUES(514,17,10,'Palmolive Hydra Natura','Extra Seca Extra Intensiva',400.0,12.0,25.416667,25.416667,35.380000,'ML','7509546017952','Palm Cr Ex Seca Int 400');

INSERT INTO MOVIMIENTO_HISTORICO_PRODUCTO (ALMACEN_ID,PRODUCTO_ID,FECHA,TIPO_MOVIMIENTO_ID,CANTIDAD,COSTO,PRECIO,USUARIO_ID) VALUES(1,514,now(),30,12,25.416667,35.380000,'root');
INSERT INTO ALMACEN_PRODUCTO(ALMACEN_ID,PRODUCTO_ID,CANTIDAD_ACTUAL,PRECIO_VENTA) VALUES (1,514,12,35.380000);

INSERT INTO ALMACEN_PRODUCTO(ALMACEN_ID,PRODUCTO_ID,CANTIDAD_ACTUAL,PRECIO_VENTA) VALUES (2,514,0,0.000000);

INSERT INTO ALMACEN_PRODUCTO(ALMACEN_ID,PRODUCTO_ID,CANTIDAD_ACTUAL,PRECIO_VENTA) VALUES (3,514,12,29.900000);

INSERT INTO ALMACEN_PRODUCTO(ALMACEN_ID,PRODUCTO_ID,CANTIDAD_ACTUAL,PRECIO_VENTA) VALUES (4,514,0,0.000000);

INSERT INTO PROVEEDOR_PRODUCTO(PROVEEDOR_ID,PRODUCTO_ID,PRECIO_COMPRA) VALUES(6,514, 25.416667);

-- ===========PRODUCTO [515]
INSERT INTO PRODUCTO(ID,MARCA_ID,LINEA_ID,NOMBRE,PRESENTACION,CONTENIDO,UNIDADES_POR_CAJA,COSTO,COSTO_VENTA,PRECIO_BASE,UNIDAD_MEDIDA,CODIGO_BARRAS,ABREBIATURA) VALUES(515,17,10,'Palmolive Hydra Natura','Lavanda',400.0,12.0,25.416667,25.416667,35.380000,'ML','7509546051147','Palm Cr Lavan 400ml');

INSERT INTO MOVIMIENTO_HISTORICO_PRODUCTO (ALMACEN_ID,PRODUCTO_ID,FECHA,TIPO_MOVIMIENTO_ID,CANTIDAD,COSTO,PRECIO,USUARIO_ID) VALUES(1,515,now(),30,12,25.416667,35.380000,'root');
INSERT INTO ALMACEN_PRODUCTO(ALMACEN_ID,PRODUCTO_ID,CANTIDAD_ACTUAL,PRECIO_VENTA) VALUES (1,515,12,35.380000);

INSERT INTO ALMACEN_PRODUCTO(ALMACEN_ID,PRODUCTO_ID,CANTIDAD_ACTUAL,PRECIO_VENTA) VALUES (2,515,0,0.000000);

INSERT INTO ALMACEN_PRODUCTO(ALMACEN_ID,PRODUCTO_ID,CANTIDAD_ACTUAL,PRECIO_VENTA) VALUES (3,515,12,29.900000);

INSERT INTO ALMACEN_PRODUCTO(ALMACEN_ID,PRODUCTO_ID,CANTIDAD_ACTUAL,PRECIO_VENTA) VALUES (4,515,0,0.000000);

INSERT INTO PROVEEDOR_PRODUCTO(PROVEEDOR_ID,PRODUCTO_ID,PRECIO_COMPRA) VALUES(6,515, 25.416667);

-- ===========PRODUCTO [516]
INSERT INTO PRODUCTO(ID,MARCA_ID,LINEA_ID,NOMBRE,PRESENTACION,CONTENIDO,UNIDADES_POR_CAJA,COSTO,COSTO_VENTA,PRECIO_BASE,UNIDAD_MEDIDA,CODIGO_BARRAS,ABREBIATURA) VALUES(516,17,10,'Palmolive Hydra Natura','Suavidad Radiante',400.0,12.0,25.416667,25.416667,35.380000,'ML','7509546038971','Palm Cr Suv Rad 400ml');

INSERT INTO MOVIMIENTO_HISTORICO_PRODUCTO (ALMACEN_ID,PRODUCTO_ID,FECHA,TIPO_MOVIMIENTO_ID,CANTIDAD,COSTO,PRECIO,USUARIO_ID) VALUES(1,516,now(),30,12,25.416667,35.380000,'root');
INSERT INTO ALMACEN_PRODUCTO(ALMACEN_ID,PRODUCTO_ID,CANTIDAD_ACTUAL,PRECIO_VENTA) VALUES (1,516,12,35.380000);

INSERT INTO ALMACEN_PRODUCTO(ALMACEN_ID,PRODUCTO_ID,CANTIDAD_ACTUAL,PRECIO_VENTA) VALUES (2,516,1,20.000000);

INSERT INTO ALMACEN_PRODUCTO(ALMACEN_ID,PRODUCTO_ID,CANTIDAD_ACTUAL,PRECIO_VENTA) VALUES (3,516,12,29.900000);

INSERT INTO ALMACEN_PRODUCTO(ALMACEN_ID,PRODUCTO_ID,CANTIDAD_ACTUAL,PRECIO_VENTA) VALUES (4,516,1,20.000000);

INSERT INTO PROVEEDOR_PRODUCTO(PROVEEDOR_ID,PRODUCTO_ID,PRECIO_COMPRA) VALUES(6,516, 25.416667);

-- ===========PRODUCTO [517]
INSERT INTO PRODUCTO(ID,MARCA_ID,LINEA_ID,NOMBRE,PRESENTACION,CONTENIDO,UNIDADES_POR_CAJA,COSTO,COSTO_VENTA,PRECIO_BASE,UNIDAD_MEDIDA,CODIGO_BARRAS,ABREBIATURA) VALUES(517,17,10,'Palmolive Hydra Natura','Intensiva Suavidad Nutritiva',400.0,12.0,25.416667,25.416667,35.380000,'ML','7509546045795','Palm Cr Intnsiva 400ml');

INSERT INTO MOVIMIENTO_HISTORICO_PRODUCTO (ALMACEN_ID,PRODUCTO_ID,FECHA,TIPO_MOVIMIENTO_ID,CANTIDAD,COSTO,PRECIO,USUARIO_ID) VALUES(1,517,now(),30,12,25.416667,35.380000,'root');
INSERT INTO ALMACEN_PRODUCTO(ALMACEN_ID,PRODUCTO_ID,CANTIDAD_ACTUAL,PRECIO_VENTA) VALUES (1,517,12,35.380000);

INSERT INTO ALMACEN_PRODUCTO(ALMACEN_ID,PRODUCTO_ID,CANTIDAD_ACTUAL,PRECIO_VENTA) VALUES (2,517,0,0.000000);

INSERT INTO ALMACEN_PRODUCTO(ALMACEN_ID,PRODUCTO_ID,CANTIDAD_ACTUAL,PRECIO_VENTA) VALUES (3,517,12,29.900000);

INSERT INTO ALMACEN_PRODUCTO(ALMACEN_ID,PRODUCTO_ID,CANTIDAD_ACTUAL,PRECIO_VENTA) VALUES (4,517,0,0.000000);

INSERT INTO PROVEEDOR_PRODUCTO(PROVEEDOR_ID,PRODUCTO_ID,PRECIO_COMPRA) VALUES(6,517, 25.416667);

-- ===========PRODUCTO [518]
INSERT INTO PRODUCTO(ID,MARCA_ID,LINEA_ID,NOMBRE,PRESENTACION,CONTENIDO,UNIDADES_POR_CAJA,COSTO,COSTO_VENTA,PRECIO_BASE,UNIDAD_MEDIDA,CODIGO_BARRAS,ABREBIATURA) VALUES(518,17,10,'Palmolive Hydra Natura','Reafirmante',400.0,12.0,25.416667,25.416667,35.380000,'ML','7509546017938','Palm Cr Reafirm 400ml');

INSERT INTO MOVIMIENTO_HISTORICO_PRODUCTO (ALMACEN_ID,PRODUCTO_ID,FECHA,TIPO_MOVIMIENTO_ID,CANTIDAD,COSTO,PRECIO,USUARIO_ID) VALUES(1,518,now(),30,12,25.416667,35.380000,'root');
INSERT INTO ALMACEN_PRODUCTO(ALMACEN_ID,PRODUCTO_ID,CANTIDAD_ACTUAL,PRECIO_VENTA) VALUES (1,518,12,35.380000);

INSERT INTO ALMACEN_PRODUCTO(ALMACEN_ID,PRODUCTO_ID,CANTIDAD_ACTUAL,PRECIO_VENTA) VALUES (2,518,0,0.000000);

INSERT INTO ALMACEN_PRODUCTO(ALMACEN_ID,PRODUCTO_ID,CANTIDAD_ACTUAL,PRECIO_VENTA) VALUES (3,518,12,29.900000);

INSERT INTO ALMACEN_PRODUCTO(ALMACEN_ID,PRODUCTO_ID,CANTIDAD_ACTUAL,PRECIO_VENTA) VALUES (4,518,0,0.000000);

INSERT INTO PROVEEDOR_PRODUCTO(PROVEEDOR_ID,PRODUCTO_ID,PRECIO_COMPRA) VALUES(6,518, 25.416667);

-- ===========PRODUCTO [519]
INSERT INTO PRODUCTO(ID,MARCA_ID,LINEA_ID,NOMBRE,PRESENTACION,CONTENIDO,UNIDADES_POR_CAJA,COSTO,COSTO_VENTA,PRECIO_BASE,UNIDAD_MEDIDA,CODIGO_BARRAS,ABREBIATURA) VALUES(519,17,10,'Palmolive Hydra Natura','Renovadora',400.0,12.0,25.416667,25.416667,35.380000,'ML','7509546042794','Palm Cr Renova 400ml');

INSERT INTO MOVIMIENTO_HISTORICO_PRODUCTO (ALMACEN_ID,PRODUCTO_ID,FECHA,TIPO_MOVIMIENTO_ID,CANTIDAD,COSTO,PRECIO,USUARIO_ID) VALUES(1,519,now(),30,12,25.416667,35.380000,'root');
INSERT INTO ALMACEN_PRODUCTO(ALMACEN_ID,PRODUCTO_ID,CANTIDAD_ACTUAL,PRECIO_VENTA) VALUES (1,519,12,35.380000);

INSERT INTO ALMACEN_PRODUCTO(ALMACEN_ID,PRODUCTO_ID,CANTIDAD_ACTUAL,PRECIO_VENTA) VALUES (2,519,0,0.000000);

INSERT INTO ALMACEN_PRODUCTO(ALMACEN_ID,PRODUCTO_ID,CANTIDAD_ACTUAL,PRECIO_VENTA) VALUES (3,519,12,29.900000);

INSERT INTO ALMACEN_PRODUCTO(ALMACEN_ID,PRODUCTO_ID,CANTIDAD_ACTUAL,PRECIO_VENTA) VALUES (4,519,0,0.000000);

INSERT INTO PROVEEDOR_PRODUCTO(PROVEEDOR_ID,PRODUCTO_ID,PRECIO_COMPRA) VALUES(6,519, 25.416667);

-- ===========PRODUCTO [520]
INSERT INTO PRODUCTO(ID,MARCA_ID,LINEA_ID,NOMBRE,PRESENTACION,CONTENIDO,UNIDADES_POR_CAJA,COSTO,COSTO_VENTA,PRECIO_BASE,UNIDAD_MEDIDA,CODIGO_BARRAS,ABREBIATURA) VALUES(520,17,10,'Palmolive Hydra Natura','Piel Seca Intensiva',400.0,12.0,25.416667,25.416667,35.380000,'ML','7509546005973','Palm Cr Sec Intens 400');

INSERT INTO MOVIMIENTO_HISTORICO_PRODUCTO (ALMACEN_ID,PRODUCTO_ID,FECHA,TIPO_MOVIMIENTO_ID,CANTIDAD,COSTO,PRECIO,USUARIO_ID) VALUES(1,520,now(),30,12,25.416667,35.380000,'root');
INSERT INTO ALMACEN_PRODUCTO(ALMACEN_ID,PRODUCTO_ID,CANTIDAD_ACTUAL,PRECIO_VENTA) VALUES (1,520,12,35.380000);

INSERT INTO ALMACEN_PRODUCTO(ALMACEN_ID,PRODUCTO_ID,CANTIDAD_ACTUAL,PRECIO_VENTA) VALUES (2,520,0,0.000000);

INSERT INTO ALMACEN_PRODUCTO(ALMACEN_ID,PRODUCTO_ID,CANTIDAD_ACTUAL,PRECIO_VENTA) VALUES (3,520,12,29.900000);

INSERT INTO ALMACEN_PRODUCTO(ALMACEN_ID,PRODUCTO_ID,CANTIDAD_ACTUAL,PRECIO_VENTA) VALUES (4,520,0,0.000000);

INSERT INTO PROVEEDOR_PRODUCTO(PROVEEDOR_ID,PRODUCTO_ID,PRECIO_COMPRA) VALUES(6,520, 25.416667);

-- ===========PRODUCTO [521]
INSERT INTO PRODUCTO(ID,MARCA_ID,LINEA_ID,NOMBRE,PRESENTACION,CONTENIDO,UNIDADES_POR_CAJA,COSTO,COSTO_VENTA,PRECIO_BASE,UNIDAD_MEDIDA,CODIGO_BARRAS,ABREBIATURA) VALUES(521,62,10,'St Ives Liquida Humectante','Piel Normal',350.0,12.0,0.000000,0.000000,0.000000,'ML','7501059330665','St Ives Normal 350ml');

INSERT INTO MOVIMIENTO_HISTORICO_PRODUCTO (ALMACEN_ID,PRODUCTO_ID,FECHA,TIPO_MOVIMIENTO_ID,CANTIDAD,COSTO,PRECIO,USUARIO_ID) VALUES(1,521,now(),30,12,0.000000,0.000000,'root');
INSERT INTO ALMACEN_PRODUCTO(ALMACEN_ID,PRODUCTO_ID,CANTIDAD_ACTUAL,PRECIO_VENTA) VALUES (1,521,12,0.000000);

INSERT INTO ALMACEN_PRODUCTO(ALMACEN_ID,PRODUCTO_ID,CANTIDAD_ACTUAL,PRECIO_VENTA) VALUES (2,521,0,0.000000);

INSERT INTO ALMACEN_PRODUCTO(ALMACEN_ID,PRODUCTO_ID,CANTIDAD_ACTUAL,PRECIO_VENTA) VALUES (3,521,12,21.900000);

INSERT INTO ALMACEN_PRODUCTO(ALMACEN_ID,PRODUCTO_ID,CANTIDAD_ACTUAL,PRECIO_VENTA) VALUES (4,521,0,0.000000);

INSERT INTO PROVEEDOR_PRODUCTO(PROVEEDOR_ID,PRODUCTO_ID,PRECIO_COMPRA) VALUES(11,521, 0.000000);

-- ===========PRODUCTO [522]
INSERT INTO PRODUCTO(ID,MARCA_ID,LINEA_ID,NOMBRE,PRESENTACION,CONTENIDO,UNIDADES_POR_CAJA,COSTO,COSTO_VENTA,PRECIO_BASE,UNIDAD_MEDIDA,CODIGO_BARRAS,ABREBIATURA) VALUES(522,62,10,'St Ives Liquida Humectante','Piel Sensible',350.0,12.0,0.000000,0.000000,0.000000,'ML','7501059330566','St Ives Sensible 350ml');

INSERT INTO MOVIMIENTO_HISTORICO_PRODUCTO (ALMACEN_ID,PRODUCTO_ID,FECHA,TIPO_MOVIMIENTO_ID,CANTIDAD,COSTO,PRECIO,USUARIO_ID) VALUES(1,522,now(),30,12,0.000000,0.000000,'root');
INSERT INTO ALMACEN_PRODUCTO(ALMACEN_ID,PRODUCTO_ID,CANTIDAD_ACTUAL,PRECIO_VENTA) VALUES (1,522,12,0.000000);

INSERT INTO ALMACEN_PRODUCTO(ALMACEN_ID,PRODUCTO_ID,CANTIDAD_ACTUAL,PRECIO_VENTA) VALUES (2,522,0,0.000000);

INSERT INTO ALMACEN_PRODUCTO(ALMACEN_ID,PRODUCTO_ID,CANTIDAD_ACTUAL,PRECIO_VENTA) VALUES (3,522,12,21.900000);

INSERT INTO ALMACEN_PRODUCTO(ALMACEN_ID,PRODUCTO_ID,CANTIDAD_ACTUAL,PRECIO_VENTA) VALUES (4,522,0,0.000000);

INSERT INTO PROVEEDOR_PRODUCTO(PROVEEDOR_ID,PRODUCTO_ID,PRECIO_COMPRA) VALUES(11,522, 0.000000);

-- ===========PRODUCTO [523]
INSERT INTO PRODUCTO(ID,MARCA_ID,LINEA_ID,NOMBRE,PRESENTACION,CONTENIDO,UNIDADES_POR_CAJA,COSTO,COSTO_VENTA,PRECIO_BASE,UNIDAD_MEDIDA,CODIGO_BARRAS,ABREBIATURA) VALUES(523,17,10,'Palmolive Hydra Natura','Intensiva Suavidad Nutritiva',250.0,12.0,0.000000,0.000000,0.000000,'ML','7509546038964','Palm Cr Suv Nut 250ml');

INSERT INTO MOVIMIENTO_HISTORICO_PRODUCTO (ALMACEN_ID,PRODUCTO_ID,FECHA,TIPO_MOVIMIENTO_ID,CANTIDAD,COSTO,PRECIO,USUARIO_ID) VALUES(1,523,now(),30,12,0.000000,0.000000,'root');
INSERT INTO ALMACEN_PRODUCTO(ALMACEN_ID,PRODUCTO_ID,CANTIDAD_ACTUAL,PRECIO_VENTA) VALUES (1,523,12,0.000000);

INSERT INTO ALMACEN_PRODUCTO(ALMACEN_ID,PRODUCTO_ID,CANTIDAD_ACTUAL,PRECIO_VENTA) VALUES (2,523,0,0.000000);

INSERT INTO ALMACEN_PRODUCTO(ALMACEN_ID,PRODUCTO_ID,CANTIDAD_ACTUAL,PRECIO_VENTA) VALUES (3,523,12,0.000000);

INSERT INTO ALMACEN_PRODUCTO(ALMACEN_ID,PRODUCTO_ID,CANTIDAD_ACTUAL,PRECIO_VENTA) VALUES (4,523,0,0.000000);

INSERT INTO PROVEEDOR_PRODUCTO(PROVEEDOR_ID,PRODUCTO_ID,PRECIO_COMPRA) VALUES(6,523, 0.000000);

-- ===========PRODUCTO [524]
INSERT INTO PRODUCTO(ID,MARCA_ID,LINEA_ID,NOMBRE,PRESENTACION,CONTENIDO,UNIDADES_POR_CAJA,COSTO,COSTO_VENTA,PRECIO_BASE,UNIDAD_MEDIDA,CODIGO_BARRAS,ABREBIATURA) VALUES(524,17,10,'Palmolive Hydra Natura','Reafirmante',250.0,12.0,0.000000,0.000000,0.000000,'ML','7509546017921','Palm Cr Reafirm 250ml');

INSERT INTO MOVIMIENTO_HISTORICO_PRODUCTO (ALMACEN_ID,PRODUCTO_ID,FECHA,TIPO_MOVIMIENTO_ID,CANTIDAD,COSTO,PRECIO,USUARIO_ID) VALUES(1,524,now(),30,12,0.000000,0.000000,'root');
INSERT INTO ALMACEN_PRODUCTO(ALMACEN_ID,PRODUCTO_ID,CANTIDAD_ACTUAL,PRECIO_VENTA) VALUES (1,524,12,0.000000);

INSERT INTO ALMACEN_PRODUCTO(ALMACEN_ID,PRODUCTO_ID,CANTIDAD_ACTUAL,PRECIO_VENTA) VALUES (2,524,0,0.000000);

INSERT INTO ALMACEN_PRODUCTO(ALMACEN_ID,PRODUCTO_ID,CANTIDAD_ACTUAL,PRECIO_VENTA) VALUES (3,524,12,0.000000);

INSERT INTO ALMACEN_PRODUCTO(ALMACEN_ID,PRODUCTO_ID,CANTIDAD_ACTUAL,PRECIO_VENTA) VALUES (4,524,0,0.000000);

INSERT INTO PROVEEDOR_PRODUCTO(PROVEEDOR_ID,PRODUCTO_ID,PRECIO_COMPRA) VALUES(6,524, 0.000000);

-- ===========PRODUCTO [525]
INSERT INTO PRODUCTO(ID,MARCA_ID,LINEA_ID,NOMBRE,PRESENTACION,CONTENIDO,UNIDADES_POR_CAJA,COSTO,COSTO_VENTA,PRECIO_BASE,UNIDAD_MEDIDA,CODIGO_BARRAS,ABREBIATURA) VALUES(525,17,10,'Palmolive Hydra Natura','Piel Seca Intensiva',250.0,12.0,0.000000,0.000000,0.000000,'ML','7509546005980','Palm Cr Sec Intens 250');

INSERT INTO MOVIMIENTO_HISTORICO_PRODUCTO (ALMACEN_ID,PRODUCTO_ID,FECHA,TIPO_MOVIMIENTO_ID,CANTIDAD,COSTO,PRECIO,USUARIO_ID) VALUES(1,525,now(),30,12,0.000000,0.000000,'root');
INSERT INTO ALMACEN_PRODUCTO(ALMACEN_ID,PRODUCTO_ID,CANTIDAD_ACTUAL,PRECIO_VENTA) VALUES (1,525,12,0.000000);

INSERT INTO ALMACEN_PRODUCTO(ALMACEN_ID,PRODUCTO_ID,CANTIDAD_ACTUAL,PRECIO_VENTA) VALUES (2,525,0,0.000000);

INSERT INTO ALMACEN_PRODUCTO(ALMACEN_ID,PRODUCTO_ID,CANTIDAD_ACTUAL,PRECIO_VENTA) VALUES (3,525,12,0.000000);

INSERT INTO ALMACEN_PRODUCTO(ALMACEN_ID,PRODUCTO_ID,CANTIDAD_ACTUAL,PRECIO_VENTA) VALUES (4,525,0,0.000000);

INSERT INTO PROVEEDOR_PRODUCTO(PROVEEDOR_ID,PRODUCTO_ID,PRECIO_COMPRA) VALUES(6,525, 0.000000);

-- ===========PRODUCTO [526]
INSERT INTO PRODUCTO(ID,MARCA_ID,LINEA_ID,NOMBRE,PRESENTACION,CONTENIDO,UNIDADES_POR_CAJA,COSTO,COSTO_VENTA,PRECIO_BASE,UNIDAD_MEDIDA,CODIGO_BARRAS,ABREBIATURA) VALUES(526,17,10,'Palmolive Hydra Natura','Intensiva',250.0,12.0,0.000000,0.000000,0.000000,'ML','7509546053691','Palm Cr Intnsiva 250ml');

INSERT INTO MOVIMIENTO_HISTORICO_PRODUCTO (ALMACEN_ID,PRODUCTO_ID,FECHA,TIPO_MOVIMIENTO_ID,CANTIDAD,COSTO,PRECIO,USUARIO_ID) VALUES(1,526,now(),30,14,0.000000,0.000000,'root');
INSERT INTO ALMACEN_PRODUCTO(ALMACEN_ID,PRODUCTO_ID,CANTIDAD_ACTUAL,PRECIO_VENTA) VALUES (1,526,14,0.000000);

INSERT INTO ALMACEN_PRODUCTO(ALMACEN_ID,PRODUCTO_ID,CANTIDAD_ACTUAL,PRECIO_VENTA) VALUES (2,526,0,0.000000);

INSERT INTO ALMACEN_PRODUCTO(ALMACEN_ID,PRODUCTO_ID,CANTIDAD_ACTUAL,PRECIO_VENTA) VALUES (3,526,14,0.000000);

INSERT INTO ALMACEN_PRODUCTO(ALMACEN_ID,PRODUCTO_ID,CANTIDAD_ACTUAL,PRECIO_VENTA) VALUES (4,526,0,0.000000);

INSERT INTO PROVEEDOR_PRODUCTO(PROVEEDOR_ID,PRODUCTO_ID,PRECIO_COMPRA) VALUES(6,526, 0.000000);

-- ===========PRODUCTO [527]
INSERT INTO PRODUCTO(ID,MARCA_ID,LINEA_ID,NOMBRE,PRESENTACION,CONTENIDO,UNIDADES_POR_CAJA,COSTO,COSTO_VENTA,PRECIO_BASE,UNIDAD_MEDIDA,CODIGO_BARRAS,ABREBIATURA) VALUES(527,30,10,'Ponds Solida','Rejuveness Noche',100.0,24.0,0.000000,0.000000,0.000000,'G','7501056332075','Ponds Rejuv Noch 100g');

INSERT INTO MOVIMIENTO_HISTORICO_PRODUCTO (ALMACEN_ID,PRODUCTO_ID,FECHA,TIPO_MOVIMIENTO_ID,CANTIDAD,COSTO,PRECIO,USUARIO_ID) VALUES(1,527,now(),30,24,0.000000,0.000000,'root');
INSERT INTO ALMACEN_PRODUCTO(ALMACEN_ID,PRODUCTO_ID,CANTIDAD_ACTUAL,PRECIO_VENTA) VALUES (1,527,24,0.000000);

INSERT INTO ALMACEN_PRODUCTO(ALMACEN_ID,PRODUCTO_ID,CANTIDAD_ACTUAL,PRECIO_VENTA) VALUES (2,527,0,0.000000);

INSERT INTO ALMACEN_PRODUCTO(ALMACEN_ID,PRODUCTO_ID,CANTIDAD_ACTUAL,PRECIO_VENTA) VALUES (3,527,24,0.000000);

INSERT INTO ALMACEN_PRODUCTO(ALMACEN_ID,PRODUCTO_ID,CANTIDAD_ACTUAL,PRECIO_VENTA) VALUES (4,527,0,0.000000);

INSERT INTO PROVEEDOR_PRODUCTO(PROVEEDOR_ID,PRODUCTO_ID,PRECIO_COMPRA) VALUES(19,527, 0.000000);

-- ===========PRODUCTO [528]
INSERT INTO PRODUCTO(ID,MARCA_ID,LINEA_ID,NOMBRE,PRESENTACION,CONTENIDO,UNIDADES_POR_CAJA,COSTO,COSTO_VENTA,PRECIO_BASE,UNIDAD_MEDIDA,CODIGO_BARRAS,ABREBIATURA) VALUES(528,63,2,'Herbal Essences Crema Peinar','Explosion Citrica',285.0,12.0,0.000000,0.000000,0.000000,'ML','7501007465074','Herbal Peinar Cit 285m');

INSERT INTO MOVIMIENTO_HISTORICO_PRODUCTO (ALMACEN_ID,PRODUCTO_ID,FECHA,TIPO_MOVIMIENTO_ID,CANTIDAD,COSTO,PRECIO,USUARIO_ID) VALUES(1,528,now(),30,12,0.000000,0.000000,'root');
INSERT INTO ALMACEN_PRODUCTO(ALMACEN_ID,PRODUCTO_ID,CANTIDAD_ACTUAL,PRECIO_VENTA) VALUES (1,528,12,0.000000);

INSERT INTO ALMACEN_PRODUCTO(ALMACEN_ID,PRODUCTO_ID,CANTIDAD_ACTUAL,PRECIO_VENTA) VALUES (2,528,0,0.000000);

INSERT INTO ALMACEN_PRODUCTO(ALMACEN_ID,PRODUCTO_ID,CANTIDAD_ACTUAL,PRECIO_VENTA) VALUES (3,528,12,0.000000);

INSERT INTO ALMACEN_PRODUCTO(ALMACEN_ID,PRODUCTO_ID,CANTIDAD_ACTUAL,PRECIO_VENTA) VALUES (4,528,0,0.000000);

INSERT INTO PROVEEDOR_PRODUCTO(PROVEEDOR_ID,PRODUCTO_ID,PRECIO_COMPRA) VALUES(19,528, 0.000000);

-- ===========PRODUCTO [529]
INSERT INTO PRODUCTO(ID,MARCA_ID,LINEA_ID,NOMBRE,PRESENTACION,CONTENIDO,UNIDADES_POR_CAJA,COSTO,COSTO_VENTA,PRECIO_BASE,UNIDAD_MEDIDA,CODIGO_BARRAS,ABREBIATURA) VALUES(529,55,13,'Asepxia Regadera Facial y Corporal','Espuma Activa',250.0,20.0,23.426724,23.426724,32.610000,'ML','650240004025','Asepx Reg Espuma 250');

INSERT INTO MOVIMIENTO_HISTORICO_PRODUCTO (ALMACEN_ID,PRODUCTO_ID,FECHA,TIPO_MOVIMIENTO_ID,CANTIDAD,COSTO,PRECIO,USUARIO_ID) VALUES(1,529,now(),30,20,23.426724,32.610000,'root');
INSERT INTO ALMACEN_PRODUCTO(ALMACEN_ID,PRODUCTO_ID,CANTIDAD_ACTUAL,PRECIO_VENTA) VALUES (1,529,20,32.610000);

INSERT INTO ALMACEN_PRODUCTO(ALMACEN_ID,PRODUCTO_ID,CANTIDAD_ACTUAL,PRECIO_VENTA) VALUES (2,529,2,20.000000);

INSERT INTO ALMACEN_PRODUCTO(ALMACEN_ID,PRODUCTO_ID,CANTIDAD_ACTUAL,PRECIO_VENTA) VALUES (3,529,20,29.900000);

INSERT INTO ALMACEN_PRODUCTO(ALMACEN_ID,PRODUCTO_ID,CANTIDAD_ACTUAL,PRECIO_VENTA) VALUES (4,529,2,20.000000);

INSERT INTO PROVEEDOR_PRODUCTO(PROVEEDOR_ID,PRODUCTO_ID,PRECIO_COMPRA) VALUES(19,529, 23.426724);

-- ===========PRODUCTO [530]
INSERT INTO PRODUCTO(ID,MARCA_ID,LINEA_ID,NOMBRE,PRESENTACION,CONTENIDO,UNIDADES_POR_CAJA,COSTO,COSTO_VENTA,PRECIO_BASE,UNIDAD_MEDIDA,CODIGO_BARRAS,ABREBIATURA) VALUES(530,36,14,'Caprice Shampoo','Acti Ceramidas',220.0,15.0,7.923851,7.923851,11.030000,'ML','7509546027029','Capric Sh Ceram 220ml');

INSERT INTO MOVIMIENTO_HISTORICO_PRODUCTO (ALMACEN_ID,PRODUCTO_ID,FECHA,TIPO_MOVIMIENTO_ID,CANTIDAD,COSTO,PRECIO,USUARIO_ID) VALUES(1,530,now(),30,15,7.923851,11.030000,'root');
INSERT INTO ALMACEN_PRODUCTO(ALMACEN_ID,PRODUCTO_ID,CANTIDAD_ACTUAL,PRECIO_VENTA) VALUES (1,530,15,11.030000);

INSERT INTO ALMACEN_PRODUCTO(ALMACEN_ID,PRODUCTO_ID,CANTIDAD_ACTUAL,PRECIO_VENTA) VALUES (2,530,1,7.000000);

INSERT INTO ALMACEN_PRODUCTO(ALMACEN_ID,PRODUCTO_ID,CANTIDAD_ACTUAL,PRECIO_VENTA) VALUES (3,530,15,9.900000);

INSERT INTO ALMACEN_PRODUCTO(ALMACEN_ID,PRODUCTO_ID,CANTIDAD_ACTUAL,PRECIO_VENTA) VALUES (4,530,1,7.000000);

INSERT INTO PROVEEDOR_PRODUCTO(PROVEEDOR_ID,PRODUCTO_ID,PRECIO_COMPRA) VALUES(6,530, 7.923851);

-- ===========PRODUCTO [531]
INSERT INTO PRODUCTO(ID,MARCA_ID,LINEA_ID,NOMBRE,PRESENTACION,CONTENIDO,UNIDADES_POR_CAJA,COSTO,COSTO_VENTA,PRECIO_BASE,UNIDAD_MEDIDA,CODIGO_BARRAS,ABREBIATURA) VALUES(531,57,7,'Menen Shampoo Bebe','Miel y Manzanilla',500.0,12.0,0.000000,0.000000,0.000000,'ML','7501035906792','Menn Sh Manz 500ml');

INSERT INTO MOVIMIENTO_HISTORICO_PRODUCTO (ALMACEN_ID,PRODUCTO_ID,FECHA,TIPO_MOVIMIENTO_ID,CANTIDAD,COSTO,PRECIO,USUARIO_ID) VALUES(1,531,now(),30,12,0.000000,0.000000,'root');
INSERT INTO ALMACEN_PRODUCTO(ALMACEN_ID,PRODUCTO_ID,CANTIDAD_ACTUAL,PRECIO_VENTA) VALUES (1,531,12,0.000000);

INSERT INTO ALMACEN_PRODUCTO(ALMACEN_ID,PRODUCTO_ID,CANTIDAD_ACTUAL,PRECIO_VENTA) VALUES (2,531,0,0.000000);

INSERT INTO ALMACEN_PRODUCTO(ALMACEN_ID,PRODUCTO_ID,CANTIDAD_ACTUAL,PRECIO_VENTA) VALUES (3,531,12,0.000000);

INSERT INTO ALMACEN_PRODUCTO(ALMACEN_ID,PRODUCTO_ID,CANTIDAD_ACTUAL,PRECIO_VENTA) VALUES (4,531,0,0.000000);

INSERT INTO PROVEEDOR_PRODUCTO(PROVEEDOR_ID,PRODUCTO_ID,PRECIO_COMPRA) VALUES(6,531, 0.000000);

-- ===========PRODUCTO [532]
INSERT INTO PRODUCTO(ID,MARCA_ID,LINEA_ID,NOMBRE,PRESENTACION,CONTENIDO,UNIDADES_POR_CAJA,COSTO,COSTO_VENTA,PRECIO_BASE,UNIDAD_MEDIDA,CODIGO_BARRAS,ABREBIATURA) VALUES(532,36,2,'Mousse Caprice Especialidades','Anti-Ceramidas',250.0,12.0,0.000000,0.000000,0.000000,'G','7509546051918','Capric Mous Ceram 250');

INSERT INTO MOVIMIENTO_HISTORICO_PRODUCTO (ALMACEN_ID,PRODUCTO_ID,FECHA,TIPO_MOVIMIENTO_ID,CANTIDAD,COSTO,PRECIO,USUARIO_ID) VALUES(1,532,now(),30,12,0.000000,0.000000,'root');
INSERT INTO ALMACEN_PRODUCTO(ALMACEN_ID,PRODUCTO_ID,CANTIDAD_ACTUAL,PRECIO_VENTA) VALUES (1,532,12,0.000000);

INSERT INTO ALMACEN_PRODUCTO(ALMACEN_ID,PRODUCTO_ID,CANTIDAD_ACTUAL,PRECIO_VENTA) VALUES (2,532,0,0.000000);

INSERT INTO ALMACEN_PRODUCTO(ALMACEN_ID,PRODUCTO_ID,CANTIDAD_ACTUAL,PRECIO_VENTA) VALUES (3,532,12,0.000000);

INSERT INTO ALMACEN_PRODUCTO(ALMACEN_ID,PRODUCTO_ID,CANTIDAD_ACTUAL,PRECIO_VENTA) VALUES (4,532,0,0.000000);

INSERT INTO PROVEEDOR_PRODUCTO(PROVEEDOR_ID,PRODUCTO_ID,PRECIO_COMPRA) VALUES(6,532, 0.000000);

-- ===========PRODUCTO [533]
INSERT INTO PRODUCTO(ID,MARCA_ID,LINEA_ID,NOMBRE,PRESENTACION,CONTENIDO,UNIDADES_POR_CAJA,COSTO,COSTO_VENTA,PRECIO_BASE,UNIDAD_MEDIDA,CODIGO_BARRAS,ABREBIATURA) VALUES(533,36,2,'Mousse Caprice Especialidades','Rizos Definidos',250.0,12.0,0.000000,0.000000,0.000000,'G','7509546051314','Capric Mous Rizo 250g');

INSERT INTO MOVIMIENTO_HISTORICO_PRODUCTO (ALMACEN_ID,PRODUCTO_ID,FECHA,TIPO_MOVIMIENTO_ID,CANTIDAD,COSTO,PRECIO,USUARIO_ID) VALUES(1,533,now(),30,12,0.000000,0.000000,'root');
INSERT INTO ALMACEN_PRODUCTO(ALMACEN_ID,PRODUCTO_ID,CANTIDAD_ACTUAL,PRECIO_VENTA) VALUES (1,533,12,0.000000);

INSERT INTO ALMACEN_PRODUCTO(ALMACEN_ID,PRODUCTO_ID,CANTIDAD_ACTUAL,PRECIO_VENTA) VALUES (2,533,0,0.000000);

INSERT INTO ALMACEN_PRODUCTO(ALMACEN_ID,PRODUCTO_ID,CANTIDAD_ACTUAL,PRECIO_VENTA) VALUES (3,533,12,0.000000);

INSERT INTO ALMACEN_PRODUCTO(ALMACEN_ID,PRODUCTO_ID,CANTIDAD_ACTUAL,PRECIO_VENTA) VALUES (4,533,0,0.000000);

INSERT INTO PROVEEDOR_PRODUCTO(PROVEEDOR_ID,PRODUCTO_ID,PRECIO_COMPRA) VALUES(6,533, 0.000000);

-- ===========PRODUCTO [534]
INSERT INTO PRODUCTO(ID,MARCA_ID,LINEA_ID,NOMBRE,PRESENTACION,CONTENIDO,UNIDADES_POR_CAJA,COSTO,COSTO_VENTA,PRECIO_BASE,UNIDAD_MEDIDA,CODIGO_BARRAS,ABREBIATURA) VALUES(534,36,14,'Caprice Shampoo','Fashion Girl Largo',400.0,12.0,12.593391,12.593391,17.530000,'ML','7509546047850','Capric Sh Fash Larg 400');

INSERT INTO MOVIMIENTO_HISTORICO_PRODUCTO (ALMACEN_ID,PRODUCTO_ID,FECHA,TIPO_MOVIMIENTO_ID,CANTIDAD,COSTO,PRECIO,USUARIO_ID) VALUES(1,534,now(),30,18,12.593391,17.530000,'root');
INSERT INTO ALMACEN_PRODUCTO(ALMACEN_ID,PRODUCTO_ID,CANTIDAD_ACTUAL,PRECIO_VENTA) VALUES (1,534,18,17.530000);

INSERT INTO ALMACEN_PRODUCTO(ALMACEN_ID,PRODUCTO_ID,CANTIDAD_ACTUAL,PRECIO_VENTA) VALUES (2,534,0,0.000000);

INSERT INTO ALMACEN_PRODUCTO(ALMACEN_ID,PRODUCTO_ID,CANTIDAD_ACTUAL,PRECIO_VENTA) VALUES (3,534,18,16.900000);

INSERT INTO ALMACEN_PRODUCTO(ALMACEN_ID,PRODUCTO_ID,CANTIDAD_ACTUAL,PRECIO_VENTA) VALUES (4,534,0,0.000000);

INSERT INTO PROVEEDOR_PRODUCTO(PROVEEDOR_ID,PRODUCTO_ID,PRECIO_COMPRA) VALUES(6,534, 12.593391);

-- ===========PRODUCTO [535]
INSERT INTO PRODUCTO(ID,MARCA_ID,LINEA_ID,NOMBRE,PRESENTACION,CONTENIDO,UNIDADES_POR_CAJA,COSTO,COSTO_VENTA,PRECIO_BASE,UNIDAD_MEDIDA,CODIGO_BARRAS,ABREBIATURA) VALUES(535,36,14,'Caprice Shampoo','Fashion Girl Brillante',400.0,12.0,12.593391,12.593391,17.530000,'ML','7509546039299','Capric Sh Fash Bril 400');

INSERT INTO MOVIMIENTO_HISTORICO_PRODUCTO (ALMACEN_ID,PRODUCTO_ID,FECHA,TIPO_MOVIMIENTO_ID,CANTIDAD,COSTO,PRECIO,USUARIO_ID) VALUES(1,535,now(),30,12,12.593391,17.530000,'root');
INSERT INTO ALMACEN_PRODUCTO(ALMACEN_ID,PRODUCTO_ID,CANTIDAD_ACTUAL,PRECIO_VENTA) VALUES (1,535,12,17.530000);

INSERT INTO ALMACEN_PRODUCTO(ALMACEN_ID,PRODUCTO_ID,CANTIDAD_ACTUAL,PRECIO_VENTA) VALUES (2,535,0,0.000000);

INSERT INTO ALMACEN_PRODUCTO(ALMACEN_ID,PRODUCTO_ID,CANTIDAD_ACTUAL,PRECIO_VENTA) VALUES (3,535,12,16.900000);

INSERT INTO ALMACEN_PRODUCTO(ALMACEN_ID,PRODUCTO_ID,CANTIDAD_ACTUAL,PRECIO_VENTA) VALUES (4,535,0,0.000000);

INSERT INTO PROVEEDOR_PRODUCTO(PROVEEDOR_ID,PRODUCTO_ID,PRECIO_COMPRA) VALUES(6,535, 12.593391);

-- ===========PRODUCTO [536]
INSERT INTO PRODUCTO(ID,MARCA_ID,LINEA_ID,NOMBRE,PRESENTACION,CONTENIDO,UNIDADES_POR_CAJA,COSTO,COSTO_VENTA,PRECIO_BASE,UNIDAD_MEDIDA,CODIGO_BARRAS,ABREBIATURA) VALUES(536,64,7,'Sualiss Liquida','Nio',220.0,18.0,0.000000,0.000000,0.000000,'ML','7501039700679','Sualis Cr Nio 220ml');

INSERT INTO MOVIMIENTO_HISTORICO_PRODUCTO (ALMACEN_ID,PRODUCTO_ID,FECHA,TIPO_MOVIMIENTO_ID,CANTIDAD,COSTO,PRECIO,USUARIO_ID) VALUES(1,536,now(),30,22,0.000000,0.000000,'root');
INSERT INTO ALMACEN_PRODUCTO(ALMACEN_ID,PRODUCTO_ID,CANTIDAD_ACTUAL,PRECIO_VENTA) VALUES (1,536,22,0.000000);

INSERT INTO ALMACEN_PRODUCTO(ALMACEN_ID,PRODUCTO_ID,CANTIDAD_ACTUAL,PRECIO_VENTA) VALUES (2,536,0,0.000000);

INSERT INTO ALMACEN_PRODUCTO(ALMACEN_ID,PRODUCTO_ID,CANTIDAD_ACTUAL,PRECIO_VENTA) VALUES (3,536,22,0.000000);

INSERT INTO ALMACEN_PRODUCTO(ALMACEN_ID,PRODUCTO_ID,CANTIDAD_ACTUAL,PRECIO_VENTA) VALUES (4,536,0,0.000000);

INSERT INTO PROVEEDOR_PRODUCTO(PROVEEDOR_ID,PRODUCTO_ID,PRECIO_COMPRA) VALUES(26,536, 0.000000);

-- ===========PRODUCTO [537]
INSERT INTO PRODUCTO(ID,MARCA_ID,LINEA_ID,NOMBRE,PRESENTACION,CONTENIDO,UNIDADES_POR_CAJA,COSTO,COSTO_VENTA,PRECIO_BASE,UNIDAD_MEDIDA,CODIGO_BARRAS,ABREBIATURA) VALUES(537,64,7,'Sualiss Liquida','Nia',220.0,18.0,0.000000,0.000000,0.000000,'ML','7501039700662','Sualis Cr Nia 220ml');

INSERT INTO MOVIMIENTO_HISTORICO_PRODUCTO (ALMACEN_ID,PRODUCTO_ID,FECHA,TIPO_MOVIMIENTO_ID,CANTIDAD,COSTO,PRECIO,USUARIO_ID) VALUES(1,537,now(),30,22,0.000000,0.000000,'root');
INSERT INTO ALMACEN_PRODUCTO(ALMACEN_ID,PRODUCTO_ID,CANTIDAD_ACTUAL,PRECIO_VENTA) VALUES (1,537,22,0.000000);

INSERT INTO ALMACEN_PRODUCTO(ALMACEN_ID,PRODUCTO_ID,CANTIDAD_ACTUAL,PRECIO_VENTA) VALUES (2,537,0,0.000000);

INSERT INTO ALMACEN_PRODUCTO(ALMACEN_ID,PRODUCTO_ID,CANTIDAD_ACTUAL,PRECIO_VENTA) VALUES (3,537,22,0.000000);

INSERT INTO ALMACEN_PRODUCTO(ALMACEN_ID,PRODUCTO_ID,CANTIDAD_ACTUAL,PRECIO_VENTA) VALUES (4,537,0,0.000000);

INSERT INTO PROVEEDOR_PRODUCTO(PROVEEDOR_ID,PRODUCTO_ID,PRECIO_COMPRA) VALUES(26,537, 0.000000);

-- ===========PRODUCTO [538]
INSERT INTO PRODUCTO(ID,MARCA_ID,LINEA_ID,NOMBRE,PRESENTACION,CONTENIDO,UNIDADES_POR_CAJA,COSTO,COSTO_VENTA,PRECIO_BASE,UNIDAD_MEDIDA,CODIGO_BARRAS,ABREBIATURA) VALUES(538,57,7,'Menen Shampoo Bebe','Proteina',800.0,12.0,0.000000,0.000000,0.000000,'ML','7501035906846','Menn Sh Prote 800ml');

INSERT INTO MOVIMIENTO_HISTORICO_PRODUCTO (ALMACEN_ID,PRODUCTO_ID,FECHA,TIPO_MOVIMIENTO_ID,CANTIDAD,COSTO,PRECIO,USUARIO_ID) VALUES(1,538,now(),30,12,0.000000,0.000000,'root');
INSERT INTO ALMACEN_PRODUCTO(ALMACEN_ID,PRODUCTO_ID,CANTIDAD_ACTUAL,PRECIO_VENTA) VALUES (1,538,12,0.000000);

INSERT INTO ALMACEN_PRODUCTO(ALMACEN_ID,PRODUCTO_ID,CANTIDAD_ACTUAL,PRECIO_VENTA) VALUES (2,538,0,0.000000);

INSERT INTO ALMACEN_PRODUCTO(ALMACEN_ID,PRODUCTO_ID,CANTIDAD_ACTUAL,PRECIO_VENTA) VALUES (3,538,12,0.000000);

INSERT INTO ALMACEN_PRODUCTO(ALMACEN_ID,PRODUCTO_ID,CANTIDAD_ACTUAL,PRECIO_VENTA) VALUES (4,538,0,0.000000);

INSERT INTO PROVEEDOR_PRODUCTO(PROVEEDOR_ID,PRODUCTO_ID,PRECIO_COMPRA) VALUES(6,538, 0.000000);

-- ===========PRODUCTO [539]
INSERT INTO PRODUCTO(ID,MARCA_ID,LINEA_ID,NOMBRE,PRESENTACION,CONTENIDO,UNIDADES_POR_CAJA,COSTO,COSTO_VENTA,PRECIO_BASE,UNIDAD_MEDIDA,CODIGO_BARRAS,ABREBIATURA) VALUES(539,57,7,'Mennen Baby Magic Shampoo','Manzanilla',250.0,15.0,0.000000,0.000000,0.000000,'ML','7509546001296','Menn Sh Manz 250ml');

INSERT INTO MOVIMIENTO_HISTORICO_PRODUCTO (ALMACEN_ID,PRODUCTO_ID,FECHA,TIPO_MOVIMIENTO_ID,CANTIDAD,COSTO,PRECIO,USUARIO_ID) VALUES(1,539,now(),30,29,0.000000,0.000000,'root');
INSERT INTO ALMACEN_PRODUCTO(ALMACEN_ID,PRODUCTO_ID,CANTIDAD_ACTUAL,PRECIO_VENTA) VALUES (1,539,29,0.000000);

INSERT INTO ALMACEN_PRODUCTO(ALMACEN_ID,PRODUCTO_ID,CANTIDAD_ACTUAL,PRECIO_VENTA) VALUES (2,539,1,7.000000);

INSERT INTO ALMACEN_PRODUCTO(ALMACEN_ID,PRODUCTO_ID,CANTIDAD_ACTUAL,PRECIO_VENTA) VALUES (3,539,29,0.000000);

INSERT INTO ALMACEN_PRODUCTO(ALMACEN_ID,PRODUCTO_ID,CANTIDAD_ACTUAL,PRECIO_VENTA) VALUES (4,539,1,7.000000);

INSERT INTO PROVEEDOR_PRODUCTO(PROVEEDOR_ID,PRODUCTO_ID,PRECIO_COMPRA) VALUES(6,539, 0.000000);

-- ===========PRODUCTO [540]
INSERT INTO PRODUCTO(ID,MARCA_ID,LINEA_ID,NOMBRE,PRESENTACION,CONTENIDO,UNIDADES_POR_CAJA,COSTO,COSTO_VENTA,PRECIO_BASE,UNIDAD_MEDIDA,CODIGO_BARRAS,ABREBIATURA) VALUES(540,57,7,'Mennen Shampoo Baby','Manzanilla',800.0,12.0,0.000000,0.000000,0.000000,'ML','7501035906808','Menn Sh Manz 800ml');

INSERT INTO MOVIMIENTO_HISTORICO_PRODUCTO (ALMACEN_ID,PRODUCTO_ID,FECHA,TIPO_MOVIMIENTO_ID,CANTIDAD,COSTO,PRECIO,USUARIO_ID) VALUES(1,540,now(),30,12,0.000000,0.000000,'root');
INSERT INTO ALMACEN_PRODUCTO(ALMACEN_ID,PRODUCTO_ID,CANTIDAD_ACTUAL,PRECIO_VENTA) VALUES (1,540,12,0.000000);

INSERT INTO ALMACEN_PRODUCTO(ALMACEN_ID,PRODUCTO_ID,CANTIDAD_ACTUAL,PRECIO_VENTA) VALUES (2,540,0,0.000000);

INSERT INTO ALMACEN_PRODUCTO(ALMACEN_ID,PRODUCTO_ID,CANTIDAD_ACTUAL,PRECIO_VENTA) VALUES (3,540,12,0.000000);

INSERT INTO ALMACEN_PRODUCTO(ALMACEN_ID,PRODUCTO_ID,CANTIDAD_ACTUAL,PRECIO_VENTA) VALUES (4,540,0,0.000000);

INSERT INTO PROVEEDOR_PRODUCTO(PROVEEDOR_ID,PRODUCTO_ID,PRECIO_COMPRA) VALUES(6,540, 0.000000);

-- ===========PRODUCTO [541]
INSERT INTO PRODUCTO(ID,MARCA_ID,LINEA_ID,NOMBRE,PRESENTACION,CONTENIDO,UNIDADES_POR_CAJA,COSTO,COSTO_VENTA,PRECIO_BASE,UNIDAD_MEDIDA,CODIGO_BARRAS,ABREBIATURA) VALUES(541,22,2,'Loreal Gel Studio FX','Indestructible',180.0,12.0,0.000000,0.000000,0.000000,'G','7506078938656','Lore Gel Indestr 180g');

INSERT INTO MOVIMIENTO_HISTORICO_PRODUCTO (ALMACEN_ID,PRODUCTO_ID,FECHA,TIPO_MOVIMIENTO_ID,CANTIDAD,COSTO,PRECIO,USUARIO_ID) VALUES(1,541,now(),30,12,0.000000,0.000000,'root');
INSERT INTO ALMACEN_PRODUCTO(ALMACEN_ID,PRODUCTO_ID,CANTIDAD_ACTUAL,PRECIO_VENTA) VALUES (1,541,12,0.000000);

INSERT INTO ALMACEN_PRODUCTO(ALMACEN_ID,PRODUCTO_ID,CANTIDAD_ACTUAL,PRECIO_VENTA) VALUES (2,541,0,0.000000);

INSERT INTO ALMACEN_PRODUCTO(ALMACEN_ID,PRODUCTO_ID,CANTIDAD_ACTUAL,PRECIO_VENTA) VALUES (3,541,12,0.000000);

INSERT INTO ALMACEN_PRODUCTO(ALMACEN_ID,PRODUCTO_ID,CANTIDAD_ACTUAL,PRECIO_VENTA) VALUES (4,541,0,0.000000);

INSERT INTO PROVEEDOR_PRODUCTO(PROVEEDOR_ID,PRODUCTO_ID,PRECIO_COMPRA) VALUES(13,541, 0.000000);

-- ===========PRODUCTO [542]
INSERT INTO PRODUCTO(ID,MARCA_ID,LINEA_ID,NOMBRE,PRESENTACION,CONTENIDO,UNIDADES_POR_CAJA,COSTO,COSTO_VENTA,PRECIO_BASE,UNIDAD_MEDIDA,CODIGO_BARRAS,ABREBIATURA) VALUES(542,60,15,'Bustillos Jabon','Arnica',100.0,24.0,0.000000,0.000000,0.000000,'G','7501185730186','Bust Jab Arnic 100g');

INSERT INTO MOVIMIENTO_HISTORICO_PRODUCTO (ALMACEN_ID,PRODUCTO_ID,FECHA,TIPO_MOVIMIENTO_ID,CANTIDAD,COSTO,PRECIO,USUARIO_ID) VALUES(1,542,now(),30,12,0.000000,0.000000,'root');
INSERT INTO ALMACEN_PRODUCTO(ALMACEN_ID,PRODUCTO_ID,CANTIDAD_ACTUAL,PRECIO_VENTA) VALUES (1,542,12,0.000000);

INSERT INTO ALMACEN_PRODUCTO(ALMACEN_ID,PRODUCTO_ID,CANTIDAD_ACTUAL,PRECIO_VENTA) VALUES (2,542,0,0.000000);

INSERT INTO ALMACEN_PRODUCTO(ALMACEN_ID,PRODUCTO_ID,CANTIDAD_ACTUAL,PRECIO_VENTA) VALUES (3,542,12,0.000000);

INSERT INTO ALMACEN_PRODUCTO(ALMACEN_ID,PRODUCTO_ID,CANTIDAD_ACTUAL,PRECIO_VENTA) VALUES (4,542,0,0.000000);

INSERT INTO PROVEEDOR_PRODUCTO(PROVEEDOR_ID,PRODUCTO_ID,PRECIO_COMPRA) VALUES(20,542, 0.000000);

-- ===========PRODUCTO [543]
INSERT INTO PRODUCTO(ID,MARCA_ID,LINEA_ID,NOMBRE,PRESENTACION,CONTENIDO,UNIDADES_POR_CAJA,COSTO,COSTO_VENTA,PRECIO_BASE,UNIDAD_MEDIDA,CODIGO_BARRAS,ABREBIATURA) VALUES(543,65,16,'Disney Sun Pals Protector Solar','SPF 30 Ariel',295.0,6.0,0.000000,0.000000,0.000000,'ML','77939201105','Disney Prot Nemo 295');

INSERT INTO MOVIMIENTO_HISTORICO_PRODUCTO (ALMACEN_ID,PRODUCTO_ID,FECHA,TIPO_MOVIMIENTO_ID,CANTIDAD,COSTO,PRECIO,USUARIO_ID) VALUES(1,543,now(),30,6,0.000000,0.000000,'root');
INSERT INTO ALMACEN_PRODUCTO(ALMACEN_ID,PRODUCTO_ID,CANTIDAD_ACTUAL,PRECIO_VENTA) VALUES (1,543,6,0.000000);

INSERT INTO ALMACEN_PRODUCTO(ALMACEN_ID,PRODUCTO_ID,CANTIDAD_ACTUAL,PRECIO_VENTA) VALUES (2,543,0,0.000000);

INSERT INTO ALMACEN_PRODUCTO(ALMACEN_ID,PRODUCTO_ID,CANTIDAD_ACTUAL,PRECIO_VENTA) VALUES (3,543,6,0.000000);

INSERT INTO ALMACEN_PRODUCTO(ALMACEN_ID,PRODUCTO_ID,CANTIDAD_ACTUAL,PRECIO_VENTA) VALUES (4,543,0,0.000000);

INSERT INTO PROVEEDOR_PRODUCTO(PROVEEDOR_ID,PRODUCTO_ID,PRECIO_COMPRA) VALUES(13,543, 0.000000);

-- ===========PRODUCTO [544]
INSERT INTO PRODUCTO(ID,MARCA_ID,LINEA_ID,NOMBRE,PRESENTACION,CONTENIDO,UNIDADES_POR_CAJA,COSTO,COSTO_VENTA,PRECIO_BASE,UNIDAD_MEDIDA,CODIGO_BARRAS,ABREBIATURA) VALUES(544,65,16,'Disney Sun Pals Protector Solar','SPF 30 Nemo',295.0,6.0,0.000000,0.000000,0.000000,'ML','77939202102','Disney Prot Ariel 295');

INSERT INTO MOVIMIENTO_HISTORICO_PRODUCTO (ALMACEN_ID,PRODUCTO_ID,FECHA,TIPO_MOVIMIENTO_ID,CANTIDAD,COSTO,PRECIO,USUARIO_ID) VALUES(1,544,now(),30,6,0.000000,0.000000,'root');
INSERT INTO ALMACEN_PRODUCTO(ALMACEN_ID,PRODUCTO_ID,CANTIDAD_ACTUAL,PRECIO_VENTA) VALUES (1,544,6,0.000000);

INSERT INTO ALMACEN_PRODUCTO(ALMACEN_ID,PRODUCTO_ID,CANTIDAD_ACTUAL,PRECIO_VENTA) VALUES (2,544,1,9.000000);

INSERT INTO ALMACEN_PRODUCTO(ALMACEN_ID,PRODUCTO_ID,CANTIDAD_ACTUAL,PRECIO_VENTA) VALUES (3,544,6,0.000000);

INSERT INTO ALMACEN_PRODUCTO(ALMACEN_ID,PRODUCTO_ID,CANTIDAD_ACTUAL,PRECIO_VENTA) VALUES (4,544,1,9.000000);

INSERT INTO PROVEEDOR_PRODUCTO(PROVEEDOR_ID,PRODUCTO_ID,PRECIO_COMPRA) VALUES(13,544, 0.000000);

-- ===========PRODUCTO [545]
INSERT INTO PRODUCTO(ID,MARCA_ID,LINEA_ID,NOMBRE,PRESENTACION,CONTENIDO,UNIDADES_POR_CAJA,COSTO,COSTO_VENTA,PRECIO_BASE,UNIDAD_MEDIDA,CODIGO_BARRAS,ABREBIATURA) VALUES(545,66,11,'Oral B Cepillo Dental Exibidor','Cross Action Vitalizer 35 Compact',12.0,3.0,0.000000,0.000000,0.000000,'Pz','13014260304789','Oral B Cep Ex Norm 12');

INSERT INTO MOVIMIENTO_HISTORICO_PRODUCTO (ALMACEN_ID,PRODUCTO_ID,FECHA,TIPO_MOVIMIENTO_ID,CANTIDAD,COSTO,PRECIO,USUARIO_ID) VALUES(1,545,now(),30,0,0.000000,0.000000,'root');
INSERT INTO ALMACEN_PRODUCTO(ALMACEN_ID,PRODUCTO_ID,CANTIDAD_ACTUAL,PRECIO_VENTA) VALUES (1,545,0,0.000000);

INSERT INTO ALMACEN_PRODUCTO(ALMACEN_ID,PRODUCTO_ID,CANTIDAD_ACTUAL,PRECIO_VENTA) VALUES (2,545,0,0.000000);

INSERT INTO PROVEEDOR_PRODUCTO(PROVEEDOR_ID,PRODUCTO_ID,PRECIO_COMPRA) VALUES(19,545, 0.000000);

-- ===========PRODUCTO [546]
INSERT INTO PRODUCTO(ID,MARCA_ID,LINEA_ID,NOMBRE,PRESENTACION,CONTENIDO,UNIDADES_POR_CAJA,COSTO,COSTO_VENTA,PRECIO_BASE,UNIDAD_MEDIDA,CODIGO_BARRAS,ABREBIATURA) VALUES(546,66,11,'Oral B Cepillo Dental','Cross Action Vitalizer 35 Compact',1.0,12.0,0.000000,0.000000,0.000000,'Pz','3014260304782','Oral B Cep Norm 1Pz');

INSERT INTO MOVIMIENTO_HISTORICO_PRODUCTO (ALMACEN_ID,PRODUCTO_ID,FECHA,TIPO_MOVIMIENTO_ID,CANTIDAD,COSTO,PRECIO,USUARIO_ID) VALUES(1,546,now(),30,36,0.000000,0.000000,'root');
INSERT INTO ALMACEN_PRODUCTO(ALMACEN_ID,PRODUCTO_ID,CANTIDAD_ACTUAL,PRECIO_VENTA) VALUES (1,546,36,0.000000);

INSERT INTO ALMACEN_PRODUCTO(ALMACEN_ID,PRODUCTO_ID,CANTIDAD_ACTUAL,PRECIO_VENTA) VALUES (2,546,0,0.000000);

INSERT INTO ALMACEN_PRODUCTO(ALMACEN_ID,PRODUCTO_ID,CANTIDAD_ACTUAL,PRECIO_VENTA) VALUES (3,546,36,0.000000);

INSERT INTO ALMACEN_PRODUCTO(ALMACEN_ID,PRODUCTO_ID,CANTIDAD_ACTUAL,PRECIO_VENTA) VALUES (4,546,0,0.000000);

INSERT INTO PROVEEDOR_PRODUCTO(PROVEEDOR_ID,PRODUCTO_ID,PRECIO_COMPRA) VALUES(19,546, 0.000000);

-- ===========PRODUCTO [547]
INSERT INTO PRODUCTO(ID,MARCA_ID,LINEA_ID,NOMBRE,PRESENTACION,CONTENIDO,UNIDADES_POR_CAJA,COSTO,COSTO_VENTA,PRECIO_BASE,UNIDAD_MEDIDA,CODIGO_BARRAS,ABREBIATURA) VALUES(547,66,11,'Oral B Cepillo Dental Exibidor','Cross Action 40 Suave',12.0,3.0,0.000000,0.000000,0.000000,'Pz','37501086494676','Oral B Cep Ex Suav 12');

INSERT INTO MOVIMIENTO_HISTORICO_PRODUCTO (ALMACEN_ID,PRODUCTO_ID,FECHA,TIPO_MOVIMIENTO_ID,CANTIDAD,COSTO,PRECIO,USUARIO_ID) VALUES(1,547,now(),30,0,0.000000,0.000000,'root');
INSERT INTO ALMACEN_PRODUCTO(ALMACEN_ID,PRODUCTO_ID,CANTIDAD_ACTUAL,PRECIO_VENTA) VALUES (1,547,0,0.000000);

INSERT INTO ALMACEN_PRODUCTO(ALMACEN_ID,PRODUCTO_ID,CANTIDAD_ACTUAL,PRECIO_VENTA) VALUES (2,547,0,0.000000);

INSERT INTO PROVEEDOR_PRODUCTO(PROVEEDOR_ID,PRODUCTO_ID,PRECIO_COMPRA) VALUES(19,547, 0.000000);

-- ===========PRODUCTO [548]
INSERT INTO PRODUCTO(ID,MARCA_ID,LINEA_ID,NOMBRE,PRESENTACION,CONTENIDO,UNIDADES_POR_CAJA,COSTO,COSTO_VENTA,PRECIO_BASE,UNIDAD_MEDIDA,CODIGO_BARRAS,ABREBIATURA) VALUES(548,66,11,'Oral B Cepillo Dental','Cross Action 40 Suave',1.0,12.0,0.000000,0.000000,0.000000,'Pz','7501086494675','Oral B Cep Suave 1Pz');

INSERT INTO MOVIMIENTO_HISTORICO_PRODUCTO (ALMACEN_ID,PRODUCTO_ID,FECHA,TIPO_MOVIMIENTO_ID,CANTIDAD,COSTO,PRECIO,USUARIO_ID) VALUES(1,548,now(),30,36,0.000000,0.000000,'root');
INSERT INTO ALMACEN_PRODUCTO(ALMACEN_ID,PRODUCTO_ID,CANTIDAD_ACTUAL,PRECIO_VENTA) VALUES (1,548,36,0.000000);

INSERT INTO ALMACEN_PRODUCTO(ALMACEN_ID,PRODUCTO_ID,CANTIDAD_ACTUAL,PRECIO_VENTA) VALUES (2,548,0,0.000000);

INSERT INTO ALMACEN_PRODUCTO(ALMACEN_ID,PRODUCTO_ID,CANTIDAD_ACTUAL,PRECIO_VENTA) VALUES (3,548,36,0.000000);

INSERT INTO ALMACEN_PRODUCTO(ALMACEN_ID,PRODUCTO_ID,CANTIDAD_ACTUAL,PRECIO_VENTA) VALUES (4,548,0,0.000000);

INSERT INTO PROVEEDOR_PRODUCTO(PROVEEDOR_ID,PRODUCTO_ID,PRECIO_COMPRA) VALUES(19,548, 0.000000);

-- ===========PRODUCTO [549]
INSERT INTO PRODUCTO(ID,MARCA_ID,LINEA_ID,NOMBRE,PRESENTACION,CONTENIDO,UNIDADES_POR_CAJA,COSTO,COSTO_VENTA,PRECIO_BASE,UNIDAD_MEDIDA,CODIGO_BARRAS,ABREBIATURA) VALUES(549,58,2,'Silk Hair Gotas de Seda','Princess',120.0,24.0,24.547414,24.547414,34.170000,'ML','7502245720055','Silk Silica Princes 120m');

INSERT INTO MOVIMIENTO_HISTORICO_PRODUCTO (ALMACEN_ID,PRODUCTO_ID,FECHA,TIPO_MOVIMIENTO_ID,CANTIDAD,COSTO,PRECIO,USUARIO_ID) VALUES(1,549,now(),30,24,24.547414,34.170000,'root');
INSERT INTO ALMACEN_PRODUCTO(ALMACEN_ID,PRODUCTO_ID,CANTIDAD_ACTUAL,PRECIO_VENTA) VALUES (1,549,24,34.170000);

INSERT INTO ALMACEN_PRODUCTO(ALMACEN_ID,PRODUCTO_ID,CANTIDAD_ACTUAL,PRECIO_VENTA) VALUES (2,549,0,0.000000);

INSERT INTO ALMACEN_PRODUCTO(ALMACEN_ID,PRODUCTO_ID,CANTIDAD_ACTUAL,PRECIO_VENTA) VALUES (3,549,24,34.900000);

INSERT INTO ALMACEN_PRODUCTO(ALMACEN_ID,PRODUCTO_ID,CANTIDAD_ACTUAL,PRECIO_VENTA) VALUES (4,549,0,0.000000);

INSERT INTO PROVEEDOR_PRODUCTO(PROVEEDOR_ID,PRODUCTO_ID,PRECIO_COMPRA) VALUES(27,549, 24.547414);

-- ===========PRODUCTO [550]
INSERT INTO PRODUCTO(ID,MARCA_ID,LINEA_ID,NOMBRE,PRESENTACION,CONTENIDO,UNIDADES_POR_CAJA,COSTO,COSTO_VENTA,PRECIO_BASE,UNIDAD_MEDIDA,CODIGO_BARRAS,ABREBIATURA) VALUES(550,58,2,'Silk Hair Gotas de Seda','Tropic',120.0,24.0,24.547414,24.547414,34.170000,'ML','7502245720086','Silk Silica Tropi 120ml');

INSERT INTO MOVIMIENTO_HISTORICO_PRODUCTO (ALMACEN_ID,PRODUCTO_ID,FECHA,TIPO_MOVIMIENTO_ID,CANTIDAD,COSTO,PRECIO,USUARIO_ID) VALUES(1,550,now(),30,24,24.547414,34.170000,'root');
INSERT INTO ALMACEN_PRODUCTO(ALMACEN_ID,PRODUCTO_ID,CANTIDAD_ACTUAL,PRECIO_VENTA) VALUES (1,550,24,34.170000);

INSERT INTO ALMACEN_PRODUCTO(ALMACEN_ID,PRODUCTO_ID,CANTIDAD_ACTUAL,PRECIO_VENTA) VALUES (2,550,0,0.000000);

INSERT INTO ALMACEN_PRODUCTO(ALMACEN_ID,PRODUCTO_ID,CANTIDAD_ACTUAL,PRECIO_VENTA) VALUES (3,550,24,34.900000);

INSERT INTO ALMACEN_PRODUCTO(ALMACEN_ID,PRODUCTO_ID,CANTIDAD_ACTUAL,PRECIO_VENTA) VALUES (4,550,0,0.000000);

INSERT INTO PROVEEDOR_PRODUCTO(PROVEEDOR_ID,PRODUCTO_ID,PRECIO_COMPRA) VALUES(27,550, 24.547414);

-- ===========PRODUCTO [551]
INSERT INTO PRODUCTO(ID,MARCA_ID,LINEA_ID,NOMBRE,PRESENTACION,CONTENIDO,UNIDADES_POR_CAJA,COSTO,COSTO_VENTA,PRECIO_BASE,UNIDAD_MEDIDA,CODIGO_BARRAS,ABREBIATURA) VALUES(551,58,2,'Silk Hair Gotas de Seda','Cereza Fresa',120.0,24.0,24.547414,24.547414,34.170000,'ML','7502245720093','Silk Silica Cerez 120ml');

INSERT INTO MOVIMIENTO_HISTORICO_PRODUCTO (ALMACEN_ID,PRODUCTO_ID,FECHA,TIPO_MOVIMIENTO_ID,CANTIDAD,COSTO,PRECIO,USUARIO_ID) VALUES(1,551,now(),30,48,24.547414,34.170000,'root');
INSERT INTO ALMACEN_PRODUCTO(ALMACEN_ID,PRODUCTO_ID,CANTIDAD_ACTUAL,PRECIO_VENTA) VALUES (1,551,48,34.170000);

INSERT INTO ALMACEN_PRODUCTO(ALMACEN_ID,PRODUCTO_ID,CANTIDAD_ACTUAL,PRECIO_VENTA) VALUES (2,551,0,0.000000);

INSERT INTO ALMACEN_PRODUCTO(ALMACEN_ID,PRODUCTO_ID,CANTIDAD_ACTUAL,PRECIO_VENTA) VALUES (3,551,48,34.900000);

INSERT INTO ALMACEN_PRODUCTO(ALMACEN_ID,PRODUCTO_ID,CANTIDAD_ACTUAL,PRECIO_VENTA) VALUES (4,551,0,0.000000);

INSERT INTO PROVEEDOR_PRODUCTO(PROVEEDOR_ID,PRODUCTO_ID,PRECIO_COMPRA) VALUES(27,551, 24.547414);

-- ===========PRODUCTO [552]
INSERT INTO PRODUCTO(ID,MARCA_ID,LINEA_ID,NOMBRE,PRESENTACION,CONTENIDO,UNIDADES_POR_CAJA,COSTO,COSTO_VENTA,PRECIO_BASE,UNIDAD_MEDIDA,CODIGO_BARRAS,ABREBIATURA) VALUES(552,58,2,'Silk Hair Gotas de Seda','Durazno',120.0,24.0,24.547414,24.547414,34.170000,'ML','7502245720017','Silk Silica Duraz 120ml');

INSERT INTO MOVIMIENTO_HISTORICO_PRODUCTO (ALMACEN_ID,PRODUCTO_ID,FECHA,TIPO_MOVIMIENTO_ID,CANTIDAD,COSTO,PRECIO,USUARIO_ID) VALUES(1,552,now(),30,24,24.547414,34.170000,'root');
INSERT INTO ALMACEN_PRODUCTO(ALMACEN_ID,PRODUCTO_ID,CANTIDAD_ACTUAL,PRECIO_VENTA) VALUES (1,552,24,34.170000);

INSERT INTO ALMACEN_PRODUCTO(ALMACEN_ID,PRODUCTO_ID,CANTIDAD_ACTUAL,PRECIO_VENTA) VALUES (2,552,0,0.000000);

INSERT INTO ALMACEN_PRODUCTO(ALMACEN_ID,PRODUCTO_ID,CANTIDAD_ACTUAL,PRECIO_VENTA) VALUES (3,552,24,34.900000);

INSERT INTO ALMACEN_PRODUCTO(ALMACEN_ID,PRODUCTO_ID,CANTIDAD_ACTUAL,PRECIO_VENTA) VALUES (4,552,0,0.000000);

INSERT INTO PROVEEDOR_PRODUCTO(PROVEEDOR_ID,PRODUCTO_ID,PRECIO_COMPRA) VALUES(27,552, 24.547414);

-- ===========PRODUCTO [553]
INSERT INTO PRODUCTO(ID,MARCA_ID,LINEA_ID,NOMBRE,PRESENTACION,CONTENIDO,UNIDADES_POR_CAJA,COSTO,COSTO_VENTA,PRECIO_BASE,UNIDAD_MEDIDA,CODIGO_BARRAS,ABREBIATURA) VALUES(553,58,2,'Silk Hair Gotas de Seda','Petalos de Rosas',120.0,24.0,24.547414,24.547414,34.170000,'ML','7502245720031','Silk Silica Rosas 120ml');

INSERT INTO MOVIMIENTO_HISTORICO_PRODUCTO (ALMACEN_ID,PRODUCTO_ID,FECHA,TIPO_MOVIMIENTO_ID,CANTIDAD,COSTO,PRECIO,USUARIO_ID) VALUES(1,553,now(),30,24,24.547414,34.170000,'root');
INSERT INTO ALMACEN_PRODUCTO(ALMACEN_ID,PRODUCTO_ID,CANTIDAD_ACTUAL,PRECIO_VENTA) VALUES (1,553,24,34.170000);

INSERT INTO ALMACEN_PRODUCTO(ALMACEN_ID,PRODUCTO_ID,CANTIDAD_ACTUAL,PRECIO_VENTA) VALUES (2,553,0,0.000000);

INSERT INTO ALMACEN_PRODUCTO(ALMACEN_ID,PRODUCTO_ID,CANTIDAD_ACTUAL,PRECIO_VENTA) VALUES (3,553,24,34.900000);

INSERT INTO ALMACEN_PRODUCTO(ALMACEN_ID,PRODUCTO_ID,CANTIDAD_ACTUAL,PRECIO_VENTA) VALUES (4,553,0,0.000000);

INSERT INTO PROVEEDOR_PRODUCTO(PROVEEDOR_ID,PRODUCTO_ID,PRECIO_COMPRA) VALUES(27,553, 24.547414);

-- ===========PRODUCTO [554]
INSERT INTO PRODUCTO(ID,MARCA_ID,LINEA_ID,NOMBRE,PRESENTACION,CONTENIDO,UNIDADES_POR_CAJA,COSTO,COSTO_VENTA,PRECIO_BASE,UNIDAD_MEDIDA,CODIGO_BARRAS,ABREBIATURA) VALUES(554,58,2,'Silk Hair Gotas de Seda','Uva',120.0,24.0,24.547414,24.547414,34.170000,'ML','7502245720079','Silk Silica Uva 120ml');

INSERT INTO MOVIMIENTO_HISTORICO_PRODUCTO (ALMACEN_ID,PRODUCTO_ID,FECHA,TIPO_MOVIMIENTO_ID,CANTIDAD,COSTO,PRECIO,USUARIO_ID) VALUES(1,554,now(),30,48,24.547414,34.170000,'root');
INSERT INTO ALMACEN_PRODUCTO(ALMACEN_ID,PRODUCTO_ID,CANTIDAD_ACTUAL,PRECIO_VENTA) VALUES (1,554,48,34.170000);

INSERT INTO ALMACEN_PRODUCTO(ALMACEN_ID,PRODUCTO_ID,CANTIDAD_ACTUAL,PRECIO_VENTA) VALUES (2,554,0,0.000000);

INSERT INTO ALMACEN_PRODUCTO(ALMACEN_ID,PRODUCTO_ID,CANTIDAD_ACTUAL,PRECIO_VENTA) VALUES (3,554,48,34.900000);

INSERT INTO ALMACEN_PRODUCTO(ALMACEN_ID,PRODUCTO_ID,CANTIDAD_ACTUAL,PRECIO_VENTA) VALUES (4,554,0,0.000000);

INSERT INTO PROVEEDOR_PRODUCTO(PROVEEDOR_ID,PRODUCTO_ID,PRECIO_COMPRA) VALUES(27,554, 24.547414);

-- ===========PRODUCTO [555]
INSERT INTO PRODUCTO(ID,MARCA_ID,LINEA_ID,NOMBRE,PRESENTACION,CONTENIDO,UNIDADES_POR_CAJA,COSTO,COSTO_VENTA,PRECIO_BASE,UNIDAD_MEDIDA,CODIGO_BARRAS,ABREBIATURA) VALUES(555,58,2,'Silk Hair Gotas de Seda','Maracuya',120.0,24.0,24.547414,24.547414,34.170000,'ML','7502245720048','Silk Silica Marac 120ml');

INSERT INTO MOVIMIENTO_HISTORICO_PRODUCTO (ALMACEN_ID,PRODUCTO_ID,FECHA,TIPO_MOVIMIENTO_ID,CANTIDAD,COSTO,PRECIO,USUARIO_ID) VALUES(1,555,now(),30,24,24.547414,34.170000,'root');
INSERT INTO ALMACEN_PRODUCTO(ALMACEN_ID,PRODUCTO_ID,CANTIDAD_ACTUAL,PRECIO_VENTA) VALUES (1,555,24,34.170000);

INSERT INTO ALMACEN_PRODUCTO(ALMACEN_ID,PRODUCTO_ID,CANTIDAD_ACTUAL,PRECIO_VENTA) VALUES (2,555,0,0.000000);

INSERT INTO ALMACEN_PRODUCTO(ALMACEN_ID,PRODUCTO_ID,CANTIDAD_ACTUAL,PRECIO_VENTA) VALUES (3,555,24,34.900000);

INSERT INTO ALMACEN_PRODUCTO(ALMACEN_ID,PRODUCTO_ID,CANTIDAD_ACTUAL,PRECIO_VENTA) VALUES (4,555,0,0.000000);

INSERT INTO PROVEEDOR_PRODUCTO(PROVEEDOR_ID,PRODUCTO_ID,PRECIO_COMPRA) VALUES(27,555, 24.547414);

-- ===========PRODUCTO [556]
INSERT INTO PRODUCTO(ID,MARCA_ID,LINEA_ID,NOMBRE,PRESENTACION,CONTENIDO,UNIDADES_POR_CAJA,COSTO,COSTO_VENTA,PRECIO_BASE,UNIDAD_MEDIDA,CODIGO_BARRAS,ABREBIATURA) VALUES(556,58,2,'Silk Hair Gotas de Seda','Kiwi Fresa',120.0,24.0,24.547414,24.547414,34.170000,'ML','7502245720024','Silk Silica Kiwi 120ml');

INSERT INTO MOVIMIENTO_HISTORICO_PRODUCTO (ALMACEN_ID,PRODUCTO_ID,FECHA,TIPO_MOVIMIENTO_ID,CANTIDAD,COSTO,PRECIO,USUARIO_ID) VALUES(1,556,now(),30,24,24.547414,34.170000,'root');
INSERT INTO ALMACEN_PRODUCTO(ALMACEN_ID,PRODUCTO_ID,CANTIDAD_ACTUAL,PRECIO_VENTA) VALUES (1,556,24,34.170000);

INSERT INTO ALMACEN_PRODUCTO(ALMACEN_ID,PRODUCTO_ID,CANTIDAD_ACTUAL,PRECIO_VENTA) VALUES (2,556,0,0.000000);

INSERT INTO ALMACEN_PRODUCTO(ALMACEN_ID,PRODUCTO_ID,CANTIDAD_ACTUAL,PRECIO_VENTA) VALUES (3,556,24,34.900000);

INSERT INTO ALMACEN_PRODUCTO(ALMACEN_ID,PRODUCTO_ID,CANTIDAD_ACTUAL,PRECIO_VENTA) VALUES (4,556,0,0.000000);

INSERT INTO PROVEEDOR_PRODUCTO(PROVEEDOR_ID,PRODUCTO_ID,PRECIO_COMPRA) VALUES(27,556, 24.547414);

-- ===========PRODUCTO [557]
INSERT INTO PRODUCTO(ID,MARCA_ID,LINEA_ID,NOMBRE,PRESENTACION,CONTENIDO,UNIDADES_POR_CAJA,COSTO,COSTO_VENTA,PRECIO_BASE,UNIDAD_MEDIDA,CODIGO_BARRAS,ABREBIATURA) VALUES(557,35,11,'Colgate Pasta Dental','Total Clean Mint',22.0,144.0,0.000000,0.000000,0.000000,'ML','7509546039169','Clgate Tot Cl 22ml');

INSERT INTO MOVIMIENTO_HISTORICO_PRODUCTO (ALMACEN_ID,PRODUCTO_ID,FECHA,TIPO_MOVIMIENTO_ID,CANTIDAD,COSTO,PRECIO,USUARIO_ID) VALUES(1,557,now(),30,144,0.000000,0.000000,'root');
INSERT INTO ALMACEN_PRODUCTO(ALMACEN_ID,PRODUCTO_ID,CANTIDAD_ACTUAL,PRECIO_VENTA) VALUES (1,557,144,0.000000);

INSERT INTO ALMACEN_PRODUCTO(ALMACEN_ID,PRODUCTO_ID,CANTIDAD_ACTUAL,PRECIO_VENTA) VALUES (2,557,0,0.000000);

INSERT INTO ALMACEN_PRODUCTO(ALMACEN_ID,PRODUCTO_ID,CANTIDAD_ACTUAL,PRECIO_VENTA) VALUES (3,557,144,0.000000);

INSERT INTO ALMACEN_PRODUCTO(ALMACEN_ID,PRODUCTO_ID,CANTIDAD_ACTUAL,PRECIO_VENTA) VALUES (4,557,0,0.000000);

INSERT INTO PROVEEDOR_PRODUCTO(PROVEEDOR_ID,PRODUCTO_ID,PRECIO_COMPRA) VALUES(6,557, 0.000000);

-- ===========PRODUCTO [558]
INSERT INTO PRODUCTO(ID,MARCA_ID,LINEA_ID,NOMBRE,PRESENTACION,CONTENIDO,UNIDADES_POR_CAJA,COSTO,COSTO_VENTA,PRECIO_BASE,UNIDAD_MEDIDA,CODIGO_BARRAS,ABREBIATURA) VALUES(558,35,11,'Colgate Crema Dental','Triple Accin Extra Blancura',100.0,48.0,0.000000,0.000000,0.000000,'ML','7509546056104','Clgate Tr Ext Blanc 100');

INSERT INTO MOVIMIENTO_HISTORICO_PRODUCTO (ALMACEN_ID,PRODUCTO_ID,FECHA,TIPO_MOVIMIENTO_ID,CANTIDAD,COSTO,PRECIO,USUARIO_ID) VALUES(1,558,now(),30,48,0.000000,0.000000,'root');
INSERT INTO ALMACEN_PRODUCTO(ALMACEN_ID,PRODUCTO_ID,CANTIDAD_ACTUAL,PRECIO_VENTA) VALUES (1,558,48,0.000000);

INSERT INTO ALMACEN_PRODUCTO(ALMACEN_ID,PRODUCTO_ID,CANTIDAD_ACTUAL,PRECIO_VENTA) VALUES (2,558,4,7.000000);

INSERT INTO ALMACEN_PRODUCTO(ALMACEN_ID,PRODUCTO_ID,CANTIDAD_ACTUAL,PRECIO_VENTA) VALUES (3,558,48,0.000000);

INSERT INTO ALMACEN_PRODUCTO(ALMACEN_ID,PRODUCTO_ID,CANTIDAD_ACTUAL,PRECIO_VENTA) VALUES (4,558,4,7.000000);

INSERT INTO PROVEEDOR_PRODUCTO(PROVEEDOR_ID,PRODUCTO_ID,PRECIO_COMPRA) VALUES(6,558, 0.000000);

-- ===========PRODUCTO [559]
INSERT INTO PRODUCTO(ID,MARCA_ID,LINEA_ID,NOMBRE,PRESENTACION,CONTENIDO,UNIDADES_POR_CAJA,COSTO,COSTO_VENTA,PRECIO_BASE,UNIDAD_MEDIDA,CODIGO_BARRAS,ABREBIATURA) VALUES(559,36,14,'Caprice Shampoo','Chabacano',800.0,12.0,17.600575,17.600575,24.500000,'ML','7509546026992','Capric Sh Chab 800ml');

INSERT INTO MOVIMIENTO_HISTORICO_PRODUCTO (ALMACEN_ID,PRODUCTO_ID,FECHA,TIPO_MOVIMIENTO_ID,CANTIDAD,COSTO,PRECIO,USUARIO_ID) VALUES(1,559,now(),30,12,17.600575,24.500000,'root');
INSERT INTO ALMACEN_PRODUCTO(ALMACEN_ID,PRODUCTO_ID,CANTIDAD_ACTUAL,PRECIO_VENTA) VALUES (1,559,12,24.500000);

INSERT INTO ALMACEN_PRODUCTO(ALMACEN_ID,PRODUCTO_ID,CANTIDAD_ACTUAL,PRECIO_VENTA) VALUES (2,559,0,0.000000);

INSERT INTO ALMACEN_PRODUCTO(ALMACEN_ID,PRODUCTO_ID,CANTIDAD_ACTUAL,PRECIO_VENTA) VALUES (3,559,12,23.500000);

INSERT INTO ALMACEN_PRODUCTO(ALMACEN_ID,PRODUCTO_ID,CANTIDAD_ACTUAL,PRECIO_VENTA) VALUES (4,559,0,0.000000);

INSERT INTO PROVEEDOR_PRODUCTO(PROVEEDOR_ID,PRODUCTO_ID,PRECIO_COMPRA) VALUES(6,559, 17.600575);

-- ===========PRODUCTO [560]
INSERT INTO PRODUCTO(ID,MARCA_ID,LINEA_ID,NOMBRE,PRESENTACION,CONTENIDO,UNIDADES_POR_CAJA,COSTO,COSTO_VENTA,PRECIO_BASE,UNIDAD_MEDIDA,CODIGO_BARRAS,ABREBIATURA) VALUES(560,17,10,'Palmolive Hydra Natura','Intensiva Suavidad Nutritiva',250.0,12.0,0.000000,0.000000,0.000000,'ML','7509546045788','Palm Cr Intens Nutr 250');

INSERT INTO MOVIMIENTO_HISTORICO_PRODUCTO (ALMACEN_ID,PRODUCTO_ID,FECHA,TIPO_MOVIMIENTO_ID,CANTIDAD,COSTO,PRECIO,USUARIO_ID) VALUES(1,560,now(),30,12,0.000000,0.000000,'root');
INSERT INTO ALMACEN_PRODUCTO(ALMACEN_ID,PRODUCTO_ID,CANTIDAD_ACTUAL,PRECIO_VENTA) VALUES (1,560,12,0.000000);

INSERT INTO ALMACEN_PRODUCTO(ALMACEN_ID,PRODUCTO_ID,CANTIDAD_ACTUAL,PRECIO_VENTA) VALUES (2,560,1,13.000000);

INSERT INTO ALMACEN_PRODUCTO(ALMACEN_ID,PRODUCTO_ID,CANTIDAD_ACTUAL,PRECIO_VENTA) VALUES (3,560,12,0.000000);

INSERT INTO ALMACEN_PRODUCTO(ALMACEN_ID,PRODUCTO_ID,CANTIDAD_ACTUAL,PRECIO_VENTA) VALUES (4,560,1,13.000000);

INSERT INTO PROVEEDOR_PRODUCTO(PROVEEDOR_ID,PRODUCTO_ID,PRECIO_COMPRA) VALUES(6,560, 0.000000);

-- ===========PRODUCTO [561]
INSERT INTO PRODUCTO(ID,MARCA_ID,LINEA_ID,NOMBRE,PRESENTACION,CONTENIDO,UNIDADES_POR_CAJA,COSTO,COSTO_VENTA,PRECIO_BASE,UNIDAD_MEDIDA,CODIGO_BARRAS,ABREBIATURA) VALUES(561,35,11,'Colgate Crema Dental','Triple Accion Extra Blancura',125.0,48.0,0.000000,0.000000,0.000000,'ML','7509546056111','Clgate Tr Ext Blanc 125');

INSERT INTO MOVIMIENTO_HISTORICO_PRODUCTO (ALMACEN_ID,PRODUCTO_ID,FECHA,TIPO_MOVIMIENTO_ID,CANTIDAD,COSTO,PRECIO,USUARIO_ID) VALUES(1,561,now(),30,48,0.000000,0.000000,'root');
INSERT INTO ALMACEN_PRODUCTO(ALMACEN_ID,PRODUCTO_ID,CANTIDAD_ACTUAL,PRECIO_VENTA) VALUES (1,561,48,0.000000);

INSERT INTO ALMACEN_PRODUCTO(ALMACEN_ID,PRODUCTO_ID,CANTIDAD_ACTUAL,PRECIO_VENTA) VALUES (2,561,230,9.000000);

INSERT INTO ALMACEN_PRODUCTO(ALMACEN_ID,PRODUCTO_ID,CANTIDAD_ACTUAL,PRECIO_VENTA) VALUES (3,561,48,0.000000);

INSERT INTO ALMACEN_PRODUCTO(ALMACEN_ID,PRODUCTO_ID,CANTIDAD_ACTUAL,PRECIO_VENTA) VALUES (4,561,230,9.000000);

INSERT INTO PROVEEDOR_PRODUCTO(PROVEEDOR_ID,PRODUCTO_ID,PRECIO_COMPRA) VALUES(6,561, 0.000000);

-- ===========PRODUCTO [562]
INSERT INTO PRODUCTO(ID,MARCA_ID,LINEA_ID,NOMBRE,PRESENTACION,CONTENIDO,UNIDADES_POR_CAJA,COSTO,COSTO_VENTA,PRECIO_BASE,UNIDAD_MEDIDA,CODIGO_BARRAS,ABREBIATURA) VALUES(562,35,11,'Colgate Pasta Dental','Triple Accin Extra Blancura',150.0,48.0,0.000000,0.000000,0.000000,'ML','7509546056128','Clgate Tr Ext Blanc 150');

INSERT INTO MOVIMIENTO_HISTORICO_PRODUCTO (ALMACEN_ID,PRODUCTO_ID,FECHA,TIPO_MOVIMIENTO_ID,CANTIDAD,COSTO,PRECIO,USUARIO_ID) VALUES(1,562,now(),30,48,0.000000,0.000000,'root');
INSERT INTO ALMACEN_PRODUCTO(ALMACEN_ID,PRODUCTO_ID,CANTIDAD_ACTUAL,PRECIO_VENTA) VALUES (1,562,48,0.000000);

INSERT INTO ALMACEN_PRODUCTO(ALMACEN_ID,PRODUCTO_ID,CANTIDAD_ACTUAL,PRECIO_VENTA) VALUES (2,562,0,0.000000);

INSERT INTO ALMACEN_PRODUCTO(ALMACEN_ID,PRODUCTO_ID,CANTIDAD_ACTUAL,PRECIO_VENTA) VALUES (3,562,48,0.000000);

INSERT INTO ALMACEN_PRODUCTO(ALMACEN_ID,PRODUCTO_ID,CANTIDAD_ACTUAL,PRECIO_VENTA) VALUES (4,562,0,0.000000);

INSERT INTO PROVEEDOR_PRODUCTO(PROVEEDOR_ID,PRODUCTO_ID,PRECIO_COMPRA) VALUES(6,562, 0.000000);

-- ===========PRODUCTO [563]
INSERT INTO PRODUCTO(ID,MARCA_ID,LINEA_ID,NOMBRE,PRESENTACION,CONTENIDO,UNIDADES_POR_CAJA,COSTO,COSTO_VENTA,PRECIO_BASE,UNIDAD_MEDIDA,CODIGO_BARRAS,ABREBIATURA) VALUES(563,36,14,'Caprice Shampoo','Mamey y Silicona',800.0,12.0,17.600575,17.600575,24.500000,'ML','7509546026800','Capric Sh Mamey 800m');

INSERT INTO MOVIMIENTO_HISTORICO_PRODUCTO (ALMACEN_ID,PRODUCTO_ID,FECHA,TIPO_MOVIMIENTO_ID,CANTIDAD,COSTO,PRECIO,USUARIO_ID) VALUES(1,563,now(),30,12,17.600575,24.500000,'root');
INSERT INTO ALMACEN_PRODUCTO(ALMACEN_ID,PRODUCTO_ID,CANTIDAD_ACTUAL,PRECIO_VENTA) VALUES (1,563,12,24.500000);

INSERT INTO ALMACEN_PRODUCTO(ALMACEN_ID,PRODUCTO_ID,CANTIDAD_ACTUAL,PRECIO_VENTA) VALUES (2,563,1,16.000000);

INSERT INTO ALMACEN_PRODUCTO(ALMACEN_ID,PRODUCTO_ID,CANTIDAD_ACTUAL,PRECIO_VENTA) VALUES (3,563,12,23.500000);

INSERT INTO ALMACEN_PRODUCTO(ALMACEN_ID,PRODUCTO_ID,CANTIDAD_ACTUAL,PRECIO_VENTA) VALUES (4,563,1,16.000000);

INSERT INTO PROVEEDOR_PRODUCTO(PROVEEDOR_ID,PRODUCTO_ID,PRECIO_COMPRA) VALUES(6,563, 17.600575);

-- ===========PRODUCTO [564]
INSERT INTO PRODUCTO(ID,MARCA_ID,LINEA_ID,NOMBRE,PRESENTACION,CONTENIDO,UNIDADES_POR_CAJA,COSTO,COSTO_VENTA,PRECIO_BASE,UNIDAD_MEDIDA,CODIGO_BARRAS,ABREBIATURA) VALUES(564,16,9,'Ajax Bicloro Limpiador en Polvo','Bicloro',380.0,48.0,0.000000,0.000000,0.000000,'g','7501035910072','Ajax Bicloro 380g');

INSERT INTO MOVIMIENTO_HISTORICO_PRODUCTO (ALMACEN_ID,PRODUCTO_ID,FECHA,TIPO_MOVIMIENTO_ID,CANTIDAD,COSTO,PRECIO,USUARIO_ID) VALUES(1,564,now(),30,48,0.000000,0.000000,'root');
INSERT INTO ALMACEN_PRODUCTO(ALMACEN_ID,PRODUCTO_ID,CANTIDAD_ACTUAL,PRECIO_VENTA) VALUES (1,564,48,0.000000);

INSERT INTO ALMACEN_PRODUCTO(ALMACEN_ID,PRODUCTO_ID,CANTIDAD_ACTUAL,PRECIO_VENTA) VALUES (2,564,0,0.000000);

INSERT INTO ALMACEN_PRODUCTO(ALMACEN_ID,PRODUCTO_ID,CANTIDAD_ACTUAL,PRECIO_VENTA) VALUES (3,564,48,0.000000);

INSERT INTO ALMACEN_PRODUCTO(ALMACEN_ID,PRODUCTO_ID,CANTIDAD_ACTUAL,PRECIO_VENTA) VALUES (4,564,0,0.000000);

INSERT INTO PROVEEDOR_PRODUCTO(PROVEEDOR_ID,PRODUCTO_ID,PRECIO_COMPRA) VALUES(6,564, 0.000000);

-- ===========PRODUCTO [565]
INSERT INTO PRODUCTO(ID,MARCA_ID,LINEA_ID,NOMBRE,PRESENTACION,CONTENIDO,UNIDADES_POR_CAJA,COSTO,COSTO_VENTA,PRECIO_BASE,UNIDAD_MEDIDA,CODIGO_BARRAS,ABREBIATURA) VALUES(565,36,2,'Caprice Fijador Spray Profesional','Extractos Citricos',372.0,12.0,18.728448,18.728448,26.070000,'ML','7509546016146','Capric Spry Citric 372ml');

INSERT INTO MOVIMIENTO_HISTORICO_PRODUCTO (ALMACEN_ID,PRODUCTO_ID,FECHA,TIPO_MOVIMIENTO_ID,CANTIDAD,COSTO,PRECIO,USUARIO_ID) VALUES(1,565,now(),30,12,18.728448,26.070000,'root');
INSERT INTO ALMACEN_PRODUCTO(ALMACEN_ID,PRODUCTO_ID,CANTIDAD_ACTUAL,PRECIO_VENTA) VALUES (1,565,12,26.070000);

INSERT INTO ALMACEN_PRODUCTO(ALMACEN_ID,PRODUCTO_ID,CANTIDAD_ACTUAL,PRECIO_VENTA) VALUES (2,565,20,15.000000);

INSERT INTO ALMACEN_PRODUCTO(ALMACEN_ID,PRODUCTO_ID,CANTIDAD_ACTUAL,PRECIO_VENTA) VALUES (3,565,12,23.900000);

INSERT INTO ALMACEN_PRODUCTO(ALMACEN_ID,PRODUCTO_ID,CANTIDAD_ACTUAL,PRECIO_VENTA) VALUES (4,565,20,15.000000);

INSERT INTO PROVEEDOR_PRODUCTO(PROVEEDOR_ID,PRODUCTO_ID,PRECIO_COMPRA) VALUES(6,565, 18.728448);

-- ===========PRODUCTO [566]
INSERT INTO PRODUCTO(ID,MARCA_ID,LINEA_ID,NOMBRE,PRESENTACION,CONTENIDO,UNIDADES_POR_CAJA,COSTO,COSTO_VENTA,PRECIO_BASE,UNIDAD_MEDIDA,CODIGO_BARRAS,ABREBIATURA) VALUES(566,36,2,'Caprice Fijador Spray Profesional','Granada + Filtro UV',372.0,12.0,18.728448,18.728448,26.070000,'ML','7509546047874','Capric Spry Gran 372ml');

INSERT INTO MOVIMIENTO_HISTORICO_PRODUCTO (ALMACEN_ID,PRODUCTO_ID,FECHA,TIPO_MOVIMIENTO_ID,CANTIDAD,COSTO,PRECIO,USUARIO_ID) VALUES(1,566,now(),30,12,18.728448,26.070000,'root');
INSERT INTO ALMACEN_PRODUCTO(ALMACEN_ID,PRODUCTO_ID,CANTIDAD_ACTUAL,PRECIO_VENTA) VALUES (1,566,12,26.070000);

INSERT INTO ALMACEN_PRODUCTO(ALMACEN_ID,PRODUCTO_ID,CANTIDAD_ACTUAL,PRECIO_VENTA) VALUES (2,566,16,15.000000);

INSERT INTO ALMACEN_PRODUCTO(ALMACEN_ID,PRODUCTO_ID,CANTIDAD_ACTUAL,PRECIO_VENTA) VALUES (3,566,12,23.900000);

INSERT INTO ALMACEN_PRODUCTO(ALMACEN_ID,PRODUCTO_ID,CANTIDAD_ACTUAL,PRECIO_VENTA) VALUES (4,566,16,15.000000);

INSERT INTO PROVEEDOR_PRODUCTO(PROVEEDOR_ID,PRODUCTO_ID,PRECIO_COMPRA) VALUES(6,566, 18.728448);

-- ===========PRODUCTO [567]
INSERT INTO PRODUCTO(ID,MARCA_ID,LINEA_ID,NOMBRE,PRESENTACION,CONTENIDO,UNIDADES_POR_CAJA,COSTO,COSTO_VENTA,PRECIO_BASE,UNIDAD_MEDIDA,CODIGO_BARRAS,ABREBIATURA) VALUES(567,35,11,'Colgate Pasta Dental','Luminous White',125.0,48.0,21.479885,21.479885,29.900000,'ML','7509546053875','Colgte Lumin W 125ml');

INSERT INTO MOVIMIENTO_HISTORICO_PRODUCTO (ALMACEN_ID,PRODUCTO_ID,FECHA,TIPO_MOVIMIENTO_ID,CANTIDAD,COSTO,PRECIO,USUARIO_ID) VALUES(1,567,now(),30,120,21.479885,29.900000,'root');
INSERT INTO ALMACEN_PRODUCTO(ALMACEN_ID,PRODUCTO_ID,CANTIDAD_ACTUAL,PRECIO_VENTA) VALUES (1,567,120,29.900000);

INSERT INTO ALMACEN_PRODUCTO(ALMACEN_ID,PRODUCTO_ID,CANTIDAD_ACTUAL,PRECIO_VENTA) VALUES (2,567,115,15.000000);

INSERT INTO ALMACEN_PRODUCTO(ALMACEN_ID,PRODUCTO_ID,CANTIDAD_ACTUAL,PRECIO_VENTA) VALUES (3,567,120,26.900000);

INSERT INTO ALMACEN_PRODUCTO(ALMACEN_ID,PRODUCTO_ID,CANTIDAD_ACTUAL,PRECIO_VENTA) VALUES (4,567,115,15.000000);

INSERT INTO PROVEEDOR_PRODUCTO(PROVEEDOR_ID,PRODUCTO_ID,PRECIO_COMPRA) VALUES(6,567, 21.479885);

-- ===========PRODUCTO [568]
INSERT INTO PRODUCTO(ID,MARCA_ID,LINEA_ID,NOMBRE,PRESENTACION,CONTENIDO,UNIDADES_POR_CAJA,COSTO,COSTO_VENTA,PRECIO_BASE,UNIDAD_MEDIDA,CODIGO_BARRAS,ABREBIATURA) VALUES(568,35,11,'Colgate Pasta Dental','Triple Accin',150.0,72.0,0.000000,0.000000,0.000000,'ML','7509546000350','Colgte Tr Accion 150ml');

INSERT INTO MOVIMIENTO_HISTORICO_PRODUCTO (ALMACEN_ID,PRODUCTO_ID,FECHA,TIPO_MOVIMIENTO_ID,CANTIDAD,COSTO,PRECIO,USUARIO_ID) VALUES(1,568,now(),30,72,0.000000,0.000000,'root');
INSERT INTO ALMACEN_PRODUCTO(ALMACEN_ID,PRODUCTO_ID,CANTIDAD_ACTUAL,PRECIO_VENTA) VALUES (1,568,72,0.000000);

INSERT INTO ALMACEN_PRODUCTO(ALMACEN_ID,PRODUCTO_ID,CANTIDAD_ACTUAL,PRECIO_VENTA) VALUES (2,568,999,8.000000);

INSERT INTO ALMACEN_PRODUCTO(ALMACEN_ID,PRODUCTO_ID,CANTIDAD_ACTUAL,PRECIO_VENTA) VALUES (3,568,72,0.000000);

INSERT INTO ALMACEN_PRODUCTO(ALMACEN_ID,PRODUCTO_ID,CANTIDAD_ACTUAL,PRECIO_VENTA) VALUES (4,568,999,8.000000);

INSERT INTO PROVEEDOR_PRODUCTO(PROVEEDOR_ID,PRODUCTO_ID,PRECIO_COMPRA) VALUES(6,568, 0.000000);

-- ===========PRODUCTO [569]
INSERT INTO PRODUCTO(ID,MARCA_ID,LINEA_ID,NOMBRE,PRESENTACION,CONTENIDO,UNIDADES_POR_CAJA,COSTO,COSTO_VENTA,PRECIO_BASE,UNIDAD_MEDIDA,CODIGO_BARRAS,ABREBIATURA) VALUES(569,35,11,'Colgate Pasta Dental EconoPack 150ml','Total Clean Mint',2.0,36.0,0.000000,0.000000,0.000000,'PZ','7509546051161','Colgte Pck Total 2-150');

INSERT INTO MOVIMIENTO_HISTORICO_PRODUCTO (ALMACEN_ID,PRODUCTO_ID,FECHA,TIPO_MOVIMIENTO_ID,CANTIDAD,COSTO,PRECIO,USUARIO_ID) VALUES(1,569,now(),30,36,0.000000,0.000000,'root');
INSERT INTO ALMACEN_PRODUCTO(ALMACEN_ID,PRODUCTO_ID,CANTIDAD_ACTUAL,PRECIO_VENTA) VALUES (1,569,36,0.000000);

INSERT INTO ALMACEN_PRODUCTO(ALMACEN_ID,PRODUCTO_ID,CANTIDAD_ACTUAL,PRECIO_VENTA) VALUES (2,569,11,25.000000);

INSERT INTO ALMACEN_PRODUCTO(ALMACEN_ID,PRODUCTO_ID,CANTIDAD_ACTUAL,PRECIO_VENTA) VALUES (3,569,36,0.000000);

INSERT INTO ALMACEN_PRODUCTO(ALMACEN_ID,PRODUCTO_ID,CANTIDAD_ACTUAL,PRECIO_VENTA) VALUES (4,569,11,25.000000);

INSERT INTO PROVEEDOR_PRODUCTO(PROVEEDOR_ID,PRODUCTO_ID,PRECIO_COMPRA) VALUES(6,569, 0.000000);

-- ===========PRODUCTO [570]
INSERT INTO PRODUCTO(ID,MARCA_ID,LINEA_ID,NOMBRE,PRESENTACION,CONTENIDO,UNIDADES_POR_CAJA,COSTO,COSTO_VENTA,PRECIO_BASE,UNIDAD_MEDIDA,CODIGO_BARRAS,ABREBIATURA) VALUES(570,57,7,'Mennen Colonia Para Bebes','Fresca Fragancia',200.0,12.0,0.000000,0.000000,0.000000,'ML','7501035911796','Menn Colon Fresc 200');

INSERT INTO MOVIMIENTO_HISTORICO_PRODUCTO (ALMACEN_ID,PRODUCTO_ID,FECHA,TIPO_MOVIMIENTO_ID,CANTIDAD,COSTO,PRECIO,USUARIO_ID) VALUES(1,570,now(),30,12,0.000000,0.000000,'root');
INSERT INTO ALMACEN_PRODUCTO(ALMACEN_ID,PRODUCTO_ID,CANTIDAD_ACTUAL,PRECIO_VENTA) VALUES (1,570,12,0.000000);

INSERT INTO ALMACEN_PRODUCTO(ALMACEN_ID,PRODUCTO_ID,CANTIDAD_ACTUAL,PRECIO_VENTA) VALUES (2,570,1,12.000000);

INSERT INTO ALMACEN_PRODUCTO(ALMACEN_ID,PRODUCTO_ID,CANTIDAD_ACTUAL,PRECIO_VENTA) VALUES (3,570,12,0.000000);

INSERT INTO ALMACEN_PRODUCTO(ALMACEN_ID,PRODUCTO_ID,CANTIDAD_ACTUAL,PRECIO_VENTA) VALUES (4,570,1,12.000000);

INSERT INTO PROVEEDOR_PRODUCTO(PROVEEDOR_ID,PRODUCTO_ID,PRECIO_COMPRA) VALUES(6,570, 0.000000);

-- ===========PRODUCTO [571]
INSERT INTO PRODUCTO(ID,MARCA_ID,LINEA_ID,NOMBRE,PRESENTACION,CONTENIDO,UNIDADES_POR_CAJA,COSTO,COSTO_VENTA,PRECIO_BASE,UNIDAD_MEDIDA,CODIGO_BARRAS,ABREBIATURA) VALUES(571,57,7,'Mennen Colonia Para Bebes','Deliciosa Fragancia',200.0,12.0,0.000000,0.000000,0.000000,'ML','7509546050355','Menn Colon Delic 200');

INSERT INTO MOVIMIENTO_HISTORICO_PRODUCTO (ALMACEN_ID,PRODUCTO_ID,FECHA,TIPO_MOVIMIENTO_ID,CANTIDAD,COSTO,PRECIO,USUARIO_ID) VALUES(1,571,now(),30,12,0.000000,0.000000,'root');
INSERT INTO ALMACEN_PRODUCTO(ALMACEN_ID,PRODUCTO_ID,CANTIDAD_ACTUAL,PRECIO_VENTA) VALUES (1,571,12,0.000000);

INSERT INTO ALMACEN_PRODUCTO(ALMACEN_ID,PRODUCTO_ID,CANTIDAD_ACTUAL,PRECIO_VENTA) VALUES (2,571,0,0.000000);

INSERT INTO ALMACEN_PRODUCTO(ALMACEN_ID,PRODUCTO_ID,CANTIDAD_ACTUAL,PRECIO_VENTA) VALUES (3,571,12,0.000000);

INSERT INTO ALMACEN_PRODUCTO(ALMACEN_ID,PRODUCTO_ID,CANTIDAD_ACTUAL,PRECIO_VENTA) VALUES (4,571,0,0.000000);

INSERT INTO PROVEEDOR_PRODUCTO(PROVEEDOR_ID,PRODUCTO_ID,PRECIO_COMPRA) VALUES(6,571, 0.000000);

-- ===========PRODUCTO [572]
INSERT INTO PRODUCTO(ID,MARCA_ID,LINEA_ID,NOMBRE,PRESENTACION,CONTENIDO,UNIDADES_POR_CAJA,COSTO,COSTO_VENTA,PRECIO_BASE,UNIDAD_MEDIDA,CODIGO_BARRAS,ABREBIATURA) VALUES(572,57,7,'Mennen Baby Magic Jabn Liq','Sonrisas y Abrazos',300.0,18.0,0.000000,0.000000,0.000000,'ML','7509546050362','Menn Jab Sonris 300m');

INSERT INTO MOVIMIENTO_HISTORICO_PRODUCTO (ALMACEN_ID,PRODUCTO_ID,FECHA,TIPO_MOVIMIENTO_ID,CANTIDAD,COSTO,PRECIO,USUARIO_ID) VALUES(1,572,now(),30,23,0.000000,0.000000,'root');
INSERT INTO ALMACEN_PRODUCTO(ALMACEN_ID,PRODUCTO_ID,CANTIDAD_ACTUAL,PRECIO_VENTA) VALUES (1,572,23,0.000000);

INSERT INTO ALMACEN_PRODUCTO(ALMACEN_ID,PRODUCTO_ID,CANTIDAD_ACTUAL,PRECIO_VENTA) VALUES (2,572,0,0.000000);

INSERT INTO ALMACEN_PRODUCTO(ALMACEN_ID,PRODUCTO_ID,CANTIDAD_ACTUAL,PRECIO_VENTA) VALUES (3,572,23,0.000000);

INSERT INTO ALMACEN_PRODUCTO(ALMACEN_ID,PRODUCTO_ID,CANTIDAD_ACTUAL,PRECIO_VENTA) VALUES (4,572,0,0.000000);

INSERT INTO PROVEEDOR_PRODUCTO(PROVEEDOR_ID,PRODUCTO_ID,PRECIO_COMPRA) VALUES(6,572, 0.000000);

-- ===========PRODUCTO [573]
INSERT INTO PRODUCTO(ID,MARCA_ID,LINEA_ID,NOMBRE,PRESENTACION,CONTENIDO,UNIDADES_POR_CAJA,COSTO,COSTO_VENTA,PRECIO_BASE,UNIDAD_MEDIDA,CODIGO_BARRAS,ABREBIATURA) VALUES(573,57,7,'Mennen Jabon Liquido 300ml + Esponja','Sonrisas y Abrazos',2.0,18.0,0.000000,0.000000,0.000000,'PZ','7509546057095','Menn Jab + Espn 300m');

INSERT INTO MOVIMIENTO_HISTORICO_PRODUCTO (ALMACEN_ID,PRODUCTO_ID,FECHA,TIPO_MOVIMIENTO_ID,CANTIDAD,COSTO,PRECIO,USUARIO_ID) VALUES(1,573,now(),30,12,0.000000,0.000000,'root');
INSERT INTO ALMACEN_PRODUCTO(ALMACEN_ID,PRODUCTO_ID,CANTIDAD_ACTUAL,PRECIO_VENTA) VALUES (1,573,12,0.000000);

INSERT INTO ALMACEN_PRODUCTO(ALMACEN_ID,PRODUCTO_ID,CANTIDAD_ACTUAL,PRECIO_VENTA) VALUES (2,573,0,0.000000);

INSERT INTO ALMACEN_PRODUCTO(ALMACEN_ID,PRODUCTO_ID,CANTIDAD_ACTUAL,PRECIO_VENTA) VALUES (3,573,12,0.000000);

INSERT INTO ALMACEN_PRODUCTO(ALMACEN_ID,PRODUCTO_ID,CANTIDAD_ACTUAL,PRECIO_VENTA) VALUES (4,573,0,0.000000);

INSERT INTO PROVEEDOR_PRODUCTO(PROVEEDOR_ID,PRODUCTO_ID,PRECIO_COMPRA) VALUES(6,573, 0.000000);

-- ===========PRODUCTO [574]
INSERT INTO PRODUCTO(ID,MARCA_ID,LINEA_ID,NOMBRE,PRESENTACION,CONTENIDO,UNIDADES_POR_CAJA,COSTO,COSTO_VENTA,PRECIO_BASE,UNIDAD_MEDIDA,CODIGO_BARRAS,ABREBIATURA) VALUES(574,57,7,'Mennen Baby Magic Crema','UV Sabila',300.0,12.0,0.000000,0.000000,0.000000,'ML','7501035908307','Menn Cr UV 300ml');

INSERT INTO MOVIMIENTO_HISTORICO_PRODUCTO (ALMACEN_ID,PRODUCTO_ID,FECHA,TIPO_MOVIMIENTO_ID,CANTIDAD,COSTO,PRECIO,USUARIO_ID) VALUES(1,574,now(),30,17,0.000000,0.000000,'root');
INSERT INTO ALMACEN_PRODUCTO(ALMACEN_ID,PRODUCTO_ID,CANTIDAD_ACTUAL,PRECIO_VENTA) VALUES (1,574,17,0.000000);

INSERT INTO ALMACEN_PRODUCTO(ALMACEN_ID,PRODUCTO_ID,CANTIDAD_ACTUAL,PRECIO_VENTA) VALUES (2,574,0,0.000000);

INSERT INTO ALMACEN_PRODUCTO(ALMACEN_ID,PRODUCTO_ID,CANTIDAD_ACTUAL,PRECIO_VENTA) VALUES (3,574,17,0.000000);

INSERT INTO ALMACEN_PRODUCTO(ALMACEN_ID,PRODUCTO_ID,CANTIDAD_ACTUAL,PRECIO_VENTA) VALUES (4,574,0,0.000000);

INSERT INTO PROVEEDOR_PRODUCTO(PROVEEDOR_ID,PRODUCTO_ID,PRECIO_COMPRA) VALUES(6,574, 0.000000);

-- ===========PRODUCTO [575]
INSERT INTO PRODUCTO(ID,MARCA_ID,LINEA_ID,NOMBRE,PRESENTACION,CONTENIDO,UNIDADES_POR_CAJA,COSTO,COSTO_VENTA,PRECIO_BASE,UNIDAD_MEDIDA,CODIGO_BARRAS,ABREBIATURA) VALUES(575,57,7,'Mennen Baby Magic Aceite','Sabila',100.0,24.0,0.000000,0.000000,0.000000,'ML','7501035908215','Menn Aceit Sbila 100m');

INSERT INTO MOVIMIENTO_HISTORICO_PRODUCTO (ALMACEN_ID,PRODUCTO_ID,FECHA,TIPO_MOVIMIENTO_ID,CANTIDAD,COSTO,PRECIO,USUARIO_ID) VALUES(1,575,now(),30,24,0.000000,0.000000,'root');
INSERT INTO ALMACEN_PRODUCTO(ALMACEN_ID,PRODUCTO_ID,CANTIDAD_ACTUAL,PRECIO_VENTA) VALUES (1,575,24,0.000000);

INSERT INTO ALMACEN_PRODUCTO(ALMACEN_ID,PRODUCTO_ID,CANTIDAD_ACTUAL,PRECIO_VENTA) VALUES (2,575,0,0.000000);

INSERT INTO ALMACEN_PRODUCTO(ALMACEN_ID,PRODUCTO_ID,CANTIDAD_ACTUAL,PRECIO_VENTA) VALUES (3,575,24,0.000000);

INSERT INTO ALMACEN_PRODUCTO(ALMACEN_ID,PRODUCTO_ID,CANTIDAD_ACTUAL,PRECIO_VENTA) VALUES (4,575,0,0.000000);

INSERT INTO PROVEEDOR_PRODUCTO(PROVEEDOR_ID,PRODUCTO_ID,PRECIO_COMPRA) VALUES(6,575, 0.000000);

-- ===========PRODUCTO [576]
INSERT INTO PRODUCTO(ID,MARCA_ID,LINEA_ID,NOMBRE,PRESENTACION,CONTENIDO,UNIDADES_POR_CAJA,COSTO,COSTO_VENTA,PRECIO_BASE,UNIDAD_MEDIDA,CODIGO_BARRAS,ABREBIATURA) VALUES(576,57,7,'Mennen Baby Magic Aceite','Hipoalergenico',100.0,24.0,0.000000,0.000000,0.000000,'ML','7501035908246','Menn Aceit Hipo 100m');

INSERT INTO MOVIMIENTO_HISTORICO_PRODUCTO (ALMACEN_ID,PRODUCTO_ID,FECHA,TIPO_MOVIMIENTO_ID,CANTIDAD,COSTO,PRECIO,USUARIO_ID) VALUES(1,576,now(),30,24,0.000000,0.000000,'root');
INSERT INTO ALMACEN_PRODUCTO(ALMACEN_ID,PRODUCTO_ID,CANTIDAD_ACTUAL,PRECIO_VENTA) VALUES (1,576,24,0.000000);

INSERT INTO ALMACEN_PRODUCTO(ALMACEN_ID,PRODUCTO_ID,CANTIDAD_ACTUAL,PRECIO_VENTA) VALUES (2,576,1,7.000000);

INSERT INTO ALMACEN_PRODUCTO(ALMACEN_ID,PRODUCTO_ID,CANTIDAD_ACTUAL,PRECIO_VENTA) VALUES (3,576,24,0.000000);

INSERT INTO ALMACEN_PRODUCTO(ALMACEN_ID,PRODUCTO_ID,CANTIDAD_ACTUAL,PRECIO_VENTA) VALUES (4,576,1,7.000000);

INSERT INTO PROVEEDOR_PRODUCTO(PROVEEDOR_ID,PRODUCTO_ID,PRECIO_COMPRA) VALUES(6,576, 0.000000);

-- ===========PRODUCTO [577]
INSERT INTO PRODUCTO(ID,MARCA_ID,LINEA_ID,NOMBRE,PRESENTACION,CONTENIDO,UNIDADES_POR_CAJA,COSTO,COSTO_VENTA,PRECIO_BASE,UNIDAD_MEDIDA,CODIGO_BARRAS,ABREBIATURA) VALUES(577,57,7,'Mennen Baby Magic Aceite','Hipoalergenico',50.0,36.0,0.000000,0.000000,0.000000,'ML','7501035908239','Menn Aceit Hipo 50ml');

INSERT INTO MOVIMIENTO_HISTORICO_PRODUCTO (ALMACEN_ID,PRODUCTO_ID,FECHA,TIPO_MOVIMIENTO_ID,CANTIDAD,COSTO,PRECIO,USUARIO_ID) VALUES(1,577,now(),30,36,0.000000,0.000000,'root');
INSERT INTO ALMACEN_PRODUCTO(ALMACEN_ID,PRODUCTO_ID,CANTIDAD_ACTUAL,PRECIO_VENTA) VALUES (1,577,36,0.000000);

INSERT INTO ALMACEN_PRODUCTO(ALMACEN_ID,PRODUCTO_ID,CANTIDAD_ACTUAL,PRECIO_VENTA) VALUES (2,577,2,6.000000);

INSERT INTO ALMACEN_PRODUCTO(ALMACEN_ID,PRODUCTO_ID,CANTIDAD_ACTUAL,PRECIO_VENTA) VALUES (3,577,36,0.000000);

INSERT INTO ALMACEN_PRODUCTO(ALMACEN_ID,PRODUCTO_ID,CANTIDAD_ACTUAL,PRECIO_VENTA) VALUES (4,577,2,6.000000);

INSERT INTO PROVEEDOR_PRODUCTO(PROVEEDOR_ID,PRODUCTO_ID,PRECIO_COMPRA) VALUES(6,577, 0.000000);

-- ===========PRODUCTO [578]
INSERT INTO PRODUCTO(ID,MARCA_ID,LINEA_ID,NOMBRE,PRESENTACION,CONTENIDO,UNIDADES_POR_CAJA,COSTO,COSTO_VENTA,PRECIO_BASE,UNIDAD_MEDIDA,CODIGO_BARRAS,ABREBIATURA) VALUES(578,35,11,'Colgate Pasta Dental','Total Professional Encias saludables',125.0,48.0,20.021552,20.021552,27.870000,'ML','7509546052878','Clgate Enci Salud 125');

INSERT INTO MOVIMIENTO_HISTORICO_PRODUCTO (ALMACEN_ID,PRODUCTO_ID,FECHA,TIPO_MOVIMIENTO_ID,CANTIDAD,COSTO,PRECIO,USUARIO_ID) VALUES(1,578,now(),30,48,20.021552,27.870000,'root');
INSERT INTO ALMACEN_PRODUCTO(ALMACEN_ID,PRODUCTO_ID,CANTIDAD_ACTUAL,PRECIO_VENTA) VALUES (1,578,48,27.870000);

INSERT INTO ALMACEN_PRODUCTO(ALMACEN_ID,PRODUCTO_ID,CANTIDAD_ACTUAL,PRECIO_VENTA) VALUES (2,578,135,14.000000);

INSERT INTO ALMACEN_PRODUCTO(ALMACEN_ID,PRODUCTO_ID,CANTIDAD_ACTUAL,PRECIO_VENTA) VALUES (3,578,48,26.900000);

INSERT INTO ALMACEN_PRODUCTO(ALMACEN_ID,PRODUCTO_ID,CANTIDAD_ACTUAL,PRECIO_VENTA) VALUES (4,578,135,14.000000);

INSERT INTO PROVEEDOR_PRODUCTO(PROVEEDOR_ID,PRODUCTO_ID,PRECIO_COMPRA) VALUES(6,578, 20.021552);

-- ===========PRODUCTO [579]
INSERT INTO PRODUCTO(ID,MARCA_ID,LINEA_ID,NOMBRE,PRESENTACION,CONTENIDO,UNIDADES_POR_CAJA,COSTO,COSTO_VENTA,PRECIO_BASE,UNIDAD_MEDIDA,CODIGO_BARRAS,ABREBIATURA) VALUES(579,57,7,'Mennen Baby Magic Crema','Hipoalergenico Nias',200.0,24.0,0.000000,0.000000,0.000000,'ML','7501035908208','Menn Cr Nias 200ml');

INSERT INTO MOVIMIENTO_HISTORICO_PRODUCTO (ALMACEN_ID,PRODUCTO_ID,FECHA,TIPO_MOVIMIENTO_ID,CANTIDAD,COSTO,PRECIO,USUARIO_ID) VALUES(1,579,now(),30,22,0.000000,0.000000,'root');
INSERT INTO ALMACEN_PRODUCTO(ALMACEN_ID,PRODUCTO_ID,CANTIDAD_ACTUAL,PRECIO_VENTA) VALUES (1,579,22,0.000000);

INSERT INTO ALMACEN_PRODUCTO(ALMACEN_ID,PRODUCTO_ID,CANTIDAD_ACTUAL,PRECIO_VENTA) VALUES (2,579,0,0.000000);

INSERT INTO ALMACEN_PRODUCTO(ALMACEN_ID,PRODUCTO_ID,CANTIDAD_ACTUAL,PRECIO_VENTA) VALUES (3,579,22,0.000000);

INSERT INTO ALMACEN_PRODUCTO(ALMACEN_ID,PRODUCTO_ID,CANTIDAD_ACTUAL,PRECIO_VENTA) VALUES (4,579,0,0.000000);

INSERT INTO PROVEEDOR_PRODUCTO(PROVEEDOR_ID,PRODUCTO_ID,PRECIO_COMPRA) VALUES(6,579, 0.000000);

-- ===========PRODUCTO [580]
INSERT INTO PRODUCTO(ID,MARCA_ID,LINEA_ID,NOMBRE,PRESENTACION,CONTENIDO,UNIDADES_POR_CAJA,COSTO,COSTO_VENTA,PRECIO_BASE,UNIDAD_MEDIDA,CODIGO_BARRAS,ABREBIATURA) VALUES(580,57,7,'Mennen Baby Magic Aceite','Hipoalergenico',200.0,24.0,0.000000,0.000000,0.000000,'ML','7501035908253','Menn Aceit Hipo 200m');

INSERT INTO MOVIMIENTO_HISTORICO_PRODUCTO (ALMACEN_ID,PRODUCTO_ID,FECHA,TIPO_MOVIMIENTO_ID,CANTIDAD,COSTO,PRECIO,USUARIO_ID) VALUES(1,580,now(),30,24,0.000000,0.000000,'root');
INSERT INTO ALMACEN_PRODUCTO(ALMACEN_ID,PRODUCTO_ID,CANTIDAD_ACTUAL,PRECIO_VENTA) VALUES (1,580,24,0.000000);

INSERT INTO ALMACEN_PRODUCTO(ALMACEN_ID,PRODUCTO_ID,CANTIDAD_ACTUAL,PRECIO_VENTA) VALUES (2,580,0,0.000000);

INSERT INTO ALMACEN_PRODUCTO(ALMACEN_ID,PRODUCTO_ID,CANTIDAD_ACTUAL,PRECIO_VENTA) VALUES (3,580,24,0.000000);

INSERT INTO ALMACEN_PRODUCTO(ALMACEN_ID,PRODUCTO_ID,CANTIDAD_ACTUAL,PRECIO_VENTA) VALUES (4,580,0,0.000000);

INSERT INTO PROVEEDOR_PRODUCTO(PROVEEDOR_ID,PRODUCTO_ID,PRECIO_COMPRA) VALUES(6,580, 0.000000);

-- ===========PRODUCTO [581]
INSERT INTO PRODUCTO(ID,MARCA_ID,LINEA_ID,NOMBRE,PRESENTACION,CONTENIDO,UNIDADES_POR_CAJA,COSTO,COSTO_VENTA,PRECIO_BASE,UNIDAD_MEDIDA,CODIGO_BARRAS,ABREBIATURA) VALUES(581,57,7,'Mennen Baby Magic Aceite','Hipoalergenico',400.0,12.0,0.000000,0.000000,0.000000,'ML','7501035908277','Menn Aceit Hipo 400m');

INSERT INTO MOVIMIENTO_HISTORICO_PRODUCTO (ALMACEN_ID,PRODUCTO_ID,FECHA,TIPO_MOVIMIENTO_ID,CANTIDAD,COSTO,PRECIO,USUARIO_ID) VALUES(1,581,now(),30,12,0.000000,0.000000,'root');
INSERT INTO ALMACEN_PRODUCTO(ALMACEN_ID,PRODUCTO_ID,CANTIDAD_ACTUAL,PRECIO_VENTA) VALUES (1,581,12,0.000000);

INSERT INTO ALMACEN_PRODUCTO(ALMACEN_ID,PRODUCTO_ID,CANTIDAD_ACTUAL,PRECIO_VENTA) VALUES (2,581,1,20.000000);

INSERT INTO ALMACEN_PRODUCTO(ALMACEN_ID,PRODUCTO_ID,CANTIDAD_ACTUAL,PRECIO_VENTA) VALUES (3,581,12,0.000000);

INSERT INTO ALMACEN_PRODUCTO(ALMACEN_ID,PRODUCTO_ID,CANTIDAD_ACTUAL,PRECIO_VENTA) VALUES (4,581,1,20.000000);

INSERT INTO PROVEEDOR_PRODUCTO(PROVEEDOR_ID,PRODUCTO_ID,PRECIO_COMPRA) VALUES(6,581, 0.000000);

-- ===========PRODUCTO [582]
INSERT INTO PRODUCTO(ID,MARCA_ID,LINEA_ID,NOMBRE,PRESENTACION,CONTENIDO,UNIDADES_POR_CAJA,COSTO,COSTO_VENTA,PRECIO_BASE,UNIDAD_MEDIDA,CODIGO_BARRAS,ABREBIATURA) VALUES(582,57,7,'Mennen Baby Magic Talco','Azul',200.0,24.0,0.000000,0.000000,0.000000,'G','7501035908130','Menn Talc Azul 200g');

INSERT INTO MOVIMIENTO_HISTORICO_PRODUCTO (ALMACEN_ID,PRODUCTO_ID,FECHA,TIPO_MOVIMIENTO_ID,CANTIDAD,COSTO,PRECIO,USUARIO_ID) VALUES(1,582,now(),30,24,0.000000,0.000000,'root');
INSERT INTO ALMACEN_PRODUCTO(ALMACEN_ID,PRODUCTO_ID,CANTIDAD_ACTUAL,PRECIO_VENTA) VALUES (1,582,24,0.000000);

INSERT INTO ALMACEN_PRODUCTO(ALMACEN_ID,PRODUCTO_ID,CANTIDAD_ACTUAL,PRECIO_VENTA) VALUES (2,582,2,9.500000);

INSERT INTO ALMACEN_PRODUCTO(ALMACEN_ID,PRODUCTO_ID,CANTIDAD_ACTUAL,PRECIO_VENTA) VALUES (3,582,24,0.000000);

INSERT INTO ALMACEN_PRODUCTO(ALMACEN_ID,PRODUCTO_ID,CANTIDAD_ACTUAL,PRECIO_VENTA) VALUES (4,582,2,9.500000);

INSERT INTO PROVEEDOR_PRODUCTO(PROVEEDOR_ID,PRODUCTO_ID,PRECIO_COMPRA) VALUES(6,582, 0.000000);

-- ===========PRODUCTO [583]
INSERT INTO PRODUCTO(ID,MARCA_ID,LINEA_ID,NOMBRE,PRESENTACION,CONTENIDO,UNIDADES_POR_CAJA,COSTO,COSTO_VENTA,PRECIO_BASE,UNIDAD_MEDIDA,CODIGO_BARRAS,ABREBIATURA) VALUES(583,57,7,'Mennen Baby Magic Talco','Rosa',200.0,24.0,0.000000,0.000000,0.000000,'G','7501035908147','Menn Talc Rosa 200g');

INSERT INTO MOVIMIENTO_HISTORICO_PRODUCTO (ALMACEN_ID,PRODUCTO_ID,FECHA,TIPO_MOVIMIENTO_ID,CANTIDAD,COSTO,PRECIO,USUARIO_ID) VALUES(1,583,now(),30,24,0.000000,0.000000,'root');
INSERT INTO ALMACEN_PRODUCTO(ALMACEN_ID,PRODUCTO_ID,CANTIDAD_ACTUAL,PRECIO_VENTA) VALUES (1,583,24,0.000000);

INSERT INTO ALMACEN_PRODUCTO(ALMACEN_ID,PRODUCTO_ID,CANTIDAD_ACTUAL,PRECIO_VENTA) VALUES (2,583,0,0.000000);

INSERT INTO ALMACEN_PRODUCTO(ALMACEN_ID,PRODUCTO_ID,CANTIDAD_ACTUAL,PRECIO_VENTA) VALUES (3,583,24,0.000000);

INSERT INTO ALMACEN_PRODUCTO(ALMACEN_ID,PRODUCTO_ID,CANTIDAD_ACTUAL,PRECIO_VENTA) VALUES (4,583,0,0.000000);

INSERT INTO PROVEEDOR_PRODUCTO(PROVEEDOR_ID,PRODUCTO_ID,PRECIO_COMPRA) VALUES(6,583, 0.000000);

-- ===========PRODUCTO [584]
INSERT INTO PRODUCTO(ID,MARCA_ID,LINEA_ID,NOMBRE,PRESENTACION,CONTENIDO,UNIDADES_POR_CAJA,COSTO,COSTO_VENTA,PRECIO_BASE,UNIDAD_MEDIDA,CODIGO_BARRAS,ABREBIATURA) VALUES(584,67,7,'Mamila de Silicon','4 meses Jugo y Cereal',3.0,24.0,0.000000,0.000000,0.000000,'PZ','7501035901780','Curit Mamila Cereal 3P');

INSERT INTO MOVIMIENTO_HISTORICO_PRODUCTO (ALMACEN_ID,PRODUCTO_ID,FECHA,TIPO_MOVIMIENTO_ID,CANTIDAD,COSTO,PRECIO,USUARIO_ID) VALUES(1,584,now(),30,24,0.000000,0.000000,'root');
INSERT INTO ALMACEN_PRODUCTO(ALMACEN_ID,PRODUCTO_ID,CANTIDAD_ACTUAL,PRECIO_VENTA) VALUES (1,584,24,0.000000);

INSERT INTO ALMACEN_PRODUCTO(ALMACEN_ID,PRODUCTO_ID,CANTIDAD_ACTUAL,PRECIO_VENTA) VALUES (2,584,0,0.000000);

INSERT INTO ALMACEN_PRODUCTO(ALMACEN_ID,PRODUCTO_ID,CANTIDAD_ACTUAL,PRECIO_VENTA) VALUES (3,584,24,0.000000);

INSERT INTO ALMACEN_PRODUCTO(ALMACEN_ID,PRODUCTO_ID,CANTIDAD_ACTUAL,PRECIO_VENTA) VALUES (4,584,0,0.000000);

INSERT INTO PROVEEDOR_PRODUCTO(PROVEEDOR_ID,PRODUCTO_ID,PRECIO_COMPRA) VALUES(6,584, 0.000000);

-- ===========PRODUCTO [585]
INSERT INTO PRODUCTO(ID,MARCA_ID,LINEA_ID,NOMBRE,PRESENTACION,CONTENIDO,UNIDADES_POR_CAJA,COSTO,COSTO_VENTA,PRECIO_BASE,UNIDAD_MEDIDA,CODIGO_BARRAS,ABREBIATURA) VALUES(585,67,7,'Mamila de Silicon','4 Meses Evita Colicos',3.0,24.0,0.000000,0.000000,0.000000,'PZ','7501035915237','Curit Mamila Colico 3P');

INSERT INTO MOVIMIENTO_HISTORICO_PRODUCTO (ALMACEN_ID,PRODUCTO_ID,FECHA,TIPO_MOVIMIENTO_ID,CANTIDAD,COSTO,PRECIO,USUARIO_ID) VALUES(1,585,now(),30,24,0.000000,0.000000,'root');
INSERT INTO ALMACEN_PRODUCTO(ALMACEN_ID,PRODUCTO_ID,CANTIDAD_ACTUAL,PRECIO_VENTA) VALUES (1,585,24,0.000000);

INSERT INTO ALMACEN_PRODUCTO(ALMACEN_ID,PRODUCTO_ID,CANTIDAD_ACTUAL,PRECIO_VENTA) VALUES (2,585,2,10.000000);

INSERT INTO ALMACEN_PRODUCTO(ALMACEN_ID,PRODUCTO_ID,CANTIDAD_ACTUAL,PRECIO_VENTA) VALUES (3,585,24,0.000000);

INSERT INTO ALMACEN_PRODUCTO(ALMACEN_ID,PRODUCTO_ID,CANTIDAD_ACTUAL,PRECIO_VENTA) VALUES (4,585,2,10.000000);

INSERT INTO PROVEEDOR_PRODUCTO(PROVEEDOR_ID,PRODUCTO_ID,PRECIO_COMPRA) VALUES(6,585, 0.000000);

-- ===========PRODUCTO [586]
INSERT INTO PRODUCTO(ID,MARCA_ID,LINEA_ID,NOMBRE,PRESENTACION,CONTENIDO,UNIDADES_POR_CAJA,COSTO,COSTO_VENTA,PRECIO_BASE,UNIDAD_MEDIDA,CODIGO_BARRAS,ABREBIATURA) VALUES(586,67,7,'Curity Mamila Latex','Evita Colicos',3.0,24.0,0.000000,0.000000,0.000000,'PZ','75001148','Curit Mamila Latex 3P');

INSERT INTO MOVIMIENTO_HISTORICO_PRODUCTO (ALMACEN_ID,PRODUCTO_ID,FECHA,TIPO_MOVIMIENTO_ID,CANTIDAD,COSTO,PRECIO,USUARIO_ID) VALUES(1,586,now(),30,24,0.000000,0.000000,'root');
INSERT INTO ALMACEN_PRODUCTO(ALMACEN_ID,PRODUCTO_ID,CANTIDAD_ACTUAL,PRECIO_VENTA) VALUES (1,586,24,0.000000);

INSERT INTO ALMACEN_PRODUCTO(ALMACEN_ID,PRODUCTO_ID,CANTIDAD_ACTUAL,PRECIO_VENTA) VALUES (2,586,0,0.000000);

INSERT INTO ALMACEN_PRODUCTO(ALMACEN_ID,PRODUCTO_ID,CANTIDAD_ACTUAL,PRECIO_VENTA) VALUES (3,586,24,0.000000);

INSERT INTO ALMACEN_PRODUCTO(ALMACEN_ID,PRODUCTO_ID,CANTIDAD_ACTUAL,PRECIO_VENTA) VALUES (4,586,0,0.000000);

INSERT INTO PROVEEDOR_PRODUCTO(PROVEEDOR_ID,PRODUCTO_ID,PRECIO_COMPRA) VALUES(6,586, 0.000000);

-- ===========PRODUCTO [587]
INSERT INTO PRODUCTO(ID,MARCA_ID,LINEA_ID,NOMBRE,PRESENTACION,CONTENIDO,UNIDADES_POR_CAJA,COSTO,COSTO_VENTA,PRECIO_BASE,UNIDAD_MEDIDA,CODIGO_BARRAS,ABREBIATURA) VALUES(587,67,7,'Curity Biberon Silicon','4 Meses',9.0,24.0,0.000000,0.000000,0.000000,'Oz','7501035907478','Curit Bib 4 Meses 9oz');

INSERT INTO MOVIMIENTO_HISTORICO_PRODUCTO (ALMACEN_ID,PRODUCTO_ID,FECHA,TIPO_MOVIMIENTO_ID,CANTIDAD,COSTO,PRECIO,USUARIO_ID) VALUES(1,587,now(),30,24,0.000000,0.000000,'root');
INSERT INTO ALMACEN_PRODUCTO(ALMACEN_ID,PRODUCTO_ID,CANTIDAD_ACTUAL,PRECIO_VENTA) VALUES (1,587,24,0.000000);

INSERT INTO ALMACEN_PRODUCTO(ALMACEN_ID,PRODUCTO_ID,CANTIDAD_ACTUAL,PRECIO_VENTA) VALUES (2,587,0,0.000000);

INSERT INTO ALMACEN_PRODUCTO(ALMACEN_ID,PRODUCTO_ID,CANTIDAD_ACTUAL,PRECIO_VENTA) VALUES (3,587,24,0.000000);

INSERT INTO ALMACEN_PRODUCTO(ALMACEN_ID,PRODUCTO_ID,CANTIDAD_ACTUAL,PRECIO_VENTA) VALUES (4,587,0,0.000000);

INSERT INTO PROVEEDOR_PRODUCTO(PROVEEDOR_ID,PRODUCTO_ID,PRECIO_COMPRA) VALUES(6,587, 0.000000);

-- ===========PRODUCTO [588]
INSERT INTO PRODUCTO(ID,MARCA_ID,LINEA_ID,NOMBRE,PRESENTACION,CONTENIDO,UNIDADES_POR_CAJA,COSTO,COSTO_VENTA,PRECIO_BASE,UNIDAD_MEDIDA,CODIGO_BARRAS,ABREBIATURA) VALUES(588,67,7,'Curity Biberon Silicon','4 Meses',8.0,24.0,0.000000,0.000000,0.000000,'Oz','7501035915121','Curit Bib 4 Meses 8oz');

INSERT INTO MOVIMIENTO_HISTORICO_PRODUCTO (ALMACEN_ID,PRODUCTO_ID,FECHA,TIPO_MOVIMIENTO_ID,CANTIDAD,COSTO,PRECIO,USUARIO_ID) VALUES(1,588,now(),30,24,0.000000,0.000000,'root');
INSERT INTO ALMACEN_PRODUCTO(ALMACEN_ID,PRODUCTO_ID,CANTIDAD_ACTUAL,PRECIO_VENTA) VALUES (1,588,24,0.000000);

INSERT INTO ALMACEN_PRODUCTO(ALMACEN_ID,PRODUCTO_ID,CANTIDAD_ACTUAL,PRECIO_VENTA) VALUES (2,588,0,0.000000);

INSERT INTO ALMACEN_PRODUCTO(ALMACEN_ID,PRODUCTO_ID,CANTIDAD_ACTUAL,PRECIO_VENTA) VALUES (3,588,24,0.000000);

INSERT INTO ALMACEN_PRODUCTO(ALMACEN_ID,PRODUCTO_ID,CANTIDAD_ACTUAL,PRECIO_VENTA) VALUES (4,588,0,0.000000);

INSERT INTO PROVEEDOR_PRODUCTO(PROVEEDOR_ID,PRODUCTO_ID,PRECIO_COMPRA) VALUES(6,588, 0.000000);

-- ===========PRODUCTO [589]
INSERT INTO PRODUCTO(ID,MARCA_ID,LINEA_ID,NOMBRE,PRESENTACION,CONTENIDO,UNIDADES_POR_CAJA,COSTO,COSTO_VENTA,PRECIO_BASE,UNIDAD_MEDIDA,CODIGO_BARRAS,ABREBIATURA) VALUES(589,67,7,'Curity Biberon Silicon','3 Meses',5.0,24.0,0.000000,0.000000,0.000000,'Oz','7509546012308','Curit Bib 3 Meses 5oz');

INSERT INTO MOVIMIENTO_HISTORICO_PRODUCTO (ALMACEN_ID,PRODUCTO_ID,FECHA,TIPO_MOVIMIENTO_ID,CANTIDAD,COSTO,PRECIO,USUARIO_ID) VALUES(1,589,now(),30,24,0.000000,0.000000,'root');
INSERT INTO ALMACEN_PRODUCTO(ALMACEN_ID,PRODUCTO_ID,CANTIDAD_ACTUAL,PRECIO_VENTA) VALUES (1,589,24,0.000000);

INSERT INTO ALMACEN_PRODUCTO(ALMACEN_ID,PRODUCTO_ID,CANTIDAD_ACTUAL,PRECIO_VENTA) VALUES (2,589,0,0.000000);

INSERT INTO ALMACEN_PRODUCTO(ALMACEN_ID,PRODUCTO_ID,CANTIDAD_ACTUAL,PRECIO_VENTA) VALUES (3,589,24,0.000000);

INSERT INTO ALMACEN_PRODUCTO(ALMACEN_ID,PRODUCTO_ID,CANTIDAD_ACTUAL,PRECIO_VENTA) VALUES (4,589,0,0.000000);

INSERT INTO PROVEEDOR_PRODUCTO(PROVEEDOR_ID,PRODUCTO_ID,PRECIO_COMPRA) VALUES(6,589, 0.000000);

-- ===========PRODUCTO [590]
INSERT INTO PRODUCTO(ID,MARCA_ID,LINEA_ID,NOMBRE,PRESENTACION,CONTENIDO,UNIDADES_POR_CAJA,COSTO,COSTO_VENTA,PRECIO_BASE,UNIDAD_MEDIDA,CODIGO_BARRAS,ABREBIATURA) VALUES(590,67,7,'Curity Biberon Silicon','3 Meses',4.0,24.0,0.000000,0.000000,0.000000,'Oz','7501035915138','Curit Bib 3 Meses 4oz');

INSERT INTO MOVIMIENTO_HISTORICO_PRODUCTO (ALMACEN_ID,PRODUCTO_ID,FECHA,TIPO_MOVIMIENTO_ID,CANTIDAD,COSTO,PRECIO,USUARIO_ID) VALUES(1,590,now(),30,24,0.000000,0.000000,'root');
INSERT INTO ALMACEN_PRODUCTO(ALMACEN_ID,PRODUCTO_ID,CANTIDAD_ACTUAL,PRECIO_VENTA) VALUES (1,590,24,0.000000);

INSERT INTO ALMACEN_PRODUCTO(ALMACEN_ID,PRODUCTO_ID,CANTIDAD_ACTUAL,PRECIO_VENTA) VALUES (2,590,0,0.000000);

INSERT INTO ALMACEN_PRODUCTO(ALMACEN_ID,PRODUCTO_ID,CANTIDAD_ACTUAL,PRECIO_VENTA) VALUES (3,590,24,0.000000);

INSERT INTO ALMACEN_PRODUCTO(ALMACEN_ID,PRODUCTO_ID,CANTIDAD_ACTUAL,PRECIO_VENTA) VALUES (4,590,0,0.000000);

INSERT INTO PROVEEDOR_PRODUCTO(PROVEEDOR_ID,PRODUCTO_ID,PRECIO_COMPRA) VALUES(6,590, 0.000000);

-- ===========PRODUCTO [591]
INSERT INTO PRODUCTO(ID,MARCA_ID,LINEA_ID,NOMBRE,PRESENTACION,CONTENIDO,UNIDADES_POR_CAJA,COSTO,COSTO_VENTA,PRECIO_BASE,UNIDAD_MEDIDA,CODIGO_BARRAS,ABREBIATURA) VALUES(591,57,7,'Mennen Baby Magic Shampoo','Hipoalergenico Manzanilla',200.0,18.0,0.000000,0.000000,0.000000,'ML','7509546011042','Menn Sh Magic 200ml');

INSERT INTO MOVIMIENTO_HISTORICO_PRODUCTO (ALMACEN_ID,PRODUCTO_ID,FECHA,TIPO_MOVIMIENTO_ID,CANTIDAD,COSTO,PRECIO,USUARIO_ID) VALUES(1,591,now(),30,18,0.000000,0.000000,'root');
INSERT INTO ALMACEN_PRODUCTO(ALMACEN_ID,PRODUCTO_ID,CANTIDAD_ACTUAL,PRECIO_VENTA) VALUES (1,591,18,0.000000);

INSERT INTO ALMACEN_PRODUCTO(ALMACEN_ID,PRODUCTO_ID,CANTIDAD_ACTUAL,PRECIO_VENTA) VALUES (2,591,0,0.000000);

INSERT INTO ALMACEN_PRODUCTO(ALMACEN_ID,PRODUCTO_ID,CANTIDAD_ACTUAL,PRECIO_VENTA) VALUES (3,591,18,0.000000);

INSERT INTO ALMACEN_PRODUCTO(ALMACEN_ID,PRODUCTO_ID,CANTIDAD_ACTUAL,PRECIO_VENTA) VALUES (4,591,0,0.000000);

INSERT INTO PROVEEDOR_PRODUCTO(PROVEEDOR_ID,PRODUCTO_ID,PRECIO_COMPRA) VALUES(6,591, 0.000000);

-- ===========PRODUCTO [592]
INSERT INTO PRODUCTO(ID,MARCA_ID,LINEA_ID,NOMBRE,PRESENTACION,CONTENIDO,UNIDADES_POR_CAJA,COSTO,COSTO_VENTA,PRECIO_BASE,UNIDAD_MEDIDA,CODIGO_BARRAS,ABREBIATURA) VALUES(592,57,7,'Mennen Baby Magic Talco','Rosa',500.0,12.0,0.000000,0.000000,0.000000,'G','7509546039749','Menn Talc Rosa 500g');

INSERT INTO MOVIMIENTO_HISTORICO_PRODUCTO (ALMACEN_ID,PRODUCTO_ID,FECHA,TIPO_MOVIMIENTO_ID,CANTIDAD,COSTO,PRECIO,USUARIO_ID) VALUES(1,592,now(),30,12,0.000000,0.000000,'root');
INSERT INTO ALMACEN_PRODUCTO(ALMACEN_ID,PRODUCTO_ID,CANTIDAD_ACTUAL,PRECIO_VENTA) VALUES (1,592,12,0.000000);

INSERT INTO ALMACEN_PRODUCTO(ALMACEN_ID,PRODUCTO_ID,CANTIDAD_ACTUAL,PRECIO_VENTA) VALUES (2,592,0,0.000000);

INSERT INTO ALMACEN_PRODUCTO(ALMACEN_ID,PRODUCTO_ID,CANTIDAD_ACTUAL,PRECIO_VENTA) VALUES (3,592,12,29.900000);

INSERT INTO ALMACEN_PRODUCTO(ALMACEN_ID,PRODUCTO_ID,CANTIDAD_ACTUAL,PRECIO_VENTA) VALUES (4,592,0,0.000000);

INSERT INTO PROVEEDOR_PRODUCTO(PROVEEDOR_ID,PRODUCTO_ID,PRECIO_COMPRA) VALUES(6,592, 0.000000);

-- ===========PRODUCTO [593]
INSERT INTO PRODUCTO(ID,MARCA_ID,LINEA_ID,NOMBRE,PRESENTACION,CONTENIDO,UNIDADES_POR_CAJA,COSTO,COSTO_VENTA,PRECIO_BASE,UNIDAD_MEDIDA,CODIGO_BARRAS,ABREBIATURA) VALUES(593,57,7,'Mennen Baby Magic Talco','Azul',100.0,24.0,0.000000,0.000000,0.000000,'G','7501035908116','Menn Talc Azul 100g');

INSERT INTO MOVIMIENTO_HISTORICO_PRODUCTO (ALMACEN_ID,PRODUCTO_ID,FECHA,TIPO_MOVIMIENTO_ID,CANTIDAD,COSTO,PRECIO,USUARIO_ID) VALUES(1,593,now(),30,24,0.000000,0.000000,'root');
INSERT INTO ALMACEN_PRODUCTO(ALMACEN_ID,PRODUCTO_ID,CANTIDAD_ACTUAL,PRECIO_VENTA) VALUES (1,593,24,0.000000);

INSERT INTO ALMACEN_PRODUCTO(ALMACEN_ID,PRODUCTO_ID,CANTIDAD_ACTUAL,PRECIO_VENTA) VALUES (2,593,0,0.000000);

INSERT INTO ALMACEN_PRODUCTO(ALMACEN_ID,PRODUCTO_ID,CANTIDAD_ACTUAL,PRECIO_VENTA) VALUES (3,593,24,0.000000);

INSERT INTO ALMACEN_PRODUCTO(ALMACEN_ID,PRODUCTO_ID,CANTIDAD_ACTUAL,PRECIO_VENTA) VALUES (4,593,0,0.000000);

INSERT INTO PROVEEDOR_PRODUCTO(PROVEEDOR_ID,PRODUCTO_ID,PRECIO_COMPRA) VALUES(6,593, 0.000000);

-- ===========PRODUCTO [594]
INSERT INTO PRODUCTO(ID,MARCA_ID,LINEA_ID,NOMBRE,PRESENTACION,CONTENIDO,UNIDADES_POR_CAJA,COSTO,COSTO_VENTA,PRECIO_BASE,UNIDAD_MEDIDA,CODIGO_BARRAS,ABREBIATURA) VALUES(594,57,7,'Mennen Baby Magic Talco','Rosa',100.0,24.0,0.000000,0.000000,0.000000,'G','7501035908123','Menn Talc Rosa 100g');

INSERT INTO MOVIMIENTO_HISTORICO_PRODUCTO (ALMACEN_ID,PRODUCTO_ID,FECHA,TIPO_MOVIMIENTO_ID,CANTIDAD,COSTO,PRECIO,USUARIO_ID) VALUES(1,594,now(),30,24,0.000000,0.000000,'root');
INSERT INTO ALMACEN_PRODUCTO(ALMACEN_ID,PRODUCTO_ID,CANTIDAD_ACTUAL,PRECIO_VENTA) VALUES (1,594,24,0.000000);

INSERT INTO ALMACEN_PRODUCTO(ALMACEN_ID,PRODUCTO_ID,CANTIDAD_ACTUAL,PRECIO_VENTA) VALUES (2,594,0,0.000000);

INSERT INTO ALMACEN_PRODUCTO(ALMACEN_ID,PRODUCTO_ID,CANTIDAD_ACTUAL,PRECIO_VENTA) VALUES (3,594,24,0.000000);

INSERT INTO ALMACEN_PRODUCTO(ALMACEN_ID,PRODUCTO_ID,CANTIDAD_ACTUAL,PRECIO_VENTA) VALUES (4,594,0,0.000000);

INSERT INTO PROVEEDOR_PRODUCTO(PROVEEDOR_ID,PRODUCTO_ID,PRECIO_COMPRA) VALUES(6,594, 0.000000);

-- ===========PRODUCTO [595]
INSERT INTO PRODUCTO(ID,MARCA_ID,LINEA_ID,NOMBRE,PRESENTACION,CONTENIDO,UNIDADES_POR_CAJA,COSTO,COSTO_VENTA,PRECIO_BASE,UNIDAD_MEDIDA,CODIGO_BARRAS,ABREBIATURA) VALUES(595,35,11,'Colgate Cepillo Dental Pack C/2','Triple Accin',2.0,12.0,0.000000,0.000000,0.000000,'Pz','7702010631207','Colgte Cep Pck Trip 2P');

INSERT INTO MOVIMIENTO_HISTORICO_PRODUCTO (ALMACEN_ID,PRODUCTO_ID,FECHA,TIPO_MOVIMIENTO_ID,CANTIDAD,COSTO,PRECIO,USUARIO_ID) VALUES(1,595,now(),30,24,0.000000,0.000000,'root');
INSERT INTO ALMACEN_PRODUCTO(ALMACEN_ID,PRODUCTO_ID,CANTIDAD_ACTUAL,PRECIO_VENTA) VALUES (1,595,24,0.000000);

INSERT INTO ALMACEN_PRODUCTO(ALMACEN_ID,PRODUCTO_ID,CANTIDAD_ACTUAL,PRECIO_VENTA) VALUES (2,595,19,8.000000);

INSERT INTO ALMACEN_PRODUCTO(ALMACEN_ID,PRODUCTO_ID,CANTIDAD_ACTUAL,PRECIO_VENTA) VALUES (3,595,24,0.000000);

INSERT INTO ALMACEN_PRODUCTO(ALMACEN_ID,PRODUCTO_ID,CANTIDAD_ACTUAL,PRECIO_VENTA) VALUES (4,595,19,8.000000);

INSERT INTO PROVEEDOR_PRODUCTO(PROVEEDOR_ID,PRODUCTO_ID,PRECIO_COMPRA) VALUES(6,595, 0.000000);

-- ===========PRODUCTO [596]
INSERT INTO PRODUCTO(ID,MARCA_ID,LINEA_ID,NOMBRE,PRESENTACION,CONTENIDO,UNIDADES_POR_CAJA,COSTO,COSTO_VENTA,PRECIO_BASE,UNIDAD_MEDIDA,CODIGO_BARRAS,ABREBIATURA) VALUES(596,35,11,'Colgate Pack Pasta  100ml + Cep 360','Total Clean Mint',2.0,24.0,0.000000,0.000000,0.000000,'PZ','7509546045085','Colgte Cep 360 y Tot Cl');

INSERT INTO MOVIMIENTO_HISTORICO_PRODUCTO (ALMACEN_ID,PRODUCTO_ID,FECHA,TIPO_MOVIMIENTO_ID,CANTIDAD,COSTO,PRECIO,USUARIO_ID) VALUES(1,596,now(),30,24,0.000000,0.000000,'root');
INSERT INTO ALMACEN_PRODUCTO(ALMACEN_ID,PRODUCTO_ID,CANTIDAD_ACTUAL,PRECIO_VENTA) VALUES (1,596,24,0.000000);

INSERT INTO ALMACEN_PRODUCTO(ALMACEN_ID,PRODUCTO_ID,CANTIDAD_ACTUAL,PRECIO_VENTA) VALUES (2,596,12,22.000000);

INSERT INTO ALMACEN_PRODUCTO(ALMACEN_ID,PRODUCTO_ID,CANTIDAD_ACTUAL,PRECIO_VENTA) VALUES (3,596,24,0.000000);

INSERT INTO ALMACEN_PRODUCTO(ALMACEN_ID,PRODUCTO_ID,CANTIDAD_ACTUAL,PRECIO_VENTA) VALUES (4,596,12,22.000000);

INSERT INTO PROVEEDOR_PRODUCTO(PROVEEDOR_ID,PRODUCTO_ID,PRECIO_COMPRA) VALUES(6,596, 0.000000);

-- ===========PRODUCTO [597]
INSERT INTO PRODUCTO(ID,MARCA_ID,LINEA_ID,NOMBRE,PRESENTACION,CONTENIDO,UNIDADES_POR_CAJA,COSTO,COSTO_VENTA,PRECIO_BASE,UNIDAD_MEDIDA,CODIGO_BARRAS,ABREBIATURA) VALUES(597,35,11,'Colgate Cepillo Dental','Extra Clean Suave',1.0,48.0,0.000000,0.000000,0.000000,'Pz','7509546022567','Clgte Cep Ex Cl Suav 1Pz');

INSERT INTO MOVIMIENTO_HISTORICO_PRODUCTO (ALMACEN_ID,PRODUCTO_ID,FECHA,TIPO_MOVIMIENTO_ID,CANTIDAD,COSTO,PRECIO,USUARIO_ID) VALUES(1,597,now(),30,48,0.000000,0.000000,'root');
INSERT INTO ALMACEN_PRODUCTO(ALMACEN_ID,PRODUCTO_ID,CANTIDAD_ACTUAL,PRECIO_VENTA) VALUES (1,597,48,0.000000);

INSERT INTO ALMACEN_PRODUCTO(ALMACEN_ID,PRODUCTO_ID,CANTIDAD_ACTUAL,PRECIO_VENTA) VALUES (2,597,0,0.000000);

INSERT INTO ALMACEN_PRODUCTO(ALMACEN_ID,PRODUCTO_ID,CANTIDAD_ACTUAL,PRECIO_VENTA) VALUES (3,597,48,0.000000);

INSERT INTO ALMACEN_PRODUCTO(ALMACEN_ID,PRODUCTO_ID,CANTIDAD_ACTUAL,PRECIO_VENTA) VALUES (4,597,0,0.000000);

INSERT INTO PROVEEDOR_PRODUCTO(PROVEEDOR_ID,PRODUCTO_ID,PRECIO_COMPRA) VALUES(6,597, 0.000000);

-- ===========PRODUCTO [598]
INSERT INTO PRODUCTO(ID,MARCA_ID,LINEA_ID,NOMBRE,PRESENTACION,CONTENIDO,UNIDADES_POR_CAJA,COSTO,COSTO_VENTA,PRECIO_BASE,UNIDAD_MEDIDA,CODIGO_BARRAS,ABREBIATURA) VALUES(598,35,11,'Colgate Cepillo Dental','Infantil Kids 2 - 5 Aos',1.0,24.0,0.000000,0.000000,0.000000,'Pz','7591083011098','Clgte Cep Kids 2-5 A');

INSERT INTO MOVIMIENTO_HISTORICO_PRODUCTO (ALMACEN_ID,PRODUCTO_ID,FECHA,TIPO_MOVIMIENTO_ID,CANTIDAD,COSTO,PRECIO,USUARIO_ID) VALUES(1,598,now(),30,27,0.000000,0.000000,'root');
INSERT INTO ALMACEN_PRODUCTO(ALMACEN_ID,PRODUCTO_ID,CANTIDAD_ACTUAL,PRECIO_VENTA) VALUES (1,598,27,0.000000);

INSERT INTO ALMACEN_PRODUCTO(ALMACEN_ID,PRODUCTO_ID,CANTIDAD_ACTUAL,PRECIO_VENTA) VALUES (2,598,0,0.000000);

INSERT INTO ALMACEN_PRODUCTO(ALMACEN_ID,PRODUCTO_ID,CANTIDAD_ACTUAL,PRECIO_VENTA) VALUES (3,598,27,0.000000);

INSERT INTO ALMACEN_PRODUCTO(ALMACEN_ID,PRODUCTO_ID,CANTIDAD_ACTUAL,PRECIO_VENTA) VALUES (4,598,0,0.000000);

INSERT INTO PROVEEDOR_PRODUCTO(PROVEEDOR_ID,PRODUCTO_ID,PRECIO_COMPRA) VALUES(6,598, 0.000000);

-- ===========PRODUCTO [599]
INSERT INTO PRODUCTO(ID,MARCA_ID,LINEA_ID,NOMBRE,PRESENTACION,CONTENIDO,UNIDADES_POR_CAJA,COSTO,COSTO_VENTA,PRECIO_BASE,UNIDAD_MEDIDA,CODIGO_BARRAS,ABREBIATURA) VALUES(599,35,11,'Colgate Cepillo Dental','Infantil Barney 0- 2 aos',1.0,24.0,0.000000,0.000000,0.000000,'PZ','7591083011081','Clgte Cep Barn 0-2 A');

INSERT INTO MOVIMIENTO_HISTORICO_PRODUCTO (ALMACEN_ID,PRODUCTO_ID,FECHA,TIPO_MOVIMIENTO_ID,CANTIDAD,COSTO,PRECIO,USUARIO_ID) VALUES(1,599,now(),30,24,0.000000,0.000000,'root');
INSERT INTO ALMACEN_PRODUCTO(ALMACEN_ID,PRODUCTO_ID,CANTIDAD_ACTUAL,PRECIO_VENTA) VALUES (1,599,24,0.000000);

INSERT INTO ALMACEN_PRODUCTO(ALMACEN_ID,PRODUCTO_ID,CANTIDAD_ACTUAL,PRECIO_VENTA) VALUES (2,599,0,0.000000);

INSERT INTO ALMACEN_PRODUCTO(ALMACEN_ID,PRODUCTO_ID,CANTIDAD_ACTUAL,PRECIO_VENTA) VALUES (3,599,24,0.000000);

INSERT INTO ALMACEN_PRODUCTO(ALMACEN_ID,PRODUCTO_ID,CANTIDAD_ACTUAL,PRECIO_VENTA) VALUES (4,599,0,0.000000);

INSERT INTO PROVEEDOR_PRODUCTO(PROVEEDOR_ID,PRODUCTO_ID,PRECIO_COMPRA) VALUES(6,599, 0.000000);

-- ===========PRODUCTO [600]
INSERT INTO PRODUCTO(ID,MARCA_ID,LINEA_ID,NOMBRE,PRESENTACION,CONTENIDO,UNIDADES_POR_CAJA,COSTO,COSTO_VENTA,PRECIO_BASE,UNIDAD_MEDIDA,CODIGO_BARRAS,ABREBIATURA) VALUES(600,68,9,'Suavitel Suavizante','Fresca Primavera',8.5,3.0,83.397989,83.397989,116.090000,'Lt','7509546019666','Suavitel Fca Prim 8.5Lt');

INSERT INTO MOVIMIENTO_HISTORICO_PRODUCTO (ALMACEN_ID,PRODUCTO_ID,FECHA,TIPO_MOVIMIENTO_ID,CANTIDAD,COSTO,PRECIO,USUARIO_ID) VALUES(1,600,now(),30,4,83.397989,116.090000,'root');
INSERT INTO ALMACEN_PRODUCTO(ALMACEN_ID,PRODUCTO_ID,CANTIDAD_ACTUAL,PRECIO_VENTA) VALUES (1,600,4,116.090000);

INSERT INTO ALMACEN_PRODUCTO(ALMACEN_ID,PRODUCTO_ID,CANTIDAD_ACTUAL,PRECIO_VENTA) VALUES (2,600,33,85.000000);

INSERT INTO ALMACEN_PRODUCTO(ALMACEN_ID,PRODUCTO_ID,CANTIDAD_ACTUAL,PRECIO_VENTA) VALUES (3,600,4,104.500000);

INSERT INTO ALMACEN_PRODUCTO(ALMACEN_ID,PRODUCTO_ID,CANTIDAD_ACTUAL,PRECIO_VENTA) VALUES (4,600,33,85.000000);

INSERT INTO PROVEEDOR_PRODUCTO(PROVEEDOR_ID,PRODUCTO_ID,PRECIO_COMPRA) VALUES(6,600, 83.397989);

-- ===========PRODUCTO [601]
INSERT INTO PRODUCTO(ID,MARCA_ID,LINEA_ID,NOMBRE,PRESENTACION,CONTENIDO,UNIDADES_POR_CAJA,COSTO,COSTO_VENTA,PRECIO_BASE,UNIDAD_MEDIDA,CODIGO_BARRAS,ABREBIATURA) VALUES(601,68,9,'Suavitel Suavizante','Fresca Primavera',3.0,4.0,0.000000,0.000000,0.000000,'L','7501035903234','Suavit Primav 3Ltos');

INSERT INTO MOVIMIENTO_HISTORICO_PRODUCTO (ALMACEN_ID,PRODUCTO_ID,FECHA,TIPO_MOVIMIENTO_ID,CANTIDAD,COSTO,PRECIO,USUARIO_ID) VALUES(1,601,now(),30,6,0.000000,0.000000,'root');
INSERT INTO ALMACEN_PRODUCTO(ALMACEN_ID,PRODUCTO_ID,CANTIDAD_ACTUAL,PRECIO_VENTA) VALUES (1,601,6,0.000000);

INSERT INTO ALMACEN_PRODUCTO(ALMACEN_ID,PRODUCTO_ID,CANTIDAD_ACTUAL,PRECIO_VENTA) VALUES (2,601,0,0.000000);

INSERT INTO ALMACEN_PRODUCTO(ALMACEN_ID,PRODUCTO_ID,CANTIDAD_ACTUAL,PRECIO_VENTA) VALUES (3,601,6,44.900000);

INSERT INTO ALMACEN_PRODUCTO(ALMACEN_ID,PRODUCTO_ID,CANTIDAD_ACTUAL,PRECIO_VENTA) VALUES (4,601,0,0.000000);

INSERT INTO PROVEEDOR_PRODUCTO(PROVEEDOR_ID,PRODUCTO_ID,PRECIO_COMPRA) VALUES(6,601, 0.000000);

-- ===========PRODUCTO [602]
INSERT INTO PRODUCTO(ID,MARCA_ID,LINEA_ID,NOMBRE,PRESENTACION,CONTENIDO,UNIDADES_POR_CAJA,COSTO,COSTO_VENTA,PRECIO_BASE,UNIDAD_MEDIDA,CODIGO_BARRAS,ABREBIATURA) VALUES(602,35,11,'Colgate Cepillo Dental','Infantil Ex. Suave 5 aos',1.0,24.0,0.000000,0.000000,0.000000,'Pz','7591083011104','Clgte Cep Suav 5 ao');

INSERT INTO MOVIMIENTO_HISTORICO_PRODUCTO (ALMACEN_ID,PRODUCTO_ID,FECHA,TIPO_MOVIMIENTO_ID,CANTIDAD,COSTO,PRECIO,USUARIO_ID) VALUES(1,602,now(),30,24,0.000000,0.000000,'root');
INSERT INTO ALMACEN_PRODUCTO(ALMACEN_ID,PRODUCTO_ID,CANTIDAD_ACTUAL,PRECIO_VENTA) VALUES (1,602,24,0.000000);

INSERT INTO ALMACEN_PRODUCTO(ALMACEN_ID,PRODUCTO_ID,CANTIDAD_ACTUAL,PRECIO_VENTA) VALUES (2,602,0,0.000000);

INSERT INTO ALMACEN_PRODUCTO(ALMACEN_ID,PRODUCTO_ID,CANTIDAD_ACTUAL,PRECIO_VENTA) VALUES (3,602,24,0.000000);

INSERT INTO ALMACEN_PRODUCTO(ALMACEN_ID,PRODUCTO_ID,CANTIDAD_ACTUAL,PRECIO_VENTA) VALUES (4,602,0,0.000000);

INSERT INTO PROVEEDOR_PRODUCTO(PROVEEDOR_ID,PRODUCTO_ID,PRECIO_COMPRA) VALUES(6,602, 0.000000);

-- ===========PRODUCTO [603]
INSERT INTO PRODUCTO(ID,MARCA_ID,LINEA_ID,NOMBRE,PRESENTACION,CONTENIDO,UNIDADES_POR_CAJA,COSTO,COSTO_VENTA,PRECIO_BASE,UNIDAD_MEDIDA,CODIGO_BARRAS,ABREBIATURA) VALUES(603,35,11,'Colgate Cepillo Dental','Infantil Nios +2 aos',1.0,48.0,0.000000,0.000000,0.000000,'Pz','7702010630293','Clgte Cep Kids + 2 Aos');

INSERT INTO MOVIMIENTO_HISTORICO_PRODUCTO (ALMACEN_ID,PRODUCTO_ID,FECHA,TIPO_MOVIMIENTO_ID,CANTIDAD,COSTO,PRECIO,USUARIO_ID) VALUES(1,603,now(),30,24,0.000000,0.000000,'root');
INSERT INTO ALMACEN_PRODUCTO(ALMACEN_ID,PRODUCTO_ID,CANTIDAD_ACTUAL,PRECIO_VENTA) VALUES (1,603,24,0.000000);

INSERT INTO ALMACEN_PRODUCTO(ALMACEN_ID,PRODUCTO_ID,CANTIDAD_ACTUAL,PRECIO_VENTA) VALUES (2,603,0,0.000000);

INSERT INTO ALMACEN_PRODUCTO(ALMACEN_ID,PRODUCTO_ID,CANTIDAD_ACTUAL,PRECIO_VENTA) VALUES (3,603,24,0.000000);

INSERT INTO ALMACEN_PRODUCTO(ALMACEN_ID,PRODUCTO_ID,CANTIDAD_ACTUAL,PRECIO_VENTA) VALUES (4,603,0,0.000000);

INSERT INTO PROVEEDOR_PRODUCTO(PROVEEDOR_ID,PRODUCTO_ID,PRECIO_COMPRA) VALUES(6,603, 0.000000);

-- ===========PRODUCTO [604]
INSERT INTO PRODUCTO(ID,MARCA_ID,LINEA_ID,NOMBRE,PRESENTACION,CONTENIDO,UNIDADES_POR_CAJA,COSTO,COSTO_VENTA,PRECIO_BASE,UNIDAD_MEDIDA,CODIGO_BARRAS,ABREBIATURA) VALUES(604,20,11,'Plax Colgate Enjuague Bucal','Whitening Promocion',500.0,24.0,0.000000,0.000000,0.000000,'ML','7891024136362','Plax Whit 350 Bonus');

INSERT INTO MOVIMIENTO_HISTORICO_PRODUCTO (ALMACEN_ID,PRODUCTO_ID,FECHA,TIPO_MOVIMIENTO_ID,CANTIDAD,COSTO,PRECIO,USUARIO_ID) VALUES(1,604,now(),30,0,0.000000,0.000000,'root');
INSERT INTO ALMACEN_PRODUCTO(ALMACEN_ID,PRODUCTO_ID,CANTIDAD_ACTUAL,PRECIO_VENTA) VALUES (1,604,0,0.000000);

INSERT INTO ALMACEN_PRODUCTO(ALMACEN_ID,PRODUCTO_ID,CANTIDAD_ACTUAL,PRECIO_VENTA) VALUES (2,604,0,0.000000);

INSERT INTO PROVEEDOR_PRODUCTO(PROVEEDOR_ID,PRODUCTO_ID,PRECIO_COMPRA) VALUES(6,604, 0.000000);

-- ===========PRODUCTO [605]
INSERT INTO PRODUCTO(ID,MARCA_ID,LINEA_ID,NOMBRE,PRESENTACION,CONTENIDO,UNIDADES_POR_CAJA,COSTO,COSTO_VENTA,PRECIO_BASE,UNIDAD_MEDIDA,CODIGO_BARRAS,ABREBIATURA) VALUES(605,68,9,'SUAVITEL ADIOS AL PLANCHADO','ANOCHECER',850.0,12.0,0.000000,0.000000,0.000000,'ML','7509546050119','Suavit Anoch Enj 850ml');

INSERT INTO MOVIMIENTO_HISTORICO_PRODUCTO (ALMACEN_ID,PRODUCTO_ID,FECHA,TIPO_MOVIMIENTO_ID,CANTIDAD,COSTO,PRECIO,USUARIO_ID) VALUES(1,605,now(),30,12,0.000000,0.000000,'root');
INSERT INTO ALMACEN_PRODUCTO(ALMACEN_ID,PRODUCTO_ID,CANTIDAD_ACTUAL,PRECIO_VENTA) VALUES (1,605,12,0.000000);

INSERT INTO ALMACEN_PRODUCTO(ALMACEN_ID,PRODUCTO_ID,CANTIDAD_ACTUAL,PRECIO_VENTA) VALUES (2,605,0,0.000000);

INSERT INTO ALMACEN_PRODUCTO(ALMACEN_ID,PRODUCTO_ID,CANTIDAD_ACTUAL,PRECIO_VENTA) VALUES (3,605,12,12.500000);

INSERT INTO ALMACEN_PRODUCTO(ALMACEN_ID,PRODUCTO_ID,CANTIDAD_ACTUAL,PRECIO_VENTA) VALUES (4,605,0,0.000000);

INSERT INTO PROVEEDOR_PRODUCTO(PROVEEDOR_ID,PRODUCTO_ID,PRECIO_COMPRA) VALUES(6,605, 0.000000);

-- ===========PRODUCTO [606]
INSERT INTO PRODUCTO(ID,MARCA_ID,LINEA_ID,NOMBRE,PRESENTACION,CONTENIDO,UNIDADES_POR_CAJA,COSTO,COSTO_VENTA,PRECIO_BASE,UNIDAD_MEDIDA,CODIGO_BARRAS,ABREBIATURA) VALUES(606,68,9,'Suavitel Momentos Magicos','Abrazo de amor',750.0,12.0,13.484195,13.484195,18.770000,'ML','7509546032856','Suavit Mom Abrz 750ml');

INSERT INTO MOVIMIENTO_HISTORICO_PRODUCTO (ALMACEN_ID,PRODUCTO_ID,FECHA,TIPO_MOVIMIENTO_ID,CANTIDAD,COSTO,PRECIO,USUARIO_ID) VALUES(1,606,now(),30,12,13.484195,18.770000,'root');
INSERT INTO ALMACEN_PRODUCTO(ALMACEN_ID,PRODUCTO_ID,CANTIDAD_ACTUAL,PRECIO_VENTA) VALUES (1,606,12,18.770000);

INSERT INTO ALMACEN_PRODUCTO(ALMACEN_ID,PRODUCTO_ID,CANTIDAD_ACTUAL,PRECIO_VENTA) VALUES (2,606,1,12.000000);

INSERT INTO ALMACEN_PRODUCTO(ALMACEN_ID,PRODUCTO_ID,CANTIDAD_ACTUAL,PRECIO_VENTA) VALUES (3,606,12,14.500000);

INSERT INTO ALMACEN_PRODUCTO(ALMACEN_ID,PRODUCTO_ID,CANTIDAD_ACTUAL,PRECIO_VENTA) VALUES (4,606,1,12.000000);

INSERT INTO PROVEEDOR_PRODUCTO(PROVEEDOR_ID,PRODUCTO_ID,PRECIO_COMPRA) VALUES(6,606, 13.484195);

-- ===========PRODUCTO [607]
INSERT INTO PRODUCTO(ID,MARCA_ID,LINEA_ID,NOMBRE,PRESENTACION,CONTENIDO,UNIDADES_POR_CAJA,COSTO,COSTO_VENTA,PRECIO_BASE,UNIDAD_MEDIDA,CODIGO_BARRAS,ABREBIATURA) VALUES(607,68,9,'Suavitel Momentos Magicos','Besos de Flores',750.0,12.0,13.484195,13.484195,18.770000,'ML','7509546032870','Suavit Mom Beso 750m');

INSERT INTO MOVIMIENTO_HISTORICO_PRODUCTO (ALMACEN_ID,PRODUCTO_ID,FECHA,TIPO_MOVIMIENTO_ID,CANTIDAD,COSTO,PRECIO,USUARIO_ID) VALUES(1,607,now(),30,12,13.484195,18.770000,'root');
INSERT INTO ALMACEN_PRODUCTO(ALMACEN_ID,PRODUCTO_ID,CANTIDAD_ACTUAL,PRECIO_VENTA) VALUES (1,607,12,18.770000);

INSERT INTO ALMACEN_PRODUCTO(ALMACEN_ID,PRODUCTO_ID,CANTIDAD_ACTUAL,PRECIO_VENTA) VALUES (2,607,0,0.000000);

INSERT INTO ALMACEN_PRODUCTO(ALMACEN_ID,PRODUCTO_ID,CANTIDAD_ACTUAL,PRECIO_VENTA) VALUES (3,607,12,14.500000);

INSERT INTO ALMACEN_PRODUCTO(ALMACEN_ID,PRODUCTO_ID,CANTIDAD_ACTUAL,PRECIO_VENTA) VALUES (4,607,0,0.000000);

INSERT INTO PROVEEDOR_PRODUCTO(PROVEEDOR_ID,PRODUCTO_ID,PRECIO_COMPRA) VALUES(6,607, 13.484195);

-- ===========PRODUCTO [609]
INSERT INTO PRODUCTO(ID,MARCA_ID,LINEA_ID,NOMBRE,PRESENTACION,CONTENIDO,UNIDADES_POR_CAJA,COSTO,COSTO_VENTA,PRECIO_BASE,UNIDAD_MEDIDA,CODIGO_BARRAS,ABREBIATURA) VALUES(609,16,9,'Ajax Limpiador Liquido','Naranja Limon',1.0,12.0,11.896552,11.896552,16.560000,'Lt','7509546006420','Ajax Limp Naranj 1Lt');

INSERT INTO MOVIMIENTO_HISTORICO_PRODUCTO (ALMACEN_ID,PRODUCTO_ID,FECHA,TIPO_MOVIMIENTO_ID,CANTIDAD,COSTO,PRECIO,USUARIO_ID) VALUES(1,609,now(),30,12,11.896552,16.560000,'root');
INSERT INTO ALMACEN_PRODUCTO(ALMACEN_ID,PRODUCTO_ID,CANTIDAD_ACTUAL,PRECIO_VENTA) VALUES (1,609,12,16.560000);

INSERT INTO ALMACEN_PRODUCTO(ALMACEN_ID,PRODUCTO_ID,CANTIDAD_ACTUAL,PRECIO_VENTA) VALUES (2,609,1,9.000000);

INSERT INTO ALMACEN_PRODUCTO(ALMACEN_ID,PRODUCTO_ID,CANTIDAD_ACTUAL,PRECIO_VENTA) VALUES (3,609,12,17.900000);

INSERT INTO ALMACEN_PRODUCTO(ALMACEN_ID,PRODUCTO_ID,CANTIDAD_ACTUAL,PRECIO_VENTA) VALUES (4,609,1,9.000000);

INSERT INTO PROVEEDOR_PRODUCTO(PROVEEDOR_ID,PRODUCTO_ID,PRECIO_COMPRA) VALUES(6,609, 11.896552);

-- ===========PRODUCTO [610]
INSERT INTO PRODUCTO(ID,MARCA_ID,LINEA_ID,NOMBRE,PRESENTACION,CONTENIDO,UNIDADES_POR_CAJA,COSTO,COSTO_VENTA,PRECIO_BASE,UNIDAD_MEDIDA,CODIGO_BARRAS,ABREBIATURA) VALUES(610,27,9,'Vel Rosita Shampoo Ropa','Delicada',2.0,6.0,0.000000,0.000000,0.000000,'Lt','7501035904019','Vel Rosit Delicad 2Lt');

INSERT INTO MOVIMIENTO_HISTORICO_PRODUCTO (ALMACEN_ID,PRODUCTO_ID,FECHA,TIPO_MOVIMIENTO_ID,CANTIDAD,COSTO,PRECIO,USUARIO_ID) VALUES(1,610,now(),30,6,0.000000,0.000000,'root');
INSERT INTO ALMACEN_PRODUCTO(ALMACEN_ID,PRODUCTO_ID,CANTIDAD_ACTUAL,PRECIO_VENTA) VALUES (1,610,6,0.000000);

INSERT INTO ALMACEN_PRODUCTO(ALMACEN_ID,PRODUCTO_ID,CANTIDAD_ACTUAL,PRECIO_VENTA) VALUES (2,610,0,0.000000);

INSERT INTO ALMACEN_PRODUCTO(ALMACEN_ID,PRODUCTO_ID,CANTIDAD_ACTUAL,PRECIO_VENTA) VALUES (3,610,6,49.500000);

INSERT INTO ALMACEN_PRODUCTO(ALMACEN_ID,PRODUCTO_ID,CANTIDAD_ACTUAL,PRECIO_VENTA) VALUES (4,610,0,0.000000);

INSERT INTO PROVEEDOR_PRODUCTO(PROVEEDOR_ID,PRODUCTO_ID,PRECIO_COMPRA) VALUES(6,610, 0.000000);

-- ===========PRODUCTO [611]
INSERT INTO PRODUCTO(ID,MARCA_ID,LINEA_ID,NOMBRE,PRESENTACION,CONTENIDO,UNIDADES_POR_CAJA,COSTO,COSTO_VENTA,PRECIO_BASE,UNIDAD_MEDIDA,CODIGO_BARRAS,ABREBIATURA) VALUES(611,68,9,'SUAVITEL  SUAVE COMO EL AMOR DE MAMA','FRESCO AROMA DE SOL',450.0,12.0,0.000000,0.000000,0.000000,'ML','7509546017815','Suavit Suav Sol 450ml');

INSERT INTO MOVIMIENTO_HISTORICO_PRODUCTO (ALMACEN_ID,PRODUCTO_ID,FECHA,TIPO_MOVIMIENTO_ID,CANTIDAD,COSTO,PRECIO,USUARIO_ID) VALUES(1,611,now(),30,12,0.000000,0.000000,'root');
INSERT INTO ALMACEN_PRODUCTO(ALMACEN_ID,PRODUCTO_ID,CANTIDAD_ACTUAL,PRECIO_VENTA) VALUES (1,611,12,0.000000);

INSERT INTO ALMACEN_PRODUCTO(ALMACEN_ID,PRODUCTO_ID,CANTIDAD_ACTUAL,PRECIO_VENTA) VALUES (2,611,0,0.000000);

INSERT INTO ALMACEN_PRODUCTO(ALMACEN_ID,PRODUCTO_ID,CANTIDAD_ACTUAL,PRECIO_VENTA) VALUES (3,611,12,7.500000);

INSERT INTO ALMACEN_PRODUCTO(ALMACEN_ID,PRODUCTO_ID,CANTIDAD_ACTUAL,PRECIO_VENTA) VALUES (4,611,0,0.000000);

INSERT INTO PROVEEDOR_PRODUCTO(PROVEEDOR_ID,PRODUCTO_ID,PRECIO_COMPRA) VALUES(6,611, 0.000000);

-- ===========PRODUCTO [612]
INSERT INTO PRODUCTO(ID,MARCA_ID,LINEA_ID,NOMBRE,PRESENTACION,CONTENIDO,UNIDADES_POR_CAJA,COSTO,COSTO_VENTA,PRECIO_BASE,UNIDAD_MEDIDA,CODIGO_BARRAS,ABREBIATURA) VALUES(612,27,9,'Vel Rosita Shampoo Ropa','Delicada Bolsa',500.0,18.0,0.000000,0.000000,0.000000,'ml','7501035904118','Vel Rosi Delic Bols 500');

INSERT INTO MOVIMIENTO_HISTORICO_PRODUCTO (ALMACEN_ID,PRODUCTO_ID,FECHA,TIPO_MOVIMIENTO_ID,CANTIDAD,COSTO,PRECIO,USUARIO_ID) VALUES(1,612,now(),30,18,0.000000,0.000000,'root');
INSERT INTO ALMACEN_PRODUCTO(ALMACEN_ID,PRODUCTO_ID,CANTIDAD_ACTUAL,PRECIO_VENTA) VALUES (1,612,18,0.000000);

INSERT INTO ALMACEN_PRODUCTO(ALMACEN_ID,PRODUCTO_ID,CANTIDAD_ACTUAL,PRECIO_VENTA) VALUES (2,612,1,8.000000);

INSERT INTO ALMACEN_PRODUCTO(ALMACEN_ID,PRODUCTO_ID,CANTIDAD_ACTUAL,PRECIO_VENTA) VALUES (3,612,18,15.900000);

INSERT INTO ALMACEN_PRODUCTO(ALMACEN_ID,PRODUCTO_ID,CANTIDAD_ACTUAL,PRECIO_VENTA) VALUES (4,612,1,8.000000);

INSERT INTO PROVEEDOR_PRODUCTO(PROVEEDOR_ID,PRODUCTO_ID,PRECIO_COMPRA) VALUES(6,612, 0.000000);

-- ===========PRODUCTO [613]
INSERT INTO PRODUCTO(ID,MARCA_ID,LINEA_ID,NOMBRE,PRESENTACION,CONTENIDO,UNIDADES_POR_CAJA,COSTO,COSTO_VENTA,PRECIO_BASE,UNIDAD_MEDIDA,CODIGO_BARRAS,ABREBIATURA) VALUES(613,27,9,'Vel Rosita Shampoo Ropa','Color Bolsa',500.0,18.0,0.000000,0.000000,0.000000,'ml','7509546051475','Vel Rosi Colo Bols 500');

INSERT INTO MOVIMIENTO_HISTORICO_PRODUCTO (ALMACEN_ID,PRODUCTO_ID,FECHA,TIPO_MOVIMIENTO_ID,CANTIDAD,COSTO,PRECIO,USUARIO_ID) VALUES(1,613,now(),30,18,0.000000,0.000000,'root');
INSERT INTO ALMACEN_PRODUCTO(ALMACEN_ID,PRODUCTO_ID,CANTIDAD_ACTUAL,PRECIO_VENTA) VALUES (1,613,18,0.000000);

INSERT INTO ALMACEN_PRODUCTO(ALMACEN_ID,PRODUCTO_ID,CANTIDAD_ACTUAL,PRECIO_VENTA) VALUES (2,613,1,8.000000);

INSERT INTO ALMACEN_PRODUCTO(ALMACEN_ID,PRODUCTO_ID,CANTIDAD_ACTUAL,PRECIO_VENTA) VALUES (3,613,18,15.900000);

INSERT INTO ALMACEN_PRODUCTO(ALMACEN_ID,PRODUCTO_ID,CANTIDAD_ACTUAL,PRECIO_VENTA) VALUES (4,613,1,8.000000);

INSERT INTO PROVEEDOR_PRODUCTO(PROVEEDOR_ID,PRODUCTO_ID,PRECIO_COMPRA) VALUES(6,613, 0.000000);

-- ===========PRODUCTO [614]
INSERT INTO PRODUCTO(ID,MARCA_ID,LINEA_ID,NOMBRE,PRESENTACION,CONTENIDO,UNIDADES_POR_CAJA,COSTO,COSTO_VENTA,PRECIO_BASE,UNIDAD_MEDIDA,CODIGO_BARRAS,ABREBIATURA) VALUES(614,69,9,'Axion Detergente Liqudo','Tricloro',400.0,12.0,7.370690,7.370690,10.260000,'ML','7509546016948','Axion Liq Triclor 400m');

INSERT INTO MOVIMIENTO_HISTORICO_PRODUCTO (ALMACEN_ID,PRODUCTO_ID,FECHA,TIPO_MOVIMIENTO_ID,CANTIDAD,COSTO,PRECIO,USUARIO_ID) VALUES(1,614,now(),30,12,7.370690,10.260000,'root');
INSERT INTO ALMACEN_PRODUCTO(ALMACEN_ID,PRODUCTO_ID,CANTIDAD_ACTUAL,PRECIO_VENTA) VALUES (1,614,12,10.260000);

INSERT INTO ALMACEN_PRODUCTO(ALMACEN_ID,PRODUCTO_ID,CANTIDAD_ACTUAL,PRECIO_VENTA) VALUES (2,614,0,0.000000);

INSERT INTO ALMACEN_PRODUCTO(ALMACEN_ID,PRODUCTO_ID,CANTIDAD_ACTUAL,PRECIO_VENTA) VALUES (3,614,12,10.900000);

INSERT INTO ALMACEN_PRODUCTO(ALMACEN_ID,PRODUCTO_ID,CANTIDAD_ACTUAL,PRECIO_VENTA) VALUES (4,614,0,0.000000);

INSERT INTO PROVEEDOR_PRODUCTO(PROVEEDOR_ID,PRODUCTO_ID,PRECIO_COMPRA) VALUES(6,614, 7.370690);

-- ===========PRODUCTO [615]
INSERT INTO PRODUCTO(ID,MARCA_ID,LINEA_ID,NOMBRE,PRESENTACION,CONTENIDO,UNIDADES_POR_CAJA,COSTO,COSTO_VENTA,PRECIO_BASE,UNIDAD_MEDIDA,CODIGO_BARRAS,ABREBIATURA) VALUES(615,69,9,'Axion Detergente Liquido','Limon',400.0,12.0,7.370690,7.370690,10.260000,'ML','7509546017143','Axion Liq Limon 400m');

INSERT INTO MOVIMIENTO_HISTORICO_PRODUCTO (ALMACEN_ID,PRODUCTO_ID,FECHA,TIPO_MOVIMIENTO_ID,CANTIDAD,COSTO,PRECIO,USUARIO_ID) VALUES(1,615,now(),30,11,7.370690,10.260000,'root');
INSERT INTO ALMACEN_PRODUCTO(ALMACEN_ID,PRODUCTO_ID,CANTIDAD_ACTUAL,PRECIO_VENTA) VALUES (1,615,11,10.260000);

INSERT INTO ALMACEN_PRODUCTO(ALMACEN_ID,PRODUCTO_ID,CANTIDAD_ACTUAL,PRECIO_VENTA) VALUES (2,615,1,7.500000);

INSERT INTO ALMACEN_PRODUCTO(ALMACEN_ID,PRODUCTO_ID,CANTIDAD_ACTUAL,PRECIO_VENTA) VALUES (3,615,11,9.900000);

INSERT INTO ALMACEN_PRODUCTO(ALMACEN_ID,PRODUCTO_ID,CANTIDAD_ACTUAL,PRECIO_VENTA) VALUES (4,615,1,7.500000);

INSERT INTO PROVEEDOR_PRODUCTO(PROVEEDOR_ID,PRODUCTO_ID,PRECIO_COMPRA) VALUES(6,615, 7.370690);

-- ===========PRODUCTO [616]
INSERT INTO PRODUCTO(ID,MARCA_ID,LINEA_ID,NOMBRE,PRESENTACION,CONTENIDO,UNIDADES_POR_CAJA,COSTO,COSTO_VENTA,PRECIO_BASE,UNIDAD_MEDIDA,CODIGO_BARRAS,ABREBIATURA) VALUES(616,69,9,'Axion Detergente Liquido','Citricos',400.0,12.0,7.370690,7.370690,10.260000,'ML','7509546017167','Axion Liq Citric 400ml');

INSERT INTO MOVIMIENTO_HISTORICO_PRODUCTO (ALMACEN_ID,PRODUCTO_ID,FECHA,TIPO_MOVIMIENTO_ID,CANTIDAD,COSTO,PRECIO,USUARIO_ID) VALUES(1,616,now(),30,12,7.370690,10.260000,'root');
INSERT INTO ALMACEN_PRODUCTO(ALMACEN_ID,PRODUCTO_ID,CANTIDAD_ACTUAL,PRECIO_VENTA) VALUES (1,616,12,10.260000);

INSERT INTO ALMACEN_PRODUCTO(ALMACEN_ID,PRODUCTO_ID,CANTIDAD_ACTUAL,PRECIO_VENTA) VALUES (2,616,0,0.000000);

INSERT INTO ALMACEN_PRODUCTO(ALMACEN_ID,PRODUCTO_ID,CANTIDAD_ACTUAL,PRECIO_VENTA) VALUES (3,616,12,10.900000);

INSERT INTO ALMACEN_PRODUCTO(ALMACEN_ID,PRODUCTO_ID,CANTIDAD_ACTUAL,PRECIO_VENTA) VALUES (4,616,0,0.000000);

INSERT INTO PROVEEDOR_PRODUCTO(PROVEEDOR_ID,PRODUCTO_ID,PRECIO_COMPRA) VALUES(6,616, 7.370690);

-- ===========PRODUCTO [617]
INSERT INTO PRODUCTO(ID,MARCA_ID,LINEA_ID,NOMBRE,PRESENTACION,CONTENIDO,UNIDADES_POR_CAJA,COSTO,COSTO_VENTA,PRECIO_BASE,UNIDAD_MEDIDA,CODIGO_BARRAS,ABREBIATURA) VALUES(617,69,9,'Axion Detergente Liqudo','Limon',750.0,12.0,0.000000,0.000000,0.000000,'ML','7509546051932','Axion Liq Limon 750ml');

INSERT INTO MOVIMIENTO_HISTORICO_PRODUCTO (ALMACEN_ID,PRODUCTO_ID,FECHA,TIPO_MOVIMIENTO_ID,CANTIDAD,COSTO,PRECIO,USUARIO_ID) VALUES(1,617,now(),30,12,0.000000,0.000000,'root');
INSERT INTO ALMACEN_PRODUCTO(ALMACEN_ID,PRODUCTO_ID,CANTIDAD_ACTUAL,PRECIO_VENTA) VALUES (1,617,12,0.000000);

INSERT INTO ALMACEN_PRODUCTO(ALMACEN_ID,PRODUCTO_ID,CANTIDAD_ACTUAL,PRECIO_VENTA) VALUES (2,617,0,0.000000);

INSERT INTO ALMACEN_PRODUCTO(ALMACEN_ID,PRODUCTO_ID,CANTIDAD_ACTUAL,PRECIO_VENTA) VALUES (3,617,12,17.900000);

INSERT INTO ALMACEN_PRODUCTO(ALMACEN_ID,PRODUCTO_ID,CANTIDAD_ACTUAL,PRECIO_VENTA) VALUES (4,617,0,0.000000);

INSERT INTO PROVEEDOR_PRODUCTO(PROVEEDOR_ID,PRODUCTO_ID,PRECIO_COMPRA) VALUES(6,617, 0.000000);

-- ===========PRODUCTO [618]
INSERT INTO PRODUCTO(ID,MARCA_ID,LINEA_ID,NOMBRE,PRESENTACION,CONTENIDO,UNIDADES_POR_CAJA,COSTO,COSTO_VENTA,PRECIO_BASE,UNIDAD_MEDIDA,CODIGO_BARRAS,ABREBIATURA) VALUES(618,49,4,'Stefano Caballero Barra','Midnight',60.0,12.0,0.000000,0.000000,0.000000,'G','7509546025391','Stefan Bar Midnht 60g');

INSERT INTO MOVIMIENTO_HISTORICO_PRODUCTO (ALMACEN_ID,PRODUCTO_ID,FECHA,TIPO_MOVIMIENTO_ID,CANTIDAD,COSTO,PRECIO,USUARIO_ID) VALUES(1,618,now(),30,12,0.000000,0.000000,'root');
INSERT INTO ALMACEN_PRODUCTO(ALMACEN_ID,PRODUCTO_ID,CANTIDAD_ACTUAL,PRECIO_VENTA) VALUES (1,618,12,0.000000);

INSERT INTO ALMACEN_PRODUCTO(ALMACEN_ID,PRODUCTO_ID,CANTIDAD_ACTUAL,PRECIO_VENTA) VALUES (2,618,0,0.000000);

INSERT INTO ALMACEN_PRODUCTO(ALMACEN_ID,PRODUCTO_ID,CANTIDAD_ACTUAL,PRECIO_VENTA) VALUES (3,618,12,0.000000);

INSERT INTO ALMACEN_PRODUCTO(ALMACEN_ID,PRODUCTO_ID,CANTIDAD_ACTUAL,PRECIO_VENTA) VALUES (4,618,0,0.000000);

INSERT INTO PROVEEDOR_PRODUCTO(PROVEEDOR_ID,PRODUCTO_ID,PRECIO_COMPRA) VALUES(6,618, 0.000000);

-- ===========PRODUCTO [619]
INSERT INTO PRODUCTO(ID,MARCA_ID,LINEA_ID,NOMBRE,PRESENTACION,CONTENIDO,UNIDADES_POR_CAJA,COSTO,COSTO_VENTA,PRECIO_BASE,UNIDAD_MEDIDA,CODIGO_BARRAS,ABREBIATURA) VALUES(619,49,4,'Stefano Aerosol Caballero','Cosmo Bonus',156.0,12.0,0.000000,0.000000,0.000000,'G','7509546055749','Stefan Cosm Bon 156g');

INSERT INTO MOVIMIENTO_HISTORICO_PRODUCTO (ALMACEN_ID,PRODUCTO_ID,FECHA,TIPO_MOVIMIENTO_ID,CANTIDAD,COSTO,PRECIO,USUARIO_ID) VALUES(1,619,now(),30,12,0.000000,0.000000,'root');
INSERT INTO ALMACEN_PRODUCTO(ALMACEN_ID,PRODUCTO_ID,CANTIDAD_ACTUAL,PRECIO_VENTA) VALUES (1,619,12,0.000000);

INSERT INTO ALMACEN_PRODUCTO(ALMACEN_ID,PRODUCTO_ID,CANTIDAD_ACTUAL,PRECIO_VENTA) VALUES (2,619,0,0.000000);

INSERT INTO ALMACEN_PRODUCTO(ALMACEN_ID,PRODUCTO_ID,CANTIDAD_ACTUAL,PRECIO_VENTA) VALUES (3,619,12,0.000000);

INSERT INTO ALMACEN_PRODUCTO(ALMACEN_ID,PRODUCTO_ID,CANTIDAD_ACTUAL,PRECIO_VENTA) VALUES (4,619,0,0.000000);

INSERT INTO PROVEEDOR_PRODUCTO(PROVEEDOR_ID,PRODUCTO_ID,PRECIO_COMPRA) VALUES(6,619, 0.000000);

-- ===========PRODUCTO [620]
INSERT INTO PRODUCTO(ID,MARCA_ID,LINEA_ID,NOMBRE,PRESENTACION,CONTENIDO,UNIDADES_POR_CAJA,COSTO,COSTO_VENTA,PRECIO_BASE,UNIDAD_MEDIDA,CODIGO_BARRAS,ABREBIATURA) VALUES(620,26,4,'Speed Stick Aerosol','Naturals & Protect',215.0,12.0,0.000000,0.000000,0.000000,'ML','7509546055954','Speed S Aer Natu & 215');

INSERT INTO MOVIMIENTO_HISTORICO_PRODUCTO (ALMACEN_ID,PRODUCTO_ID,FECHA,TIPO_MOVIMIENTO_ID,CANTIDAD,COSTO,PRECIO,USUARIO_ID) VALUES(1,620,now(),30,12,0.000000,0.000000,'root');
INSERT INTO ALMACEN_PRODUCTO(ALMACEN_ID,PRODUCTO_ID,CANTIDAD_ACTUAL,PRECIO_VENTA) VALUES (1,620,12,0.000000);

INSERT INTO ALMACEN_PRODUCTO(ALMACEN_ID,PRODUCTO_ID,CANTIDAD_ACTUAL,PRECIO_VENTA) VALUES (2,620,0,0.000000);

INSERT INTO ALMACEN_PRODUCTO(ALMACEN_ID,PRODUCTO_ID,CANTIDAD_ACTUAL,PRECIO_VENTA) VALUES (3,620,12,0.000000);

INSERT INTO ALMACEN_PRODUCTO(ALMACEN_ID,PRODUCTO_ID,CANTIDAD_ACTUAL,PRECIO_VENTA) VALUES (4,620,0,0.000000);

INSERT INTO PROVEEDOR_PRODUCTO(PROVEEDOR_ID,PRODUCTO_ID,PRECIO_COMPRA) VALUES(6,620, 0.000000);

-- ===========PRODUCTO [621]
INSERT INTO PRODUCTO(ID,MARCA_ID,LINEA_ID,NOMBRE,PRESENTACION,CONTENIDO,UNIDADES_POR_CAJA,COSTO,COSTO_VENTA,PRECIO_BASE,UNIDAD_MEDIDA,CODIGO_BARRAS,ABREBIATURA) VALUES(621,15,4,'Lady Speed Stick Aerosol','Double Defens Active',214.0,12.0,0.000000,0.000000,0.000000,'ML','7509546038940','Lady SS Aer Activ 214m');

INSERT INTO MOVIMIENTO_HISTORICO_PRODUCTO (ALMACEN_ID,PRODUCTO_ID,FECHA,TIPO_MOVIMIENTO_ID,CANTIDAD,COSTO,PRECIO,USUARIO_ID) VALUES(1,621,now(),30,12,0.000000,0.000000,'root');
INSERT INTO ALMACEN_PRODUCTO(ALMACEN_ID,PRODUCTO_ID,CANTIDAD_ACTUAL,PRECIO_VENTA) VALUES (1,621,12,0.000000);

INSERT INTO ALMACEN_PRODUCTO(ALMACEN_ID,PRODUCTO_ID,CANTIDAD_ACTUAL,PRECIO_VENTA) VALUES (2,621,0,0.000000);

INSERT INTO ALMACEN_PRODUCTO(ALMACEN_ID,PRODUCTO_ID,CANTIDAD_ACTUAL,PRECIO_VENTA) VALUES (3,621,12,0.000000);

INSERT INTO ALMACEN_PRODUCTO(ALMACEN_ID,PRODUCTO_ID,CANTIDAD_ACTUAL,PRECIO_VENTA) VALUES (4,621,0,0.000000);

INSERT INTO PROVEEDOR_PRODUCTO(PROVEEDOR_ID,PRODUCTO_ID,PRECIO_COMPRA) VALUES(6,621, 0.000000);

-- ===========PRODUCTO [622]
INSERT INTO PRODUCTO(ID,MARCA_ID,LINEA_ID,NOMBRE,PRESENTACION,CONTENIDO,UNIDADES_POR_CAJA,COSTO,COSTO_VENTA,PRECIO_BASE,UNIDAD_MEDIDA,CODIGO_BARRAS,ABREBIATURA) VALUES(622,49,4,'Stefano Aerosol Caballero','Fire Bonus',156.0,12.0,0.000000,0.000000,0.000000,'G','7509546055732','Stefan Fire Bon 156g');

INSERT INTO MOVIMIENTO_HISTORICO_PRODUCTO (ALMACEN_ID,PRODUCTO_ID,FECHA,TIPO_MOVIMIENTO_ID,CANTIDAD,COSTO,PRECIO,USUARIO_ID) VALUES(1,622,now(),30,12,0.000000,0.000000,'root');
INSERT INTO ALMACEN_PRODUCTO(ALMACEN_ID,PRODUCTO_ID,CANTIDAD_ACTUAL,PRECIO_VENTA) VALUES (1,622,12,0.000000);

INSERT INTO ALMACEN_PRODUCTO(ALMACEN_ID,PRODUCTO_ID,CANTIDAD_ACTUAL,PRECIO_VENTA) VALUES (2,622,0,0.000000);

INSERT INTO ALMACEN_PRODUCTO(ALMACEN_ID,PRODUCTO_ID,CANTIDAD_ACTUAL,PRECIO_VENTA) VALUES (3,622,12,0.000000);

INSERT INTO ALMACEN_PRODUCTO(ALMACEN_ID,PRODUCTO_ID,CANTIDAD_ACTUAL,PRECIO_VENTA) VALUES (4,622,0,0.000000);

INSERT INTO PROVEEDOR_PRODUCTO(PROVEEDOR_ID,PRODUCTO_ID,PRECIO_COMPRA) VALUES(6,622, 0.000000);

-- ===========PRODUCTO [623]
INSERT INTO PRODUCTO(ID,MARCA_ID,LINEA_ID,NOMBRE,PRESENTACION,CONTENIDO,UNIDADES_POR_CAJA,COSTO,COSTO_VENTA,PRECIO_BASE,UNIDAD_MEDIDA,CODIGO_BARRAS,ABREBIATURA) VALUES(623,15,4,'Lady Speed Stick Aerosol','Naturals & Protect',215.0,12.0,0.000000,0.000000,0.000000,'ML','7509546055947','Lady SS Aer Nat & 215m');

INSERT INTO MOVIMIENTO_HISTORICO_PRODUCTO (ALMACEN_ID,PRODUCTO_ID,FECHA,TIPO_MOVIMIENTO_ID,CANTIDAD,COSTO,PRECIO,USUARIO_ID) VALUES(1,623,now(),30,12,0.000000,0.000000,'root');
INSERT INTO ALMACEN_PRODUCTO(ALMACEN_ID,PRODUCTO_ID,CANTIDAD_ACTUAL,PRECIO_VENTA) VALUES (1,623,12,0.000000);

INSERT INTO ALMACEN_PRODUCTO(ALMACEN_ID,PRODUCTO_ID,CANTIDAD_ACTUAL,PRECIO_VENTA) VALUES (2,623,0,0.000000);

INSERT INTO ALMACEN_PRODUCTO(ALMACEN_ID,PRODUCTO_ID,CANTIDAD_ACTUAL,PRECIO_VENTA) VALUES (3,623,12,0.000000);

INSERT INTO ALMACEN_PRODUCTO(ALMACEN_ID,PRODUCTO_ID,CANTIDAD_ACTUAL,PRECIO_VENTA) VALUES (4,623,0,0.000000);

INSERT INTO PROVEEDOR_PRODUCTO(PROVEEDOR_ID,PRODUCTO_ID,PRECIO_COMPRA) VALUES(6,623, 0.000000);

-- ===========PRODUCTO [624]
INSERT INTO PRODUCTO(ID,MARCA_ID,LINEA_ID,NOMBRE,PRESENTACION,CONTENIDO,UNIDADES_POR_CAJA,COSTO,COSTO_VENTA,PRECIO_BASE,UNIDAD_MEDIDA,CODIGO_BARRAS,ABREBIATURA) VALUES(624,26,4,'Speed Stick Barra Caballero','Naturals & Protect',20.0,24.0,0.000000,0.000000,0.000000,'G','7509546055442','Speed S Bar Natu & 20g');

INSERT INTO MOVIMIENTO_HISTORICO_PRODUCTO (ALMACEN_ID,PRODUCTO_ID,FECHA,TIPO_MOVIMIENTO_ID,CANTIDAD,COSTO,PRECIO,USUARIO_ID) VALUES(1,624,now(),30,24,0.000000,0.000000,'root');
INSERT INTO ALMACEN_PRODUCTO(ALMACEN_ID,PRODUCTO_ID,CANTIDAD_ACTUAL,PRECIO_VENTA) VALUES (1,624,24,0.000000);

INSERT INTO ALMACEN_PRODUCTO(ALMACEN_ID,PRODUCTO_ID,CANTIDAD_ACTUAL,PRECIO_VENTA) VALUES (2,624,0,0.000000);

INSERT INTO ALMACEN_PRODUCTO(ALMACEN_ID,PRODUCTO_ID,CANTIDAD_ACTUAL,PRECIO_VENTA) VALUES (3,624,24,8.900000);

INSERT INTO ALMACEN_PRODUCTO(ALMACEN_ID,PRODUCTO_ID,CANTIDAD_ACTUAL,PRECIO_VENTA) VALUES (4,624,0,0.000000);

INSERT INTO PROVEEDOR_PRODUCTO(PROVEEDOR_ID,PRODUCTO_ID,PRECIO_COMPRA) VALUES(6,624, 0.000000);

-- ===========PRODUCTO [625]
INSERT INTO PRODUCTO(ID,MARCA_ID,LINEA_ID,NOMBRE,PRESENTACION,CONTENIDO,UNIDADES_POR_CAJA,COSTO,COSTO_VENTA,PRECIO_BASE,UNIDAD_MEDIDA,CODIGO_BARRAS,ABREBIATURA) VALUES(625,17,14,'Palmolive Optims Shampoo','2 medio',400.0,12.0,0.000000,0.000000,0.000000,'Ml','7501035919105','Palm Sh 2 Med 400ml');

INSERT INTO MOVIMIENTO_HISTORICO_PRODUCTO (ALMACEN_ID,PRODUCTO_ID,FECHA,TIPO_MOVIMIENTO_ID,CANTIDAD,COSTO,PRECIO,USUARIO_ID) VALUES(1,625,now(),30,12,0.000000,0.000000,'root');
INSERT INTO ALMACEN_PRODUCTO(ALMACEN_ID,PRODUCTO_ID,CANTIDAD_ACTUAL,PRECIO_VENTA) VALUES (1,625,12,0.000000);

INSERT INTO ALMACEN_PRODUCTO(ALMACEN_ID,PRODUCTO_ID,CANTIDAD_ACTUAL,PRECIO_VENTA) VALUES (2,625,0,0.000000);

INSERT INTO ALMACEN_PRODUCTO(ALMACEN_ID,PRODUCTO_ID,CANTIDAD_ACTUAL,PRECIO_VENTA) VALUES (3,625,12,0.000000);

INSERT INTO ALMACEN_PRODUCTO(ALMACEN_ID,PRODUCTO_ID,CANTIDAD_ACTUAL,PRECIO_VENTA) VALUES (4,625,0,0.000000);

INSERT INTO PROVEEDOR_PRODUCTO(PROVEEDOR_ID,PRODUCTO_ID,PRECIO_COMPRA) VALUES(6,625, 0.000000);

-- ===========PRODUCTO [626]
INSERT INTO PRODUCTO(ID,MARCA_ID,LINEA_ID,NOMBRE,PRESENTACION,CONTENIDO,UNIDADES_POR_CAJA,COSTO,COSTO_VENTA,PRECIO_BASE,UNIDAD_MEDIDA,CODIGO_BARRAS,ABREBIATURA) VALUES(626,17,14,'Palmolive Optims Shampoo','3 intensivo',400.0,12.0,0.000000,0.000000,0.000000,'Ml','7501035919112','Palm Sh 3 Intens 400m');

INSERT INTO MOVIMIENTO_HISTORICO_PRODUCTO (ALMACEN_ID,PRODUCTO_ID,FECHA,TIPO_MOVIMIENTO_ID,CANTIDAD,COSTO,PRECIO,USUARIO_ID) VALUES(1,626,now(),30,12,0.000000,0.000000,'root');
INSERT INTO ALMACEN_PRODUCTO(ALMACEN_ID,PRODUCTO_ID,CANTIDAD_ACTUAL,PRECIO_VENTA) VALUES (1,626,12,0.000000);

INSERT INTO ALMACEN_PRODUCTO(ALMACEN_ID,PRODUCTO_ID,CANTIDAD_ACTUAL,PRECIO_VENTA) VALUES (2,626,0,0.000000);

INSERT INTO ALMACEN_PRODUCTO(ALMACEN_ID,PRODUCTO_ID,CANTIDAD_ACTUAL,PRECIO_VENTA) VALUES (3,626,12,0.000000);

INSERT INTO ALMACEN_PRODUCTO(ALMACEN_ID,PRODUCTO_ID,CANTIDAD_ACTUAL,PRECIO_VENTA) VALUES (4,626,0,0.000000);

INSERT INTO PROVEEDOR_PRODUCTO(PROVEEDOR_ID,PRODUCTO_ID,PRECIO_COMPRA) VALUES(6,626, 0.000000);

-- ===========PRODUCTO [627]
INSERT INTO PRODUCTO(ID,MARCA_ID,LINEA_ID,NOMBRE,PRESENTACION,CONTENIDO,UNIDADES_POR_CAJA,COSTO,COSTO_VENTA,PRECIO_BASE,UNIDAD_MEDIDA,CODIGO_BARRAS,ABREBIATURA) VALUES(627,16,9,'Ajax Fibra Metalica','Aroma Limon',5.0,24.0,8.160920,8.160920,11.360000,'PZ','7501035908017','Ajax Fibras Met 5Pz');

INSERT INTO MOVIMIENTO_HISTORICO_PRODUCTO (ALMACEN_ID,PRODUCTO_ID,FECHA,TIPO_MOVIMIENTO_ID,CANTIDAD,COSTO,PRECIO,USUARIO_ID) VALUES(1,627,now(),30,24,8.160920,11.360000,'root');
INSERT INTO ALMACEN_PRODUCTO(ALMACEN_ID,PRODUCTO_ID,CANTIDAD_ACTUAL,PRECIO_VENTA) VALUES (1,627,24,11.360000);

INSERT INTO ALMACEN_PRODUCTO(ALMACEN_ID,PRODUCTO_ID,CANTIDAD_ACTUAL,PRECIO_VENTA) VALUES (2,627,26,9.000000);

INSERT INTO ALMACEN_PRODUCTO(ALMACEN_ID,PRODUCTO_ID,CANTIDAD_ACTUAL,PRECIO_VENTA) VALUES (3,627,24,11.900000);

INSERT INTO ALMACEN_PRODUCTO(ALMACEN_ID,PRODUCTO_ID,CANTIDAD_ACTUAL,PRECIO_VENTA) VALUES (4,627,26,9.000000);

INSERT INTO PROVEEDOR_PRODUCTO(PROVEEDOR_ID,PRODUCTO_ID,PRECIO_COMPRA) VALUES(6,627, 8.160920);

-- ===========PRODUCTO [628]
INSERT INTO PRODUCTO(ID,MARCA_ID,LINEA_ID,NOMBRE,PRESENTACION,CONTENIDO,UNIDADES_POR_CAJA,COSTO,COSTO_VENTA,PRECIO_BASE,UNIDAD_MEDIDA,CODIGO_BARRAS,ABREBIATURA) VALUES(628,49,4,'Stefano Aerosol Caballero','Black Bonus',156.0,12.0,0.000000,0.000000,0.000000,'G','7509546055725','Stefan Blak Bon 156g');

INSERT INTO MOVIMIENTO_HISTORICO_PRODUCTO (ALMACEN_ID,PRODUCTO_ID,FECHA,TIPO_MOVIMIENTO_ID,CANTIDAD,COSTO,PRECIO,USUARIO_ID) VALUES(1,628,now(),30,12,0.000000,0.000000,'root');
INSERT INTO ALMACEN_PRODUCTO(ALMACEN_ID,PRODUCTO_ID,CANTIDAD_ACTUAL,PRECIO_VENTA) VALUES (1,628,12,0.000000);

INSERT INTO ALMACEN_PRODUCTO(ALMACEN_ID,PRODUCTO_ID,CANTIDAD_ACTUAL,PRECIO_VENTA) VALUES (2,628,0,0.000000);

INSERT INTO ALMACEN_PRODUCTO(ALMACEN_ID,PRODUCTO_ID,CANTIDAD_ACTUAL,PRECIO_VENTA) VALUES (3,628,12,0.000000);

INSERT INTO ALMACEN_PRODUCTO(ALMACEN_ID,PRODUCTO_ID,CANTIDAD_ACTUAL,PRECIO_VENTA) VALUES (4,628,0,0.000000);

INSERT INTO PROVEEDOR_PRODUCTO(PROVEEDOR_ID,PRODUCTO_ID,PRECIO_COMPRA) VALUES(6,628, 0.000000);

-- ===========PRODUCTO [629]
INSERT INTO PRODUCTO(ID,MARCA_ID,LINEA_ID,NOMBRE,PRESENTACION,CONTENIDO,UNIDADES_POR_CAJA,COSTO,COSTO_VENTA,PRECIO_BASE,UNIDAD_MEDIDA,CODIGO_BARRAS,ABREBIATURA) VALUES(629,36,14,'Caprice Shampoo','Extracto de Manzana',800.0,12.0,17.600575,17.600575,24.500000,'ML','7509546026954','Capric Sh Manz 800ml');

INSERT INTO MOVIMIENTO_HISTORICO_PRODUCTO (ALMACEN_ID,PRODUCTO_ID,FECHA,TIPO_MOVIMIENTO_ID,CANTIDAD,COSTO,PRECIO,USUARIO_ID) VALUES(1,629,now(),30,12,17.600575,24.500000,'root');
INSERT INTO ALMACEN_PRODUCTO(ALMACEN_ID,PRODUCTO_ID,CANTIDAD_ACTUAL,PRECIO_VENTA) VALUES (1,629,12,24.500000);

INSERT INTO ALMACEN_PRODUCTO(ALMACEN_ID,PRODUCTO_ID,CANTIDAD_ACTUAL,PRECIO_VENTA) VALUES (2,629,0,0.000000);

INSERT INTO ALMACEN_PRODUCTO(ALMACEN_ID,PRODUCTO_ID,CANTIDAD_ACTUAL,PRECIO_VENTA) VALUES (3,629,12,23.500000);

INSERT INTO ALMACEN_PRODUCTO(ALMACEN_ID,PRODUCTO_ID,CANTIDAD_ACTUAL,PRECIO_VENTA) VALUES (4,629,0,0.000000);

INSERT INTO PROVEEDOR_PRODUCTO(PROVEEDOR_ID,PRODUCTO_ID,PRECIO_COMPRA) VALUES(6,629, 17.600575);

-- ===========PRODUCTO [630]
INSERT INTO PRODUCTO(ID,MARCA_ID,LINEA_ID,NOMBRE,PRESENTACION,CONTENIDO,UNIDADES_POR_CAJA,COSTO,COSTO_VENTA,PRECIO_BASE,UNIDAD_MEDIDA,CODIGO_BARRAS,ABREBIATURA) VALUES(630,69,9,'Axion Detergente Liquido','Tricloro',750.0,12.0,0.000000,0.000000,0.000000,'ML','7509546046655','Axion Liq Triclor 750m');

INSERT INTO MOVIMIENTO_HISTORICO_PRODUCTO (ALMACEN_ID,PRODUCTO_ID,FECHA,TIPO_MOVIMIENTO_ID,CANTIDAD,COSTO,PRECIO,USUARIO_ID) VALUES(1,630,now(),30,12,0.000000,0.000000,'root');
INSERT INTO ALMACEN_PRODUCTO(ALMACEN_ID,PRODUCTO_ID,CANTIDAD_ACTUAL,PRECIO_VENTA) VALUES (1,630,12,0.000000);

INSERT INTO ALMACEN_PRODUCTO(ALMACEN_ID,PRODUCTO_ID,CANTIDAD_ACTUAL,PRECIO_VENTA) VALUES (2,630,2,13.000000);

INSERT INTO ALMACEN_PRODUCTO(ALMACEN_ID,PRODUCTO_ID,CANTIDAD_ACTUAL,PRECIO_VENTA) VALUES (3,630,12,19.900000);

INSERT INTO ALMACEN_PRODUCTO(ALMACEN_ID,PRODUCTO_ID,CANTIDAD_ACTUAL,PRECIO_VENTA) VALUES (4,630,2,13.000000);

INSERT INTO PROVEEDOR_PRODUCTO(PROVEEDOR_ID,PRODUCTO_ID,PRECIO_COMPRA) VALUES(6,630, 0.000000);

-- ===========PRODUCTO [631]
INSERT INTO PRODUCTO(ID,MARCA_ID,LINEA_ID,NOMBRE,PRESENTACION,CONTENIDO,UNIDADES_POR_CAJA,COSTO,COSTO_VENTA,PRECIO_BASE,UNIDAD_MEDIDA,CODIGO_BARRAS,ABREBIATURA) VALUES(631,35,11,'Colgate Pasta Dental','Total Clean Mint',75.0,72.0,0.000000,0.000000,0.000000,'ML','99176480310','Colgte Tot Clen 75ml');

INSERT INTO MOVIMIENTO_HISTORICO_PRODUCTO (ALMACEN_ID,PRODUCTO_ID,FECHA,TIPO_MOVIMIENTO_ID,CANTIDAD,COSTO,PRECIO,USUARIO_ID) VALUES(1,631,now(),30,72,0.000000,0.000000,'root');
INSERT INTO ALMACEN_PRODUCTO(ALMACEN_ID,PRODUCTO_ID,CANTIDAD_ACTUAL,PRECIO_VENTA) VALUES (1,631,72,0.000000);

INSERT INTO ALMACEN_PRODUCTO(ALMACEN_ID,PRODUCTO_ID,CANTIDAD_ACTUAL,PRECIO_VENTA) VALUES (2,631,15,8.500000);

INSERT INTO ALMACEN_PRODUCTO(ALMACEN_ID,PRODUCTO_ID,CANTIDAD_ACTUAL,PRECIO_VENTA) VALUES (3,631,72,0.000000);

INSERT INTO ALMACEN_PRODUCTO(ALMACEN_ID,PRODUCTO_ID,CANTIDAD_ACTUAL,PRECIO_VENTA) VALUES (4,631,15,8.500000);

INSERT INTO PROVEEDOR_PRODUCTO(PROVEEDOR_ID,PRODUCTO_ID,PRECIO_COMPRA) VALUES(6,631, 0.000000);

-- ===========PRODUCTO [632]
INSERT INTO PRODUCTO(ID,MARCA_ID,LINEA_ID,NOMBRE,PRESENTACION,CONTENIDO,UNIDADES_POR_CAJA,COSTO,COSTO_VENTA,PRECIO_BASE,UNIDAD_MEDIDA,CODIGO_BARRAS,ABREBIATURA) VALUES(632,70,17,'Alby Algodn','Plisado y Absorbente',25.0,750.0,3.194923,3.194923,4.447333,'G','7503010569114','Alby Algod Plis 25g');

INSERT INTO MOVIMIENTO_HISTORICO_PRODUCTO (ALMACEN_ID,PRODUCTO_ID,FECHA,TIPO_MOVIMIENTO_ID,CANTIDAD,COSTO,PRECIO,USUARIO_ID) VALUES(1,632,now(),30,30,3.194923,4.447333,'root');
INSERT INTO ALMACEN_PRODUCTO(ALMACEN_ID,PRODUCTO_ID,CANTIDAD_ACTUAL,PRECIO_VENTA) VALUES (1,632,30,4.447333);

INSERT INTO ALMACEN_PRODUCTO(ALMACEN_ID,PRODUCTO_ID,CANTIDAD_ACTUAL,PRECIO_VENTA) VALUES (2,632,2,2.500000);

INSERT INTO ALMACEN_PRODUCTO(ALMACEN_ID,PRODUCTO_ID,CANTIDAD_ACTUAL,PRECIO_VENTA) VALUES (3,632,30,4.500000);

INSERT INTO ALMACEN_PRODUCTO(ALMACEN_ID,PRODUCTO_ID,CANTIDAD_ACTUAL,PRECIO_VENTA) VALUES (4,632,2,2.500000);

INSERT INTO PROVEEDOR_PRODUCTO(PROVEEDOR_ID,PRODUCTO_ID,PRECIO_COMPRA) VALUES(3,632, 3.194923);

-- ===========PRODUCTO [633]
INSERT INTO PRODUCTO(ID,MARCA_ID,LINEA_ID,NOMBRE,PRESENTACION,CONTENIDO,UNIDADES_POR_CAJA,COSTO,COSTO_VENTA,PRECIO_BASE,UNIDAD_MEDIDA,CODIGO_BARRAS,ABREBIATURA) VALUES(633,70,17,'Alby Algodn','Plisado y Absorbente',100.0,200.0,10.850934,10.850934,15.104500,'G','7503010569015','Alby Algod Plis 100g');

INSERT INTO MOVIMIENTO_HISTORICO_PRODUCTO (ALMACEN_ID,PRODUCTO_ID,FECHA,TIPO_MOVIMIENTO_ID,CANTIDAD,COSTO,PRECIO,USUARIO_ID) VALUES(1,633,now(),30,40,10.850934,15.104500,'root');
INSERT INTO ALMACEN_PRODUCTO(ALMACEN_ID,PRODUCTO_ID,CANTIDAD_ACTUAL,PRECIO_VENTA) VALUES (1,633,40,15.104500);

INSERT INTO ALMACEN_PRODUCTO(ALMACEN_ID,PRODUCTO_ID,CANTIDAD_ACTUAL,PRECIO_VENTA) VALUES (2,633,35,9.000000);

INSERT INTO ALMACEN_PRODUCTO(ALMACEN_ID,PRODUCTO_ID,CANTIDAD_ACTUAL,PRECIO_VENTA) VALUES (3,633,40,15.500000);

INSERT INTO ALMACEN_PRODUCTO(ALMACEN_ID,PRODUCTO_ID,CANTIDAD_ACTUAL,PRECIO_VENTA) VALUES (4,633,35,9.000000);

INSERT INTO PROVEEDOR_PRODUCTO(PROVEEDOR_ID,PRODUCTO_ID,PRECIO_COMPRA) VALUES(3,633, 10.850934);

-- ===========PRODUCTO [634]
INSERT INTO PRODUCTO(ID,MARCA_ID,LINEA_ID,NOMBRE,PRESENTACION,CONTENIDO,UNIDADES_POR_CAJA,COSTO,COSTO_VENTA,PRECIO_BASE,UNIDAD_MEDIDA,CODIGO_BARRAS,ABREBIATURA) VALUES(634,70,17,'Alby Bolitas Algodn','Absorbentes',80.0,250.0,11.393678,11.393678,15.860000,'G','7503010569053','Alby Bolit Algod 80g');

INSERT INTO MOVIMIENTO_HISTORICO_PRODUCTO (ALMACEN_ID,PRODUCTO_ID,FECHA,TIPO_MOVIMIENTO_ID,CANTIDAD,COSTO,PRECIO,USUARIO_ID) VALUES(1,634,now(),30,25,11.393678,15.860000,'root');
INSERT INTO ALMACEN_PRODUCTO(ALMACEN_ID,PRODUCTO_ID,CANTIDAD_ACTUAL,PRECIO_VENTA) VALUES (1,634,25,15.860000);

INSERT INTO ALMACEN_PRODUCTO(ALMACEN_ID,PRODUCTO_ID,CANTIDAD_ACTUAL,PRECIO_VENTA) VALUES (2,634,4,9.500000);

INSERT INTO ALMACEN_PRODUCTO(ALMACEN_ID,PRODUCTO_ID,CANTIDAD_ACTUAL,PRECIO_VENTA) VALUES (3,634,25,16.900000);

INSERT INTO ALMACEN_PRODUCTO(ALMACEN_ID,PRODUCTO_ID,CANTIDAD_ACTUAL,PRECIO_VENTA) VALUES (4,634,4,9.500000);

INSERT INTO PROVEEDOR_PRODUCTO(PROVEEDOR_ID,PRODUCTO_ID,PRECIO_COMPRA) VALUES(3,634, 11.393678);

-- ===========PRODUCTO [635]
INSERT INTO PRODUCTO(ID,MARCA_ID,LINEA_ID,NOMBRE,PRESENTACION,CONTENIDO,UNIDADES_POR_CAJA,COSTO,COSTO_VENTA,PRECIO_BASE,UNIDAD_MEDIDA,CODIGO_BARRAS,ABREBIATURA) VALUES(635,70,17,'Alby Algodn','Plisado y Absorbente',50.0,360.0,5.907807,5.907807,8.223667,'G','7503010569008','Alby Algod Plis 50g');

INSERT INTO MOVIMIENTO_HISTORICO_PRODUCTO (ALMACEN_ID,PRODUCTO_ID,FECHA,TIPO_MOVIMIENTO_ID,CANTIDAD,COSTO,PRECIO,USUARIO_ID) VALUES(1,635,now(),30,30,5.907807,8.223667,'root');
INSERT INTO ALMACEN_PRODUCTO(ALMACEN_ID,PRODUCTO_ID,CANTIDAD_ACTUAL,PRECIO_VENTA) VALUES (1,635,30,8.223667);

INSERT INTO ALMACEN_PRODUCTO(ALMACEN_ID,PRODUCTO_ID,CANTIDAD_ACTUAL,PRECIO_VENTA) VALUES (2,635,1,5.000000);

INSERT INTO ALMACEN_PRODUCTO(ALMACEN_ID,PRODUCTO_ID,CANTIDAD_ACTUAL,PRECIO_VENTA) VALUES (3,635,30,8.500000);

INSERT INTO ALMACEN_PRODUCTO(ALMACEN_ID,PRODUCTO_ID,CANTIDAD_ACTUAL,PRECIO_VENTA) VALUES (4,635,1,5.000000);

INSERT INTO PROVEEDOR_PRODUCTO(PROVEEDOR_ID,PRODUCTO_ID,PRECIO_COMPRA) VALUES(3,635, 5.907807);

-- ===========PRODUCTO [636]
INSERT INTO PRODUCTO(ID,MARCA_ID,LINEA_ID,NOMBRE,PRESENTACION,CONTENIDO,UNIDADES_POR_CAJA,COSTO,COSTO_VENTA,PRECIO_BASE,UNIDAD_MEDIDA,CODIGO_BARRAS,ABREBIATURA) VALUES(636,35,11,'Colgate Pasta Dental','Maxima Proteccion Anticaries',22.0,144.0,2.938218,2.938218,4.090000,'ML','7509546039152','Colgte Max Prot A 22ml');

INSERT INTO MOVIMIENTO_HISTORICO_PRODUCTO (ALMACEN_ID,PRODUCTO_ID,FECHA,TIPO_MOVIMIENTO_ID,CANTIDAD,COSTO,PRECIO,USUARIO_ID) VALUES(1,636,now(),30,144,2.938218,4.090000,'root');
INSERT INTO ALMACEN_PRODUCTO(ALMACEN_ID,PRODUCTO_ID,CANTIDAD_ACTUAL,PRECIO_VENTA) VALUES (1,636,144,4.090000);

INSERT INTO ALMACEN_PRODUCTO(ALMACEN_ID,PRODUCTO_ID,CANTIDAD_ACTUAL,PRECIO_VENTA) VALUES (2,636,3,0.000000);

INSERT INTO ALMACEN_PRODUCTO(ALMACEN_ID,PRODUCTO_ID,CANTIDAD_ACTUAL,PRECIO_VENTA) VALUES (3,636,144,3.900000);

INSERT INTO ALMACEN_PRODUCTO(ALMACEN_ID,PRODUCTO_ID,CANTIDAD_ACTUAL,PRECIO_VENTA) VALUES (4,636,3,0.000000);

INSERT INTO PROVEEDOR_PRODUCTO(PROVEEDOR_ID,PRODUCTO_ID,PRECIO_COMPRA) VALUES(6,636, 2.938218);

-- ===========PRODUCTO [637]
INSERT INTO PRODUCTO(ID,MARCA_ID,LINEA_ID,NOMBRE,PRESENTACION,CONTENIDO,UNIDADES_POR_CAJA,COSTO,COSTO_VENTA,PRECIO_BASE,UNIDAD_MEDIDA,CODIGO_BARRAS,ABREBIATURA) VALUES(637,36,14,'Caprice Shampoo','Extracto de Perla',220.0,15.0,7.923851,7.923851,11.030000,'ML','7509546030074','Capric Sh Perla 220ml');

INSERT INTO MOVIMIENTO_HISTORICO_PRODUCTO (ALMACEN_ID,PRODUCTO_ID,FECHA,TIPO_MOVIMIENTO_ID,CANTIDAD,COSTO,PRECIO,USUARIO_ID) VALUES(1,637,now(),30,15,7.923851,11.030000,'root');
INSERT INTO ALMACEN_PRODUCTO(ALMACEN_ID,PRODUCTO_ID,CANTIDAD_ACTUAL,PRECIO_VENTA) VALUES (1,637,15,11.030000);

INSERT INTO ALMACEN_PRODUCTO(ALMACEN_ID,PRODUCTO_ID,CANTIDAD_ACTUAL,PRECIO_VENTA) VALUES (2,637,3,0.000000);

INSERT INTO ALMACEN_PRODUCTO(ALMACEN_ID,PRODUCTO_ID,CANTIDAD_ACTUAL,PRECIO_VENTA) VALUES (3,637,15,9.900000);

INSERT INTO ALMACEN_PRODUCTO(ALMACEN_ID,PRODUCTO_ID,CANTIDAD_ACTUAL,PRECIO_VENTA) VALUES (4,637,3,0.000000);

INSERT INTO PROVEEDOR_PRODUCTO(PROVEEDOR_ID,PRODUCTO_ID,PRECIO_COMPRA) VALUES(6,637, 7.923851);

-- ===========PRODUCTO [638]
INSERT INTO PRODUCTO(ID,MARCA_ID,LINEA_ID,NOMBRE,PRESENTACION,CONTENIDO,UNIDADES_POR_CAJA,COSTO,COSTO_VENTA,PRECIO_BASE,UNIDAD_MEDIDA,CODIGO_BARRAS,ABREBIATURA) VALUES(638,36,14,'Caprice Shampoo','Extracto de Mamey y Silicona',220.0,15.0,7.923851,7.923851,11.030000,'ML','7509546026824','Capric Sh Mamey 220ml');

INSERT INTO MOVIMIENTO_HISTORICO_PRODUCTO (ALMACEN_ID,PRODUCTO_ID,FECHA,TIPO_MOVIMIENTO_ID,CANTIDAD,COSTO,PRECIO,USUARIO_ID) VALUES(1,638,now(),30,15,7.923851,11.030000,'root');
INSERT INTO ALMACEN_PRODUCTO(ALMACEN_ID,PRODUCTO_ID,CANTIDAD_ACTUAL,PRECIO_VENTA) VALUES (1,638,15,11.030000);

INSERT INTO ALMACEN_PRODUCTO(ALMACEN_ID,PRODUCTO_ID,CANTIDAD_ACTUAL,PRECIO_VENTA) VALUES (2,638,0,0.000000);

INSERT INTO ALMACEN_PRODUCTO(ALMACEN_ID,PRODUCTO_ID,CANTIDAD_ACTUAL,PRECIO_VENTA) VALUES (3,638,15,9.900000);

INSERT INTO ALMACEN_PRODUCTO(ALMACEN_ID,PRODUCTO_ID,CANTIDAD_ACTUAL,PRECIO_VENTA) VALUES (4,638,0,0.000000);

INSERT INTO PROVEEDOR_PRODUCTO(PROVEEDOR_ID,PRODUCTO_ID,PRECIO_COMPRA) VALUES(6,638, 7.923851);

-- ===========PRODUCTO [639]
INSERT INTO PRODUCTO(ID,MARCA_ID,LINEA_ID,NOMBRE,PRESENTACION,CONTENIDO,UNIDADES_POR_CAJA,COSTO,COSTO_VENTA,PRECIO_BASE,UNIDAD_MEDIDA,CODIGO_BARRAS,ABREBIATURA) VALUES(639,36,14,'Caprice Shampoo','Herbal',220.0,15.0,7.923851,7.923851,11.030000,'ml','7509546027036','Capric Sh Herbal 220ml');

INSERT INTO MOVIMIENTO_HISTORICO_PRODUCTO (ALMACEN_ID,PRODUCTO_ID,FECHA,TIPO_MOVIMIENTO_ID,CANTIDAD,COSTO,PRECIO,USUARIO_ID) VALUES(1,639,now(),30,15,7.923851,11.030000,'root');
INSERT INTO ALMACEN_PRODUCTO(ALMACEN_ID,PRODUCTO_ID,CANTIDAD_ACTUAL,PRECIO_VENTA) VALUES (1,639,15,11.030000);

INSERT INTO ALMACEN_PRODUCTO(ALMACEN_ID,PRODUCTO_ID,CANTIDAD_ACTUAL,PRECIO_VENTA) VALUES (2,639,0,0.000000);

INSERT INTO ALMACEN_PRODUCTO(ALMACEN_ID,PRODUCTO_ID,CANTIDAD_ACTUAL,PRECIO_VENTA) VALUES (3,639,15,9.900000);

INSERT INTO ALMACEN_PRODUCTO(ALMACEN_ID,PRODUCTO_ID,CANTIDAD_ACTUAL,PRECIO_VENTA) VALUES (4,639,0,0.000000);

INSERT INTO PROVEEDOR_PRODUCTO(PROVEEDOR_ID,PRODUCTO_ID,PRECIO_COMPRA) VALUES(6,639, 7.923851);

-- ===========PRODUCTO [640]
INSERT INTO PRODUCTO(ID,MARCA_ID,LINEA_ID,NOMBRE,PRESENTACION,CONTENIDO,UNIDADES_POR_CAJA,COSTO,COSTO_VENTA,PRECIO_BASE,UNIDAD_MEDIDA,CODIGO_BARRAS,ABREBIATURA) VALUES(640,36,14,'Caprice Shampoo','Extracto de Manzana',220.0,15.0,7.923851,7.923851,11.030000,'ML','7509546027630','Capric Sh Mzna 220ml');

INSERT INTO MOVIMIENTO_HISTORICO_PRODUCTO (ALMACEN_ID,PRODUCTO_ID,FECHA,TIPO_MOVIMIENTO_ID,CANTIDAD,COSTO,PRECIO,USUARIO_ID) VALUES(1,640,now(),30,15,7.923851,11.030000,'root');
INSERT INTO ALMACEN_PRODUCTO(ALMACEN_ID,PRODUCTO_ID,CANTIDAD_ACTUAL,PRECIO_VENTA) VALUES (1,640,15,11.030000);

INSERT INTO ALMACEN_PRODUCTO(ALMACEN_ID,PRODUCTO_ID,CANTIDAD_ACTUAL,PRECIO_VENTA) VALUES (2,640,0,0.000000);

INSERT INTO ALMACEN_PRODUCTO(ALMACEN_ID,PRODUCTO_ID,CANTIDAD_ACTUAL,PRECIO_VENTA) VALUES (3,640,15,9.900000);

INSERT INTO ALMACEN_PRODUCTO(ALMACEN_ID,PRODUCTO_ID,CANTIDAD_ACTUAL,PRECIO_VENTA) VALUES (4,640,0,0.000000);

INSERT INTO PROVEEDOR_PRODUCTO(PROVEEDOR_ID,PRODUCTO_ID,PRECIO_COMPRA) VALUES(6,640, 7.923851);

-- ===========PRODUCTO [641]
INSERT INTO PRODUCTO(ID,MARCA_ID,LINEA_ID,NOMBRE,PRESENTACION,CONTENIDO,UNIDADES_POR_CAJA,COSTO,COSTO_VENTA,PRECIO_BASE,UNIDAD_MEDIDA,CODIGO_BARRAS,ABREBIATURA) VALUES(641,36,14,'Caprice Shampoo','Extractos Citricos',220.0,15.0,7.923851,7.923851,11.030000,'ML','7509546036069','Capric Sh Citric 220ml');

INSERT INTO MOVIMIENTO_HISTORICO_PRODUCTO (ALMACEN_ID,PRODUCTO_ID,FECHA,TIPO_MOVIMIENTO_ID,CANTIDAD,COSTO,PRECIO,USUARIO_ID) VALUES(1,641,now(),30,15,7.923851,11.030000,'root');
INSERT INTO ALMACEN_PRODUCTO(ALMACEN_ID,PRODUCTO_ID,CANTIDAD_ACTUAL,PRECIO_VENTA) VALUES (1,641,15,11.030000);

INSERT INTO ALMACEN_PRODUCTO(ALMACEN_ID,PRODUCTO_ID,CANTIDAD_ACTUAL,PRECIO_VENTA) VALUES (2,641,0,0.000000);

INSERT INTO ALMACEN_PRODUCTO(ALMACEN_ID,PRODUCTO_ID,CANTIDAD_ACTUAL,PRECIO_VENTA) VALUES (3,641,15,9.900000);

INSERT INTO ALMACEN_PRODUCTO(ALMACEN_ID,PRODUCTO_ID,CANTIDAD_ACTUAL,PRECIO_VENTA) VALUES (4,641,0,0.000000);

INSERT INTO PROVEEDOR_PRODUCTO(PROVEEDOR_ID,PRODUCTO_ID,PRECIO_COMPRA) VALUES(6,641, 7.923851);

-- ===========PRODUCTO [642]
INSERT INTO PRODUCTO(ID,MARCA_ID,LINEA_ID,NOMBRE,PRESENTACION,CONTENIDO,UNIDADES_POR_CAJA,COSTO,COSTO_VENTA,PRECIO_BASE,UNIDAD_MEDIDA,CODIGO_BARRAS,ABREBIATURA) VALUES(642,27,9,'Vel Rosita Shampoo Ropa','Baby',1.0,12.0,0.000000,0.000000,0.000000,'Lt','7509546013879','Vel Rosit Baby 1 Lto');

INSERT INTO MOVIMIENTO_HISTORICO_PRODUCTO (ALMACEN_ID,PRODUCTO_ID,FECHA,TIPO_MOVIMIENTO_ID,CANTIDAD,COSTO,PRECIO,USUARIO_ID) VALUES(1,642,now(),30,12,0.000000,0.000000,'root');
INSERT INTO ALMACEN_PRODUCTO(ALMACEN_ID,PRODUCTO_ID,CANTIDAD_ACTUAL,PRECIO_VENTA) VALUES (1,642,12,0.000000);

INSERT INTO ALMACEN_PRODUCTO(ALMACEN_ID,PRODUCTO_ID,CANTIDAD_ACTUAL,PRECIO_VENTA) VALUES (2,642,0,0.000000);

INSERT INTO ALMACEN_PRODUCTO(ALMACEN_ID,PRODUCTO_ID,CANTIDAD_ACTUAL,PRECIO_VENTA) VALUES (3,642,12,29.900000);

INSERT INTO ALMACEN_PRODUCTO(ALMACEN_ID,PRODUCTO_ID,CANTIDAD_ACTUAL,PRECIO_VENTA) VALUES (4,642,0,0.000000);

INSERT INTO PROVEEDOR_PRODUCTO(PROVEEDOR_ID,PRODUCTO_ID,PRECIO_COMPRA) VALUES(6,642, 0.000000);

-- ===========PRODUCTO [643]
INSERT INTO PRODUCTO(ID,MARCA_ID,LINEA_ID,NOMBRE,PRESENTACION,CONTENIDO,UNIDADES_POR_CAJA,COSTO,COSTO_VENTA,PRECIO_BASE,UNIDAD_MEDIDA,CODIGO_BARRAS,ABREBIATURA) VALUES(643,68,9,'Suavitel Liquido','Super Mam',1.0,12.0,0.000000,0.000000,0.000000,'Lt','7509546056524','Suavit Super Mama 1Lt');

INSERT INTO MOVIMIENTO_HISTORICO_PRODUCTO (ALMACEN_ID,PRODUCTO_ID,FECHA,TIPO_MOVIMIENTO_ID,CANTIDAD,COSTO,PRECIO,USUARIO_ID) VALUES(1,643,now(),30,12,0.000000,0.000000,'root');
INSERT INTO ALMACEN_PRODUCTO(ALMACEN_ID,PRODUCTO_ID,CANTIDAD_ACTUAL,PRECIO_VENTA) VALUES (1,643,12,0.000000);

INSERT INTO ALMACEN_PRODUCTO(ALMACEN_ID,PRODUCTO_ID,CANTIDAD_ACTUAL,PRECIO_VENTA) VALUES (2,643,1,0.000000);

INSERT INTO ALMACEN_PRODUCTO(ALMACEN_ID,PRODUCTO_ID,CANTIDAD_ACTUAL,PRECIO_VENTA) VALUES (3,643,12,17.500000);

INSERT INTO ALMACEN_PRODUCTO(ALMACEN_ID,PRODUCTO_ID,CANTIDAD_ACTUAL,PRECIO_VENTA) VALUES (4,643,1,0.000000);

INSERT INTO PROVEEDOR_PRODUCTO(PROVEEDOR_ID,PRODUCTO_ID,PRECIO_COMPRA) VALUES(6,643, 0.000000);

-- ===========PRODUCTO [644]
INSERT INTO PRODUCTO(ID,MARCA_ID,LINEA_ID,NOMBRE,PRESENTACION,CONTENIDO,UNIDADES_POR_CAJA,COSTO,COSTO_VENTA,PRECIO_BASE,UNIDAD_MEDIDA,CODIGO_BARRAS,ABREBIATURA) VALUES(644,46,4,'Dove Rollon Dama','Invisible Dry',50.0,12.0,13.969073,13.969073,19.444950,'ML','78924529','Dove R-o Invisib 50ml');

INSERT INTO MOVIMIENTO_HISTORICO_PRODUCTO (ALMACEN_ID,PRODUCTO_ID,FECHA,TIPO_MOVIMIENTO_ID,CANTIDAD,COSTO,PRECIO,USUARIO_ID) VALUES(1,644,now(),30,12,13.969073,19.444950,'root');
INSERT INTO ALMACEN_PRODUCTO(ALMACEN_ID,PRODUCTO_ID,CANTIDAD_ACTUAL,PRECIO_VENTA) VALUES (1,644,12,19.444950);

INSERT INTO ALMACEN_PRODUCTO(ALMACEN_ID,PRODUCTO_ID,CANTIDAD_ACTUAL,PRECIO_VENTA) VALUES (2,644,0,0.000000);

INSERT INTO ALMACEN_PRODUCTO(ALMACEN_ID,PRODUCTO_ID,CANTIDAD_ACTUAL,PRECIO_VENTA) VALUES (3,644,12,18.900000);

INSERT INTO ALMACEN_PRODUCTO(ALMACEN_ID,PRODUCTO_ID,CANTIDAD_ACTUAL,PRECIO_VENTA) VALUES (4,644,0,0.000000);

INSERT INTO PROVEEDOR_PRODUCTO(PROVEEDOR_ID,PRODUCTO_ID,PRECIO_COMPRA) VALUES(25,644, 13.969073);

-- ===========PRODUCTO [645]
INSERT INTO PRODUCTO(ID,MARCA_ID,LINEA_ID,NOMBRE,PRESENTACION,CONTENIDO,UNIDADES_POR_CAJA,COSTO,COSTO_VENTA,PRECIO_BASE,UNIDAD_MEDIDA,CODIGO_BARRAS,ABREBIATURA) VALUES(645,19,4,'Rexona Rollon Dama','Active Emotion',50.0,12.0,13.969073,13.969073,19.444950,'ML','78926523','Rexona R-o Emot 50ml');

INSERT INTO MOVIMIENTO_HISTORICO_PRODUCTO (ALMACEN_ID,PRODUCTO_ID,FECHA,TIPO_MOVIMIENTO_ID,CANTIDAD,COSTO,PRECIO,USUARIO_ID) VALUES(1,645,now(),30,12,13.969073,19.444950,'root');
INSERT INTO ALMACEN_PRODUCTO(ALMACEN_ID,PRODUCTO_ID,CANTIDAD_ACTUAL,PRECIO_VENTA) VALUES (1,645,12,19.444950);

INSERT INTO ALMACEN_PRODUCTO(ALMACEN_ID,PRODUCTO_ID,CANTIDAD_ACTUAL,PRECIO_VENTA) VALUES (2,645,0,0.000000);

INSERT INTO ALMACEN_PRODUCTO(ALMACEN_ID,PRODUCTO_ID,CANTIDAD_ACTUAL,PRECIO_VENTA) VALUES (3,645,12,15.900000);

INSERT INTO ALMACEN_PRODUCTO(ALMACEN_ID,PRODUCTO_ID,CANTIDAD_ACTUAL,PRECIO_VENTA) VALUES (4,645,0,0.000000);

INSERT INTO PROVEEDOR_PRODUCTO(PROVEEDOR_ID,PRODUCTO_ID,PRECIO_COMPRA) VALUES(25,645, 13.969073);

-- ===========PRODUCTO [646]
INSERT INTO PRODUCTO(ID,MARCA_ID,LINEA_ID,NOMBRE,PRESENTACION,CONTENIDO,UNIDADES_POR_CAJA,COSTO,COSTO_VENTA,PRECIO_BASE,UNIDAD_MEDIDA,CODIGO_BARRAS,ABREBIATURA) VALUES(646,19,4,'Rexona Rollon Dama','Calming',50.0,12.0,13.969073,13.969073,19.444950,'ML','78923348','Rexona R-o Calmi 50ml');

INSERT INTO MOVIMIENTO_HISTORICO_PRODUCTO (ALMACEN_ID,PRODUCTO_ID,FECHA,TIPO_MOVIMIENTO_ID,CANTIDAD,COSTO,PRECIO,USUARIO_ID) VALUES(1,646,now(),30,12,13.969073,19.444950,'root');
INSERT INTO ALMACEN_PRODUCTO(ALMACEN_ID,PRODUCTO_ID,CANTIDAD_ACTUAL,PRECIO_VENTA) VALUES (1,646,12,19.444950);

INSERT INTO ALMACEN_PRODUCTO(ALMACEN_ID,PRODUCTO_ID,CANTIDAD_ACTUAL,PRECIO_VENTA) VALUES (2,646,0,0.000000);

INSERT INTO ALMACEN_PRODUCTO(ALMACEN_ID,PRODUCTO_ID,CANTIDAD_ACTUAL,PRECIO_VENTA) VALUES (3,646,12,15.900000);

INSERT INTO ALMACEN_PRODUCTO(ALMACEN_ID,PRODUCTO_ID,CANTIDAD_ACTUAL,PRECIO_VENTA) VALUES (4,646,0,0.000000);

INSERT INTO PROVEEDOR_PRODUCTO(PROVEEDOR_ID,PRODUCTO_ID,PRECIO_COMPRA) VALUES(25,646, 13.969073);

-- ===========PRODUCTO [647]
INSERT INTO PRODUCTO(ID,MARCA_ID,LINEA_ID,NOMBRE,PRESENTACION,CONTENIDO,UNIDADES_POR_CAJA,COSTO,COSTO_VENTA,PRECIO_BASE,UNIDAD_MEDIDA,CODIGO_BARRAS,ABREBIATURA) VALUES(647,19,4,'Rexona Rollon Dama','Powder',50.0,12.0,13.969073,13.969073,19.444950,'ML','78924338','Rexona R-o Powd 50ml');

INSERT INTO MOVIMIENTO_HISTORICO_PRODUCTO (ALMACEN_ID,PRODUCTO_ID,FECHA,TIPO_MOVIMIENTO_ID,CANTIDAD,COSTO,PRECIO,USUARIO_ID) VALUES(1,647,now(),30,12,13.969073,19.444950,'root');
INSERT INTO ALMACEN_PRODUCTO(ALMACEN_ID,PRODUCTO_ID,CANTIDAD_ACTUAL,PRECIO_VENTA) VALUES (1,647,12,19.444950);

INSERT INTO ALMACEN_PRODUCTO(ALMACEN_ID,PRODUCTO_ID,CANTIDAD_ACTUAL,PRECIO_VENTA) VALUES (2,647,0,0.000000);

INSERT INTO ALMACEN_PRODUCTO(ALMACEN_ID,PRODUCTO_ID,CANTIDAD_ACTUAL,PRECIO_VENTA) VALUES (3,647,12,15.900000);

INSERT INTO ALMACEN_PRODUCTO(ALMACEN_ID,PRODUCTO_ID,CANTIDAD_ACTUAL,PRECIO_VENTA) VALUES (4,647,0,0.000000);

INSERT INTO PROVEEDOR_PRODUCTO(PROVEEDOR_ID,PRODUCTO_ID,PRECIO_COMPRA) VALUES(25,647, 13.969073);

-- ===========PRODUCTO [648]
INSERT INTO PRODUCTO(ID,MARCA_ID,LINEA_ID,NOMBRE,PRESENTACION,CONTENIDO,UNIDADES_POR_CAJA,COSTO,COSTO_VENTA,PRECIO_BASE,UNIDAD_MEDIDA,CODIGO_BARRAS,ABREBIATURA) VALUES(648,44,4,'Axe Rollon Caballero','Sensitive Seco',50.0,12.0,13.969073,13.969073,19.444950,'ML','75030537','Axe R-o Sstive Sec 50');

INSERT INTO MOVIMIENTO_HISTORICO_PRODUCTO (ALMACEN_ID,PRODUCTO_ID,FECHA,TIPO_MOVIMIENTO_ID,CANTIDAD,COSTO,PRECIO,USUARIO_ID) VALUES(1,648,now(),30,12,13.969073,19.444950,'root');
INSERT INTO ALMACEN_PRODUCTO(ALMACEN_ID,PRODUCTO_ID,CANTIDAD_ACTUAL,PRECIO_VENTA) VALUES (1,648,12,19.444950);

INSERT INTO ALMACEN_PRODUCTO(ALMACEN_ID,PRODUCTO_ID,CANTIDAD_ACTUAL,PRECIO_VENTA) VALUES (2,648,0,0.000000);

INSERT INTO ALMACEN_PRODUCTO(ALMACEN_ID,PRODUCTO_ID,CANTIDAD_ACTUAL,PRECIO_VENTA) VALUES (3,648,12,15.900000);

INSERT INTO ALMACEN_PRODUCTO(ALMACEN_ID,PRODUCTO_ID,CANTIDAD_ACTUAL,PRECIO_VENTA) VALUES (4,648,0,0.000000);

INSERT INTO PROVEEDOR_PRODUCTO(PROVEEDOR_ID,PRODUCTO_ID,PRECIO_COMPRA) VALUES(25,648, 13.969073);

-- ===========PRODUCTO [649]
INSERT INTO PRODUCTO(ID,MARCA_ID,LINEA_ID,NOMBRE,PRESENTACION,CONTENIDO,UNIDADES_POR_CAJA,COSTO,COSTO_VENTA,PRECIO_BASE,UNIDAD_MEDIDA,CODIGO_BARRAS,ABREBIATURA) VALUES(649,44,4,'Axe Rollon Caballero','Dark Temptation',50.0,12.0,13.969073,13.969073,19.444950,'ML','78924574','Axe R-o Dark Temp 50');

INSERT INTO MOVIMIENTO_HISTORICO_PRODUCTO (ALMACEN_ID,PRODUCTO_ID,FECHA,TIPO_MOVIMIENTO_ID,CANTIDAD,COSTO,PRECIO,USUARIO_ID) VALUES(1,649,now(),30,12,13.969073,19.444950,'root');
INSERT INTO ALMACEN_PRODUCTO(ALMACEN_ID,PRODUCTO_ID,CANTIDAD_ACTUAL,PRECIO_VENTA) VALUES (1,649,12,19.444950);

INSERT INTO ALMACEN_PRODUCTO(ALMACEN_ID,PRODUCTO_ID,CANTIDAD_ACTUAL,PRECIO_VENTA) VALUES (2,649,0,0.000000);

INSERT INTO ALMACEN_PRODUCTO(ALMACEN_ID,PRODUCTO_ID,CANTIDAD_ACTUAL,PRECIO_VENTA) VALUES (3,649,12,15.900000);

INSERT INTO ALMACEN_PRODUCTO(ALMACEN_ID,PRODUCTO_ID,CANTIDAD_ACTUAL,PRECIO_VENTA) VALUES (4,649,0,0.000000);

INSERT INTO PROVEEDOR_PRODUCTO(PROVEEDOR_ID,PRODUCTO_ID,PRECIO_COMPRA) VALUES(25,649, 13.969073);

-- ===========PRODUCTO [650]
INSERT INTO PRODUCTO(ID,MARCA_ID,LINEA_ID,NOMBRE,PRESENTACION,CONTENIDO,UNIDADES_POR_CAJA,COSTO,COSTO_VENTA,PRECIO_BASE,UNIDAD_MEDIDA,CODIGO_BARRAS,ABREBIATURA) VALUES(650,44,4,'Axe Rollon Caballero','Instinct',50.0,12.0,13.969073,13.969073,19.444950,'ML','78925526','Axe R-o Instinct 50g');

INSERT INTO MOVIMIENTO_HISTORICO_PRODUCTO (ALMACEN_ID,PRODUCTO_ID,FECHA,TIPO_MOVIMIENTO_ID,CANTIDAD,COSTO,PRECIO,USUARIO_ID) VALUES(1,650,now(),30,12,13.969073,19.444950,'root');
INSERT INTO ALMACEN_PRODUCTO(ALMACEN_ID,PRODUCTO_ID,CANTIDAD_ACTUAL,PRECIO_VENTA) VALUES (1,650,12,19.444950);

INSERT INTO ALMACEN_PRODUCTO(ALMACEN_ID,PRODUCTO_ID,CANTIDAD_ACTUAL,PRECIO_VENTA) VALUES (2,650,0,0.000000);

INSERT INTO ALMACEN_PRODUCTO(ALMACEN_ID,PRODUCTO_ID,CANTIDAD_ACTUAL,PRECIO_VENTA) VALUES (3,650,12,15.900000);

INSERT INTO ALMACEN_PRODUCTO(ALMACEN_ID,PRODUCTO_ID,CANTIDAD_ACTUAL,PRECIO_VENTA) VALUES (4,650,0,0.000000);

INSERT INTO PROVEEDOR_PRODUCTO(PROVEEDOR_ID,PRODUCTO_ID,PRECIO_COMPRA) VALUES(25,650, 13.969073);

-- ===========PRODUCTO [651]
INSERT INTO PRODUCTO(ID,MARCA_ID,LINEA_ID,NOMBRE,PRESENTACION,CONTENIDO,UNIDADES_POR_CAJA,COSTO,COSTO_VENTA,PRECIO_BASE,UNIDAD_MEDIDA,CODIGO_BARRAS,ABREBIATURA) VALUES(651,44,4,'Axe Rollon Caballero','Twist',50.0,12.0,13.969073,13.969073,19.444950,'ML','75038618','Axe R-o Twist 50g');

INSERT INTO MOVIMIENTO_HISTORICO_PRODUCTO (ALMACEN_ID,PRODUCTO_ID,FECHA,TIPO_MOVIMIENTO_ID,CANTIDAD,COSTO,PRECIO,USUARIO_ID) VALUES(1,651,now(),30,12,13.969073,19.444950,'root');
INSERT INTO ALMACEN_PRODUCTO(ALMACEN_ID,PRODUCTO_ID,CANTIDAD_ACTUAL,PRECIO_VENTA) VALUES (1,651,12,19.444950);

INSERT INTO ALMACEN_PRODUCTO(ALMACEN_ID,PRODUCTO_ID,CANTIDAD_ACTUAL,PRECIO_VENTA) VALUES (2,651,0,0.000000);

INSERT INTO ALMACEN_PRODUCTO(ALMACEN_ID,PRODUCTO_ID,CANTIDAD_ACTUAL,PRECIO_VENTA) VALUES (3,651,12,15.900000);

INSERT INTO ALMACEN_PRODUCTO(ALMACEN_ID,PRODUCTO_ID,CANTIDAD_ACTUAL,PRECIO_VENTA) VALUES (4,651,0,0.000000);

INSERT INTO PROVEEDOR_PRODUCTO(PROVEEDOR_ID,PRODUCTO_ID,PRECIO_COMPRA) VALUES(25,651, 13.969073);

-- ===========PRODUCTO [652]
INSERT INTO PRODUCTO(ID,MARCA_ID,LINEA_ID,NOMBRE,PRESENTACION,CONTENIDO,UNIDADES_POR_CAJA,COSTO,COSTO_VENTA,PRECIO_BASE,UNIDAD_MEDIDA,CODIGO_BARRAS,ABREBIATURA) VALUES(652,46,4,'Dove Stick Dama','Go Fresh Limon',50.0,12.0,19.331573,19.331573,26.909550,'G','75027957','Dove Bar Go Frsh 50g');

INSERT INTO MOVIMIENTO_HISTORICO_PRODUCTO (ALMACEN_ID,PRODUCTO_ID,FECHA,TIPO_MOVIMIENTO_ID,CANTIDAD,COSTO,PRECIO,USUARIO_ID) VALUES(1,652,now(),30,12,19.331573,26.909550,'root');
INSERT INTO ALMACEN_PRODUCTO(ALMACEN_ID,PRODUCTO_ID,CANTIDAD_ACTUAL,PRECIO_VENTA) VALUES (1,652,12,26.909550);

INSERT INTO ALMACEN_PRODUCTO(ALMACEN_ID,PRODUCTO_ID,CANTIDAD_ACTUAL,PRECIO_VENTA) VALUES (2,652,0,0.000000);

INSERT INTO ALMACEN_PRODUCTO(ALMACEN_ID,PRODUCTO_ID,CANTIDAD_ACTUAL,PRECIO_VENTA) VALUES (3,652,12,26.910000);

INSERT INTO ALMACEN_PRODUCTO(ALMACEN_ID,PRODUCTO_ID,CANTIDAD_ACTUAL,PRECIO_VENTA) VALUES (4,652,0,0.000000);

INSERT INTO PROVEEDOR_PRODUCTO(PROVEEDOR_ID,PRODUCTO_ID,PRECIO_COMPRA) VALUES(25,652, 19.331573);

-- ===========PRODUCTO [653]
INSERT INTO PRODUCTO(ID,MARCA_ID,LINEA_ID,NOMBRE,PRESENTACION,CONTENIDO,UNIDADES_POR_CAJA,COSTO,COSTO_VENTA,PRECIO_BASE,UNIDAD_MEDIDA,CODIGO_BARRAS,ABREBIATURA) VALUES(653,44,4,'Axe Stick Caballero','Instinct',50.0,12.0,18.686853,18.686853,26.012100,'G','75028718','Axe Stick Instinc 50g');

INSERT INTO MOVIMIENTO_HISTORICO_PRODUCTO (ALMACEN_ID,PRODUCTO_ID,FECHA,TIPO_MOVIMIENTO_ID,CANTIDAD,COSTO,PRECIO,USUARIO_ID) VALUES(1,653,now(),30,12,18.686853,26.012100,'root');
INSERT INTO ALMACEN_PRODUCTO(ALMACEN_ID,PRODUCTO_ID,CANTIDAD_ACTUAL,PRECIO_VENTA) VALUES (1,653,12,26.012100);

INSERT INTO ALMACEN_PRODUCTO(ALMACEN_ID,PRODUCTO_ID,CANTIDAD_ACTUAL,PRECIO_VENTA) VALUES (2,653,1,0.000000);

INSERT INTO ALMACEN_PRODUCTO(ALMACEN_ID,PRODUCTO_ID,CANTIDAD_ACTUAL,PRECIO_VENTA) VALUES (3,653,12,23.900000);

INSERT INTO ALMACEN_PRODUCTO(ALMACEN_ID,PRODUCTO_ID,CANTIDAD_ACTUAL,PRECIO_VENTA) VALUES (4,653,1,0.000000);

INSERT INTO PROVEEDOR_PRODUCTO(PROVEEDOR_ID,PRODUCTO_ID,PRECIO_COMPRA) VALUES(25,653, 18.686853);

-- ===========PRODUCTO [654]
INSERT INTO PRODUCTO(ID,MARCA_ID,LINEA_ID,NOMBRE,PRESENTACION,CONTENIDO,UNIDADES_POR_CAJA,COSTO,COSTO_VENTA,PRECIO_BASE,UNIDAD_MEDIDA,CODIGO_BARRAS,ABREBIATURA) VALUES(654,46,4,'Dove Stick Caballero','Clean Comfort',50.0,12.0,19.331573,19.331573,26.909550,'G','75031060','Dove Bar Clean 50g');

INSERT INTO MOVIMIENTO_HISTORICO_PRODUCTO (ALMACEN_ID,PRODUCTO_ID,FECHA,TIPO_MOVIMIENTO_ID,CANTIDAD,COSTO,PRECIO,USUARIO_ID) VALUES(1,654,now(),30,12,19.331573,26.909550,'root');
INSERT INTO ALMACEN_PRODUCTO(ALMACEN_ID,PRODUCTO_ID,CANTIDAD_ACTUAL,PRECIO_VENTA) VALUES (1,654,12,26.909550);

INSERT INTO ALMACEN_PRODUCTO(ALMACEN_ID,PRODUCTO_ID,CANTIDAD_ACTUAL,PRECIO_VENTA) VALUES (2,654,0,0.000000);

INSERT INTO ALMACEN_PRODUCTO(ALMACEN_ID,PRODUCTO_ID,CANTIDAD_ACTUAL,PRECIO_VENTA) VALUES (3,654,12,26.910000);

INSERT INTO ALMACEN_PRODUCTO(ALMACEN_ID,PRODUCTO_ID,CANTIDAD_ACTUAL,PRECIO_VENTA) VALUES (4,654,0,0.000000);

INSERT INTO PROVEEDOR_PRODUCTO(PROVEEDOR_ID,PRODUCTO_ID,PRECIO_COMPRA) VALUES(25,654, 19.331573);

-- ===========PRODUCTO [655]
INSERT INTO PRODUCTO(ID,MARCA_ID,LINEA_ID,NOMBRE,PRESENTACION,CONTENIDO,UNIDADES_POR_CAJA,COSTO,COSTO_VENTA,PRECIO_BASE,UNIDAD_MEDIDA,CODIGO_BARRAS,ABREBIATURA) VALUES(655,71,10,'Vasenol Liquida','Humectacion Total',200.0,12.0,13.386925,13.386925,18.634600,'ML','7501056339227','Vasen Humc T 200ml');

INSERT INTO MOVIMIENTO_HISTORICO_PRODUCTO (ALMACEN_ID,PRODUCTO_ID,FECHA,TIPO_MOVIMIENTO_ID,CANTIDAD,COSTO,PRECIO,USUARIO_ID) VALUES(1,655,now(),30,12,13.386925,18.634600,'root');
INSERT INTO ALMACEN_PRODUCTO(ALMACEN_ID,PRODUCTO_ID,CANTIDAD_ACTUAL,PRECIO_VENTA) VALUES (1,655,12,18.634600);

INSERT INTO ALMACEN_PRODUCTO(ALMACEN_ID,PRODUCTO_ID,CANTIDAD_ACTUAL,PRECIO_VENTA) VALUES (2,655,0,0.000000);

INSERT INTO ALMACEN_PRODUCTO(ALMACEN_ID,PRODUCTO_ID,CANTIDAD_ACTUAL,PRECIO_VENTA) VALUES (3,655,12,16.900000);

INSERT INTO ALMACEN_PRODUCTO(ALMACEN_ID,PRODUCTO_ID,CANTIDAD_ACTUAL,PRECIO_VENTA) VALUES (4,655,0,0.000000);

INSERT INTO PROVEEDOR_PRODUCTO(PROVEEDOR_ID,PRODUCTO_ID,PRECIO_COMPRA) VALUES(25,655, 13.386925);

-- ===========PRODUCTO [656]
INSERT INTO PRODUCTO(ID,MARCA_ID,LINEA_ID,NOMBRE,PRESENTACION,CONTENIDO,UNIDADES_POR_CAJA,COSTO,COSTO_VENTA,PRECIO_BASE,UNIDAD_MEDIDA,CODIGO_BARRAS,ABREBIATURA) VALUES(656,71,10,'Vasenol Liquida','Cocoa Butter',200.0,12.0,13.386925,13.386925,18.634600,'ML','7501056338800','Vasen Cocoa B 200ml');

INSERT INTO MOVIMIENTO_HISTORICO_PRODUCTO (ALMACEN_ID,PRODUCTO_ID,FECHA,TIPO_MOVIMIENTO_ID,CANTIDAD,COSTO,PRECIO,USUARIO_ID) VALUES(1,656,now(),30,12,13.386925,18.634600,'root');
INSERT INTO ALMACEN_PRODUCTO(ALMACEN_ID,PRODUCTO_ID,CANTIDAD_ACTUAL,PRECIO_VENTA) VALUES (1,656,12,18.634600);

INSERT INTO ALMACEN_PRODUCTO(ALMACEN_ID,PRODUCTO_ID,CANTIDAD_ACTUAL,PRECIO_VENTA) VALUES (2,656,0,0.000000);

INSERT INTO ALMACEN_PRODUCTO(ALMACEN_ID,PRODUCTO_ID,CANTIDAD_ACTUAL,PRECIO_VENTA) VALUES (3,656,12,16.900000);

INSERT INTO ALMACEN_PRODUCTO(ALMACEN_ID,PRODUCTO_ID,CANTIDAD_ACTUAL,PRECIO_VENTA) VALUES (4,656,0,0.000000);

INSERT INTO PROVEEDOR_PRODUCTO(PROVEEDOR_ID,PRODUCTO_ID,PRECIO_COMPRA) VALUES(25,656, 13.386925);

-- ===========PRODUCTO [657]
INSERT INTO PRODUCTO(ID,MARCA_ID,LINEA_ID,NOMBRE,PRESENTACION,CONTENIDO,UNIDADES_POR_CAJA,COSTO,COSTO_VENTA,PRECIO_BASE,UNIDAD_MEDIDA,CODIGO_BARRAS,ABREBIATURA) VALUES(657,72,18,'GP PowerCell Battery','Heavy Duty "AA"',5.0,100.0,4.988793,4.988793,6.944400,'Pz','4891199103391','Gpwc Pila "AA"');

INSERT INTO MOVIMIENTO_HISTORICO_PRODUCTO (ALMACEN_ID,PRODUCTO_ID,FECHA,TIPO_MOVIMIENTO_ID,CANTIDAD,COSTO,PRECIO,USUARIO_ID) VALUES(1,657,now(),30,0,4.988793,6.944400,'root');
INSERT INTO ALMACEN_PRODUCTO(ALMACEN_ID,PRODUCTO_ID,CANTIDAD_ACTUAL,PRECIO_VENTA) VALUES (1,657,0,6.944400);

INSERT INTO ALMACEN_PRODUCTO(ALMACEN_ID,PRODUCTO_ID,CANTIDAD_ACTUAL,PRECIO_VENTA) VALUES (2,657,0,0.000000);

INSERT INTO PROVEEDOR_PRODUCTO(PROVEEDOR_ID,PRODUCTO_ID,PRECIO_COMPRA) VALUES(15,657, 4.988793);

-- ===========PRODUCTO [658]
INSERT INTO PRODUCTO(ID,MARCA_ID,LINEA_ID,NOMBRE,PRESENTACION,CONTENIDO,UNIDADES_POR_CAJA,COSTO,COSTO_VENTA,PRECIO_BASE,UNIDAD_MEDIDA,CODIGO_BARRAS,ABREBIATURA) VALUES(658,72,18,'GP PowerCell Battery','Extra Heavy Duty "AA"',5.0,100.0,6.984483,6.984483,9.722400,'Pz','4891199061943','Gpwc Pila Extra "AA"');

INSERT INTO MOVIMIENTO_HISTORICO_PRODUCTO (ALMACEN_ID,PRODUCTO_ID,FECHA,TIPO_MOVIMIENTO_ID,CANTIDAD,COSTO,PRECIO,USUARIO_ID) VALUES(1,658,now(),30,0,6.984483,9.722400,'root');
INSERT INTO ALMACEN_PRODUCTO(ALMACEN_ID,PRODUCTO_ID,CANTIDAD_ACTUAL,PRECIO_VENTA) VALUES (1,658,0,9.722400);

INSERT INTO ALMACEN_PRODUCTO(ALMACEN_ID,PRODUCTO_ID,CANTIDAD_ACTUAL,PRECIO_VENTA) VALUES (2,658,0,0.000000);

INSERT INTO PROVEEDOR_PRODUCTO(PROVEEDOR_ID,PRODUCTO_ID,PRECIO_COMPRA) VALUES(15,658, 6.984483);

-- ===========PRODUCTO [659]
INSERT INTO PRODUCTO(ID,MARCA_ID,LINEA_ID,NOMBRE,PRESENTACION,CONTENIDO,UNIDADES_POR_CAJA,COSTO,COSTO_VENTA,PRECIO_BASE,UNIDAD_MEDIDA,CODIGO_BARRAS,ABREBIATURA) VALUES(659,72,18,'GP PowerCell Battery','Super Alkaline "AA"',10.0,100.0,40.015661,40.015661,55.701800,'Pz','4891199095436','Gpwc Pila Alcal "AA"');

INSERT INTO MOVIMIENTO_HISTORICO_PRODUCTO (ALMACEN_ID,PRODUCTO_ID,FECHA,TIPO_MOVIMIENTO_ID,CANTIDAD,COSTO,PRECIO,USUARIO_ID) VALUES(1,659,now(),30,0,40.015661,55.701800,'root');
INSERT INTO ALMACEN_PRODUCTO(ALMACEN_ID,PRODUCTO_ID,CANTIDAD_ACTUAL,PRECIO_VENTA) VALUES (1,659,0,55.701800);

INSERT INTO ALMACEN_PRODUCTO(ALMACEN_ID,PRODUCTO_ID,CANTIDAD_ACTUAL,PRECIO_VENTA) VALUES (2,659,0,0.000000);

INSERT INTO PROVEEDOR_PRODUCTO(PROVEEDOR_ID,PRODUCTO_ID,PRECIO_COMPRA) VALUES(15,659, 40.015661);

-- ===========PRODUCTO [660]
INSERT INTO PRODUCTO(ID,MARCA_ID,LINEA_ID,NOMBRE,PRESENTACION,CONTENIDO,UNIDADES_POR_CAJA,COSTO,COSTO_VENTA,PRECIO_BASE,UNIDAD_MEDIDA,CODIGO_BARRAS,ABREBIATURA) VALUES(660,72,18,'GP PowerCell Battery','Super Alkaline "AAA"',10.0,100.0,41.614296,41.614296,57.927100,'Pz','4891199095443','Gpwc Pila Alcal "AAA"');

INSERT INTO MOVIMIENTO_HISTORICO_PRODUCTO (ALMACEN_ID,PRODUCTO_ID,FECHA,TIPO_MOVIMIENTO_ID,CANTIDAD,COSTO,PRECIO,USUARIO_ID) VALUES(1,660,now(),30,0,41.614296,57.927100,'root');
INSERT INTO ALMACEN_PRODUCTO(ALMACEN_ID,PRODUCTO_ID,CANTIDAD_ACTUAL,PRECIO_VENTA) VALUES (1,660,0,57.927100);

INSERT INTO ALMACEN_PRODUCTO(ALMACEN_ID,PRODUCTO_ID,CANTIDAD_ACTUAL,PRECIO_VENTA) VALUES (2,660,0,0.000000);

INSERT INTO PROVEEDOR_PRODUCTO(PROVEEDOR_ID,PRODUCTO_ID,PRECIO_COMPRA) VALUES(15,660, 41.614296);

-- ===========PRODUCTO [662]
INSERT INTO PRODUCTO(ID,MARCA_ID,LINEA_ID,NOMBRE,PRESENTACION,CONTENIDO,UNIDADES_POR_CAJA,COSTO,COSTO_VENTA,PRECIO_BASE,UNIDAD_MEDIDA,CODIGO_BARRAS,ABREBIATURA) VALUES(662,72,18,'GP PowerCell Battery','Super Alkaline "D"',2.0,100.0,23.385776,23.385776,32.553000,'Pz','4891199000003','Gpwc Pila Alcal "D"');

INSERT INTO MOVIMIENTO_HISTORICO_PRODUCTO (ALMACEN_ID,PRODUCTO_ID,FECHA,TIPO_MOVIMIENTO_ID,CANTIDAD,COSTO,PRECIO,USUARIO_ID) VALUES(1,662,now(),30,0,23.385776,32.553000,'root');
INSERT INTO ALMACEN_PRODUCTO(ALMACEN_ID,PRODUCTO_ID,CANTIDAD_ACTUAL,PRECIO_VENTA) VALUES (1,662,0,32.553000);

INSERT INTO ALMACEN_PRODUCTO(ALMACEN_ID,PRODUCTO_ID,CANTIDAD_ACTUAL,PRECIO_VENTA) VALUES (2,662,0,0.000000);

INSERT INTO PROVEEDOR_PRODUCTO(PROVEEDOR_ID,PRODUCTO_ID,PRECIO_COMPRA) VALUES(15,662, 23.385776);

-- ===========PRODUCTO [663]
INSERT INTO PRODUCTO(ID,MARCA_ID,LINEA_ID,NOMBRE,PRESENTACION,CONTENIDO,UNIDADES_POR_CAJA,COSTO,COSTO_VENTA,PRECIO_BASE,UNIDAD_MEDIDA,CODIGO_BARRAS,ABREBIATURA) VALUES(663,69,9,'Axion Liquido','Extractos Citricos',750.0,12.0,0.000000,0.000000,0.000000,'ML','7509546048031','Axion Liq Citric 750ml');

INSERT INTO MOVIMIENTO_HISTORICO_PRODUCTO (ALMACEN_ID,PRODUCTO_ID,FECHA,TIPO_MOVIMIENTO_ID,CANTIDAD,COSTO,PRECIO,USUARIO_ID) VALUES(1,663,now(),30,12,0.000000,0.000000,'root');
INSERT INTO ALMACEN_PRODUCTO(ALMACEN_ID,PRODUCTO_ID,CANTIDAD_ACTUAL,PRECIO_VENTA) VALUES (1,663,12,0.000000);

INSERT INTO ALMACEN_PRODUCTO(ALMACEN_ID,PRODUCTO_ID,CANTIDAD_ACTUAL,PRECIO_VENTA) VALUES (2,663,0,0.000000);

INSERT INTO ALMACEN_PRODUCTO(ALMACEN_ID,PRODUCTO_ID,CANTIDAD_ACTUAL,PRECIO_VENTA) VALUES (3,663,12,19.900000);

INSERT INTO ALMACEN_PRODUCTO(ALMACEN_ID,PRODUCTO_ID,CANTIDAD_ACTUAL,PRECIO_VENTA) VALUES (4,663,0,0.000000);

INSERT INTO PROVEEDOR_PRODUCTO(PROVEEDOR_ID,PRODUCTO_ID,PRECIO_COMPRA) VALUES(6,663, 0.000000);

-- ===========PRODUCTO [664]
INSERT INTO PRODUCTO(ID,MARCA_ID,LINEA_ID,NOMBRE,PRESENTACION,CONTENIDO,UNIDADES_POR_CAJA,COSTO,COSTO_VENTA,PRECIO_BASE,UNIDAD_MEDIDA,CODIGO_BARRAS,ABREBIATURA) VALUES(664,69,9,'Axion Liquido','Mandarina',750.0,12.0,0.000000,0.000000,0.000000,'ML','7509546056296','Axion Liq Mandar 750ml');

INSERT INTO MOVIMIENTO_HISTORICO_PRODUCTO (ALMACEN_ID,PRODUCTO_ID,FECHA,TIPO_MOVIMIENTO_ID,CANTIDAD,COSTO,PRECIO,USUARIO_ID) VALUES(1,664,now(),30,12,0.000000,0.000000,'root');
INSERT INTO ALMACEN_PRODUCTO(ALMACEN_ID,PRODUCTO_ID,CANTIDAD_ACTUAL,PRECIO_VENTA) VALUES (1,664,12,0.000000);

INSERT INTO ALMACEN_PRODUCTO(ALMACEN_ID,PRODUCTO_ID,CANTIDAD_ACTUAL,PRECIO_VENTA) VALUES (2,664,0,0.000000);

INSERT INTO ALMACEN_PRODUCTO(ALMACEN_ID,PRODUCTO_ID,CANTIDAD_ACTUAL,PRECIO_VENTA) VALUES (3,664,12,19.900000);

INSERT INTO ALMACEN_PRODUCTO(ALMACEN_ID,PRODUCTO_ID,CANTIDAD_ACTUAL,PRECIO_VENTA) VALUES (4,664,0,0.000000);

INSERT INTO PROVEEDOR_PRODUCTO(PROVEEDOR_ID,PRODUCTO_ID,PRECIO_COMPRA) VALUES(6,664, 0.000000);

-- ===========PRODUCTO [665]
INSERT INTO PRODUCTO(ID,MARCA_ID,LINEA_ID,NOMBRE,PRESENTACION,CONTENIDO,UNIDADES_POR_CAJA,COSTO,COSTO_VENTA,PRECIO_BASE,UNIDAD_MEDIDA,CODIGO_BARRAS,ABREBIATURA) VALUES(665,69,9,'Axion Liquido','Vinagre Citrico',750.0,12.0,0.000000,0.000000,0.000000,'ML','7509546047515','Axion Liq Vinag 750ml');

INSERT INTO MOVIMIENTO_HISTORICO_PRODUCTO (ALMACEN_ID,PRODUCTO_ID,FECHA,TIPO_MOVIMIENTO_ID,CANTIDAD,COSTO,PRECIO,USUARIO_ID) VALUES(1,665,now(),30,12,0.000000,0.000000,'root');
INSERT INTO ALMACEN_PRODUCTO(ALMACEN_ID,PRODUCTO_ID,CANTIDAD_ACTUAL,PRECIO_VENTA) VALUES (1,665,12,0.000000);

INSERT INTO ALMACEN_PRODUCTO(ALMACEN_ID,PRODUCTO_ID,CANTIDAD_ACTUAL,PRECIO_VENTA) VALUES (2,665,0,0.000000);

INSERT INTO ALMACEN_PRODUCTO(ALMACEN_ID,PRODUCTO_ID,CANTIDAD_ACTUAL,PRECIO_VENTA) VALUES (3,665,12,19.900000);

INSERT INTO ALMACEN_PRODUCTO(ALMACEN_ID,PRODUCTO_ID,CANTIDAD_ACTUAL,PRECIO_VENTA) VALUES (4,665,0,0.000000);

INSERT INTO PROVEEDOR_PRODUCTO(PROVEEDOR_ID,PRODUCTO_ID,PRECIO_COMPRA) VALUES(6,665, 0.000000);

-- ===========PRODUCTO [666]
INSERT INTO PRODUCTO(ID,MARCA_ID,LINEA_ID,NOMBRE,PRESENTACION,CONTENIDO,UNIDADES_POR_CAJA,COSTO,COSTO_VENTA,PRECIO_BASE,UNIDAD_MEDIDA,CODIGO_BARRAS,ABREBIATURA) VALUES(666,69,9,'Axion Liquido','Aloe',750.0,12.0,0.000000,0.000000,0.000000,'ML','7509546046662','Axion Liq Aloe 750ml');

INSERT INTO MOVIMIENTO_HISTORICO_PRODUCTO (ALMACEN_ID,PRODUCTO_ID,FECHA,TIPO_MOVIMIENTO_ID,CANTIDAD,COSTO,PRECIO,USUARIO_ID) VALUES(1,666,now(),30,12,0.000000,0.000000,'root');
INSERT INTO ALMACEN_PRODUCTO(ALMACEN_ID,PRODUCTO_ID,CANTIDAD_ACTUAL,PRECIO_VENTA) VALUES (1,666,12,0.000000);

INSERT INTO ALMACEN_PRODUCTO(ALMACEN_ID,PRODUCTO_ID,CANTIDAD_ACTUAL,PRECIO_VENTA) VALUES (2,666,2,0.000000);

INSERT INTO ALMACEN_PRODUCTO(ALMACEN_ID,PRODUCTO_ID,CANTIDAD_ACTUAL,PRECIO_VENTA) VALUES (3,666,12,19.900000);

INSERT INTO ALMACEN_PRODUCTO(ALMACEN_ID,PRODUCTO_ID,CANTIDAD_ACTUAL,PRECIO_VENTA) VALUES (4,666,2,0.000000);

INSERT INTO PROVEEDOR_PRODUCTO(PROVEEDOR_ID,PRODUCTO_ID,PRECIO_COMPRA) VALUES(6,666, 0.000000);

-- ===========PRODUCTO [667]
INSERT INTO PRODUCTO(ID,MARCA_ID,LINEA_ID,NOMBRE,PRESENTACION,CONTENIDO,UNIDADES_POR_CAJA,COSTO,COSTO_VENTA,PRECIO_BASE,UNIDAD_MEDIDA,CODIGO_BARRAS,ABREBIATURA) VALUES(667,68,9,'SUAVITEL ADIOS AL PLANCHADO','FRESCA PRIMAVERA',450.0,12.0,0.000000,0.000000,0.000000,'ML','7509546044408','Suavit Primav Enj 450');

INSERT INTO MOVIMIENTO_HISTORICO_PRODUCTO (ALMACEN_ID,PRODUCTO_ID,FECHA,TIPO_MOVIMIENTO_ID,CANTIDAD,COSTO,PRECIO,USUARIO_ID) VALUES(1,667,now(),30,12,0.000000,0.000000,'root');
INSERT INTO ALMACEN_PRODUCTO(ALMACEN_ID,PRODUCTO_ID,CANTIDAD_ACTUAL,PRECIO_VENTA) VALUES (1,667,12,0.000000);

INSERT INTO ALMACEN_PRODUCTO(ALMACEN_ID,PRODUCTO_ID,CANTIDAD_ACTUAL,PRECIO_VENTA) VALUES (2,667,0,0.000000);

INSERT INTO ALMACEN_PRODUCTO(ALMACEN_ID,PRODUCTO_ID,CANTIDAD_ACTUAL,PRECIO_VENTA) VALUES (3,667,12,7.500000);

INSERT INTO ALMACEN_PRODUCTO(ALMACEN_ID,PRODUCTO_ID,CANTIDAD_ACTUAL,PRECIO_VENTA) VALUES (4,667,0,0.000000);

INSERT INTO PROVEEDOR_PRODUCTO(PROVEEDOR_ID,PRODUCTO_ID,PRECIO_COMPRA) VALUES(6,667, 0.000000);

-- ===========PRODUCTO [668]
INSERT INTO PRODUCTO(ID,MARCA_ID,LINEA_ID,NOMBRE,PRESENTACION,CONTENIDO,UNIDADES_POR_CAJA,COSTO,COSTO_VENTA,PRECIO_BASE,UNIDAD_MEDIDA,CODIGO_BARRAS,ABREBIATURA) VALUES(668,17,15,'Palmolive Tocador','Nutri Milk',130.0,96.0,0.000000,0.000000,0.000000,'G','7509546032320','Palm Jab Nutr Milk 130');

INSERT INTO MOVIMIENTO_HISTORICO_PRODUCTO (ALMACEN_ID,PRODUCTO_ID,FECHA,TIPO_MOVIMIENTO_ID,CANTIDAD,COSTO,PRECIO,USUARIO_ID) VALUES(1,668,now(),30,96,0.000000,0.000000,'root');
INSERT INTO ALMACEN_PRODUCTO(ALMACEN_ID,PRODUCTO_ID,CANTIDAD_ACTUAL,PRECIO_VENTA) VALUES (1,668,96,0.000000);

INSERT INTO ALMACEN_PRODUCTO(ALMACEN_ID,PRODUCTO_ID,CANTIDAD_ACTUAL,PRECIO_VENTA) VALUES (2,668,0,0.000000);

INSERT INTO ALMACEN_PRODUCTO(ALMACEN_ID,PRODUCTO_ID,CANTIDAD_ACTUAL,PRECIO_VENTA) VALUES (3,668,96,0.000000);

INSERT INTO ALMACEN_PRODUCTO(ALMACEN_ID,PRODUCTO_ID,CANTIDAD_ACTUAL,PRECIO_VENTA) VALUES (4,668,0,0.000000);

INSERT INTO PROVEEDOR_PRODUCTO(PROVEEDOR_ID,PRODUCTO_ID,PRECIO_COMPRA) VALUES(6,668, 0.000000);

-- ===========PRODUCTO [669]
INSERT INTO PRODUCTO(ID,MARCA_ID,LINEA_ID,NOMBRE,PRESENTACION,CONTENIDO,UNIDADES_POR_CAJA,COSTO,COSTO_VENTA,PRECIO_BASE,UNIDAD_MEDIDA,CODIGO_BARRAS,ABREBIATURA) VALUES(669,35,11,'Colgate Pasta Dental','Total Clean Mint',150.0,72.0,0.000000,0.000000,0.000000,'ML','7501035911376','Colgte Tot Clen 150ml');

INSERT INTO MOVIMIENTO_HISTORICO_PRODUCTO (ALMACEN_ID,PRODUCTO_ID,FECHA,TIPO_MOVIMIENTO_ID,CANTIDAD,COSTO,PRECIO,USUARIO_ID) VALUES(1,669,now(),30,72,0.000000,0.000000,'root');
INSERT INTO ALMACEN_PRODUCTO(ALMACEN_ID,PRODUCTO_ID,CANTIDAD_ACTUAL,PRECIO_VENTA) VALUES (1,669,72,0.000000);

INSERT INTO ALMACEN_PRODUCTO(ALMACEN_ID,PRODUCTO_ID,CANTIDAD_ACTUAL,PRECIO_VENTA) VALUES (2,669,55,12.500000);

INSERT INTO ALMACEN_PRODUCTO(ALMACEN_ID,PRODUCTO_ID,CANTIDAD_ACTUAL,PRECIO_VENTA) VALUES (3,669,72,0.000000);

INSERT INTO ALMACEN_PRODUCTO(ALMACEN_ID,PRODUCTO_ID,CANTIDAD_ACTUAL,PRECIO_VENTA) VALUES (4,669,55,12.500000);

INSERT INTO PROVEEDOR_PRODUCTO(PROVEEDOR_ID,PRODUCTO_ID,PRECIO_COMPRA) VALUES(6,669, 0.000000);

-- ===========PRODUCTO [670]
INSERT INTO PRODUCTO(ID,MARCA_ID,LINEA_ID,NOMBRE,PRESENTACION,CONTENIDO,UNIDADES_POR_CAJA,COSTO,COSTO_VENTA,PRECIO_BASE,UNIDAD_MEDIDA,CODIGO_BARRAS,ABREBIATURA) VALUES(670,35,11,'Colgate Pasta Dental','Total Clean Mint',170.0,72.0,0.000000,0.000000,0.000000,'ML','7509546049014','Colgte Tot Clen 170ml');

INSERT INTO MOVIMIENTO_HISTORICO_PRODUCTO (ALMACEN_ID,PRODUCTO_ID,FECHA,TIPO_MOVIMIENTO_ID,CANTIDAD,COSTO,PRECIO,USUARIO_ID) VALUES(1,670,now(),30,72,0.000000,0.000000,'root');
INSERT INTO ALMACEN_PRODUCTO(ALMACEN_ID,PRODUCTO_ID,CANTIDAD_ACTUAL,PRECIO_VENTA) VALUES (1,670,72,0.000000);

INSERT INTO ALMACEN_PRODUCTO(ALMACEN_ID,PRODUCTO_ID,CANTIDAD_ACTUAL,PRECIO_VENTA) VALUES (2,670,21,15.000000);

INSERT INTO ALMACEN_PRODUCTO(ALMACEN_ID,PRODUCTO_ID,CANTIDAD_ACTUAL,PRECIO_VENTA) VALUES (3,670,72,0.000000);

INSERT INTO ALMACEN_PRODUCTO(ALMACEN_ID,PRODUCTO_ID,CANTIDAD_ACTUAL,PRECIO_VENTA) VALUES (4,670,21,15.000000);

INSERT INTO PROVEEDOR_PRODUCTO(PROVEEDOR_ID,PRODUCTO_ID,PRECIO_COMPRA) VALUES(6,670, 0.000000);

-- ===========PRODUCTO [671]
INSERT INTO PRODUCTO(ID,MARCA_ID,LINEA_ID,NOMBRE,PRESENTACION,CONTENIDO,UNIDADES_POR_CAJA,COSTO,COSTO_VENTA,PRECIO_BASE,UNIDAD_MEDIDA,CODIGO_BARRAS,ABREBIATURA) VALUES(671,36,14,'Caprice Acondicionador','Nectar de Miel',400.0,12.0,0.000000,0.000000,0.000000,'ML','7509546045863','Capric Ac Nc Miel 400m');

INSERT INTO MOVIMIENTO_HISTORICO_PRODUCTO (ALMACEN_ID,PRODUCTO_ID,FECHA,TIPO_MOVIMIENTO_ID,CANTIDAD,COSTO,PRECIO,USUARIO_ID) VALUES(1,671,now(),30,12,0.000000,0.000000,'root');
INSERT INTO ALMACEN_PRODUCTO(ALMACEN_ID,PRODUCTO_ID,CANTIDAD_ACTUAL,PRECIO_VENTA) VALUES (1,671,12,0.000000);

INSERT INTO ALMACEN_PRODUCTO(ALMACEN_ID,PRODUCTO_ID,CANTIDAD_ACTUAL,PRECIO_VENTA) VALUES (2,671,0,0.000000);

INSERT INTO ALMACEN_PRODUCTO(ALMACEN_ID,PRODUCTO_ID,CANTIDAD_ACTUAL,PRECIO_VENTA) VALUES (3,671,12,12.900000);

INSERT INTO ALMACEN_PRODUCTO(ALMACEN_ID,PRODUCTO_ID,CANTIDAD_ACTUAL,PRECIO_VENTA) VALUES (4,671,0,0.000000);

INSERT INTO PROVEEDOR_PRODUCTO(PROVEEDOR_ID,PRODUCTO_ID,PRECIO_COMPRA) VALUES(6,671, 0.000000);

-- ===========PRODUCTO [673]
INSERT INTO PRODUCTO(ID,MARCA_ID,LINEA_ID,NOMBRE,PRESENTACION,CONTENIDO,UNIDADES_POR_CAJA,COSTO,COSTO_VENTA,PRECIO_BASE,UNIDAD_MEDIDA,CODIGO_BARRAS,ABREBIATURA) VALUES(673,35,11,'Cepillo Dental Colgate','360',1.0,6.0,0.000000,0.000000,0.000000,'PZ','7702010130427','Colgte Cep 360');

INSERT INTO MOVIMIENTO_HISTORICO_PRODUCTO (ALMACEN_ID,PRODUCTO_ID,FECHA,TIPO_MOVIMIENTO_ID,CANTIDAD,COSTO,PRECIO,USUARIO_ID) VALUES(1,673,now(),30,20,0.000000,0.000000,'root');
INSERT INTO ALMACEN_PRODUCTO(ALMACEN_ID,PRODUCTO_ID,CANTIDAD_ACTUAL,PRECIO_VENTA) VALUES (1,673,20,0.000000);

INSERT INTO ALMACEN_PRODUCTO(ALMACEN_ID,PRODUCTO_ID,CANTIDAD_ACTUAL,PRECIO_VENTA) VALUES (2,673,0,0.000000);

INSERT INTO ALMACEN_PRODUCTO(ALMACEN_ID,PRODUCTO_ID,CANTIDAD_ACTUAL,PRECIO_VENTA) VALUES (3,673,20,0.000000);

INSERT INTO ALMACEN_PRODUCTO(ALMACEN_ID,PRODUCTO_ID,CANTIDAD_ACTUAL,PRECIO_VENTA) VALUES (4,673,0,0.000000);

INSERT INTO PROVEEDOR_PRODUCTO(PROVEEDOR_ID,PRODUCTO_ID,PRECIO_COMPRA) VALUES(6,673, 0.000000);

-- ===========PRODUCTO [674]
INSERT INTO PRODUCTO(ID,MARCA_ID,LINEA_ID,NOMBRE,PRESENTACION,CONTENIDO,UNIDADES_POR_CAJA,COSTO,COSTO_VENTA,PRECIO_BASE,UNIDAD_MEDIDA,CODIGO_BARRAS,ABREBIATURA) VALUES(674,54,10,'Real Solida','Piel Normal',370.0,24.0,0.000000,0.000000,0.000000,'G','7501039703700','Real Cr Normal 370g');

INSERT INTO MOVIMIENTO_HISTORICO_PRODUCTO (ALMACEN_ID,PRODUCTO_ID,FECHA,TIPO_MOVIMIENTO_ID,CANTIDAD,COSTO,PRECIO,USUARIO_ID) VALUES(1,674,now(),30,45,0.000000,0.000000,'root');
INSERT INTO ALMACEN_PRODUCTO(ALMACEN_ID,PRODUCTO_ID,CANTIDAD_ACTUAL,PRECIO_VENTA) VALUES (1,674,45,0.000000);

INSERT INTO ALMACEN_PRODUCTO(ALMACEN_ID,PRODUCTO_ID,CANTIDAD_ACTUAL,PRECIO_VENTA) VALUES (2,674,0,0.000000);

INSERT INTO ALMACEN_PRODUCTO(ALMACEN_ID,PRODUCTO_ID,CANTIDAD_ACTUAL,PRECIO_VENTA) VALUES (3,674,45,0.000000);

INSERT INTO ALMACEN_PRODUCTO(ALMACEN_ID,PRODUCTO_ID,CANTIDAD_ACTUAL,PRECIO_VENTA) VALUES (4,674,0,0.000000);

INSERT INTO PROVEEDOR_PRODUCTO(PROVEEDOR_ID,PRODUCTO_ID,PRECIO_COMPRA) VALUES(26,674, 0.000000);

-- ===========PRODUCTO [675]
INSERT INTO PRODUCTO(ID,MARCA_ID,LINEA_ID,NOMBRE,PRESENTACION,CONTENIDO,UNIDADES_POR_CAJA,COSTO,COSTO_VENTA,PRECIO_BASE,UNIDAD_MEDIDA,CODIGO_BARRAS,ABREBIATURA) VALUES(675,54,10,'Real Solida','Piel Normal',200.0,48.0,0.000000,0.000000,0.000000,'G','7501039702000','Real Cr Normal 200g');

INSERT INTO MOVIMIENTO_HISTORICO_PRODUCTO (ALMACEN_ID,PRODUCTO_ID,FECHA,TIPO_MOVIMIENTO_ID,CANTIDAD,COSTO,PRECIO,USUARIO_ID) VALUES(1,675,now(),30,120,0.000000,0.000000,'root');
INSERT INTO ALMACEN_PRODUCTO(ALMACEN_ID,PRODUCTO_ID,CANTIDAD_ACTUAL,PRECIO_VENTA) VALUES (1,675,120,0.000000);

INSERT INTO ALMACEN_PRODUCTO(ALMACEN_ID,PRODUCTO_ID,CANTIDAD_ACTUAL,PRECIO_VENTA) VALUES (2,675,0,0.000000);

INSERT INTO ALMACEN_PRODUCTO(ALMACEN_ID,PRODUCTO_ID,CANTIDAD_ACTUAL,PRECIO_VENTA) VALUES (3,675,120,0.000000);

INSERT INTO ALMACEN_PRODUCTO(ALMACEN_ID,PRODUCTO_ID,CANTIDAD_ACTUAL,PRECIO_VENTA) VALUES (4,675,0,0.000000);

INSERT INTO PROVEEDOR_PRODUCTO(PROVEEDOR_ID,PRODUCTO_ID,PRECIO_COMPRA) VALUES(26,675, 0.000000);

-- ===========PRODUCTO [676]
INSERT INTO PRODUCTO(ID,MARCA_ID,LINEA_ID,NOMBRE,PRESENTACION,CONTENIDO,UNIDADES_POR_CAJA,COSTO,COSTO_VENTA,PRECIO_BASE,UNIDAD_MEDIDA,CODIGO_BARRAS,ABREBIATURA) VALUES(676,56,6,'Max -O-Fresh Talco','Fresco Aroma',300.0,12.0,0.000000,0.000000,0.000000,'G','7503001167022','Max Frsh Talc Fres 300');

INSERT INTO MOVIMIENTO_HISTORICO_PRODUCTO (ALMACEN_ID,PRODUCTO_ID,FECHA,TIPO_MOVIMIENTO_ID,CANTIDAD,COSTO,PRECIO,USUARIO_ID) VALUES(1,676,now(),30,12,0.000000,0.000000,'root');
INSERT INTO ALMACEN_PRODUCTO(ALMACEN_ID,PRODUCTO_ID,CANTIDAD_ACTUAL,PRECIO_VENTA) VALUES (1,676,12,0.000000);

INSERT INTO ALMACEN_PRODUCTO(ALMACEN_ID,PRODUCTO_ID,CANTIDAD_ACTUAL,PRECIO_VENTA) VALUES (2,676,0,0.000000);

INSERT INTO ALMACEN_PRODUCTO(ALMACEN_ID,PRODUCTO_ID,CANTIDAD_ACTUAL,PRECIO_VENTA) VALUES (3,676,12,0.000000);

INSERT INTO ALMACEN_PRODUCTO(ALMACEN_ID,PRODUCTO_ID,CANTIDAD_ACTUAL,PRECIO_VENTA) VALUES (4,676,0,0.000000);

INSERT INTO PROVEEDOR_PRODUCTO(PROVEEDOR_ID,PRODUCTO_ID,PRECIO_COMPRA) VALUES(29,676, 0.000000);

-- ===========PRODUCTO [677]
INSERT INTO PRODUCTO(ID,MARCA_ID,LINEA_ID,NOMBRE,PRESENTACION,CONTENIDO,UNIDADES_POR_CAJA,COSTO,COSTO_VENTA,PRECIO_BASE,UNIDAD_MEDIDA,CODIGO_BARRAS,ABREBIATURA) VALUES(677,56,6,'Max -O-Fresh Talco','Botanico',300.0,12.0,0.000000,0.000000,0.000000,'G','7503001167053','Max Frsh Talc Bota 300');

INSERT INTO MOVIMIENTO_HISTORICO_PRODUCTO (ALMACEN_ID,PRODUCTO_ID,FECHA,TIPO_MOVIMIENTO_ID,CANTIDAD,COSTO,PRECIO,USUARIO_ID) VALUES(1,677,now(),30,12,0.000000,0.000000,'root');
INSERT INTO ALMACEN_PRODUCTO(ALMACEN_ID,PRODUCTO_ID,CANTIDAD_ACTUAL,PRECIO_VENTA) VALUES (1,677,12,0.000000);

INSERT INTO ALMACEN_PRODUCTO(ALMACEN_ID,PRODUCTO_ID,CANTIDAD_ACTUAL,PRECIO_VENTA) VALUES (2,677,0,0.000000);

INSERT INTO ALMACEN_PRODUCTO(ALMACEN_ID,PRODUCTO_ID,CANTIDAD_ACTUAL,PRECIO_VENTA) VALUES (3,677,12,0.000000);

INSERT INTO ALMACEN_PRODUCTO(ALMACEN_ID,PRODUCTO_ID,CANTIDAD_ACTUAL,PRECIO_VENTA) VALUES (4,677,0,0.000000);

INSERT INTO PROVEEDOR_PRODUCTO(PROVEEDOR_ID,PRODUCTO_ID,PRECIO_COMPRA) VALUES(29,677, 0.000000);

-- ===========PRODUCTO [678]
INSERT INTO PRODUCTO(ID,MARCA_ID,LINEA_ID,NOMBRE,PRESENTACION,CONTENIDO,UNIDADES_POR_CAJA,COSTO,COSTO_VENTA,PRECIO_BASE,UNIDAD_MEDIDA,CODIGO_BARRAS,ABREBIATURA) VALUES(678,56,6,'Max -O-Fresh Talco','Mentol',300.0,12.0,0.000000,0.000000,0.000000,'G','7503001167039','Max Frsh Talc Ment 300');

INSERT INTO MOVIMIENTO_HISTORICO_PRODUCTO (ALMACEN_ID,PRODUCTO_ID,FECHA,TIPO_MOVIMIENTO_ID,CANTIDAD,COSTO,PRECIO,USUARIO_ID) VALUES(1,678,now(),30,12,0.000000,0.000000,'root');
INSERT INTO ALMACEN_PRODUCTO(ALMACEN_ID,PRODUCTO_ID,CANTIDAD_ACTUAL,PRECIO_VENTA) VALUES (1,678,12,0.000000);

INSERT INTO ALMACEN_PRODUCTO(ALMACEN_ID,PRODUCTO_ID,CANTIDAD_ACTUAL,PRECIO_VENTA) VALUES (2,678,0,0.000000);

INSERT INTO ALMACEN_PRODUCTO(ALMACEN_ID,PRODUCTO_ID,CANTIDAD_ACTUAL,PRECIO_VENTA) VALUES (3,678,12,0.000000);

INSERT INTO ALMACEN_PRODUCTO(ALMACEN_ID,PRODUCTO_ID,CANTIDAD_ACTUAL,PRECIO_VENTA) VALUES (4,678,0,0.000000);

INSERT INTO PROVEEDOR_PRODUCTO(PROVEEDOR_ID,PRODUCTO_ID,PRECIO_COMPRA) VALUES(29,678, 0.000000);

-- ===========PRODUCTO [679]
INSERT INTO PRODUCTO(ID,MARCA_ID,LINEA_ID,NOMBRE,PRESENTACION,CONTENIDO,UNIDADES_POR_CAJA,COSTO,COSTO_VENTA,PRECIO_BASE,UNIDAD_MEDIDA,CODIGO_BARRAS,ABREBIATURA) VALUES(679,56,6,'Max -O-Fresh Talco','Citricos',300.0,12.0,0.000000,0.000000,0.000000,'G','7503001167121','Max Frsh Talc Citri 300');

INSERT INTO MOVIMIENTO_HISTORICO_PRODUCTO (ALMACEN_ID,PRODUCTO_ID,FECHA,TIPO_MOVIMIENTO_ID,CANTIDAD,COSTO,PRECIO,USUARIO_ID) VALUES(1,679,now(),30,12,0.000000,0.000000,'root');
INSERT INTO ALMACEN_PRODUCTO(ALMACEN_ID,PRODUCTO_ID,CANTIDAD_ACTUAL,PRECIO_VENTA) VALUES (1,679,12,0.000000);

INSERT INTO ALMACEN_PRODUCTO(ALMACEN_ID,PRODUCTO_ID,CANTIDAD_ACTUAL,PRECIO_VENTA) VALUES (2,679,0,0.000000);

INSERT INTO ALMACEN_PRODUCTO(ALMACEN_ID,PRODUCTO_ID,CANTIDAD_ACTUAL,PRECIO_VENTA) VALUES (3,679,12,0.000000);

INSERT INTO ALMACEN_PRODUCTO(ALMACEN_ID,PRODUCTO_ID,CANTIDAD_ACTUAL,PRECIO_VENTA) VALUES (4,679,0,0.000000);

INSERT INTO PROVEEDOR_PRODUCTO(PROVEEDOR_ID,PRODUCTO_ID,PRECIO_COMPRA) VALUES(29,679, 0.000000);

-- ===========PRODUCTO [680]
INSERT INTO PRODUCTO(ID,MARCA_ID,LINEA_ID,NOMBRE,PRESENTACION,CONTENIDO,UNIDADES_POR_CAJA,COSTO,COSTO_VENTA,PRECIO_BASE,UNIDAD_MEDIDA,CODIGO_BARRAS,ABREBIATURA) VALUES(680,56,6,'Max -O-Fresh Talco','Explosion Frutal',300.0,12.0,0.000000,0.000000,0.000000,'G','7503001167411','Max Frsh Talc Expl 300');

INSERT INTO MOVIMIENTO_HISTORICO_PRODUCTO (ALMACEN_ID,PRODUCTO_ID,FECHA,TIPO_MOVIMIENTO_ID,CANTIDAD,COSTO,PRECIO,USUARIO_ID) VALUES(1,680,now(),30,12,0.000000,0.000000,'root');
INSERT INTO ALMACEN_PRODUCTO(ALMACEN_ID,PRODUCTO_ID,CANTIDAD_ACTUAL,PRECIO_VENTA) VALUES (1,680,12,0.000000);

INSERT INTO ALMACEN_PRODUCTO(ALMACEN_ID,PRODUCTO_ID,CANTIDAD_ACTUAL,PRECIO_VENTA) VALUES (2,680,0,0.000000);

INSERT INTO ALMACEN_PRODUCTO(ALMACEN_ID,PRODUCTO_ID,CANTIDAD_ACTUAL,PRECIO_VENTA) VALUES (3,680,12,0.000000);

INSERT INTO ALMACEN_PRODUCTO(ALMACEN_ID,PRODUCTO_ID,CANTIDAD_ACTUAL,PRECIO_VENTA) VALUES (4,680,0,0.000000);

INSERT INTO PROVEEDOR_PRODUCTO(PROVEEDOR_ID,PRODUCTO_ID,PRECIO_COMPRA) VALUES(29,680, 0.000000);

-- ===========PRODUCTO [681]
INSERT INTO PRODUCTO(ID,MARCA_ID,LINEA_ID,NOMBRE,PRESENTACION,CONTENIDO,UNIDADES_POR_CAJA,COSTO,COSTO_VENTA,PRECIO_BASE,UNIDAD_MEDIDA,CODIGO_BARRAS,ABREBIATURA) VALUES(681,56,6,'Max -O-Fresh Talco','Fresco Aroma',160.0,12.0,0.000000,0.000000,0.000000,'G','7503001167008','Max Frsh Talc Fres 160');

INSERT INTO MOVIMIENTO_HISTORICO_PRODUCTO (ALMACEN_ID,PRODUCTO_ID,FECHA,TIPO_MOVIMIENTO_ID,CANTIDAD,COSTO,PRECIO,USUARIO_ID) VALUES(1,681,now(),30,12,0.000000,0.000000,'root');
INSERT INTO ALMACEN_PRODUCTO(ALMACEN_ID,PRODUCTO_ID,CANTIDAD_ACTUAL,PRECIO_VENTA) VALUES (1,681,12,0.000000);

INSERT INTO ALMACEN_PRODUCTO(ALMACEN_ID,PRODUCTO_ID,CANTIDAD_ACTUAL,PRECIO_VENTA) VALUES (2,681,0,0.000000);

INSERT INTO ALMACEN_PRODUCTO(ALMACEN_ID,PRODUCTO_ID,CANTIDAD_ACTUAL,PRECIO_VENTA) VALUES (3,681,12,0.000000);

INSERT INTO ALMACEN_PRODUCTO(ALMACEN_ID,PRODUCTO_ID,CANTIDAD_ACTUAL,PRECIO_VENTA) VALUES (4,681,0,0.000000);

INSERT INTO PROVEEDOR_PRODUCTO(PROVEEDOR_ID,PRODUCTO_ID,PRECIO_COMPRA) VALUES(29,681, 0.000000);

-- ===========PRODUCTO [682]
INSERT INTO PRODUCTO(ID,MARCA_ID,LINEA_ID,NOMBRE,PRESENTACION,CONTENIDO,UNIDADES_POR_CAJA,COSTO,COSTO_VENTA,PRECIO_BASE,UNIDAD_MEDIDA,CODIGO_BARRAS,ABREBIATURA) VALUES(682,56,6,'Max -O-Fresh Talco','Citricos',160.0,12.0,0.000000,0.000000,0.000000,'G','7503001167084','Max Frsh Talc Citri 160');

INSERT INTO MOVIMIENTO_HISTORICO_PRODUCTO (ALMACEN_ID,PRODUCTO_ID,FECHA,TIPO_MOVIMIENTO_ID,CANTIDAD,COSTO,PRECIO,USUARIO_ID) VALUES(1,682,now(),30,12,0.000000,0.000000,'root');
INSERT INTO ALMACEN_PRODUCTO(ALMACEN_ID,PRODUCTO_ID,CANTIDAD_ACTUAL,PRECIO_VENTA) VALUES (1,682,12,0.000000);

INSERT INTO ALMACEN_PRODUCTO(ALMACEN_ID,PRODUCTO_ID,CANTIDAD_ACTUAL,PRECIO_VENTA) VALUES (2,682,0,0.000000);

INSERT INTO ALMACEN_PRODUCTO(ALMACEN_ID,PRODUCTO_ID,CANTIDAD_ACTUAL,PRECIO_VENTA) VALUES (3,682,12,0.000000);

INSERT INTO ALMACEN_PRODUCTO(ALMACEN_ID,PRODUCTO_ID,CANTIDAD_ACTUAL,PRECIO_VENTA) VALUES (4,682,0,0.000000);

INSERT INTO PROVEEDOR_PRODUCTO(PROVEEDOR_ID,PRODUCTO_ID,PRECIO_COMPRA) VALUES(29,682, 0.000000);

-- ===========PRODUCTO [683]
INSERT INTO PRODUCTO(ID,MARCA_ID,LINEA_ID,NOMBRE,PRESENTACION,CONTENIDO,UNIDADES_POR_CAJA,COSTO,COSTO_VENTA,PRECIO_BASE,UNIDAD_MEDIDA,CODIGO_BARRAS,ABREBIATURA) VALUES(683,56,6,'Max -O-Fresh Talco','Botanico',160.0,12.0,0.000000,0.000000,0.000000,'G','7503001167046','Max Frsh Talc Bota 160');

INSERT INTO MOVIMIENTO_HISTORICO_PRODUCTO (ALMACEN_ID,PRODUCTO_ID,FECHA,TIPO_MOVIMIENTO_ID,CANTIDAD,COSTO,PRECIO,USUARIO_ID) VALUES(1,683,now(),30,12,0.000000,0.000000,'root');
INSERT INTO ALMACEN_PRODUCTO(ALMACEN_ID,PRODUCTO_ID,CANTIDAD_ACTUAL,PRECIO_VENTA) VALUES (1,683,12,0.000000);

INSERT INTO ALMACEN_PRODUCTO(ALMACEN_ID,PRODUCTO_ID,CANTIDAD_ACTUAL,PRECIO_VENTA) VALUES (2,683,0,0.000000);

INSERT INTO ALMACEN_PRODUCTO(ALMACEN_ID,PRODUCTO_ID,CANTIDAD_ACTUAL,PRECIO_VENTA) VALUES (3,683,12,0.000000);

INSERT INTO ALMACEN_PRODUCTO(ALMACEN_ID,PRODUCTO_ID,CANTIDAD_ACTUAL,PRECIO_VENTA) VALUES (4,683,0,0.000000);

INSERT INTO PROVEEDOR_PRODUCTO(PROVEEDOR_ID,PRODUCTO_ID,PRECIO_COMPRA) VALUES(29,683, 0.000000);

-- ===========PRODUCTO [684]
INSERT INTO PRODUCTO(ID,MARCA_ID,LINEA_ID,NOMBRE,PRESENTACION,CONTENIDO,UNIDADES_POR_CAJA,COSTO,COSTO_VENTA,PRECIO_BASE,UNIDAD_MEDIDA,CODIGO_BARRAS,ABREBIATURA) VALUES(684,56,6,'Max -O-Fresh Talco','Mentol',160.0,12.0,0.000000,0.000000,0.000000,'G','7503001167015','Max Frsh Talc Ment 160');

INSERT INTO MOVIMIENTO_HISTORICO_PRODUCTO (ALMACEN_ID,PRODUCTO_ID,FECHA,TIPO_MOVIMIENTO_ID,CANTIDAD,COSTO,PRECIO,USUARIO_ID) VALUES(1,684,now(),30,12,0.000000,0.000000,'root');
INSERT INTO ALMACEN_PRODUCTO(ALMACEN_ID,PRODUCTO_ID,CANTIDAD_ACTUAL,PRECIO_VENTA) VALUES (1,684,12,0.000000);

INSERT INTO ALMACEN_PRODUCTO(ALMACEN_ID,PRODUCTO_ID,CANTIDAD_ACTUAL,PRECIO_VENTA) VALUES (2,684,0,0.000000);

INSERT INTO ALMACEN_PRODUCTO(ALMACEN_ID,PRODUCTO_ID,CANTIDAD_ACTUAL,PRECIO_VENTA) VALUES (3,684,12,0.000000);

INSERT INTO ALMACEN_PRODUCTO(ALMACEN_ID,PRODUCTO_ID,CANTIDAD_ACTUAL,PRECIO_VENTA) VALUES (4,684,0,0.000000);

INSERT INTO PROVEEDOR_PRODUCTO(PROVEEDOR_ID,PRODUCTO_ID,PRECIO_COMPRA) VALUES(29,684, 0.000000);

-- ===========PRODUCTO [685]
INSERT INTO PRODUCTO(ID,MARCA_ID,LINEA_ID,NOMBRE,PRESENTACION,CONTENIDO,UNIDADES_POR_CAJA,COSTO,COSTO_VENTA,PRECIO_BASE,UNIDAD_MEDIDA,CODIGO_BARRAS,ABREBIATURA) VALUES(685,56,6,'Max -O-Fresh Talco','Explosion Frutal',160.0,12.0,0.000000,0.000000,0.000000,'G','7503001167404','Max Frsh Talc Expl 160');

INSERT INTO MOVIMIENTO_HISTORICO_PRODUCTO (ALMACEN_ID,PRODUCTO_ID,FECHA,TIPO_MOVIMIENTO_ID,CANTIDAD,COSTO,PRECIO,USUARIO_ID) VALUES(1,685,now(),30,12,0.000000,0.000000,'root');
INSERT INTO ALMACEN_PRODUCTO(ALMACEN_ID,PRODUCTO_ID,CANTIDAD_ACTUAL,PRECIO_VENTA) VALUES (1,685,12,0.000000);

INSERT INTO ALMACEN_PRODUCTO(ALMACEN_ID,PRODUCTO_ID,CANTIDAD_ACTUAL,PRECIO_VENTA) VALUES (2,685,0,0.000000);

INSERT INTO ALMACEN_PRODUCTO(ALMACEN_ID,PRODUCTO_ID,CANTIDAD_ACTUAL,PRECIO_VENTA) VALUES (3,685,12,0.000000);

INSERT INTO ALMACEN_PRODUCTO(ALMACEN_ID,PRODUCTO_ID,CANTIDAD_ACTUAL,PRECIO_VENTA) VALUES (4,685,0,0.000000);

INSERT INTO PROVEEDOR_PRODUCTO(PROVEEDOR_ID,PRODUCTO_ID,PRECIO_COMPRA) VALUES(29,685, 0.000000);

-- ===========PRODUCTO [686]
INSERT INTO PRODUCTO(ID,MARCA_ID,LINEA_ID,NOMBRE,PRESENTACION,CONTENIDO,UNIDADES_POR_CAJA,COSTO,COSTO_VENTA,PRECIO_BASE,UNIDAD_MEDIDA,CODIGO_BARRAS,ABREBIATURA) VALUES(686,32,15,'Protex Jabon Solido','Contra Bacterias',50.0,150.0,0.000000,0.000000,0.000000,'G','7509546050713','Protx Jab Bacterias 50g');

INSERT INTO MOVIMIENTO_HISTORICO_PRODUCTO (ALMACEN_ID,PRODUCTO_ID,FECHA,TIPO_MOVIMIENTO_ID,CANTIDAD,COSTO,PRECIO,USUARIO_ID) VALUES(1,686,now(),30,150,0.000000,0.000000,'root');
INSERT INTO ALMACEN_PRODUCTO(ALMACEN_ID,PRODUCTO_ID,CANTIDAD_ACTUAL,PRECIO_VENTA) VALUES (1,686,150,0.000000);

INSERT INTO ALMACEN_PRODUCTO(ALMACEN_ID,PRODUCTO_ID,CANTIDAD_ACTUAL,PRECIO_VENTA) VALUES (2,686,0,0.000000);

INSERT INTO ALMACEN_PRODUCTO(ALMACEN_ID,PRODUCTO_ID,CANTIDAD_ACTUAL,PRECIO_VENTA) VALUES (3,686,150,0.000000);

INSERT INTO ALMACEN_PRODUCTO(ALMACEN_ID,PRODUCTO_ID,CANTIDAD_ACTUAL,PRECIO_VENTA) VALUES (4,686,0,0.000000);

INSERT INTO PROVEEDOR_PRODUCTO(PROVEEDOR_ID,PRODUCTO_ID,PRECIO_COMPRA) VALUES(6,686, 0.000000);

-- ===========PRODUCTO [687]
INSERT INTO PRODUCTO(ID,MARCA_ID,LINEA_ID,NOMBRE,PRESENTACION,CONTENIDO,UNIDADES_POR_CAJA,COSTO,COSTO_VENTA,PRECIO_BASE,UNIDAD_MEDIDA,CODIGO_BARRAS,ABREBIATURA) VALUES(687,36,14,'Caprice Acondicionador','Granada + Filtro UV',400.0,12.0,0.000000,0.000000,0.000000,'ML','7509546047867','Capric Ac Granada 400');

INSERT INTO MOVIMIENTO_HISTORICO_PRODUCTO (ALMACEN_ID,PRODUCTO_ID,FECHA,TIPO_MOVIMIENTO_ID,CANTIDAD,COSTO,PRECIO,USUARIO_ID) VALUES(1,687,now(),30,12,0.000000,0.000000,'root');
INSERT INTO ALMACEN_PRODUCTO(ALMACEN_ID,PRODUCTO_ID,CANTIDAD_ACTUAL,PRECIO_VENTA) VALUES (1,687,12,0.000000);

INSERT INTO ALMACEN_PRODUCTO(ALMACEN_ID,PRODUCTO_ID,CANTIDAD_ACTUAL,PRECIO_VENTA) VALUES (2,687,0,0.000000);

INSERT INTO ALMACEN_PRODUCTO(ALMACEN_ID,PRODUCTO_ID,CANTIDAD_ACTUAL,PRECIO_VENTA) VALUES (3,687,12,12.900000);

INSERT INTO ALMACEN_PRODUCTO(ALMACEN_ID,PRODUCTO_ID,CANTIDAD_ACTUAL,PRECIO_VENTA) VALUES (4,687,0,0.000000);

INSERT INTO PROVEEDOR_PRODUCTO(PROVEEDOR_ID,PRODUCTO_ID,PRECIO_COMPRA) VALUES(6,687, 0.000000);

-- ===========PRODUCTO [688]
INSERT INTO PRODUCTO(ID,MARCA_ID,LINEA_ID,NOMBRE,PRESENTACION,CONTENIDO,UNIDADES_POR_CAJA,COSTO,COSTO_VENTA,PRECIO_BASE,UNIDAD_MEDIDA,CODIGO_BARRAS,ABREBIATURA) VALUES(688,36,14,'Caprice Acondicionador','Acti Ceramidas Proteina',400.0,12.0,0.000000,0.000000,0.000000,'ML','7509546031460','Capric Ac Ceramid 400');

INSERT INTO MOVIMIENTO_HISTORICO_PRODUCTO (ALMACEN_ID,PRODUCTO_ID,FECHA,TIPO_MOVIMIENTO_ID,CANTIDAD,COSTO,PRECIO,USUARIO_ID) VALUES(1,688,now(),30,12,0.000000,0.000000,'root');
INSERT INTO ALMACEN_PRODUCTO(ALMACEN_ID,PRODUCTO_ID,CANTIDAD_ACTUAL,PRECIO_VENTA) VALUES (1,688,12,0.000000);

INSERT INTO ALMACEN_PRODUCTO(ALMACEN_ID,PRODUCTO_ID,CANTIDAD_ACTUAL,PRECIO_VENTA) VALUES (2,688,0,0.000000);

INSERT INTO ALMACEN_PRODUCTO(ALMACEN_ID,PRODUCTO_ID,CANTIDAD_ACTUAL,PRECIO_VENTA) VALUES (3,688,12,12.900000);

INSERT INTO ALMACEN_PRODUCTO(ALMACEN_ID,PRODUCTO_ID,CANTIDAD_ACTUAL,PRECIO_VENTA) VALUES (4,688,0,0.000000);

INSERT INTO PROVEEDOR_PRODUCTO(PROVEEDOR_ID,PRODUCTO_ID,PRECIO_COMPRA) VALUES(6,688, 0.000000);

-- ===========PRODUCTO [689]
INSERT INTO PRODUCTO(ID,MARCA_ID,LINEA_ID,NOMBRE,PRESENTACION,CONTENIDO,UNIDADES_POR_CAJA,COSTO,COSTO_VENTA,PRECIO_BASE,UNIDAD_MEDIDA,CODIGO_BARRAS,ABREBIATURA) VALUES(689,36,14,'Caprice Acondicionador','Colageno y Aloe Vera',400.0,12.0,0.000000,0.000000,0.000000,'ML','7509546045849','Capric Ac Aloe V 400m');

INSERT INTO MOVIMIENTO_HISTORICO_PRODUCTO (ALMACEN_ID,PRODUCTO_ID,FECHA,TIPO_MOVIMIENTO_ID,CANTIDAD,COSTO,PRECIO,USUARIO_ID) VALUES(1,689,now(),30,12,0.000000,0.000000,'root');
INSERT INTO ALMACEN_PRODUCTO(ALMACEN_ID,PRODUCTO_ID,CANTIDAD_ACTUAL,PRECIO_VENTA) VALUES (1,689,12,0.000000);

INSERT INTO ALMACEN_PRODUCTO(ALMACEN_ID,PRODUCTO_ID,CANTIDAD_ACTUAL,PRECIO_VENTA) VALUES (2,689,0,0.000000);

INSERT INTO ALMACEN_PRODUCTO(ALMACEN_ID,PRODUCTO_ID,CANTIDAD_ACTUAL,PRECIO_VENTA) VALUES (3,689,12,12.900000);

INSERT INTO ALMACEN_PRODUCTO(ALMACEN_ID,PRODUCTO_ID,CANTIDAD_ACTUAL,PRECIO_VENTA) VALUES (4,689,0,0.000000);

INSERT INTO PROVEEDOR_PRODUCTO(PROVEEDOR_ID,PRODUCTO_ID,PRECIO_COMPRA) VALUES(6,689, 0.000000);

-- ===========PRODUCTO [690]
INSERT INTO PRODUCTO(ID,MARCA_ID,LINEA_ID,NOMBRE,PRESENTACION,CONTENIDO,UNIDADES_POR_CAJA,COSTO,COSTO_VENTA,PRECIO_BASE,UNIDAD_MEDIDA,CODIGO_BARRAS,ABREBIATURA) VALUES(690,36,14,'Caprice Acondicionador','Miel y Germen de Trigo',400.0,12.0,0.000000,0.000000,0.000000,'ML','7509546045856','Capric Ac Miel G 400m');

INSERT INTO MOVIMIENTO_HISTORICO_PRODUCTO (ALMACEN_ID,PRODUCTO_ID,FECHA,TIPO_MOVIMIENTO_ID,CANTIDAD,COSTO,PRECIO,USUARIO_ID) VALUES(1,690,now(),30,4,0.000000,0.000000,'root');
INSERT INTO ALMACEN_PRODUCTO(ALMACEN_ID,PRODUCTO_ID,CANTIDAD_ACTUAL,PRECIO_VENTA) VALUES (1,690,4,0.000000);

INSERT INTO ALMACEN_PRODUCTO(ALMACEN_ID,PRODUCTO_ID,CANTIDAD_ACTUAL,PRECIO_VENTA) VALUES (2,690,0,0.000000);

INSERT INTO ALMACEN_PRODUCTO(ALMACEN_ID,PRODUCTO_ID,CANTIDAD_ACTUAL,PRECIO_VENTA) VALUES (3,690,4,12.900000);

INSERT INTO ALMACEN_PRODUCTO(ALMACEN_ID,PRODUCTO_ID,CANTIDAD_ACTUAL,PRECIO_VENTA) VALUES (4,690,0,0.000000);

INSERT INTO PROVEEDOR_PRODUCTO(PROVEEDOR_ID,PRODUCTO_ID,PRECIO_COMPRA) VALUES(6,690, 0.000000);

-- ===========PRODUCTO [691]
INSERT INTO PRODUCTO(ID,MARCA_ID,LINEA_ID,NOMBRE,PRESENTACION,CONTENIDO,UNIDADES_POR_CAJA,COSTO,COSTO_VENTA,PRECIO_BASE,UNIDAD_MEDIDA,CODIGO_BARRAS,ABREBIATURA) VALUES(691,36,14,'Caprice Acondicionador','Acti Ceramidas Proteina',800.0,12.0,0.000000,0.000000,0.000000,'ML','7509546026619','Capric Ac Ceramid 800');

INSERT INTO MOVIMIENTO_HISTORICO_PRODUCTO (ALMACEN_ID,PRODUCTO_ID,FECHA,TIPO_MOVIMIENTO_ID,CANTIDAD,COSTO,PRECIO,USUARIO_ID) VALUES(1,691,now(),30,12,0.000000,0.000000,'root');
INSERT INTO ALMACEN_PRODUCTO(ALMACEN_ID,PRODUCTO_ID,CANTIDAD_ACTUAL,PRECIO_VENTA) VALUES (1,691,12,0.000000);

INSERT INTO ALMACEN_PRODUCTO(ALMACEN_ID,PRODUCTO_ID,CANTIDAD_ACTUAL,PRECIO_VENTA) VALUES (2,691,0,0.000000);

INSERT INTO ALMACEN_PRODUCTO(ALMACEN_ID,PRODUCTO_ID,CANTIDAD_ACTUAL,PRECIO_VENTA) VALUES (3,691,12,23.900000);

INSERT INTO ALMACEN_PRODUCTO(ALMACEN_ID,PRODUCTO_ID,CANTIDAD_ACTUAL,PRECIO_VENTA) VALUES (4,691,0,0.000000);

INSERT INTO PROVEEDOR_PRODUCTO(PROVEEDOR_ID,PRODUCTO_ID,PRECIO_COMPRA) VALUES(6,691, 0.000000);

-- ===========PRODUCTO [692]
INSERT INTO PRODUCTO(ID,MARCA_ID,LINEA_ID,NOMBRE,PRESENTACION,CONTENIDO,UNIDADES_POR_CAJA,COSTO,COSTO_VENTA,PRECIO_BASE,UNIDAD_MEDIDA,CODIGO_BARRAS,ABREBIATURA) VALUES(692,36,14,'Caprice Acondicionador','Nectar de Miel',800.0,12.0,0.000000,0.000000,0.000000,'ML','7509546045146','Capric Ac Nc Miel 800m');

INSERT INTO MOVIMIENTO_HISTORICO_PRODUCTO (ALMACEN_ID,PRODUCTO_ID,FECHA,TIPO_MOVIMIENTO_ID,CANTIDAD,COSTO,PRECIO,USUARIO_ID) VALUES(1,692,now(),30,11,0.000000,0.000000,'root');
INSERT INTO ALMACEN_PRODUCTO(ALMACEN_ID,PRODUCTO_ID,CANTIDAD_ACTUAL,PRECIO_VENTA) VALUES (1,692,11,0.000000);

INSERT INTO ALMACEN_PRODUCTO(ALMACEN_ID,PRODUCTO_ID,CANTIDAD_ACTUAL,PRECIO_VENTA) VALUES (2,692,0,0.000000);

INSERT INTO ALMACEN_PRODUCTO(ALMACEN_ID,PRODUCTO_ID,CANTIDAD_ACTUAL,PRECIO_VENTA) VALUES (3,692,11,23.900000);

INSERT INTO ALMACEN_PRODUCTO(ALMACEN_ID,PRODUCTO_ID,CANTIDAD_ACTUAL,PRECIO_VENTA) VALUES (4,692,0,0.000000);

INSERT INTO PROVEEDOR_PRODUCTO(PROVEEDOR_ID,PRODUCTO_ID,PRECIO_COMPRA) VALUES(6,692, 0.000000);

-- ===========PRODUCTO [693]
INSERT INTO PRODUCTO(ID,MARCA_ID,LINEA_ID,NOMBRE,PRESENTACION,CONTENIDO,UNIDADES_POR_CAJA,COSTO,COSTO_VENTA,PRECIO_BASE,UNIDAD_MEDIDA,CODIGO_BARRAS,ABREBIATURA) VALUES(693,36,14,'Caprice Acondicionador','Colageno y Aloe Vera',800.0,12.0,0.000000,0.000000,0.000000,'ML','7509546026664','Capric Ac Aloe V 800m');

INSERT INTO MOVIMIENTO_HISTORICO_PRODUCTO (ALMACEN_ID,PRODUCTO_ID,FECHA,TIPO_MOVIMIENTO_ID,CANTIDAD,COSTO,PRECIO,USUARIO_ID) VALUES(1,693,now(),30,10,0.000000,0.000000,'root');
INSERT INTO ALMACEN_PRODUCTO(ALMACEN_ID,PRODUCTO_ID,CANTIDAD_ACTUAL,PRECIO_VENTA) VALUES (1,693,10,0.000000);

INSERT INTO ALMACEN_PRODUCTO(ALMACEN_ID,PRODUCTO_ID,CANTIDAD_ACTUAL,PRECIO_VENTA) VALUES (2,693,1,0.000000);

INSERT INTO ALMACEN_PRODUCTO(ALMACEN_ID,PRODUCTO_ID,CANTIDAD_ACTUAL,PRECIO_VENTA) VALUES (3,693,10,23.900000);

INSERT INTO ALMACEN_PRODUCTO(ALMACEN_ID,PRODUCTO_ID,CANTIDAD_ACTUAL,PRECIO_VENTA) VALUES (4,693,1,0.000000);

INSERT INTO PROVEEDOR_PRODUCTO(PROVEEDOR_ID,PRODUCTO_ID,PRECIO_COMPRA) VALUES(6,693, 0.000000);

-- ===========PRODUCTO [694]
INSERT INTO PRODUCTO(ID,MARCA_ID,LINEA_ID,NOMBRE,PRESENTACION,CONTENIDO,UNIDADES_POR_CAJA,COSTO,COSTO_VENTA,PRECIO_BASE,UNIDAD_MEDIDA,CODIGO_BARRAS,ABREBIATURA) VALUES(694,35,11,'Colgate Crema Dental Pack 150ml','Maxima Proteccion Anticaries',2.0,36.0,0.000000,0.000000,0.000000,'Pz','7509546051208','Clgte Pck Max Pro 2-150');

INSERT INTO MOVIMIENTO_HISTORICO_PRODUCTO (ALMACEN_ID,PRODUCTO_ID,FECHA,TIPO_MOVIMIENTO_ID,CANTIDAD,COSTO,PRECIO,USUARIO_ID) VALUES(1,694,now(),30,36,0.000000,0.000000,'root');
INSERT INTO ALMACEN_PRODUCTO(ALMACEN_ID,PRODUCTO_ID,CANTIDAD_ACTUAL,PRECIO_VENTA) VALUES (1,694,36,0.000000);

INSERT INTO ALMACEN_PRODUCTO(ALMACEN_ID,PRODUCTO_ID,CANTIDAD_ACTUAL,PRECIO_VENTA) VALUES (2,694,34,21.000000);

INSERT INTO ALMACEN_PRODUCTO(ALMACEN_ID,PRODUCTO_ID,CANTIDAD_ACTUAL,PRECIO_VENTA) VALUES (3,694,36,0.000000);

INSERT INTO ALMACEN_PRODUCTO(ALMACEN_ID,PRODUCTO_ID,CANTIDAD_ACTUAL,PRECIO_VENTA) VALUES (4,694,34,21.000000);

INSERT INTO PROVEEDOR_PRODUCTO(PROVEEDOR_ID,PRODUCTO_ID,PRECIO_COMPRA) VALUES(6,694, 0.000000);

-- ===========PRODUCTO [695]
INSERT INTO PRODUCTO(ID,MARCA_ID,LINEA_ID,NOMBRE,PRESENTACION,CONTENIDO,UNIDADES_POR_CAJA,COSTO,COSTO_VENTA,PRECIO_BASE,UNIDAD_MEDIDA,CODIGO_BARRAS,ABREBIATURA) VALUES(695,68,9,'Suavitel Adios al Planchado','Fresca Primavera',1.7,8.0,18.728448,18.728448,26.070000,'L','7509546044422','Suavit Primav Enj 1.7Lt');

INSERT INTO MOVIMIENTO_HISTORICO_PRODUCTO (ALMACEN_ID,PRODUCTO_ID,FECHA,TIPO_MOVIMIENTO_ID,CANTIDAD,COSTO,PRECIO,USUARIO_ID) VALUES(1,695,now(),30,8,18.728448,26.070000,'root');
INSERT INTO ALMACEN_PRODUCTO(ALMACEN_ID,PRODUCTO_ID,CANTIDAD_ACTUAL,PRECIO_VENTA) VALUES (1,695,8,26.070000);

INSERT INTO ALMACEN_PRODUCTO(ALMACEN_ID,PRODUCTO_ID,CANTIDAD_ACTUAL,PRECIO_VENTA) VALUES (2,695,1,0.000000);

INSERT INTO ALMACEN_PRODUCTO(ALMACEN_ID,PRODUCTO_ID,CANTIDAD_ACTUAL,PRECIO_VENTA) VALUES (3,695,8,23.500000);

INSERT INTO ALMACEN_PRODUCTO(ALMACEN_ID,PRODUCTO_ID,CANTIDAD_ACTUAL,PRECIO_VENTA) VALUES (4,695,1,0.000000);

INSERT INTO PROVEEDOR_PRODUCTO(PROVEEDOR_ID,PRODUCTO_ID,PRECIO_COMPRA) VALUES(6,695, 18.728448);

-- ===========PRODUCTO [696]
INSERT INTO PRODUCTO(ID,MARCA_ID,LINEA_ID,NOMBRE,PRESENTACION,CONTENIDO,UNIDADES_POR_CAJA,COSTO,COSTO_VENTA,PRECIO_BASE,UNIDAD_MEDIDA,CODIGO_BARRAS,ABREBIATURA) VALUES(696,68,9,'Suavitel','Fresca Primavera',1.7,8.0,18.728448,18.728448,26.070000,'Lt','7509546015330','Suavit Primav 1.7Lt');

INSERT INTO MOVIMIENTO_HISTORICO_PRODUCTO (ALMACEN_ID,PRODUCTO_ID,FECHA,TIPO_MOVIMIENTO_ID,CANTIDAD,COSTO,PRECIO,USUARIO_ID) VALUES(1,696,now(),30,7,18.728448,26.070000,'root');
INSERT INTO ALMACEN_PRODUCTO(ALMACEN_ID,PRODUCTO_ID,CANTIDAD_ACTUAL,PRECIO_VENTA) VALUES (1,696,7,26.070000);

INSERT INTO ALMACEN_PRODUCTO(ALMACEN_ID,PRODUCTO_ID,CANTIDAD_ACTUAL,PRECIO_VENTA) VALUES (2,696,1,0.000000);

INSERT INTO ALMACEN_PRODUCTO(ALMACEN_ID,PRODUCTO_ID,CANTIDAD_ACTUAL,PRECIO_VENTA) VALUES (3,696,7,23.500000);

INSERT INTO ALMACEN_PRODUCTO(ALMACEN_ID,PRODUCTO_ID,CANTIDAD_ACTUAL,PRECIO_VENTA) VALUES (4,696,1,0.000000);

INSERT INTO PROVEEDOR_PRODUCTO(PROVEEDOR_ID,PRODUCTO_ID,PRECIO_COMPRA) VALUES(6,696, 18.728448);

-- ===========PRODUCTO [697]
INSERT INTO PRODUCTO(ID,MARCA_ID,LINEA_ID,NOMBRE,PRESENTACION,CONTENIDO,UNIDADES_POR_CAJA,COSTO,COSTO_VENTA,PRECIO_BASE,UNIDAD_MEDIDA,CODIGO_BARRAS,ABREBIATURA) VALUES(697,17,14,'Palmolive Pack Sachet C/24 + Jabon 180g','Sensacion Humectante',2.0,24.0,0.000000,0.000000,0.000000,'PZ','7509546055824','Palm Pck Sach + Jab 2P');

INSERT INTO MOVIMIENTO_HISTORICO_PRODUCTO (ALMACEN_ID,PRODUCTO_ID,FECHA,TIPO_MOVIMIENTO_ID,CANTIDAD,COSTO,PRECIO,USUARIO_ID) VALUES(1,697,now(),30,0,0.000000,0.000000,'root');
INSERT INTO ALMACEN_PRODUCTO(ALMACEN_ID,PRODUCTO_ID,CANTIDAD_ACTUAL,PRECIO_VENTA) VALUES (1,697,0,0.000000);

INSERT INTO ALMACEN_PRODUCTO(ALMACEN_ID,PRODUCTO_ID,CANTIDAD_ACTUAL,PRECIO_VENTA) VALUES (2,697,0,0.000000);

INSERT INTO PROVEEDOR_PRODUCTO(PROVEEDOR_ID,PRODUCTO_ID,PRECIO_COMPRA) VALUES(6,697, 0.000000);

-- ===========PRODUCTO [698]
INSERT INTO PRODUCTO(ID,MARCA_ID,LINEA_ID,NOMBRE,PRESENTACION,CONTENIDO,UNIDADES_POR_CAJA,COSTO,COSTO_VENTA,PRECIO_BASE,UNIDAD_MEDIDA,CODIGO_BARRAS,ABREBIATURA) VALUES(698,17,14,'Palmolive Sachet de 10ml','4 Extra Intensivo',24.0,24.0,0.000000,0.000000,0.000000,'Pz','7501035908734','Palm Sh Exib 24/10ml');

INSERT INTO MOVIMIENTO_HISTORICO_PRODUCTO (ALMACEN_ID,PRODUCTO_ID,FECHA,TIPO_MOVIMIENTO_ID,CANTIDAD,COSTO,PRECIO,USUARIO_ID) VALUES(1,698,now(),30,24,0.000000,0.000000,'root');
INSERT INTO ALMACEN_PRODUCTO(ALMACEN_ID,PRODUCTO_ID,CANTIDAD_ACTUAL,PRECIO_VENTA) VALUES (1,698,24,0.000000);

INSERT INTO ALMACEN_PRODUCTO(ALMACEN_ID,PRODUCTO_ID,CANTIDAD_ACTUAL,PRECIO_VENTA) VALUES (2,698,0,0.000000);

INSERT INTO ALMACEN_PRODUCTO(ALMACEN_ID,PRODUCTO_ID,CANTIDAD_ACTUAL,PRECIO_VENTA) VALUES (3,698,24,0.000000);

INSERT INTO ALMACEN_PRODUCTO(ALMACEN_ID,PRODUCTO_ID,CANTIDAD_ACTUAL,PRECIO_VENTA) VALUES (4,698,0,0.000000);

INSERT INTO PROVEEDOR_PRODUCTO(PROVEEDOR_ID,PRODUCTO_ID,PRECIO_COMPRA) VALUES(6,698, 0.000000);

-- ===========PRODUCTO [699]
INSERT INTO PRODUCTO(ID,MARCA_ID,LINEA_ID,NOMBRE,PRESENTACION,CONTENIDO,UNIDADES_POR_CAJA,COSTO,COSTO_VENTA,PRECIO_BASE,UNIDAD_MEDIDA,CODIGO_BARRAS,ABREBIATURA) VALUES(699,17,14,'Palmolive Sachet','4 Extra Intensivo',10.0,24.0,0.000000,0.000000,0.000000,'ML','7501035910256','Palm Sh Sachet 10ml');

INSERT INTO MOVIMIENTO_HISTORICO_PRODUCTO (ALMACEN_ID,PRODUCTO_ID,FECHA,TIPO_MOVIMIENTO_ID,CANTIDAD,COSTO,PRECIO,USUARIO_ID) VALUES(1,699,now(),30,335,0.000000,0.000000,'root');
INSERT INTO ALMACEN_PRODUCTO(ALMACEN_ID,PRODUCTO_ID,CANTIDAD_ACTUAL,PRECIO_VENTA) VALUES (1,699,335,0.000000);

INSERT INTO ALMACEN_PRODUCTO(ALMACEN_ID,PRODUCTO_ID,CANTIDAD_ACTUAL,PRECIO_VENTA) VALUES (2,699,0,0.000000);

INSERT INTO ALMACEN_PRODUCTO(ALMACEN_ID,PRODUCTO_ID,CANTIDAD_ACTUAL,PRECIO_VENTA) VALUES (3,699,335,0.000000);

INSERT INTO ALMACEN_PRODUCTO(ALMACEN_ID,PRODUCTO_ID,CANTIDAD_ACTUAL,PRECIO_VENTA) VALUES (4,699,0,0.000000);

INSERT INTO PROVEEDOR_PRODUCTO(PROVEEDOR_ID,PRODUCTO_ID,PRECIO_COMPRA) VALUES(6,699, 0.000000);

-- ===========PRODUCTO [700]
INSERT INTO PRODUCTO(ID,MARCA_ID,LINEA_ID,NOMBRE,PRESENTACION,CONTENIDO,UNIDADES_POR_CAJA,COSTO,COSTO_VENTA,PRECIO_BASE,UNIDAD_MEDIDA,CODIGO_BARRAS,ABREBIATURA) VALUES(700,17,14,'Palmolive Sachet 2x1 de 10ml','4 Extra Intensivo',48.0,24.0,0.000000,0.000000,0.000000,'Pz','7509546015699','Palm Sh Exib 2X1 24');

INSERT INTO MOVIMIENTO_HISTORICO_PRODUCTO (ALMACEN_ID,PRODUCTO_ID,FECHA,TIPO_MOVIMIENTO_ID,CANTIDAD,COSTO,PRECIO,USUARIO_ID) VALUES(1,700,now(),30,60,0.000000,0.000000,'root');
INSERT INTO ALMACEN_PRODUCTO(ALMACEN_ID,PRODUCTO_ID,CANTIDAD_ACTUAL,PRECIO_VENTA) VALUES (1,700,60,0.000000);

INSERT INTO ALMACEN_PRODUCTO(ALMACEN_ID,PRODUCTO_ID,CANTIDAD_ACTUAL,PRECIO_VENTA) VALUES (2,700,0,0.000000);

INSERT INTO ALMACEN_PRODUCTO(ALMACEN_ID,PRODUCTO_ID,CANTIDAD_ACTUAL,PRECIO_VENTA) VALUES (3,700,60,0.000000);

INSERT INTO ALMACEN_PRODUCTO(ALMACEN_ID,PRODUCTO_ID,CANTIDAD_ACTUAL,PRECIO_VENTA) VALUES (4,700,0,0.000000);

INSERT INTO PROVEEDOR_PRODUCTO(PROVEEDOR_ID,PRODUCTO_ID,PRECIO_COMPRA) VALUES(6,700, 0.000000);

-- ===========PRODUCTO [701]
INSERT INTO PRODUCTO(ID,MARCA_ID,LINEA_ID,NOMBRE,PRESENTACION,CONTENIDO,UNIDADES_POR_CAJA,COSTO,COSTO_VENTA,PRECIO_BASE,UNIDAD_MEDIDA,CODIGO_BARRAS,ABREBIATURA) VALUES(701,17,14,'Palmolive Sachet 2 X 1','4 Extra Intensivo',10.0,24.0,0.000000,0.000000,0.000000,'ML','7509546015682','Palm Sh Sach 2X1 10ml');

INSERT INTO MOVIMIENTO_HISTORICO_PRODUCTO (ALMACEN_ID,PRODUCTO_ID,FECHA,TIPO_MOVIMIENTO_ID,CANTIDAD,COSTO,PRECIO,USUARIO_ID) VALUES(1,701,now(),30,114,0.000000,0.000000,'root');
INSERT INTO ALMACEN_PRODUCTO(ALMACEN_ID,PRODUCTO_ID,CANTIDAD_ACTUAL,PRECIO_VENTA) VALUES (1,701,114,0.000000);

INSERT INTO ALMACEN_PRODUCTO(ALMACEN_ID,PRODUCTO_ID,CANTIDAD_ACTUAL,PRECIO_VENTA) VALUES (2,701,0,0.000000);

INSERT INTO ALMACEN_PRODUCTO(ALMACEN_ID,PRODUCTO_ID,CANTIDAD_ACTUAL,PRECIO_VENTA) VALUES (3,701,114,0.000000);

INSERT INTO ALMACEN_PRODUCTO(ALMACEN_ID,PRODUCTO_ID,CANTIDAD_ACTUAL,PRECIO_VENTA) VALUES (4,701,0,0.000000);

INSERT INTO PROVEEDOR_PRODUCTO(PROVEEDOR_ID,PRODUCTO_ID,PRECIO_COMPRA) VALUES(6,701, 0.000000);

-- ===========PRODUCTO [702]
INSERT INTO PRODUCTO(ID,MARCA_ID,LINEA_ID,NOMBRE,PRESENTACION,CONTENIDO,UNIDADES_POR_CAJA,COSTO,COSTO_VENTA,PRECIO_BASE,UNIDAD_MEDIDA,CODIGO_BARRAS,ABREBIATURA) VALUES(702,61,2,'Moco de Gorila Sobre','Galan',10.0,150.0,0.000000,0.000000,0.000000,'G','7501438301699','Moco Gor Sach Gal 10m');

INSERT INTO MOVIMIENTO_HISTORICO_PRODUCTO (ALMACEN_ID,PRODUCTO_ID,FECHA,TIPO_MOVIMIENTO_ID,CANTIDAD,COSTO,PRECIO,USUARIO_ID) VALUES(1,702,now(),30,150,0.000000,0.000000,'root');
INSERT INTO ALMACEN_PRODUCTO(ALMACEN_ID,PRODUCTO_ID,CANTIDAD_ACTUAL,PRECIO_VENTA) VALUES (1,702,150,0.000000);

INSERT INTO ALMACEN_PRODUCTO(ALMACEN_ID,PRODUCTO_ID,CANTIDAD_ACTUAL,PRECIO_VENTA) VALUES (2,702,0,0.000000);

INSERT INTO ALMACEN_PRODUCTO(ALMACEN_ID,PRODUCTO_ID,CANTIDAD_ACTUAL,PRECIO_VENTA) VALUES (3,702,150,0.000000);

INSERT INTO ALMACEN_PRODUCTO(ALMACEN_ID,PRODUCTO_ID,CANTIDAD_ACTUAL,PRECIO_VENTA) VALUES (4,702,0,0.000000);

INSERT INTO PROVEEDOR_PRODUCTO(PROVEEDOR_ID,PRODUCTO_ID,PRECIO_COMPRA) VALUES(22,702, 0.000000);

-- ===========PRODUCTO [703]
INSERT INTO PRODUCTO(ID,MARCA_ID,LINEA_ID,NOMBRE,PRESENTACION,CONTENIDO,UNIDADES_POR_CAJA,COSTO,COSTO_VENTA,PRECIO_BASE,UNIDAD_MEDIDA,CODIGO_BARRAS,ABREBIATURA) VALUES(703,61,2,'Moco de Gorila Sobre','Punk',10.0,150.0,0.000000,0.000000,0.000000,'G','7501438301675','Moco Gor Sac Punk 10m');

INSERT INTO MOVIMIENTO_HISTORICO_PRODUCTO (ALMACEN_ID,PRODUCTO_ID,FECHA,TIPO_MOVIMIENTO_ID,CANTIDAD,COSTO,PRECIO,USUARIO_ID) VALUES(1,703,now(),30,150,0.000000,0.000000,'root');
INSERT INTO ALMACEN_PRODUCTO(ALMACEN_ID,PRODUCTO_ID,CANTIDAD_ACTUAL,PRECIO_VENTA) VALUES (1,703,150,0.000000);

INSERT INTO ALMACEN_PRODUCTO(ALMACEN_ID,PRODUCTO_ID,CANTIDAD_ACTUAL,PRECIO_VENTA) VALUES (2,703,0,0.000000);

INSERT INTO ALMACEN_PRODUCTO(ALMACEN_ID,PRODUCTO_ID,CANTIDAD_ACTUAL,PRECIO_VENTA) VALUES (3,703,150,0.000000);

INSERT INTO ALMACEN_PRODUCTO(ALMACEN_ID,PRODUCTO_ID,CANTIDAD_ACTUAL,PRECIO_VENTA) VALUES (4,703,0,0.000000);

INSERT INTO PROVEEDOR_PRODUCTO(PROVEEDOR_ID,PRODUCTO_ID,PRECIO_COMPRA) VALUES(22,703, 0.000000);

-- ===========PRODUCTO [704]
INSERT INTO PRODUCTO(ID,MARCA_ID,LINEA_ID,NOMBRE,PRESENTACION,CONTENIDO,UNIDADES_POR_CAJA,COSTO,COSTO_VENTA,PRECIO_BASE,UNIDAD_MEDIDA,CODIGO_BARRAS,ABREBIATURA) VALUES(704,54,14,'Real Shampoo','Aceite Oliva',900.0,12.0,0.000000,0.000000,0.000000,'ML','7501039701126','Real Sh Oliva 900ml');

INSERT INTO MOVIMIENTO_HISTORICO_PRODUCTO (ALMACEN_ID,PRODUCTO_ID,FECHA,TIPO_MOVIMIENTO_ID,CANTIDAD,COSTO,PRECIO,USUARIO_ID) VALUES(1,704,now(),30,12,0.000000,0.000000,'root');
INSERT INTO ALMACEN_PRODUCTO(ALMACEN_ID,PRODUCTO_ID,CANTIDAD_ACTUAL,PRECIO_VENTA) VALUES (1,704,12,0.000000);

INSERT INTO ALMACEN_PRODUCTO(ALMACEN_ID,PRODUCTO_ID,CANTIDAD_ACTUAL,PRECIO_VENTA) VALUES (2,704,0,0.000000);

INSERT INTO ALMACEN_PRODUCTO(ALMACEN_ID,PRODUCTO_ID,CANTIDAD_ACTUAL,PRECIO_VENTA) VALUES (3,704,12,0.000000);

INSERT INTO ALMACEN_PRODUCTO(ALMACEN_ID,PRODUCTO_ID,CANTIDAD_ACTUAL,PRECIO_VENTA) VALUES (4,704,0,0.000000);

INSERT INTO PROVEEDOR_PRODUCTO(PROVEEDOR_ID,PRODUCTO_ID,PRECIO_COMPRA) VALUES(26,704, 0.000000);

-- ===========PRODUCTO [705]
INSERT INTO PRODUCTO(ID,MARCA_ID,LINEA_ID,NOMBRE,PRESENTACION,CONTENIDO,UNIDADES_POR_CAJA,COSTO,COSTO_VENTA,PRECIO_BASE,UNIDAD_MEDIDA,CODIGO_BARRAS,ABREBIATURA) VALUES(705,54,14,'Real Shampoo','Sabila',900.0,12.0,0.000000,0.000000,0.000000,'ML','7501039701119','Real Sh Sabila 900ml');

INSERT INTO MOVIMIENTO_HISTORICO_PRODUCTO (ALMACEN_ID,PRODUCTO_ID,FECHA,TIPO_MOVIMIENTO_ID,CANTIDAD,COSTO,PRECIO,USUARIO_ID) VALUES(1,705,now(),30,12,0.000000,0.000000,'root');
INSERT INTO ALMACEN_PRODUCTO(ALMACEN_ID,PRODUCTO_ID,CANTIDAD_ACTUAL,PRECIO_VENTA) VALUES (1,705,12,0.000000);

INSERT INTO ALMACEN_PRODUCTO(ALMACEN_ID,PRODUCTO_ID,CANTIDAD_ACTUAL,PRECIO_VENTA) VALUES (2,705,0,0.000000);

INSERT INTO ALMACEN_PRODUCTO(ALMACEN_ID,PRODUCTO_ID,CANTIDAD_ACTUAL,PRECIO_VENTA) VALUES (3,705,12,0.000000);

INSERT INTO ALMACEN_PRODUCTO(ALMACEN_ID,PRODUCTO_ID,CANTIDAD_ACTUAL,PRECIO_VENTA) VALUES (4,705,0,0.000000);

INSERT INTO PROVEEDOR_PRODUCTO(PROVEEDOR_ID,PRODUCTO_ID,PRECIO_COMPRA) VALUES(26,705, 0.000000);

-- ===========PRODUCTO [706]
INSERT INTO PRODUCTO(ID,MARCA_ID,LINEA_ID,NOMBRE,PRESENTACION,CONTENIDO,UNIDADES_POR_CAJA,COSTO,COSTO_VENTA,PRECIO_BASE,UNIDAD_MEDIDA,CODIGO_BARRAS,ABREBIATURA) VALUES(706,54,14,'Real Shampoo','Huevo',900.0,12.0,0.000000,0.000000,0.000000,'ML','7501039701089','Real Sh Huevo 900ml');

INSERT INTO MOVIMIENTO_HISTORICO_PRODUCTO (ALMACEN_ID,PRODUCTO_ID,FECHA,TIPO_MOVIMIENTO_ID,CANTIDAD,COSTO,PRECIO,USUARIO_ID) VALUES(1,706,now(),30,12,0.000000,0.000000,'root');
INSERT INTO ALMACEN_PRODUCTO(ALMACEN_ID,PRODUCTO_ID,CANTIDAD_ACTUAL,PRECIO_VENTA) VALUES (1,706,12,0.000000);

INSERT INTO ALMACEN_PRODUCTO(ALMACEN_ID,PRODUCTO_ID,CANTIDAD_ACTUAL,PRECIO_VENTA) VALUES (2,706,0,0.000000);

INSERT INTO ALMACEN_PRODUCTO(ALMACEN_ID,PRODUCTO_ID,CANTIDAD_ACTUAL,PRECIO_VENTA) VALUES (3,706,12,0.000000);

INSERT INTO ALMACEN_PRODUCTO(ALMACEN_ID,PRODUCTO_ID,CANTIDAD_ACTUAL,PRECIO_VENTA) VALUES (4,706,0,0.000000);

INSERT INTO PROVEEDOR_PRODUCTO(PROVEEDOR_ID,PRODUCTO_ID,PRECIO_COMPRA) VALUES(26,706, 0.000000);

-- ===========PRODUCTO [707]
INSERT INTO PRODUCTO(ID,MARCA_ID,LINEA_ID,NOMBRE,PRESENTACION,CONTENIDO,UNIDADES_POR_CAJA,COSTO,COSTO_VENTA,PRECIO_BASE,UNIDAD_MEDIDA,CODIGO_BARRAS,ABREBIATURA) VALUES(707,54,14,'Real Shampoo','Trigo y Miel',900.0,12.0,0.000000,0.000000,0.000000,'ML','7501039701096','Real Sh Trig Mie 900ml');

INSERT INTO MOVIMIENTO_HISTORICO_PRODUCTO (ALMACEN_ID,PRODUCTO_ID,FECHA,TIPO_MOVIMIENTO_ID,CANTIDAD,COSTO,PRECIO,USUARIO_ID) VALUES(1,707,now(),30,24,0.000000,0.000000,'root');
INSERT INTO ALMACEN_PRODUCTO(ALMACEN_ID,PRODUCTO_ID,CANTIDAD_ACTUAL,PRECIO_VENTA) VALUES (1,707,24,0.000000);

INSERT INTO ALMACEN_PRODUCTO(ALMACEN_ID,PRODUCTO_ID,CANTIDAD_ACTUAL,PRECIO_VENTA) VALUES (2,707,0,0.000000);

INSERT INTO ALMACEN_PRODUCTO(ALMACEN_ID,PRODUCTO_ID,CANTIDAD_ACTUAL,PRECIO_VENTA) VALUES (3,707,24,0.000000);

INSERT INTO ALMACEN_PRODUCTO(ALMACEN_ID,PRODUCTO_ID,CANTIDAD_ACTUAL,PRECIO_VENTA) VALUES (4,707,0,0.000000);

INSERT INTO PROVEEDOR_PRODUCTO(PROVEEDOR_ID,PRODUCTO_ID,PRECIO_COMPRA) VALUES(26,707, 0.000000);

-- ===========PRODUCTO [708]
INSERT INTO PRODUCTO(ID,MARCA_ID,LINEA_ID,NOMBRE,PRESENTACION,CONTENIDO,UNIDADES_POR_CAJA,COSTO,COSTO_VENTA,PRECIO_BASE,UNIDAD_MEDIDA,CODIGO_BARRAS,ABREBIATURA) VALUES(708,54,14,'Real Shampoo','Jojoba',900.0,12.0,0.000000,0.000000,0.000000,'ML','7501039701218','Real Sh Jojoba 900ml');

INSERT INTO MOVIMIENTO_HISTORICO_PRODUCTO (ALMACEN_ID,PRODUCTO_ID,FECHA,TIPO_MOVIMIENTO_ID,CANTIDAD,COSTO,PRECIO,USUARIO_ID) VALUES(1,708,now(),30,12,0.000000,0.000000,'root');
INSERT INTO ALMACEN_PRODUCTO(ALMACEN_ID,PRODUCTO_ID,CANTIDAD_ACTUAL,PRECIO_VENTA) VALUES (1,708,12,0.000000);

INSERT INTO ALMACEN_PRODUCTO(ALMACEN_ID,PRODUCTO_ID,CANTIDAD_ACTUAL,PRECIO_VENTA) VALUES (2,708,0,0.000000);

INSERT INTO ALMACEN_PRODUCTO(ALMACEN_ID,PRODUCTO_ID,CANTIDAD_ACTUAL,PRECIO_VENTA) VALUES (3,708,12,0.000000);

INSERT INTO ALMACEN_PRODUCTO(ALMACEN_ID,PRODUCTO_ID,CANTIDAD_ACTUAL,PRECIO_VENTA) VALUES (4,708,0,0.000000);

INSERT INTO PROVEEDOR_PRODUCTO(PROVEEDOR_ID,PRODUCTO_ID,PRECIO_COMPRA) VALUES(26,708, 0.000000);

-- ===========PRODUCTO [709]
INSERT INTO PRODUCTO(ID,MARCA_ID,LINEA_ID,NOMBRE,PRESENTACION,CONTENIDO,UNIDADES_POR_CAJA,COSTO,COSTO_VENTA,PRECIO_BASE,UNIDAD_MEDIDA,CODIGO_BARRAS,ABREBIATURA) VALUES(709,54,14,'Real Shampoo','Manzanilla',900.0,12.0,0.000000,0.000000,0.000000,'ML','7501039701133','Real Sh Manza 900ml');

INSERT INTO MOVIMIENTO_HISTORICO_PRODUCTO (ALMACEN_ID,PRODUCTO_ID,FECHA,TIPO_MOVIMIENTO_ID,CANTIDAD,COSTO,PRECIO,USUARIO_ID) VALUES(1,709,now(),30,12,0.000000,0.000000,'root');
INSERT INTO ALMACEN_PRODUCTO(ALMACEN_ID,PRODUCTO_ID,CANTIDAD_ACTUAL,PRECIO_VENTA) VALUES (1,709,12,0.000000);

INSERT INTO ALMACEN_PRODUCTO(ALMACEN_ID,PRODUCTO_ID,CANTIDAD_ACTUAL,PRECIO_VENTA) VALUES (2,709,0,0.000000);

INSERT INTO ALMACEN_PRODUCTO(ALMACEN_ID,PRODUCTO_ID,CANTIDAD_ACTUAL,PRECIO_VENTA) VALUES (3,709,12,0.000000);

INSERT INTO ALMACEN_PRODUCTO(ALMACEN_ID,PRODUCTO_ID,CANTIDAD_ACTUAL,PRECIO_VENTA) VALUES (4,709,0,0.000000);

INSERT INTO PROVEEDOR_PRODUCTO(PROVEEDOR_ID,PRODUCTO_ID,PRECIO_COMPRA) VALUES(26,709, 0.000000);

-- ===========PRODUCTO [710]
INSERT INTO PRODUCTO(ID,MARCA_ID,LINEA_ID,NOMBRE,PRESENTACION,CONTENIDO,UNIDADES_POR_CAJA,COSTO,COSTO_VENTA,PRECIO_BASE,UNIDAD_MEDIDA,CODIGO_BARRAS,ABREBIATURA) VALUES(710,54,14,'Real Shampoo','Crematizado',900.0,12.0,0.000000,0.000000,0.000000,'ML','7501039701072','Real Sh Cremat 900ml');

INSERT INTO MOVIMIENTO_HISTORICO_PRODUCTO (ALMACEN_ID,PRODUCTO_ID,FECHA,TIPO_MOVIMIENTO_ID,CANTIDAD,COSTO,PRECIO,USUARIO_ID) VALUES(1,710,now(),30,12,0.000000,0.000000,'root');
INSERT INTO ALMACEN_PRODUCTO(ALMACEN_ID,PRODUCTO_ID,CANTIDAD_ACTUAL,PRECIO_VENTA) VALUES (1,710,12,0.000000);

INSERT INTO ALMACEN_PRODUCTO(ALMACEN_ID,PRODUCTO_ID,CANTIDAD_ACTUAL,PRECIO_VENTA) VALUES (2,710,0,0.000000);

INSERT INTO ALMACEN_PRODUCTO(ALMACEN_ID,PRODUCTO_ID,CANTIDAD_ACTUAL,PRECIO_VENTA) VALUES (3,710,12,0.000000);

INSERT INTO ALMACEN_PRODUCTO(ALMACEN_ID,PRODUCTO_ID,CANTIDAD_ACTUAL,PRECIO_VENTA) VALUES (4,710,0,0.000000);

INSERT INTO PROVEEDOR_PRODUCTO(PROVEEDOR_ID,PRODUCTO_ID,PRECIO_COMPRA) VALUES(26,710, 0.000000);

-- ===========PRODUCTO [711]
INSERT INTO PRODUCTO(ID,MARCA_ID,LINEA_ID,NOMBRE,PRESENTACION,CONTENIDO,UNIDADES_POR_CAJA,COSTO,COSTO_VENTA,PRECIO_BASE,UNIDAD_MEDIDA,CODIGO_BARRAS,ABREBIATURA) VALUES(711,54,14,'Real Shampoo','Herbal',900.0,12.0,0.000000,0.000000,0.000000,'ML','7501039701140','Real Sh Herbal 900ml');

INSERT INTO MOVIMIENTO_HISTORICO_PRODUCTO (ALMACEN_ID,PRODUCTO_ID,FECHA,TIPO_MOVIMIENTO_ID,CANTIDAD,COSTO,PRECIO,USUARIO_ID) VALUES(1,711,now(),30,12,0.000000,0.000000,'root');
INSERT INTO ALMACEN_PRODUCTO(ALMACEN_ID,PRODUCTO_ID,CANTIDAD_ACTUAL,PRECIO_VENTA) VALUES (1,711,12,0.000000);

INSERT INTO ALMACEN_PRODUCTO(ALMACEN_ID,PRODUCTO_ID,CANTIDAD_ACTUAL,PRECIO_VENTA) VALUES (2,711,3,0.000000);

INSERT INTO ALMACEN_PRODUCTO(ALMACEN_ID,PRODUCTO_ID,CANTIDAD_ACTUAL,PRECIO_VENTA) VALUES (3,711,12,0.000000);

INSERT INTO ALMACEN_PRODUCTO(ALMACEN_ID,PRODUCTO_ID,CANTIDAD_ACTUAL,PRECIO_VENTA) VALUES (4,711,3,0.000000);

INSERT INTO PROVEEDOR_PRODUCTO(PROVEEDOR_ID,PRODUCTO_ID,PRECIO_COMPRA) VALUES(26,711, 0.000000);

-- ===========PRODUCTO [712]
INSERT INTO PRODUCTO(ID,MARCA_ID,LINEA_ID,NOMBRE,PRESENTACION,CONTENIDO,UNIDADES_POR_CAJA,COSTO,COSTO_VENTA,PRECIO_BASE,UNIDAD_MEDIDA,CODIGO_BARRAS,ABREBIATURA) VALUES(712,69,9,'Axion Detergente Polvo','Limon',250.0,48.0,3.455460,3.455460,4.810000,'G','7509546018911','Axion Deterg Lim 250g');

INSERT INTO MOVIMIENTO_HISTORICO_PRODUCTO (ALMACEN_ID,PRODUCTO_ID,FECHA,TIPO_MOVIMIENTO_ID,CANTIDAD,COSTO,PRECIO,USUARIO_ID) VALUES(1,712,now(),30,50,3.455460,4.810000,'root');
INSERT INTO ALMACEN_PRODUCTO(ALMACEN_ID,PRODUCTO_ID,CANTIDAD_ACTUAL,PRECIO_VENTA) VALUES (1,712,50,4.810000);

INSERT INTO ALMACEN_PRODUCTO(ALMACEN_ID,PRODUCTO_ID,CANTIDAD_ACTUAL,PRECIO_VENTA) VALUES (2,712,0,0.000000);

INSERT INTO ALMACEN_PRODUCTO(ALMACEN_ID,PRODUCTO_ID,CANTIDAD_ACTUAL,PRECIO_VENTA) VALUES (3,712,50,4.900000);

INSERT INTO ALMACEN_PRODUCTO(ALMACEN_ID,PRODUCTO_ID,CANTIDAD_ACTUAL,PRECIO_VENTA) VALUES (4,712,0,0.000000);

INSERT INTO PROVEEDOR_PRODUCTO(PROVEEDOR_ID,PRODUCTO_ID,PRECIO_COMPRA) VALUES(6,712, 3.455460);

-- ===========PRODUCTO [713]
INSERT INTO PRODUCTO(ID,MARCA_ID,LINEA_ID,NOMBRE,PRESENTACION,CONTENIDO,UNIDADES_POR_CAJA,COSTO,COSTO_VENTA,PRECIO_BASE,UNIDAD_MEDIDA,CODIGO_BARRAS,ABREBIATURA) VALUES(713,69,9,'Axion Detergente en Polvo','Limon Arrancagrasa',500.0,24.0,6.099138,6.099138,8.490000,'G','7509546018928','Axion Deterg Lim 500g');

INSERT INTO MOVIMIENTO_HISTORICO_PRODUCTO (ALMACEN_ID,PRODUCTO_ID,FECHA,TIPO_MOVIMIENTO_ID,CANTIDAD,COSTO,PRECIO,USUARIO_ID) VALUES(1,713,now(),30,30,6.099138,8.490000,'root');
INSERT INTO ALMACEN_PRODUCTO(ALMACEN_ID,PRODUCTO_ID,CANTIDAD_ACTUAL,PRECIO_VENTA) VALUES (1,713,30,8.490000);

INSERT INTO ALMACEN_PRODUCTO(ALMACEN_ID,PRODUCTO_ID,CANTIDAD_ACTUAL,PRECIO_VENTA) VALUES (2,713,0,0.000000);

INSERT INTO ALMACEN_PRODUCTO(ALMACEN_ID,PRODUCTO_ID,CANTIDAD_ACTUAL,PRECIO_VENTA) VALUES (3,713,30,9.500000);

INSERT INTO ALMACEN_PRODUCTO(ALMACEN_ID,PRODUCTO_ID,CANTIDAD_ACTUAL,PRECIO_VENTA) VALUES (4,713,0,0.000000);

INSERT INTO PROVEEDOR_PRODUCTO(PROVEEDOR_ID,PRODUCTO_ID,PRECIO_COMPRA) VALUES(6,713, 6.099138);

-- ===========PRODUCTO [714]
INSERT INTO PRODUCTO(ID,MARCA_ID,LINEA_ID,NOMBRE,PRESENTACION,CONTENIDO,UNIDADES_POR_CAJA,COSTO,COSTO_VENTA,PRECIO_BASE,UNIDAD_MEDIDA,CODIGO_BARRAS,ABREBIATURA) VALUES(714,69,9,'Axion Detergente Polvo','Lima Limon',500.0,24.0,6.099138,6.099138,8.490000,'G','7509546018966','Axion Det Lim-Lim 500g');

INSERT INTO MOVIMIENTO_HISTORICO_PRODUCTO (ALMACEN_ID,PRODUCTO_ID,FECHA,TIPO_MOVIMIENTO_ID,CANTIDAD,COSTO,PRECIO,USUARIO_ID) VALUES(1,714,now(),30,30,6.099138,8.490000,'root');
INSERT INTO ALMACEN_PRODUCTO(ALMACEN_ID,PRODUCTO_ID,CANTIDAD_ACTUAL,PRECIO_VENTA) VALUES (1,714,30,8.490000);

INSERT INTO ALMACEN_PRODUCTO(ALMACEN_ID,PRODUCTO_ID,CANTIDAD_ACTUAL,PRECIO_VENTA) VALUES (2,714,0,0.000000);

INSERT INTO ALMACEN_PRODUCTO(ALMACEN_ID,PRODUCTO_ID,CANTIDAD_ACTUAL,PRECIO_VENTA) VALUES (3,714,30,9.500000);

INSERT INTO ALMACEN_PRODUCTO(ALMACEN_ID,PRODUCTO_ID,CANTIDAD_ACTUAL,PRECIO_VENTA) VALUES (4,714,0,0.000000);

INSERT INTO PROVEEDOR_PRODUCTO(PROVEEDOR_ID,PRODUCTO_ID,PRECIO_COMPRA) VALUES(6,714, 6.099138);

-- ===========PRODUCTO [715]
INSERT INTO PRODUCTO(ID,MARCA_ID,LINEA_ID,NOMBRE,PRESENTACION,CONTENIDO,UNIDADES_POR_CAJA,COSTO,COSTO_VENTA,PRECIO_BASE,UNIDAD_MEDIDA,CODIGO_BARRAS,ABREBIATURA) VALUES(715,69,9,'Axion Detergente Polvo','Limon',900.0,14.0,11.084770,11.084770,15.430000,'G','7509546018935','Axion Deterg Lim 900g');

INSERT INTO MOVIMIENTO_HISTORICO_PRODUCTO (ALMACEN_ID,PRODUCTO_ID,FECHA,TIPO_MOVIMIENTO_ID,CANTIDAD,COSTO,PRECIO,USUARIO_ID) VALUES(1,715,now(),30,18,11.084770,15.430000,'root');
INSERT INTO ALMACEN_PRODUCTO(ALMACEN_ID,PRODUCTO_ID,CANTIDAD_ACTUAL,PRECIO_VENTA) VALUES (1,715,18,15.430000);

INSERT INTO ALMACEN_PRODUCTO(ALMACEN_ID,PRODUCTO_ID,CANTIDAD_ACTUAL,PRECIO_VENTA) VALUES (2,715,0,0.000000);

INSERT INTO ALMACEN_PRODUCTO(ALMACEN_ID,PRODUCTO_ID,CANTIDAD_ACTUAL,PRECIO_VENTA) VALUES (3,715,18,18.500000);

INSERT INTO ALMACEN_PRODUCTO(ALMACEN_ID,PRODUCTO_ID,CANTIDAD_ACTUAL,PRECIO_VENTA) VALUES (4,715,0,0.000000);

INSERT INTO PROVEEDOR_PRODUCTO(PROVEEDOR_ID,PRODUCTO_ID,PRECIO_COMPRA) VALUES(6,715, 11.084770);

-- ===========PRODUCTO [716]
INSERT INTO PRODUCTO(ID,MARCA_ID,LINEA_ID,NOMBRE,PRESENTACION,CONTENIDO,UNIDADES_POR_CAJA,COSTO,COSTO_VENTA,PRECIO_BASE,UNIDAD_MEDIDA,CODIGO_BARRAS,ABREBIATURA) VALUES(716,69,9,'Axion Detergente Polvo','Lima Limon',900.0,14.0,11.084770,11.084770,15.430000,'G','7509546018973','Axion Det Lim-Lim 900g');

INSERT INTO MOVIMIENTO_HISTORICO_PRODUCTO (ALMACEN_ID,PRODUCTO_ID,FECHA,TIPO_MOVIMIENTO_ID,CANTIDAD,COSTO,PRECIO,USUARIO_ID) VALUES(1,716,now(),30,18,11.084770,15.430000,'root');
INSERT INTO ALMACEN_PRODUCTO(ALMACEN_ID,PRODUCTO_ID,CANTIDAD_ACTUAL,PRECIO_VENTA) VALUES (1,716,18,15.430000);

INSERT INTO ALMACEN_PRODUCTO(ALMACEN_ID,PRODUCTO_ID,CANTIDAD_ACTUAL,PRECIO_VENTA) VALUES (2,716,0,0.000000);

INSERT INTO ALMACEN_PRODUCTO(ALMACEN_ID,PRODUCTO_ID,CANTIDAD_ACTUAL,PRECIO_VENTA) VALUES (3,716,18,18.500000);

INSERT INTO ALMACEN_PRODUCTO(ALMACEN_ID,PRODUCTO_ID,CANTIDAD_ACTUAL,PRECIO_VENTA) VALUES (4,716,0,0.000000);

INSERT INTO PROVEEDOR_PRODUCTO(PROVEEDOR_ID,PRODUCTO_ID,PRECIO_COMPRA) VALUES(6,716, 11.084770);

-- ===========PRODUCTO [717]
INSERT INTO PRODUCTO(ID,MARCA_ID,LINEA_ID,NOMBRE,PRESENTACION,CONTENIDO,UNIDADES_POR_CAJA,COSTO,COSTO_VENTA,PRECIO_BASE,UNIDAD_MEDIDA,CODIGO_BARRAS,ABREBIATURA) VALUES(717,69,9,'Axion Detergente Polvo','Tricloro',900.0,14.0,11.084770,11.084770,15.430000,'G','7509546018522','Axion Det Triclor 900g');

INSERT INTO MOVIMIENTO_HISTORICO_PRODUCTO (ALMACEN_ID,PRODUCTO_ID,FECHA,TIPO_MOVIMIENTO_ID,CANTIDAD,COSTO,PRECIO,USUARIO_ID) VALUES(1,717,now(),30,18,11.084770,15.430000,'root');
INSERT INTO ALMACEN_PRODUCTO(ALMACEN_ID,PRODUCTO_ID,CANTIDAD_ACTUAL,PRECIO_VENTA) VALUES (1,717,18,15.430000);

INSERT INTO ALMACEN_PRODUCTO(ALMACEN_ID,PRODUCTO_ID,CANTIDAD_ACTUAL,PRECIO_VENTA) VALUES (2,717,0,0.000000);

INSERT INTO ALMACEN_PRODUCTO(ALMACEN_ID,PRODUCTO_ID,CANTIDAD_ACTUAL,PRECIO_VENTA) VALUES (3,717,18,18.500000);

INSERT INTO ALMACEN_PRODUCTO(ALMACEN_ID,PRODUCTO_ID,CANTIDAD_ACTUAL,PRECIO_VENTA) VALUES (4,717,0,0.000000);

INSERT INTO PROVEEDOR_PRODUCTO(PROVEEDOR_ID,PRODUCTO_ID,PRECIO_COMPRA) VALUES(6,717, 11.084770);

-- ===========PRODUCTO [718]
INSERT INTO PRODUCTO(ID,MARCA_ID,LINEA_ID,NOMBRE,PRESENTACION,CONTENIDO,UNIDADES_POR_CAJA,COSTO,COSTO_VENTA,PRECIO_BASE,UNIDAD_MEDIDA,CODIGO_BARRAS,ABREBIATURA) VALUES(718,69,9,'Axion Detergente Polvo','Limon',1.0,12.0,12.176724,12.176724,16.950000,'KG','7509546018478','Axion Deterg Lim 1Kg');

INSERT INTO MOVIMIENTO_HISTORICO_PRODUCTO (ALMACEN_ID,PRODUCTO_ID,FECHA,TIPO_MOVIMIENTO_ID,CANTIDAD,COSTO,PRECIO,USUARIO_ID) VALUES(1,718,now(),30,18,12.176724,16.950000,'root');
INSERT INTO ALMACEN_PRODUCTO(ALMACEN_ID,PRODUCTO_ID,CANTIDAD_ACTUAL,PRECIO_VENTA) VALUES (1,718,18,16.950000);

INSERT INTO ALMACEN_PRODUCTO(ALMACEN_ID,PRODUCTO_ID,CANTIDAD_ACTUAL,PRECIO_VENTA) VALUES (2,718,0,0.000000);

INSERT INTO ALMACEN_PRODUCTO(ALMACEN_ID,PRODUCTO_ID,CANTIDAD_ACTUAL,PRECIO_VENTA) VALUES (3,718,18,18.900000);

INSERT INTO ALMACEN_PRODUCTO(ALMACEN_ID,PRODUCTO_ID,CANTIDAD_ACTUAL,PRECIO_VENTA) VALUES (4,718,0,0.000000);

INSERT INTO PROVEEDOR_PRODUCTO(PROVEEDOR_ID,PRODUCTO_ID,PRECIO_COMPRA) VALUES(6,718, 12.176724);

-- ===========PRODUCTO [719]
INSERT INTO PRODUCTO(ID,MARCA_ID,LINEA_ID,NOMBRE,PRESENTACION,CONTENIDO,UNIDADES_POR_CAJA,COSTO,COSTO_VENTA,PRECIO_BASE,UNIDAD_MEDIDA,CODIGO_BARRAS,ABREBIATURA) VALUES(719,69,9,'Axion Detergente Polvo','Limon',2.0,6.0,24.561782,24.561782,34.190000,'KG','7509546018942','Axion Deterg Lim 2Kg');

INSERT INTO MOVIMIENTO_HISTORICO_PRODUCTO (ALMACEN_ID,PRODUCTO_ID,FECHA,TIPO_MOVIMIENTO_ID,CANTIDAD,COSTO,PRECIO,USUARIO_ID) VALUES(1,719,now(),30,10,24.561782,34.190000,'root');
INSERT INTO ALMACEN_PRODUCTO(ALMACEN_ID,PRODUCTO_ID,CANTIDAD_ACTUAL,PRECIO_VENTA) VALUES (1,719,10,34.190000);

INSERT INTO ALMACEN_PRODUCTO(ALMACEN_ID,PRODUCTO_ID,CANTIDAD_ACTUAL,PRECIO_VENTA) VALUES (2,719,0,0.000000);

INSERT INTO ALMACEN_PRODUCTO(ALMACEN_ID,PRODUCTO_ID,CANTIDAD_ACTUAL,PRECIO_VENTA) VALUES (3,719,10,32.900000);

INSERT INTO ALMACEN_PRODUCTO(ALMACEN_ID,PRODUCTO_ID,CANTIDAD_ACTUAL,PRECIO_VENTA) VALUES (4,719,0,0.000000);

INSERT INTO PROVEEDOR_PRODUCTO(PROVEEDOR_ID,PRODUCTO_ID,PRECIO_COMPRA) VALUES(6,719, 24.561782);

-- ===========PRODUCTO [720]
INSERT INTO PRODUCTO(ID,MARCA_ID,LINEA_ID,NOMBRE,PRESENTACION,CONTENIDO,UNIDADES_POR_CAJA,COSTO,COSTO_VENTA,PRECIO_BASE,UNIDAD_MEDIDA,CODIGO_BARRAS,ABREBIATURA) VALUES(720,73,12,'Blumen Jabon Antibacterial Refill','Ocean Beauty',900.0,12.0,16.738506,16.738506,23.300000,'ML','7503007859532','Blum Jab Ocean 900m');

INSERT INTO MOVIMIENTO_HISTORICO_PRODUCTO (ALMACEN_ID,PRODUCTO_ID,FECHA,TIPO_MOVIMIENTO_ID,CANTIDAD,COSTO,PRECIO,USUARIO_ID) VALUES(1,720,now(),30,12,16.738506,23.300000,'root');
INSERT INTO ALMACEN_PRODUCTO(ALMACEN_ID,PRODUCTO_ID,CANTIDAD_ACTUAL,PRECIO_VENTA) VALUES (1,720,12,23.300000);

INSERT INTO ALMACEN_PRODUCTO(ALMACEN_ID,PRODUCTO_ID,CANTIDAD_ACTUAL,PRECIO_VENTA) VALUES (2,720,0,0.000000);

INSERT INTO ALMACEN_PRODUCTO(ALMACEN_ID,PRODUCTO_ID,CANTIDAD_ACTUAL,PRECIO_VENTA) VALUES (3,720,12,24.900000);

INSERT INTO ALMACEN_PRODUCTO(ALMACEN_ID,PRODUCTO_ID,CANTIDAD_ACTUAL,PRECIO_VENTA) VALUES (4,720,0,0.000000);

INSERT INTO PROVEEDOR_PRODUCTO(PROVEEDOR_ID,PRODUCTO_ID,PRECIO_COMPRA) VALUES(1,720, 16.738506);

-- ===========PRODUCTO [721]
INSERT INTO PRODUCTO(ID,MARCA_ID,LINEA_ID,NOMBRE,PRESENTACION,CONTENIDO,UNIDADES_POR_CAJA,COSTO,COSTO_VENTA,PRECIO_BASE,UNIDAD_MEDIDA,CODIGO_BARRAS,ABREBIATURA) VALUES(721,73,12,'Blumen Jabon Antibacterial Refill','Kiwi',900.0,12.0,16.738506,16.738506,23.300000,'ML','7503007859525','Blum Jab Kiwi 900m');

INSERT INTO MOVIMIENTO_HISTORICO_PRODUCTO (ALMACEN_ID,PRODUCTO_ID,FECHA,TIPO_MOVIMIENTO_ID,CANTIDAD,COSTO,PRECIO,USUARIO_ID) VALUES(1,721,now(),30,12,16.738506,23.300000,'root');
INSERT INTO ALMACEN_PRODUCTO(ALMACEN_ID,PRODUCTO_ID,CANTIDAD_ACTUAL,PRECIO_VENTA) VALUES (1,721,12,23.300000);

INSERT INTO ALMACEN_PRODUCTO(ALMACEN_ID,PRODUCTO_ID,CANTIDAD_ACTUAL,PRECIO_VENTA) VALUES (2,721,0,0.000000);

INSERT INTO ALMACEN_PRODUCTO(ALMACEN_ID,PRODUCTO_ID,CANTIDAD_ACTUAL,PRECIO_VENTA) VALUES (3,721,12,24.900000);

INSERT INTO ALMACEN_PRODUCTO(ALMACEN_ID,PRODUCTO_ID,CANTIDAD_ACTUAL,PRECIO_VENTA) VALUES (4,721,0,0.000000);

INSERT INTO PROVEEDOR_PRODUCTO(PROVEEDOR_ID,PRODUCTO_ID,PRECIO_COMPRA) VALUES(1,721, 16.738506);

-- ===========PRODUCTO [722]
INSERT INTO PRODUCTO(ID,MARCA_ID,LINEA_ID,NOMBRE,PRESENTACION,CONTENIDO,UNIDADES_POR_CAJA,COSTO,COSTO_VENTA,PRECIO_BASE,UNIDAD_MEDIDA,CODIGO_BARRAS,ABREBIATURA) VALUES(722,73,12,'Blumen Jabon Antibacterial Refill','Cherry',900.0,12.0,16.738506,16.738506,23.300000,'ML','7503007859587','Blum Jab Cherry 900m');

INSERT INTO MOVIMIENTO_HISTORICO_PRODUCTO (ALMACEN_ID,PRODUCTO_ID,FECHA,TIPO_MOVIMIENTO_ID,CANTIDAD,COSTO,PRECIO,USUARIO_ID) VALUES(1,722,now(),30,12,16.738506,23.300000,'root');
INSERT INTO ALMACEN_PRODUCTO(ALMACEN_ID,PRODUCTO_ID,CANTIDAD_ACTUAL,PRECIO_VENTA) VALUES (1,722,12,23.300000);

INSERT INTO ALMACEN_PRODUCTO(ALMACEN_ID,PRODUCTO_ID,CANTIDAD_ACTUAL,PRECIO_VENTA) VALUES (2,722,0,0.000000);

INSERT INTO ALMACEN_PRODUCTO(ALMACEN_ID,PRODUCTO_ID,CANTIDAD_ACTUAL,PRECIO_VENTA) VALUES (3,722,12,24.900000);

INSERT INTO ALMACEN_PRODUCTO(ALMACEN_ID,PRODUCTO_ID,CANTIDAD_ACTUAL,PRECIO_VENTA) VALUES (4,722,0,0.000000);

INSERT INTO PROVEEDOR_PRODUCTO(PROVEEDOR_ID,PRODUCTO_ID,PRECIO_COMPRA) VALUES(1,722, 16.738506);

-- ===========PRODUCTO [723]
INSERT INTO PRODUCTO(ID,MARCA_ID,LINEA_ID,NOMBRE,PRESENTACION,CONTENIDO,UNIDADES_POR_CAJA,COSTO,COSTO_VENTA,PRECIO_BASE,UNIDAD_MEDIDA,CODIGO_BARRAS,ABREBIATURA) VALUES(723,73,12,'Blumen Jabon Antibacterial Refill','Coco',900.0,12.0,16.738506,16.738506,23.300000,'ML','7503007859594','Blum Jab Coco 900ml');

INSERT INTO MOVIMIENTO_HISTORICO_PRODUCTO (ALMACEN_ID,PRODUCTO_ID,FECHA,TIPO_MOVIMIENTO_ID,CANTIDAD,COSTO,PRECIO,USUARIO_ID) VALUES(1,723,now(),30,6,16.738506,23.300000,'root');
INSERT INTO ALMACEN_PRODUCTO(ALMACEN_ID,PRODUCTO_ID,CANTIDAD_ACTUAL,PRECIO_VENTA) VALUES (1,723,6,23.300000);

INSERT INTO ALMACEN_PRODUCTO(ALMACEN_ID,PRODUCTO_ID,CANTIDAD_ACTUAL,PRECIO_VENTA) VALUES (2,723,0,0.000000);

INSERT INTO ALMACEN_PRODUCTO(ALMACEN_ID,PRODUCTO_ID,CANTIDAD_ACTUAL,PRECIO_VENTA) VALUES (3,723,6,24.900000);

INSERT INTO ALMACEN_PRODUCTO(ALMACEN_ID,PRODUCTO_ID,CANTIDAD_ACTUAL,PRECIO_VENTA) VALUES (4,723,0,0.000000);

INSERT INTO PROVEEDOR_PRODUCTO(PROVEEDOR_ID,PRODUCTO_ID,PRECIO_COMPRA) VALUES(1,723, 16.738506);

-- ===========PRODUCTO [724]
INSERT INTO PRODUCTO(ID,MARCA_ID,LINEA_ID,NOMBRE,PRESENTACION,CONTENIDO,UNIDADES_POR_CAJA,COSTO,COSTO_VENTA,PRECIO_BASE,UNIDAD_MEDIDA,CODIGO_BARRAS,ABREBIATURA) VALUES(724,73,12,'Blumen Jabon Antibacterial Refill','Neutro',900.0,12.0,16.738506,16.738506,23.300000,'ML','7503007859815','Blum Jab Neutro 900m');

INSERT INTO MOVIMIENTO_HISTORICO_PRODUCTO (ALMACEN_ID,PRODUCTO_ID,FECHA,TIPO_MOVIMIENTO_ID,CANTIDAD,COSTO,PRECIO,USUARIO_ID) VALUES(1,724,now(),30,3,16.738506,23.300000,'root');
INSERT INTO ALMACEN_PRODUCTO(ALMACEN_ID,PRODUCTO_ID,CANTIDAD_ACTUAL,PRECIO_VENTA) VALUES (1,724,3,23.300000);

INSERT INTO ALMACEN_PRODUCTO(ALMACEN_ID,PRODUCTO_ID,CANTIDAD_ACTUAL,PRECIO_VENTA) VALUES (2,724,0,0.000000);

INSERT INTO ALMACEN_PRODUCTO(ALMACEN_ID,PRODUCTO_ID,CANTIDAD_ACTUAL,PRECIO_VENTA) VALUES (3,724,3,24.900000);

INSERT INTO ALMACEN_PRODUCTO(ALMACEN_ID,PRODUCTO_ID,CANTIDAD_ACTUAL,PRECIO_VENTA) VALUES (4,724,0,0.000000);

INSERT INTO PROVEEDOR_PRODUCTO(PROVEEDOR_ID,PRODUCTO_ID,PRECIO_COMPRA) VALUES(1,724, 16.738506);

-- ===========PRODUCTO [725]
INSERT INTO PRODUCTO(ID,MARCA_ID,LINEA_ID,NOMBRE,PRESENTACION,CONTENIDO,UNIDADES_POR_CAJA,COSTO,COSTO_VENTA,PRECIO_BASE,UNIDAD_MEDIDA,CODIGO_BARRAS,ABREBIATURA) VALUES(725,73,12,'Blumen Jabon Antibacterial','Neutro',525.0,6.0,13.926006,13.926006,19.385000,'ML','7503007859723','Blum Jab Neutro 525m');

INSERT INTO MOVIMIENTO_HISTORICO_PRODUCTO (ALMACEN_ID,PRODUCTO_ID,FECHA,TIPO_MOVIMIENTO_ID,CANTIDAD,COSTO,PRECIO,USUARIO_ID) VALUES(1,725,now(),30,30,13.926006,19.385000,'root');
INSERT INTO ALMACEN_PRODUCTO(ALMACEN_ID,PRODUCTO_ID,CANTIDAD_ACTUAL,PRECIO_VENTA) VALUES (1,725,30,19.385000);

INSERT INTO ALMACEN_PRODUCTO(ALMACEN_ID,PRODUCTO_ID,CANTIDAD_ACTUAL,PRECIO_VENTA) VALUES (2,725,2,0.000000);

INSERT INTO ALMACEN_PRODUCTO(ALMACEN_ID,PRODUCTO_ID,CANTIDAD_ACTUAL,PRECIO_VENTA) VALUES (3,725,30,21.900000);

INSERT INTO ALMACEN_PRODUCTO(ALMACEN_ID,PRODUCTO_ID,CANTIDAD_ACTUAL,PRECIO_VENTA) VALUES (4,725,2,0.000000);

INSERT INTO PROVEEDOR_PRODUCTO(PROVEEDOR_ID,PRODUCTO_ID,PRECIO_COMPRA) VALUES(1,725, 13.926006);

-- ===========PRODUCTO [726]
INSERT INTO PRODUCTO(ID,MARCA_ID,LINEA_ID,NOMBRE,PRESENTACION,CONTENIDO,UNIDADES_POR_CAJA,COSTO,COSTO_VENTA,PRECIO_BASE,UNIDAD_MEDIDA,CODIGO_BARRAS,ABREBIATURA) VALUES(726,74,12,'Vide Gel Antibacterial','Cantaro Azul',250.0,24.0,0.000000,0.000000,0.000000,'ML','7503007859686','Vid Gel Ant Cant 250ml');

INSERT INTO MOVIMIENTO_HISTORICO_PRODUCTO (ALMACEN_ID,PRODUCTO_ID,FECHA,TIPO_MOVIMIENTO_ID,CANTIDAD,COSTO,PRECIO,USUARIO_ID) VALUES(1,726,now(),30,24,0.000000,0.000000,'root');
INSERT INTO ALMACEN_PRODUCTO(ALMACEN_ID,PRODUCTO_ID,CANTIDAD_ACTUAL,PRECIO_VENTA) VALUES (1,726,24,0.000000);

INSERT INTO ALMACEN_PRODUCTO(ALMACEN_ID,PRODUCTO_ID,CANTIDAD_ACTUAL,PRECIO_VENTA) VALUES (2,726,1,0.000000);

INSERT INTO ALMACEN_PRODUCTO(ALMACEN_ID,PRODUCTO_ID,CANTIDAD_ACTUAL,PRECIO_VENTA) VALUES (3,726,24,0.000000);

INSERT INTO ALMACEN_PRODUCTO(ALMACEN_ID,PRODUCTO_ID,CANTIDAD_ACTUAL,PRECIO_VENTA) VALUES (4,726,1,0.000000);

INSERT INTO PROVEEDOR_PRODUCTO(PROVEEDOR_ID,PRODUCTO_ID,PRECIO_COMPRA) VALUES(1,726, 0.000000);

-- ===========PRODUCTO [727]
INSERT INTO PRODUCTO(ID,MARCA_ID,LINEA_ID,NOMBRE,PRESENTACION,CONTENIDO,UNIDADES_POR_CAJA,COSTO,COSTO_VENTA,PRECIO_BASE,UNIDAD_MEDIDA,CODIGO_BARRAS,ABREBIATURA) VALUES(727,73,12,'Blumen Jabon Antibacterial','Pera y Manzana',200.0,12.0,7.808908,7.808908,10.870000,'ML','7502244761806','Blum Pera Manz 200ml');

INSERT INTO MOVIMIENTO_HISTORICO_PRODUCTO (ALMACEN_ID,PRODUCTO_ID,FECHA,TIPO_MOVIMIENTO_ID,CANTIDAD,COSTO,PRECIO,USUARIO_ID) VALUES(1,727,now(),30,24,7.808908,10.870000,'root');
INSERT INTO ALMACEN_PRODUCTO(ALMACEN_ID,PRODUCTO_ID,CANTIDAD_ACTUAL,PRECIO_VENTA) VALUES (1,727,24,10.870000);

INSERT INTO ALMACEN_PRODUCTO(ALMACEN_ID,PRODUCTO_ID,CANTIDAD_ACTUAL,PRECIO_VENTA) VALUES (2,727,0,0.000000);

INSERT INTO ALMACEN_PRODUCTO(ALMACEN_ID,PRODUCTO_ID,CANTIDAD_ACTUAL,PRECIO_VENTA) VALUES (3,727,24,9.900000);

INSERT INTO ALMACEN_PRODUCTO(ALMACEN_ID,PRODUCTO_ID,CANTIDAD_ACTUAL,PRECIO_VENTA) VALUES (4,727,0,0.000000);

INSERT INTO PROVEEDOR_PRODUCTO(PROVEEDOR_ID,PRODUCTO_ID,PRECIO_COMPRA) VALUES(1,727, 7.808908);

-- ===========PRODUCTO [728]
INSERT INTO PRODUCTO(ID,MARCA_ID,LINEA_ID,NOMBRE,PRESENTACION,CONTENIDO,UNIDADES_POR_CAJA,COSTO,COSTO_VENTA,PRECIO_BASE,UNIDAD_MEDIDA,CODIGO_BARRAS,ABREBIATURA) VALUES(728,73,12,'Blumen Jabon Antibacterial','Mango',200.0,12.0,7.808908,7.808908,10.870000,'ML','7502244761790','Blum Jab Mango 200ml');

INSERT INTO MOVIMIENTO_HISTORICO_PRODUCTO (ALMACEN_ID,PRODUCTO_ID,FECHA,TIPO_MOVIMIENTO_ID,CANTIDAD,COSTO,PRECIO,USUARIO_ID) VALUES(1,728,now(),30,24,7.808908,10.870000,'root');
INSERT INTO ALMACEN_PRODUCTO(ALMACEN_ID,PRODUCTO_ID,CANTIDAD_ACTUAL,PRECIO_VENTA) VALUES (1,728,24,10.870000);

INSERT INTO ALMACEN_PRODUCTO(ALMACEN_ID,PRODUCTO_ID,CANTIDAD_ACTUAL,PRECIO_VENTA) VALUES (2,728,0,0.000000);

INSERT INTO ALMACEN_PRODUCTO(ALMACEN_ID,PRODUCTO_ID,CANTIDAD_ACTUAL,PRECIO_VENTA) VALUES (3,728,24,9.900000);

INSERT INTO ALMACEN_PRODUCTO(ALMACEN_ID,PRODUCTO_ID,CANTIDAD_ACTUAL,PRECIO_VENTA) VALUES (4,728,0,0.000000);

INSERT INTO PROVEEDOR_PRODUCTO(PROVEEDOR_ID,PRODUCTO_ID,PRECIO_COMPRA) VALUES(1,728, 7.808908);

-- ===========PRODUCTO [729]
INSERT INTO PRODUCTO(ID,MARCA_ID,LINEA_ID,NOMBRE,PRESENTACION,CONTENIDO,UNIDADES_POR_CAJA,COSTO,COSTO_VENTA,PRECIO_BASE,UNIDAD_MEDIDA,CODIGO_BARRAS,ABREBIATURA) VALUES(729,73,12,'Blumen Jabon Antibacterial','Cherry',200.0,12.0,7.808908,7.808908,10.870000,'ML','7503016269728','Blum Jab Cherry 200ml');

INSERT INTO MOVIMIENTO_HISTORICO_PRODUCTO (ALMACEN_ID,PRODUCTO_ID,FECHA,TIPO_MOVIMIENTO_ID,CANTIDAD,COSTO,PRECIO,USUARIO_ID) VALUES(1,729,now(),30,24,7.808908,10.870000,'root');
INSERT INTO ALMACEN_PRODUCTO(ALMACEN_ID,PRODUCTO_ID,CANTIDAD_ACTUAL,PRECIO_VENTA) VALUES (1,729,24,10.870000);

INSERT INTO ALMACEN_PRODUCTO(ALMACEN_ID,PRODUCTO_ID,CANTIDAD_ACTUAL,PRECIO_VENTA) VALUES (2,729,0,0.000000);

INSERT INTO ALMACEN_PRODUCTO(ALMACEN_ID,PRODUCTO_ID,CANTIDAD_ACTUAL,PRECIO_VENTA) VALUES (3,729,24,9.900000);

INSERT INTO ALMACEN_PRODUCTO(ALMACEN_ID,PRODUCTO_ID,CANTIDAD_ACTUAL,PRECIO_VENTA) VALUES (4,729,0,0.000000);

INSERT INTO PROVEEDOR_PRODUCTO(PROVEEDOR_ID,PRODUCTO_ID,PRECIO_COMPRA) VALUES(1,729, 7.808908);

-- ===========PRODUCTO [730]
INSERT INTO PRODUCTO(ID,MARCA_ID,LINEA_ID,NOMBRE,PRESENTACION,CONTENIDO,UNIDADES_POR_CAJA,COSTO,COSTO_VENTA,PRECIO_BASE,UNIDAD_MEDIDA,CODIGO_BARRAS,ABREBIATURA) VALUES(730,73,12,'Blumen Jabon Antibacterial','Mueco Nieve',200.0,12.0,7.808908,7.808908,10.870000,'ML','7503016269797','Blum Jab Mu Nve 200');

INSERT INTO MOVIMIENTO_HISTORICO_PRODUCTO (ALMACEN_ID,PRODUCTO_ID,FECHA,TIPO_MOVIMIENTO_ID,CANTIDAD,COSTO,PRECIO,USUARIO_ID) VALUES(1,730,now(),30,36,7.808908,10.870000,'root');
INSERT INTO ALMACEN_PRODUCTO(ALMACEN_ID,PRODUCTO_ID,CANTIDAD_ACTUAL,PRECIO_VENTA) VALUES (1,730,36,10.870000);

INSERT INTO ALMACEN_PRODUCTO(ALMACEN_ID,PRODUCTO_ID,CANTIDAD_ACTUAL,PRECIO_VENTA) VALUES (2,730,0,0.000000);

INSERT INTO ALMACEN_PRODUCTO(ALMACEN_ID,PRODUCTO_ID,CANTIDAD_ACTUAL,PRECIO_VENTA) VALUES (3,730,36,9.900000);

INSERT INTO ALMACEN_PRODUCTO(ALMACEN_ID,PRODUCTO_ID,CANTIDAD_ACTUAL,PRECIO_VENTA) VALUES (4,730,0,0.000000);

INSERT INTO PROVEEDOR_PRODUCTO(PROVEEDOR_ID,PRODUCTO_ID,PRECIO_COMPRA) VALUES(1,730, 7.808908);

-- ===========PRODUCTO [731]
INSERT INTO PRODUCTO(ID,MARCA_ID,LINEA_ID,NOMBRE,PRESENTACION,CONTENIDO,UNIDADES_POR_CAJA,COSTO,COSTO_VENTA,PRECIO_BASE,UNIDAD_MEDIDA,CODIGO_BARRAS,ABREBIATURA) VALUES(731,73,12,'Blumen Jabon Antibacterial','Santa Claus',200.0,12.0,7.808908,7.808908,10.870000,'ML','7503016269803','Blum Jab Sta Cl 200m');

INSERT INTO MOVIMIENTO_HISTORICO_PRODUCTO (ALMACEN_ID,PRODUCTO_ID,FECHA,TIPO_MOVIMIENTO_ID,CANTIDAD,COSTO,PRECIO,USUARIO_ID) VALUES(1,731,now(),30,36,7.808908,10.870000,'root');
INSERT INTO ALMACEN_PRODUCTO(ALMACEN_ID,PRODUCTO_ID,CANTIDAD_ACTUAL,PRECIO_VENTA) VALUES (1,731,36,10.870000);

INSERT INTO ALMACEN_PRODUCTO(ALMACEN_ID,PRODUCTO_ID,CANTIDAD_ACTUAL,PRECIO_VENTA) VALUES (2,731,0,0.000000);

INSERT INTO ALMACEN_PRODUCTO(ALMACEN_ID,PRODUCTO_ID,CANTIDAD_ACTUAL,PRECIO_VENTA) VALUES (3,731,36,9.900000);

INSERT INTO ALMACEN_PRODUCTO(ALMACEN_ID,PRODUCTO_ID,CANTIDAD_ACTUAL,PRECIO_VENTA) VALUES (4,731,0,0.000000);

INSERT INTO PROVEEDOR_PRODUCTO(PROVEEDOR_ID,PRODUCTO_ID,PRECIO_COMPRA) VALUES(1,731, 7.808908);

-- ===========PRODUCTO [732]
INSERT INTO PRODUCTO(ID,MARCA_ID,LINEA_ID,NOMBRE,PRESENTACION,CONTENIDO,UNIDADES_POR_CAJA,COSTO,COSTO_VENTA,PRECIO_BASE,UNIDAD_MEDIDA,CODIGO_BARRAS,ABREBIATURA) VALUES(732,73,12,'Blumen Jabon Antibacterial','Granada',200.0,12.0,7.808908,7.808908,10.870000,'ML','7502244761783','Blum Jab Granad 200m');

INSERT INTO MOVIMIENTO_HISTORICO_PRODUCTO (ALMACEN_ID,PRODUCTO_ID,FECHA,TIPO_MOVIMIENTO_ID,CANTIDAD,COSTO,PRECIO,USUARIO_ID) VALUES(1,732,now(),30,24,7.808908,10.870000,'root');
INSERT INTO ALMACEN_PRODUCTO(ALMACEN_ID,PRODUCTO_ID,CANTIDAD_ACTUAL,PRECIO_VENTA) VALUES (1,732,24,10.870000);

INSERT INTO ALMACEN_PRODUCTO(ALMACEN_ID,PRODUCTO_ID,CANTIDAD_ACTUAL,PRECIO_VENTA) VALUES (2,732,0,0.000000);

INSERT INTO ALMACEN_PRODUCTO(ALMACEN_ID,PRODUCTO_ID,CANTIDAD_ACTUAL,PRECIO_VENTA) VALUES (3,732,24,9.900000);

INSERT INTO ALMACEN_PRODUCTO(ALMACEN_ID,PRODUCTO_ID,CANTIDAD_ACTUAL,PRECIO_VENTA) VALUES (4,732,0,0.000000);

INSERT INTO PROVEEDOR_PRODUCTO(PROVEEDOR_ID,PRODUCTO_ID,PRECIO_COMPRA) VALUES(1,732, 7.808908);

-- ===========PRODUCTO [733]
INSERT INTO PRODUCTO(ID,MARCA_ID,LINEA_ID,NOMBRE,PRESENTACION,CONTENIDO,UNIDADES_POR_CAJA,COSTO,COSTO_VENTA,PRECIO_BASE,UNIDAD_MEDIDA,CODIGO_BARRAS,ABREBIATURA) VALUES(733,73,12,'Blumen Jabon Antibacterial','Coconut',200.0,12.0,7.808908,7.808908,10.870000,'ML','7503016269735','Blum Jab Coco 200ml');

INSERT INTO MOVIMIENTO_HISTORICO_PRODUCTO (ALMACEN_ID,PRODUCTO_ID,FECHA,TIPO_MOVIMIENTO_ID,CANTIDAD,COSTO,PRECIO,USUARIO_ID) VALUES(1,733,now(),30,24,7.808908,10.870000,'root');
INSERT INTO ALMACEN_PRODUCTO(ALMACEN_ID,PRODUCTO_ID,CANTIDAD_ACTUAL,PRECIO_VENTA) VALUES (1,733,24,10.870000);

INSERT INTO ALMACEN_PRODUCTO(ALMACEN_ID,PRODUCTO_ID,CANTIDAD_ACTUAL,PRECIO_VENTA) VALUES (2,733,0,0.000000);

INSERT INTO ALMACEN_PRODUCTO(ALMACEN_ID,PRODUCTO_ID,CANTIDAD_ACTUAL,PRECIO_VENTA) VALUES (3,733,24,9.900000);

INSERT INTO ALMACEN_PRODUCTO(ALMACEN_ID,PRODUCTO_ID,CANTIDAD_ACTUAL,PRECIO_VENTA) VALUES (4,733,0,0.000000);

INSERT INTO PROVEEDOR_PRODUCTO(PROVEEDOR_ID,PRODUCTO_ID,PRECIO_COMPRA) VALUES(1,733, 7.808908);

-- ===========PRODUCTO [734]
INSERT INTO PRODUCTO(ID,MARCA_ID,LINEA_ID,NOMBRE,PRESENTACION,CONTENIDO,UNIDADES_POR_CAJA,COSTO,COSTO_VENTA,PRECIO_BASE,UNIDAD_MEDIDA,CODIGO_BARRAS,ABREBIATURA) VALUES(734,54,7,'Vaselina Real Bebe','Rosa',100.0,12.0,0.000000,0.000000,0.000000,'G','7501039701010','Real Vase Rosa 100g');

INSERT INTO MOVIMIENTO_HISTORICO_PRODUCTO (ALMACEN_ID,PRODUCTO_ID,FECHA,TIPO_MOVIMIENTO_ID,CANTIDAD,COSTO,PRECIO,USUARIO_ID) VALUES(1,734,now(),30,56,0.000000,0.000000,'root');
INSERT INTO ALMACEN_PRODUCTO(ALMACEN_ID,PRODUCTO_ID,CANTIDAD_ACTUAL,PRECIO_VENTA) VALUES (1,734,56,0.000000);

INSERT INTO ALMACEN_PRODUCTO(ALMACEN_ID,PRODUCTO_ID,CANTIDAD_ACTUAL,PRECIO_VENTA) VALUES (2,734,0,0.000000);

INSERT INTO ALMACEN_PRODUCTO(ALMACEN_ID,PRODUCTO_ID,CANTIDAD_ACTUAL,PRECIO_VENTA) VALUES (3,734,56,0.000000);

INSERT INTO ALMACEN_PRODUCTO(ALMACEN_ID,PRODUCTO_ID,CANTIDAD_ACTUAL,PRECIO_VENTA) VALUES (4,734,0,0.000000);

INSERT INTO PROVEEDOR_PRODUCTO(PROVEEDOR_ID,PRODUCTO_ID,PRECIO_COMPRA) VALUES(26,734, 0.000000);

-- ===========PRODUCTO [735]
INSERT INTO PRODUCTO(ID,MARCA_ID,LINEA_ID,NOMBRE,PRESENTACION,CONTENIDO,UNIDADES_POR_CAJA,COSTO,COSTO_VENTA,PRECIO_BASE,UNIDAD_MEDIDA,CODIGO_BARRAS,ABREBIATURA) VALUES(735,73,12,'Blumen Jabon Antibacterial','Cocodrillo',525.0,6.0,13.926006,13.926006,19.385000,'ML','7503007859600','Blum Jab Cocodr 525m');

INSERT INTO MOVIMIENTO_HISTORICO_PRODUCTO (ALMACEN_ID,PRODUCTO_ID,FECHA,TIPO_MOVIMIENTO_ID,CANTIDAD,COSTO,PRECIO,USUARIO_ID) VALUES(1,735,now(),30,21,13.926006,19.385000,'root');
INSERT INTO ALMACEN_PRODUCTO(ALMACEN_ID,PRODUCTO_ID,CANTIDAD_ACTUAL,PRECIO_VENTA) VALUES (1,735,21,19.385000);

INSERT INTO ALMACEN_PRODUCTO(ALMACEN_ID,PRODUCTO_ID,CANTIDAD_ACTUAL,PRECIO_VENTA) VALUES (2,735,0,0.000000);

INSERT INTO ALMACEN_PRODUCTO(ALMACEN_ID,PRODUCTO_ID,CANTIDAD_ACTUAL,PRECIO_VENTA) VALUES (3,735,21,19.900000);

INSERT INTO ALMACEN_PRODUCTO(ALMACEN_ID,PRODUCTO_ID,CANTIDAD_ACTUAL,PRECIO_VENTA) VALUES (4,735,0,0.000000);

INSERT INTO PROVEEDOR_PRODUCTO(PROVEEDOR_ID,PRODUCTO_ID,PRECIO_COMPRA) VALUES(1,735, 13.926006);

-- ===========PRODUCTO [736]
INSERT INTO PRODUCTO(ID,MARCA_ID,LINEA_ID,NOMBRE,PRESENTACION,CONTENIDO,UNIDADES_POR_CAJA,COSTO,COSTO_VENTA,PRECIO_BASE,UNIDAD_MEDIDA,CODIGO_BARRAS,ABREBIATURA) VALUES(736,73,12,'Blumen Jabon Antibacterial','Berry Mix',525.0,6.0,13.926006,13.926006,19.385000,'ML','7503007859730','Blum Jab Berry 525ml');

INSERT INTO MOVIMIENTO_HISTORICO_PRODUCTO (ALMACEN_ID,PRODUCTO_ID,FECHA,TIPO_MOVIMIENTO_ID,CANTIDAD,COSTO,PRECIO,USUARIO_ID) VALUES(1,736,now(),30,28,13.926006,19.385000,'root');
INSERT INTO ALMACEN_PRODUCTO(ALMACEN_ID,PRODUCTO_ID,CANTIDAD_ACTUAL,PRECIO_VENTA) VALUES (1,736,28,19.385000);

INSERT INTO ALMACEN_PRODUCTO(ALMACEN_ID,PRODUCTO_ID,CANTIDAD_ACTUAL,PRECIO_VENTA) VALUES (2,736,0,0.000000);

INSERT INTO ALMACEN_PRODUCTO(ALMACEN_ID,PRODUCTO_ID,CANTIDAD_ACTUAL,PRECIO_VENTA) VALUES (3,736,28,19.900000);

INSERT INTO ALMACEN_PRODUCTO(ALMACEN_ID,PRODUCTO_ID,CANTIDAD_ACTUAL,PRECIO_VENTA) VALUES (4,736,0,0.000000);

INSERT INTO PROVEEDOR_PRODUCTO(PROVEEDOR_ID,PRODUCTO_ID,PRECIO_COMPRA) VALUES(1,736, 13.926006);

-- ===========PRODUCTO [737]
INSERT INTO PRODUCTO(ID,MARCA_ID,LINEA_ID,NOMBRE,PRESENTACION,CONTENIDO,UNIDADES_POR_CAJA,COSTO,COSTO_VENTA,PRECIO_BASE,UNIDAD_MEDIDA,CODIGO_BARRAS,ABREBIATURA) VALUES(737,73,12,'Blumen Jabon Antibacterial','Cherry',525.0,6.0,13.926006,13.926006,19.385000,'ML','7503007859648','Blum Jab Cherry 525m');

INSERT INTO MOVIMIENTO_HISTORICO_PRODUCTO (ALMACEN_ID,PRODUCTO_ID,FECHA,TIPO_MOVIMIENTO_ID,CANTIDAD,COSTO,PRECIO,USUARIO_ID) VALUES(1,737,now(),30,28,13.926006,19.385000,'root');
INSERT INTO ALMACEN_PRODUCTO(ALMACEN_ID,PRODUCTO_ID,CANTIDAD_ACTUAL,PRECIO_VENTA) VALUES (1,737,28,19.385000);

INSERT INTO ALMACEN_PRODUCTO(ALMACEN_ID,PRODUCTO_ID,CANTIDAD_ACTUAL,PRECIO_VENTA) VALUES (2,737,0,0.000000);

INSERT INTO ALMACEN_PRODUCTO(ALMACEN_ID,PRODUCTO_ID,CANTIDAD_ACTUAL,PRECIO_VENTA) VALUES (3,737,28,19.900000);

INSERT INTO ALMACEN_PRODUCTO(ALMACEN_ID,PRODUCTO_ID,CANTIDAD_ACTUAL,PRECIO_VENTA) VALUES (4,737,0,0.000000);

INSERT INTO PROVEEDOR_PRODUCTO(PROVEEDOR_ID,PRODUCTO_ID,PRECIO_COMPRA) VALUES(1,737, 13.926006);

-- ===========PRODUCTO [738]
INSERT INTO PRODUCTO(ID,MARCA_ID,LINEA_ID,NOMBRE,PRESENTACION,CONTENIDO,UNIDADES_POR_CAJA,COSTO,COSTO_VENTA,PRECIO_BASE,UNIDAD_MEDIDA,CODIGO_BARRAS,ABREBIATURA) VALUES(738,73,12,'Blumen Jabon Antibacterial','Chabacano',525.0,6.0,13.926006,13.926006,19.385000,'ML','7503007859570','Blum Jab Chabcn 525m');

INSERT INTO MOVIMIENTO_HISTORICO_PRODUCTO (ALMACEN_ID,PRODUCTO_ID,FECHA,TIPO_MOVIMIENTO_ID,CANTIDAD,COSTO,PRECIO,USUARIO_ID) VALUES(1,738,now(),30,28,13.926006,19.385000,'root');
INSERT INTO ALMACEN_PRODUCTO(ALMACEN_ID,PRODUCTO_ID,CANTIDAD_ACTUAL,PRECIO_VENTA) VALUES (1,738,28,19.385000);

INSERT INTO ALMACEN_PRODUCTO(ALMACEN_ID,PRODUCTO_ID,CANTIDAD_ACTUAL,PRECIO_VENTA) VALUES (2,738,4,10.000000);

INSERT INTO ALMACEN_PRODUCTO(ALMACEN_ID,PRODUCTO_ID,CANTIDAD_ACTUAL,PRECIO_VENTA) VALUES (3,738,28,19.900000);

INSERT INTO ALMACEN_PRODUCTO(ALMACEN_ID,PRODUCTO_ID,CANTIDAD_ACTUAL,PRECIO_VENTA) VALUES (4,738,4,10.000000);

INSERT INTO PROVEEDOR_PRODUCTO(PROVEEDOR_ID,PRODUCTO_ID,PRECIO_COMPRA) VALUES(1,738, 13.926006);

-- ===========PRODUCTO [739]
INSERT INTO PRODUCTO(ID,MARCA_ID,LINEA_ID,NOMBRE,PRESENTACION,CONTENIDO,UNIDADES_POR_CAJA,COSTO,COSTO_VENTA,PRECIO_BASE,UNIDAD_MEDIDA,CODIGO_BARRAS,ABREBIATURA) VALUES(739,73,12,'Blumen Jabon Antibacterial','Ballena',525.0,6.0,13.926006,13.926006,19.385000,'ML','7503007859020','Blum Jab Ballen 525m');

INSERT INTO MOVIMIENTO_HISTORICO_PRODUCTO (ALMACEN_ID,PRODUCTO_ID,FECHA,TIPO_MOVIMIENTO_ID,CANTIDAD,COSTO,PRECIO,USUARIO_ID) VALUES(1,739,now(),30,21,13.926006,19.385000,'root');
INSERT INTO ALMACEN_PRODUCTO(ALMACEN_ID,PRODUCTO_ID,CANTIDAD_ACTUAL,PRECIO_VENTA) VALUES (1,739,21,19.385000);

INSERT INTO ALMACEN_PRODUCTO(ALMACEN_ID,PRODUCTO_ID,CANTIDAD_ACTUAL,PRECIO_VENTA) VALUES (2,739,1,0.000000);

INSERT INTO ALMACEN_PRODUCTO(ALMACEN_ID,PRODUCTO_ID,CANTIDAD_ACTUAL,PRECIO_VENTA) VALUES (3,739,21,19.900000);

INSERT INTO ALMACEN_PRODUCTO(ALMACEN_ID,PRODUCTO_ID,CANTIDAD_ACTUAL,PRECIO_VENTA) VALUES (4,739,1,0.000000);

INSERT INTO PROVEEDOR_PRODUCTO(PROVEEDOR_ID,PRODUCTO_ID,PRECIO_COMPRA) VALUES(1,739, 13.926006);

-- ===========PRODUCTO [740]
INSERT INTO PRODUCTO(ID,MARCA_ID,LINEA_ID,NOMBRE,PRESENTACION,CONTENIDO,UNIDADES_POR_CAJA,COSTO,COSTO_VENTA,PRECIO_BASE,UNIDAD_MEDIDA,CODIGO_BARRAS,ABREBIATURA) VALUES(740,73,12,'Blumen Jabon Antibacterial','Coco',525.0,6.0,13.926006,13.926006,19.385000,'ML','7503007859624','Blum Jab Coco 525ml');

INSERT INTO MOVIMIENTO_HISTORICO_PRODUCTO (ALMACEN_ID,PRODUCTO_ID,FECHA,TIPO_MOVIMIENTO_ID,CANTIDAD,COSTO,PRECIO,USUARIO_ID) VALUES(1,740,now(),30,28,13.926006,19.385000,'root');
INSERT INTO ALMACEN_PRODUCTO(ALMACEN_ID,PRODUCTO_ID,CANTIDAD_ACTUAL,PRECIO_VENTA) VALUES (1,740,28,19.385000);

INSERT INTO ALMACEN_PRODUCTO(ALMACEN_ID,PRODUCTO_ID,CANTIDAD_ACTUAL,PRECIO_VENTA) VALUES (2,740,0,0.000000);

INSERT INTO ALMACEN_PRODUCTO(ALMACEN_ID,PRODUCTO_ID,CANTIDAD_ACTUAL,PRECIO_VENTA) VALUES (3,740,28,19.900000);

INSERT INTO ALMACEN_PRODUCTO(ALMACEN_ID,PRODUCTO_ID,CANTIDAD_ACTUAL,PRECIO_VENTA) VALUES (4,740,0,0.000000);

INSERT INTO PROVEEDOR_PRODUCTO(PROVEEDOR_ID,PRODUCTO_ID,PRECIO_COMPRA) VALUES(1,740, 13.926006);

-- ===========PRODUCTO [741]
INSERT INTO PRODUCTO(ID,MARCA_ID,LINEA_ID,NOMBRE,PRESENTACION,CONTENIDO,UNIDADES_POR_CAJA,COSTO,COSTO_VENTA,PRECIO_BASE,UNIDAD_MEDIDA,CODIGO_BARRAS,ABREBIATURA) VALUES(741,73,12,'Blumen Jabon Antibacterial','Ocean Beauty',525.0,6.0,13.926006,13.926006,19.385000,'ML','7503007859563','Blum Jab Ocean 525m');

INSERT INTO MOVIMIENTO_HISTORICO_PRODUCTO (ALMACEN_ID,PRODUCTO_ID,FECHA,TIPO_MOVIMIENTO_ID,CANTIDAD,COSTO,PRECIO,USUARIO_ID) VALUES(1,741,now(),30,28,13.926006,19.385000,'root');
INSERT INTO ALMACEN_PRODUCTO(ALMACEN_ID,PRODUCTO_ID,CANTIDAD_ACTUAL,PRECIO_VENTA) VALUES (1,741,28,19.385000);

INSERT INTO ALMACEN_PRODUCTO(ALMACEN_ID,PRODUCTO_ID,CANTIDAD_ACTUAL,PRECIO_VENTA) VALUES (2,741,0,0.000000);

INSERT INTO ALMACEN_PRODUCTO(ALMACEN_ID,PRODUCTO_ID,CANTIDAD_ACTUAL,PRECIO_VENTA) VALUES (3,741,28,19.900000);

INSERT INTO ALMACEN_PRODUCTO(ALMACEN_ID,PRODUCTO_ID,CANTIDAD_ACTUAL,PRECIO_VENTA) VALUES (4,741,0,0.000000);

INSERT INTO PROVEEDOR_PRODUCTO(PROVEEDOR_ID,PRODUCTO_ID,PRECIO_COMPRA) VALUES(1,741, 13.926006);

-- ===========PRODUCTO [742]
INSERT INTO PRODUCTO(ID,MARCA_ID,LINEA_ID,NOMBRE,PRESENTACION,CONTENIDO,UNIDADES_POR_CAJA,COSTO,COSTO_VENTA,PRECIO_BASE,UNIDAD_MEDIDA,CODIGO_BARRAS,ABREBIATURA) VALUES(742,73,12,'Blumen Jabon Antibacterial','Kiwi',525.0,6.0,13.926006,13.926006,19.385000,'ML','7503007859617','Blum Jab Kiwi 525m');

INSERT INTO MOVIMIENTO_HISTORICO_PRODUCTO (ALMACEN_ID,PRODUCTO_ID,FECHA,TIPO_MOVIMIENTO_ID,CANTIDAD,COSTO,PRECIO,USUARIO_ID) VALUES(1,742,now(),30,28,13.926006,19.385000,'root');
INSERT INTO ALMACEN_PRODUCTO(ALMACEN_ID,PRODUCTO_ID,CANTIDAD_ACTUAL,PRECIO_VENTA) VALUES (1,742,28,19.385000);

INSERT INTO ALMACEN_PRODUCTO(ALMACEN_ID,PRODUCTO_ID,CANTIDAD_ACTUAL,PRECIO_VENTA) VALUES (2,742,0,0.000000);

INSERT INTO ALMACEN_PRODUCTO(ALMACEN_ID,PRODUCTO_ID,CANTIDAD_ACTUAL,PRECIO_VENTA) VALUES (3,742,28,19.900000);

INSERT INTO ALMACEN_PRODUCTO(ALMACEN_ID,PRODUCTO_ID,CANTIDAD_ACTUAL,PRECIO_VENTA) VALUES (4,742,0,0.000000);

INSERT INTO PROVEEDOR_PRODUCTO(PROVEEDOR_ID,PRODUCTO_ID,PRECIO_COMPRA) VALUES(1,742, 13.926006);

-- ===========PRODUCTO [743]
INSERT INTO PRODUCTO(ID,MARCA_ID,LINEA_ID,NOMBRE,PRESENTACION,CONTENIDO,UNIDADES_POR_CAJA,COSTO,COSTO_VENTA,PRECIO_BASE,UNIDAD_MEDIDA,CODIGO_BARRAS,ABREBIATURA) VALUES(743,73,12,'Blumen Jabon Antibacterial','Naranja',525.0,6.0,13.926006,13.926006,19.385000,'ML','7503007859655','Blum Jab Naranj 525m');

INSERT INTO MOVIMIENTO_HISTORICO_PRODUCTO (ALMACEN_ID,PRODUCTO_ID,FECHA,TIPO_MOVIMIENTO_ID,CANTIDAD,COSTO,PRECIO,USUARIO_ID) VALUES(1,743,now(),30,28,13.926006,19.385000,'root');
INSERT INTO ALMACEN_PRODUCTO(ALMACEN_ID,PRODUCTO_ID,CANTIDAD_ACTUAL,PRECIO_VENTA) VALUES (1,743,28,19.385000);

INSERT INTO ALMACEN_PRODUCTO(ALMACEN_ID,PRODUCTO_ID,CANTIDAD_ACTUAL,PRECIO_VENTA) VALUES (2,743,0,0.000000);

INSERT INTO ALMACEN_PRODUCTO(ALMACEN_ID,PRODUCTO_ID,CANTIDAD_ACTUAL,PRECIO_VENTA) VALUES (3,743,28,19.900000);

INSERT INTO ALMACEN_PRODUCTO(ALMACEN_ID,PRODUCTO_ID,CANTIDAD_ACTUAL,PRECIO_VENTA) VALUES (4,743,0,0.000000);

INSERT INTO PROVEEDOR_PRODUCTO(PROVEEDOR_ID,PRODUCTO_ID,PRECIO_COMPRA) VALUES(1,743, 13.926006);

-- ===========PRODUCTO [744]
INSERT INTO PRODUCTO(ID,MARCA_ID,LINEA_ID,NOMBRE,PRESENTACION,CONTENIDO,UNIDADES_POR_CAJA,COSTO,COSTO_VENTA,PRECIO_BASE,UNIDAD_MEDIDA,CODIGO_BARRAS,ABREBIATURA) VALUES(744,73,12,'Blumen Jabon Antibacterial','Orquidea',525.0,6.0,13.926006,13.926006,19.385000,'ML','7503007859631','Blum Jab Orquid 525m');

INSERT INTO MOVIMIENTO_HISTORICO_PRODUCTO (ALMACEN_ID,PRODUCTO_ID,FECHA,TIPO_MOVIMIENTO_ID,CANTIDAD,COSTO,PRECIO,USUARIO_ID) VALUES(1,744,now(),30,28,13.926006,19.385000,'root');
INSERT INTO ALMACEN_PRODUCTO(ALMACEN_ID,PRODUCTO_ID,CANTIDAD_ACTUAL,PRECIO_VENTA) VALUES (1,744,28,19.385000);

INSERT INTO ALMACEN_PRODUCTO(ALMACEN_ID,PRODUCTO_ID,CANTIDAD_ACTUAL,PRECIO_VENTA) VALUES (2,744,0,0.000000);

INSERT INTO ALMACEN_PRODUCTO(ALMACEN_ID,PRODUCTO_ID,CANTIDAD_ACTUAL,PRECIO_VENTA) VALUES (3,744,28,19.900000);

INSERT INTO ALMACEN_PRODUCTO(ALMACEN_ID,PRODUCTO_ID,CANTIDAD_ACTUAL,PRECIO_VENTA) VALUES (4,744,0,0.000000);

INSERT INTO PROVEEDOR_PRODUCTO(PROVEEDOR_ID,PRODUCTO_ID,PRECIO_COMPRA) VALUES(1,744, 13.926006);

-- ===========PRODUCTO [745]
INSERT INTO PRODUCTO(ID,MARCA_ID,LINEA_ID,NOMBRE,PRESENTACION,CONTENIDO,UNIDADES_POR_CAJA,COSTO,COSTO_VENTA,PRECIO_BASE,UNIDAD_MEDIDA,CODIGO_BARRAS,ABREBIATURA) VALUES(745,73,12,'Blumen Gel Antibacterial','Fresh Citrus',235.0,12.0,11.637931,11.637931,16.200000,'ML','7503007859198','Blum Gel Ant Frsh 235');

INSERT INTO MOVIMIENTO_HISTORICO_PRODUCTO (ALMACEN_ID,PRODUCTO_ID,FECHA,TIPO_MOVIMIENTO_ID,CANTIDAD,COSTO,PRECIO,USUARIO_ID) VALUES(1,745,now(),30,24,11.637931,16.200000,'root');
INSERT INTO ALMACEN_PRODUCTO(ALMACEN_ID,PRODUCTO_ID,CANTIDAD_ACTUAL,PRECIO_VENTA) VALUES (1,745,24,16.200000);

INSERT INTO ALMACEN_PRODUCTO(ALMACEN_ID,PRODUCTO_ID,CANTIDAD_ACTUAL,PRECIO_VENTA) VALUES (2,745,1,0.000000);

INSERT INTO ALMACEN_PRODUCTO(ALMACEN_ID,PRODUCTO_ID,CANTIDAD_ACTUAL,PRECIO_VENTA) VALUES (3,745,24,15.900000);

INSERT INTO ALMACEN_PRODUCTO(ALMACEN_ID,PRODUCTO_ID,CANTIDAD_ACTUAL,PRECIO_VENTA) VALUES (4,745,1,0.000000);

INSERT INTO PROVEEDOR_PRODUCTO(PROVEEDOR_ID,PRODUCTO_ID,PRECIO_COMPRA) VALUES(1,745, 11.637931);

-- ===========PRODUCTO [746]
INSERT INTO PRODUCTO(ID,MARCA_ID,LINEA_ID,NOMBRE,PRESENTACION,CONTENIDO,UNIDADES_POR_CAJA,COSTO,COSTO_VENTA,PRECIO_BASE,UNIDAD_MEDIDA,CODIGO_BARRAS,ABREBIATURA) VALUES(746,73,12,'Blumen Gel Antibacterial','Fresh Citrus',525.0,6.0,19.748563,19.748563,27.490000,'ML','7503007859099','Blum Gel Ant Frsh 525');

INSERT INTO MOVIMIENTO_HISTORICO_PRODUCTO (ALMACEN_ID,PRODUCTO_ID,FECHA,TIPO_MOVIMIENTO_ID,CANTIDAD,COSTO,PRECIO,USUARIO_ID) VALUES(1,746,now(),30,14,19.748563,27.490000,'root');
INSERT INTO ALMACEN_PRODUCTO(ALMACEN_ID,PRODUCTO_ID,CANTIDAD_ACTUAL,PRECIO_VENTA) VALUES (1,746,14,27.490000);

INSERT INTO ALMACEN_PRODUCTO(ALMACEN_ID,PRODUCTO_ID,CANTIDAD_ACTUAL,PRECIO_VENTA) VALUES (2,746,0,0.000000);

INSERT INTO ALMACEN_PRODUCTO(ALMACEN_ID,PRODUCTO_ID,CANTIDAD_ACTUAL,PRECIO_VENTA) VALUES (3,746,14,25.900000);

INSERT INTO ALMACEN_PRODUCTO(ALMACEN_ID,PRODUCTO_ID,CANTIDAD_ACTUAL,PRECIO_VENTA) VALUES (4,746,0,0.000000);

INSERT INTO PROVEEDOR_PRODUCTO(PROVEEDOR_ID,PRODUCTO_ID,PRECIO_COMPRA) VALUES(1,746, 19.748563);

-- ===========PRODUCTO [747]
INSERT INTO PRODUCTO(ID,MARCA_ID,LINEA_ID,NOMBRE,PRESENTACION,CONTENIDO,UNIDADES_POR_CAJA,COSTO,COSTO_VENTA,PRECIO_BASE,UNIDAD_MEDIDA,CODIGO_BARRAS,ABREBIATURA) VALUES(747,75,14,'Chiles Shampoo','Romero & Espinocilla',500.0,16.0,0.000000,0.000000,0.000000,'G','7501438302009','Chiles Sh 500ml');

INSERT INTO MOVIMIENTO_HISTORICO_PRODUCTO (ALMACEN_ID,PRODUCTO_ID,FECHA,TIPO_MOVIMIENTO_ID,CANTIDAD,COSTO,PRECIO,USUARIO_ID) VALUES(1,747,now(),30,16,0.000000,0.000000,'root');
INSERT INTO ALMACEN_PRODUCTO(ALMACEN_ID,PRODUCTO_ID,CANTIDAD_ACTUAL,PRECIO_VENTA) VALUES (1,747,16,0.000000);

INSERT INTO ALMACEN_PRODUCTO(ALMACEN_ID,PRODUCTO_ID,CANTIDAD_ACTUAL,PRECIO_VENTA) VALUES (2,747,0,0.000000);

INSERT INTO ALMACEN_PRODUCTO(ALMACEN_ID,PRODUCTO_ID,CANTIDAD_ACTUAL,PRECIO_VENTA) VALUES (3,747,16,0.000000);

INSERT INTO ALMACEN_PRODUCTO(ALMACEN_ID,PRODUCTO_ID,CANTIDAD_ACTUAL,PRECIO_VENTA) VALUES (4,747,0,0.000000);

INSERT INTO PROVEEDOR_PRODUCTO(PROVEEDOR_ID,PRODUCTO_ID,PRECIO_COMPRA) VALUES(22,747, 0.000000);

-- ===========PRODUCTO [748]
INSERT INTO PRODUCTO(ID,MARCA_ID,LINEA_ID,NOMBRE,PRESENTACION,CONTENIDO,UNIDADES_POR_CAJA,COSTO,COSTO_VENTA,PRECIO_BASE,UNIDAD_MEDIDA,CODIGO_BARRAS,ABREBIATURA) VALUES(748,75,14,'Chiles Shampoo','Romero & Espinocilla',1000.0,12.0,0.000000,0.000000,0.000000,'ML','7501438303402','Chiles Sh 1000ml');

INSERT INTO MOVIMIENTO_HISTORICO_PRODUCTO (ALMACEN_ID,PRODUCTO_ID,FECHA,TIPO_MOVIMIENTO_ID,CANTIDAD,COSTO,PRECIO,USUARIO_ID) VALUES(1,748,now(),30,12,0.000000,0.000000,'root');
INSERT INTO ALMACEN_PRODUCTO(ALMACEN_ID,PRODUCTO_ID,CANTIDAD_ACTUAL,PRECIO_VENTA) VALUES (1,748,12,0.000000);

INSERT INTO ALMACEN_PRODUCTO(ALMACEN_ID,PRODUCTO_ID,CANTIDAD_ACTUAL,PRECIO_VENTA) VALUES (2,748,0,0.000000);

INSERT INTO ALMACEN_PRODUCTO(ALMACEN_ID,PRODUCTO_ID,CANTIDAD_ACTUAL,PRECIO_VENTA) VALUES (3,748,12,0.000000);

INSERT INTO ALMACEN_PRODUCTO(ALMACEN_ID,PRODUCTO_ID,CANTIDAD_ACTUAL,PRECIO_VENTA) VALUES (4,748,0,0.000000);

INSERT INTO PROVEEDOR_PRODUCTO(PROVEEDOR_ID,PRODUCTO_ID,PRECIO_COMPRA) VALUES(22,748, 0.000000);

-- ===========PRODUCTO [749]
INSERT INTO PRODUCTO(ID,MARCA_ID,LINEA_ID,NOMBRE,PRESENTACION,CONTENIDO,UNIDADES_POR_CAJA,COSTO,COSTO_VENTA,PRECIO_BASE,UNIDAD_MEDIDA,CODIGO_BARRAS,ABREBIATURA) VALUES(749,54,10,'Real Solida','Piel Normal',95.0,72.0,3.923611,3.923611,5.461667,'G','7501039700952','Real Cr Normal 95g');

INSERT INTO MOVIMIENTO_HISTORICO_PRODUCTO (ALMACEN_ID,PRODUCTO_ID,FECHA,TIPO_MOVIMIENTO_ID,CANTIDAD,COSTO,PRECIO,USUARIO_ID) VALUES(1,749,now(),30,224,3.923611,5.461667,'root');
INSERT INTO ALMACEN_PRODUCTO(ALMACEN_ID,PRODUCTO_ID,CANTIDAD_ACTUAL,PRECIO_VENTA) VALUES (1,749,224,5.461667);

INSERT INTO ALMACEN_PRODUCTO(ALMACEN_ID,PRODUCTO_ID,CANTIDAD_ACTUAL,PRECIO_VENTA) VALUES (2,749,0,0.000000);

INSERT INTO ALMACEN_PRODUCTO(ALMACEN_ID,PRODUCTO_ID,CANTIDAD_ACTUAL,PRECIO_VENTA) VALUES (3,749,224,4.900000);

INSERT INTO ALMACEN_PRODUCTO(ALMACEN_ID,PRODUCTO_ID,CANTIDAD_ACTUAL,PRECIO_VENTA) VALUES (4,749,0,0.000000);

INSERT INTO PROVEEDOR_PRODUCTO(PROVEEDOR_ID,PRODUCTO_ID,PRECIO_COMPRA) VALUES(26,749, 3.923611);

-- ===========PRODUCTO [750]
INSERT INTO PRODUCTO(ID,MARCA_ID,LINEA_ID,NOMBRE,PRESENTACION,CONTENIDO,UNIDADES_POR_CAJA,COSTO,COSTO_VENTA,PRECIO_BASE,UNIDAD_MEDIDA,CODIGO_BARRAS,ABREBIATURA) VALUES(750,54,10,'Real Solida','Piel Extra Seca',95.0,72.0,3.923611,3.923611,5.461667,'G','7501039702956','Real Cr Ext Seca 95g');

INSERT INTO MOVIMIENTO_HISTORICO_PRODUCTO (ALMACEN_ID,PRODUCTO_ID,FECHA,TIPO_MOVIMIENTO_ID,CANTIDAD,COSTO,PRECIO,USUARIO_ID) VALUES(1,750,now(),30,154,3.923611,5.461667,'root');
INSERT INTO ALMACEN_PRODUCTO(ALMACEN_ID,PRODUCTO_ID,CANTIDAD_ACTUAL,PRECIO_VENTA) VALUES (1,750,154,5.461667);

INSERT INTO ALMACEN_PRODUCTO(ALMACEN_ID,PRODUCTO_ID,CANTIDAD_ACTUAL,PRECIO_VENTA) VALUES (2,750,0,0.000000);

INSERT INTO ALMACEN_PRODUCTO(ALMACEN_ID,PRODUCTO_ID,CANTIDAD_ACTUAL,PRECIO_VENTA) VALUES (3,750,154,4.900000);

INSERT INTO ALMACEN_PRODUCTO(ALMACEN_ID,PRODUCTO_ID,CANTIDAD_ACTUAL,PRECIO_VENTA) VALUES (4,750,0,0.000000);

INSERT INTO PROVEEDOR_PRODUCTO(PROVEEDOR_ID,PRODUCTO_ID,PRECIO_COMPRA) VALUES(26,750, 3.923611);

-- ===========PRODUCTO [751]
INSERT INTO PRODUCTO(ID,MARCA_ID,LINEA_ID,NOMBRE,PRESENTACION,CONTENIDO,UNIDADES_POR_CAJA,COSTO,COSTO_VENTA,PRECIO_BASE,UNIDAD_MEDIDA,CODIGO_BARRAS,ABREBIATURA) VALUES(751,54,10,'Real Solida','Piel Seca',95.0,72.0,3.923611,3.923611,5.461667,'G','7501039701959','Real Cr Seca 95g');

INSERT INTO MOVIMIENTO_HISTORICO_PRODUCTO (ALMACEN_ID,PRODUCTO_ID,FECHA,TIPO_MOVIMIENTO_ID,CANTIDAD,COSTO,PRECIO,USUARIO_ID) VALUES(1,751,now(),30,154,3.923611,5.461667,'root');
INSERT INTO ALMACEN_PRODUCTO(ALMACEN_ID,PRODUCTO_ID,CANTIDAD_ACTUAL,PRECIO_VENTA) VALUES (1,751,154,5.461667);

INSERT INTO ALMACEN_PRODUCTO(ALMACEN_ID,PRODUCTO_ID,CANTIDAD_ACTUAL,PRECIO_VENTA) VALUES (2,751,0,0.000000);

INSERT INTO ALMACEN_PRODUCTO(ALMACEN_ID,PRODUCTO_ID,CANTIDAD_ACTUAL,PRECIO_VENTA) VALUES (3,751,154,4.900000);

INSERT INTO ALMACEN_PRODUCTO(ALMACEN_ID,PRODUCTO_ID,CANTIDAD_ACTUAL,PRECIO_VENTA) VALUES (4,751,0,0.000000);

INSERT INTO PROVEEDOR_PRODUCTO(PROVEEDOR_ID,PRODUCTO_ID,PRECIO_COMPRA) VALUES(26,751, 3.923611);

-- ===========PRODUCTO [752]
INSERT INTO PRODUCTO(ID,MARCA_ID,LINEA_ID,NOMBRE,PRESENTACION,CONTENIDO,UNIDADES_POR_CAJA,COSTO,COSTO_VENTA,PRECIO_BASE,UNIDAD_MEDIDA,CODIGO_BARRAS,ABREBIATURA) VALUES(752,76,10,'Terssura Crema Hidratante','Piel Reseca',95.0,72.0,3.043483,3.043483,4.236528,'G','7503004523085','Tersura Cr Reseca 95g');

INSERT INTO MOVIMIENTO_HISTORICO_PRODUCTO (ALMACEN_ID,PRODUCTO_ID,FECHA,TIPO_MOVIMIENTO_ID,CANTIDAD,COSTO,PRECIO,USUARIO_ID) VALUES(1,752,now(),30,72,3.043483,4.236528,'root');
INSERT INTO ALMACEN_PRODUCTO(ALMACEN_ID,PRODUCTO_ID,CANTIDAD_ACTUAL,PRECIO_VENTA) VALUES (1,752,72,4.236528);

INSERT INTO ALMACEN_PRODUCTO(ALMACEN_ID,PRODUCTO_ID,CANTIDAD_ACTUAL,PRECIO_VENTA) VALUES (2,752,0,0.000000);

INSERT INTO ALMACEN_PRODUCTO(ALMACEN_ID,PRODUCTO_ID,CANTIDAD_ACTUAL,PRECIO_VENTA) VALUES (3,752,72,3.900000);

INSERT INTO ALMACEN_PRODUCTO(ALMACEN_ID,PRODUCTO_ID,CANTIDAD_ACTUAL,PRECIO_VENTA) VALUES (4,752,0,0.000000);

INSERT INTO PROVEEDOR_PRODUCTO(PROVEEDOR_ID,PRODUCTO_ID,PRECIO_COMPRA) VALUES(16,752, 3.043483);

-- ===========PRODUCTO [753]
INSERT INTO PRODUCTO(ID,MARCA_ID,LINEA_ID,NOMBRE,PRESENTACION,CONTENIDO,UNIDADES_POR_CAJA,COSTO,COSTO_VENTA,PRECIO_BASE,UNIDAD_MEDIDA,CODIGO_BARRAS,ABREBIATURA) VALUES(753,61,2,'Moco de Gorila Squizz','Punk',340.0,12.0,0.000000,0.000000,0.000000,'G','7501438326081','Moco Squiz Punk 340g');

INSERT INTO MOVIMIENTO_HISTORICO_PRODUCTO (ALMACEN_ID,PRODUCTO_ID,FECHA,TIPO_MOVIMIENTO_ID,CANTIDAD,COSTO,PRECIO,USUARIO_ID) VALUES(1,753,now(),30,12,0.000000,0.000000,'root');
INSERT INTO ALMACEN_PRODUCTO(ALMACEN_ID,PRODUCTO_ID,CANTIDAD_ACTUAL,PRECIO_VENTA) VALUES (1,753,12,0.000000);

INSERT INTO ALMACEN_PRODUCTO(ALMACEN_ID,PRODUCTO_ID,CANTIDAD_ACTUAL,PRECIO_VENTA) VALUES (2,753,0,0.000000);

INSERT INTO ALMACEN_PRODUCTO(ALMACEN_ID,PRODUCTO_ID,CANTIDAD_ACTUAL,PRECIO_VENTA) VALUES (3,753,12,17.900000);

INSERT INTO ALMACEN_PRODUCTO(ALMACEN_ID,PRODUCTO_ID,CANTIDAD_ACTUAL,PRECIO_VENTA) VALUES (4,753,0,0.000000);

INSERT INTO PROVEEDOR_PRODUCTO(PROVEEDOR_ID,PRODUCTO_ID,PRECIO_COMPRA) VALUES(12,753, 0.000000);

-- ===========PRODUCTO [754]
INSERT INTO PRODUCTO(ID,MARCA_ID,LINEA_ID,NOMBRE,PRESENTACION,CONTENIDO,UNIDADES_POR_CAJA,COSTO,COSTO_VENTA,PRECIO_BASE,UNIDAD_MEDIDA,CODIGO_BARRAS,ABREBIATURA) VALUES(754,73,12,'Blumen Jabon Antibacterial','Hallowen',300.0,12.0,9.985632,9.985632,13.900000,'ML','7502244762292','Blum Jab Hallow 300m');

INSERT INTO MOVIMIENTO_HISTORICO_PRODUCTO (ALMACEN_ID,PRODUCTO_ID,FECHA,TIPO_MOVIMIENTO_ID,CANTIDAD,COSTO,PRECIO,USUARIO_ID) VALUES(1,754,now(),30,0,9.985632,13.900000,'root');
INSERT INTO ALMACEN_PRODUCTO(ALMACEN_ID,PRODUCTO_ID,CANTIDAD_ACTUAL,PRECIO_VENTA) VALUES (1,754,0,13.900000);

INSERT INTO ALMACEN_PRODUCTO(ALMACEN_ID,PRODUCTO_ID,CANTIDAD_ACTUAL,PRECIO_VENTA) VALUES (2,754,0,0.000000);

INSERT INTO PROVEEDOR_PRODUCTO(PROVEEDOR_ID,PRODUCTO_ID,PRECIO_COMPRA) VALUES(1,754, 9.985632);

-- ===========PRODUCTO [755]
INSERT INTO PRODUCTO(ID,MARCA_ID,LINEA_ID,NOMBRE,PRESENTACION,CONTENIDO,UNIDADES_POR_CAJA,COSTO,COSTO_VENTA,PRECIO_BASE,UNIDAD_MEDIDA,CODIGO_BARRAS,ABREBIATURA) VALUES(755,77,12,'Microdyn Crema Gel','Sanitizante',60.0,100.0,0.000000,0.000000,0.000000,'ML','7501119500472','Microd Gel Sanitiz 60m');

INSERT INTO MOVIMIENTO_HISTORICO_PRODUCTO (ALMACEN_ID,PRODUCTO_ID,FECHA,TIPO_MOVIMIENTO_ID,CANTIDAD,COSTO,PRECIO,USUARIO_ID) VALUES(1,755,now(),30,12,0.000000,0.000000,'root');
INSERT INTO ALMACEN_PRODUCTO(ALMACEN_ID,PRODUCTO_ID,CANTIDAD_ACTUAL,PRECIO_VENTA) VALUES (1,755,12,0.000000);

INSERT INTO ALMACEN_PRODUCTO(ALMACEN_ID,PRODUCTO_ID,CANTIDAD_ACTUAL,PRECIO_VENTA) VALUES (2,755,10,3.000000);

INSERT INTO ALMACEN_PRODUCTO(ALMACEN_ID,PRODUCTO_ID,CANTIDAD_ACTUAL,PRECIO_VENTA) VALUES (3,755,12,0.000000);

INSERT INTO ALMACEN_PRODUCTO(ALMACEN_ID,PRODUCTO_ID,CANTIDAD_ACTUAL,PRECIO_VENTA) VALUES (4,755,10,3.000000);

INSERT INTO PROVEEDOR_PRODUCTO(PROVEEDOR_ID,PRODUCTO_ID,PRECIO_COMPRA) VALUES(23,755, 0.000000);

-- ===========PRODUCTO [756]
INSERT INTO PRODUCTO(ID,MARCA_ID,LINEA_ID,NOMBRE,PRESENTACION,CONTENIDO,UNIDADES_POR_CAJA,COSTO,COSTO_VENTA,PRECIO_BASE,UNIDAD_MEDIDA,CODIGO_BARRAS,ABREBIATURA) VALUES(756,11,4,'Brut Aerosol','Code',160.0,12.0,0.000000,0.000000,0.000000,'ML','7502221185304','Brut Aer Code 160ml');

INSERT INTO MOVIMIENTO_HISTORICO_PRODUCTO (ALMACEN_ID,PRODUCTO_ID,FECHA,TIPO_MOVIMIENTO_ID,CANTIDAD,COSTO,PRECIO,USUARIO_ID) VALUES(1,756,now(),30,12,0.000000,0.000000,'root');
INSERT INTO ALMACEN_PRODUCTO(ALMACEN_ID,PRODUCTO_ID,CANTIDAD_ACTUAL,PRECIO_VENTA) VALUES (1,756,12,0.000000);

INSERT INTO ALMACEN_PRODUCTO(ALMACEN_ID,PRODUCTO_ID,CANTIDAD_ACTUAL,PRECIO_VENTA) VALUES (2,756,2,0.000000);

INSERT INTO ALMACEN_PRODUCTO(ALMACEN_ID,PRODUCTO_ID,CANTIDAD_ACTUAL,PRECIO_VENTA) VALUES (3,756,12,34.900000);

INSERT INTO ALMACEN_PRODUCTO(ALMACEN_ID,PRODUCTO_ID,CANTIDAD_ACTUAL,PRECIO_VENTA) VALUES (4,756,2,0.000000);

INSERT INTO PROVEEDOR_PRODUCTO(PROVEEDOR_ID,PRODUCTO_ID,PRECIO_COMPRA) VALUES(18,756, 0.000000);

-- ===========PRODUCTO [757]
INSERT INTO PRODUCTO(ID,MARCA_ID,LINEA_ID,NOMBRE,PRESENTACION,CONTENIDO,UNIDADES_POR_CAJA,COSTO,COSTO_VENTA,PRECIO_BASE,UNIDAD_MEDIDA,CODIGO_BARRAS,ABREBIATURA) VALUES(757,11,4,'Brut Aerosol','Excess',160.0,12.0,0.000000,0.000000,0.000000,'ML','7502221185328','Brut Aer Excess 160ml');

INSERT INTO MOVIMIENTO_HISTORICO_PRODUCTO (ALMACEN_ID,PRODUCTO_ID,FECHA,TIPO_MOVIMIENTO_ID,CANTIDAD,COSTO,PRECIO,USUARIO_ID) VALUES(1,757,now(),30,3,0.000000,0.000000,'root');
INSERT INTO ALMACEN_PRODUCTO(ALMACEN_ID,PRODUCTO_ID,CANTIDAD_ACTUAL,PRECIO_VENTA) VALUES (1,757,3,0.000000);

INSERT INTO ALMACEN_PRODUCTO(ALMACEN_ID,PRODUCTO_ID,CANTIDAD_ACTUAL,PRECIO_VENTA) VALUES (2,757,0,0.000000);

INSERT INTO ALMACEN_PRODUCTO(ALMACEN_ID,PRODUCTO_ID,CANTIDAD_ACTUAL,PRECIO_VENTA) VALUES (3,757,3,34.900000);

INSERT INTO ALMACEN_PRODUCTO(ALMACEN_ID,PRODUCTO_ID,CANTIDAD_ACTUAL,PRECIO_VENTA) VALUES (4,757,0,0.000000);

INSERT INTO PROVEEDOR_PRODUCTO(PROVEEDOR_ID,PRODUCTO_ID,PRECIO_COMPRA) VALUES(18,757, 0.000000);

-- ===========PRODUCTO [758]
INSERT INTO PRODUCTO(ID,MARCA_ID,LINEA_ID,NOMBRE,PRESENTACION,CONTENIDO,UNIDADES_POR_CAJA,COSTO,COSTO_VENTA,PRECIO_BASE,UNIDAD_MEDIDA,CODIGO_BARRAS,ABREBIATURA) VALUES(758,11,4,'Brut Rollon','Excess',50.0,12.0,0.000000,0.000000,0.000000,'G','7502221182471','Brut R-o Excess 50g');

INSERT INTO MOVIMIENTO_HISTORICO_PRODUCTO (ALMACEN_ID,PRODUCTO_ID,FECHA,TIPO_MOVIMIENTO_ID,CANTIDAD,COSTO,PRECIO,USUARIO_ID) VALUES(1,758,now(),30,4,0.000000,0.000000,'root');
INSERT INTO ALMACEN_PRODUCTO(ALMACEN_ID,PRODUCTO_ID,CANTIDAD_ACTUAL,PRECIO_VENTA) VALUES (1,758,4,0.000000);

INSERT INTO ALMACEN_PRODUCTO(ALMACEN_ID,PRODUCTO_ID,CANTIDAD_ACTUAL,PRECIO_VENTA) VALUES (2,758,7,5.000000);

INSERT INTO ALMACEN_PRODUCTO(ALMACEN_ID,PRODUCTO_ID,CANTIDAD_ACTUAL,PRECIO_VENTA) VALUES (3,758,4,14.900000);

INSERT INTO ALMACEN_PRODUCTO(ALMACEN_ID,PRODUCTO_ID,CANTIDAD_ACTUAL,PRECIO_VENTA) VALUES (4,758,7,5.000000);

INSERT INTO PROVEEDOR_PRODUCTO(PROVEEDOR_ID,PRODUCTO_ID,PRECIO_COMPRA) VALUES(18,758, 0.000000);

-- ===========PRODUCTO [759]
INSERT INTO PRODUCTO(ID,MARCA_ID,LINEA_ID,NOMBRE,PRESENTACION,CONTENIDO,UNIDADES_POR_CAJA,COSTO,COSTO_VENTA,PRECIO_BASE,UNIDAD_MEDIDA,CODIGO_BARRAS,ABREBIATURA) VALUES(759,11,4,'Brut Rollon','Code',50.0,12.0,0.000000,0.000000,0.000000,'G','7502221182457','Brut R-o Code 50g');

INSERT INTO MOVIMIENTO_HISTORICO_PRODUCTO (ALMACEN_ID,PRODUCTO_ID,FECHA,TIPO_MOVIMIENTO_ID,CANTIDAD,COSTO,PRECIO,USUARIO_ID) VALUES(1,759,now(),30,12,0.000000,0.000000,'root');
INSERT INTO ALMACEN_PRODUCTO(ALMACEN_ID,PRODUCTO_ID,CANTIDAD_ACTUAL,PRECIO_VENTA) VALUES (1,759,12,0.000000);

INSERT INTO ALMACEN_PRODUCTO(ALMACEN_ID,PRODUCTO_ID,CANTIDAD_ACTUAL,PRECIO_VENTA) VALUES (2,759,10,5.000000);

INSERT INTO ALMACEN_PRODUCTO(ALMACEN_ID,PRODUCTO_ID,CANTIDAD_ACTUAL,PRECIO_VENTA) VALUES (3,759,12,14.900000);

INSERT INTO ALMACEN_PRODUCTO(ALMACEN_ID,PRODUCTO_ID,CANTIDAD_ACTUAL,PRECIO_VENTA) VALUES (4,759,10,5.000000);

INSERT INTO PROVEEDOR_PRODUCTO(PROVEEDOR_ID,PRODUCTO_ID,PRECIO_COMPRA) VALUES(18,759, 0.000000);

-- ===========PRODUCTO [760]
INSERT INTO PRODUCTO(ID,MARCA_ID,LINEA_ID,NOMBRE,PRESENTACION,CONTENIDO,UNIDADES_POR_CAJA,COSTO,COSTO_VENTA,PRECIO_BASE,UNIDAD_MEDIDA,CODIGO_BARRAS,ABREBIATURA) VALUES(760,11,4,'Brut Rollon','Urban',50.0,12.0,0.000000,0.000000,0.000000,'G','7502221182488','Brut R-o Urban 50g');

INSERT INTO MOVIMIENTO_HISTORICO_PRODUCTO (ALMACEN_ID,PRODUCTO_ID,FECHA,TIPO_MOVIMIENTO_ID,CANTIDAD,COSTO,PRECIO,USUARIO_ID) VALUES(1,760,now(),30,11,0.000000,0.000000,'root');
INSERT INTO ALMACEN_PRODUCTO(ALMACEN_ID,PRODUCTO_ID,CANTIDAD_ACTUAL,PRECIO_VENTA) VALUES (1,760,11,0.000000);

INSERT INTO ALMACEN_PRODUCTO(ALMACEN_ID,PRODUCTO_ID,CANTIDAD_ACTUAL,PRECIO_VENTA) VALUES (2,760,10,5.000000);

INSERT INTO ALMACEN_PRODUCTO(ALMACEN_ID,PRODUCTO_ID,CANTIDAD_ACTUAL,PRECIO_VENTA) VALUES (3,760,11,14.900000);

INSERT INTO ALMACEN_PRODUCTO(ALMACEN_ID,PRODUCTO_ID,CANTIDAD_ACTUAL,PRECIO_VENTA) VALUES (4,760,10,5.000000);

INSERT INTO PROVEEDOR_PRODUCTO(PROVEEDOR_ID,PRODUCTO_ID,PRECIO_COMPRA) VALUES(18,760, 0.000000);

-- ===========PRODUCTO [761]
INSERT INTO PRODUCTO(ID,MARCA_ID,LINEA_ID,NOMBRE,PRESENTACION,CONTENIDO,UNIDADES_POR_CAJA,COSTO,COSTO_VENTA,PRECIO_BASE,UNIDAD_MEDIDA,CODIGO_BARRAS,ABREBIATURA) VALUES(761,11,4,'Brut Stick Caballero','Urban',65.0,12.0,0.000000,0.000000,0.000000,'G','7502221182525','Brut Stick Urban 65g');

INSERT INTO MOVIMIENTO_HISTORICO_PRODUCTO (ALMACEN_ID,PRODUCTO_ID,FECHA,TIPO_MOVIMIENTO_ID,CANTIDAD,COSTO,PRECIO,USUARIO_ID) VALUES(1,761,now(),30,12,0.000000,0.000000,'root');
INSERT INTO ALMACEN_PRODUCTO(ALMACEN_ID,PRODUCTO_ID,CANTIDAD_ACTUAL,PRECIO_VENTA) VALUES (1,761,12,0.000000);

INSERT INTO ALMACEN_PRODUCTO(ALMACEN_ID,PRODUCTO_ID,CANTIDAD_ACTUAL,PRECIO_VENTA) VALUES (2,761,2,0.000000);

INSERT INTO ALMACEN_PRODUCTO(ALMACEN_ID,PRODUCTO_ID,CANTIDAD_ACTUAL,PRECIO_VENTA) VALUES (3,761,12,24.900000);

INSERT INTO ALMACEN_PRODUCTO(ALMACEN_ID,PRODUCTO_ID,CANTIDAD_ACTUAL,PRECIO_VENTA) VALUES (4,761,2,0.000000);

INSERT INTO PROVEEDOR_PRODUCTO(PROVEEDOR_ID,PRODUCTO_ID,PRECIO_COMPRA) VALUES(18,761, 0.000000);

-- ===========PRODUCTO [762]
INSERT INTO PRODUCTO(ID,MARCA_ID,LINEA_ID,NOMBRE,PRESENTACION,CONTENIDO,UNIDADES_POR_CAJA,COSTO,COSTO_VENTA,PRECIO_BASE,UNIDAD_MEDIDA,CODIGO_BARRAS,ABREBIATURA) VALUES(762,11,4,'Brut Stick Caballero','Code',65.0,12.0,0.000000,0.000000,0.000000,'G','7502221182495','Brut Stick Code 65g');

INSERT INTO MOVIMIENTO_HISTORICO_PRODUCTO (ALMACEN_ID,PRODUCTO_ID,FECHA,TIPO_MOVIMIENTO_ID,CANTIDAD,COSTO,PRECIO,USUARIO_ID) VALUES(1,762,now(),30,12,0.000000,0.000000,'root');
INSERT INTO ALMACEN_PRODUCTO(ALMACEN_ID,PRODUCTO_ID,CANTIDAD_ACTUAL,PRECIO_VENTA) VALUES (1,762,12,0.000000);

INSERT INTO ALMACEN_PRODUCTO(ALMACEN_ID,PRODUCTO_ID,CANTIDAD_ACTUAL,PRECIO_VENTA) VALUES (2,762,2,0.000000);

INSERT INTO ALMACEN_PRODUCTO(ALMACEN_ID,PRODUCTO_ID,CANTIDAD_ACTUAL,PRECIO_VENTA) VALUES (3,762,12,24.900000);

INSERT INTO ALMACEN_PRODUCTO(ALMACEN_ID,PRODUCTO_ID,CANTIDAD_ACTUAL,PRECIO_VENTA) VALUES (4,762,2,0.000000);

INSERT INTO PROVEEDOR_PRODUCTO(PROVEEDOR_ID,PRODUCTO_ID,PRECIO_COMPRA) VALUES(18,762, 0.000000);

-- ===========PRODUCTO [763]
INSERT INTO PRODUCTO(ID,MARCA_ID,LINEA_ID,NOMBRE,PRESENTACION,CONTENIDO,UNIDADES_POR_CAJA,COSTO,COSTO_VENTA,PRECIO_BASE,UNIDAD_MEDIDA,CODIGO_BARRAS,ABREBIATURA) VALUES(763,11,4,'Brut Stick Caballero','Excess',65.0,12.0,0.000000,0.000000,0.000000,'G','7502221182518','Brut Stick Excess 65g');

INSERT INTO MOVIMIENTO_HISTORICO_PRODUCTO (ALMACEN_ID,PRODUCTO_ID,FECHA,TIPO_MOVIMIENTO_ID,CANTIDAD,COSTO,PRECIO,USUARIO_ID) VALUES(1,763,now(),30,1,0.000000,0.000000,'root');
INSERT INTO ALMACEN_PRODUCTO(ALMACEN_ID,PRODUCTO_ID,CANTIDAD_ACTUAL,PRECIO_VENTA) VALUES (1,763,1,0.000000);

INSERT INTO ALMACEN_PRODUCTO(ALMACEN_ID,PRODUCTO_ID,CANTIDAD_ACTUAL,PRECIO_VENTA) VALUES (2,763,33,5.000000);

INSERT INTO ALMACEN_PRODUCTO(ALMACEN_ID,PRODUCTO_ID,CANTIDAD_ACTUAL,PRECIO_VENTA) VALUES (3,763,1,24.900000);

INSERT INTO ALMACEN_PRODUCTO(ALMACEN_ID,PRODUCTO_ID,CANTIDAD_ACTUAL,PRECIO_VENTA) VALUES (4,763,33,5.000000);

INSERT INTO PROVEEDOR_PRODUCTO(PROVEEDOR_ID,PRODUCTO_ID,PRECIO_COMPRA) VALUES(18,763, 0.000000);

-- ===========PRODUCTO [764]
INSERT INTO PRODUCTO(ID,MARCA_ID,LINEA_ID,NOMBRE,PRESENTACION,CONTENIDO,UNIDADES_POR_CAJA,COSTO,COSTO_VENTA,PRECIO_BASE,UNIDAD_MEDIDA,CODIGO_BARRAS,ABREBIATURA) VALUES(764,11,4,'Brut Stick Caballero','Ego',65.0,12.0,0.000000,0.000000,0.000000,'G','7502221182501','Brut Stick Ego 65g');

INSERT INTO MOVIMIENTO_HISTORICO_PRODUCTO (ALMACEN_ID,PRODUCTO_ID,FECHA,TIPO_MOVIMIENTO_ID,CANTIDAD,COSTO,PRECIO,USUARIO_ID) VALUES(1,764,now(),30,2,0.000000,0.000000,'root');
INSERT INTO ALMACEN_PRODUCTO(ALMACEN_ID,PRODUCTO_ID,CANTIDAD_ACTUAL,PRECIO_VENTA) VALUES (1,764,2,0.000000);

INSERT INTO ALMACEN_PRODUCTO(ALMACEN_ID,PRODUCTO_ID,CANTIDAD_ACTUAL,PRECIO_VENTA) VALUES (2,764,12,5.000000);

INSERT INTO ALMACEN_PRODUCTO(ALMACEN_ID,PRODUCTO_ID,CANTIDAD_ACTUAL,PRECIO_VENTA) VALUES (3,764,2,24.900000);

INSERT INTO ALMACEN_PRODUCTO(ALMACEN_ID,PRODUCTO_ID,CANTIDAD_ACTUAL,PRECIO_VENTA) VALUES (4,764,12,5.000000);

INSERT INTO PROVEEDOR_PRODUCTO(PROVEEDOR_ID,PRODUCTO_ID,PRECIO_COMPRA) VALUES(18,764, 0.000000);

-- ===========PRODUCTO [765]
INSERT INTO PRODUCTO(ID,MARCA_ID,LINEA_ID,NOMBRE,PRESENTACION,CONTENIDO,UNIDADES_POR_CAJA,COSTO,COSTO_VENTA,PRECIO_BASE,UNIDAD_MEDIDA,CODIGO_BARRAS,ABREBIATURA) VALUES(765,32,15,'Protex Jabon Solido','Propoleo',180.0,24.0,0.000000,0.000000,0.000000,'G','7509546046754','Protx Jab Propol 180g');

INSERT INTO MOVIMIENTO_HISTORICO_PRODUCTO (ALMACEN_ID,PRODUCTO_ID,FECHA,TIPO_MOVIMIENTO_ID,CANTIDAD,COSTO,PRECIO,USUARIO_ID) VALUES(1,765,now(),30,90,0.000000,0.000000,'root');
INSERT INTO ALMACEN_PRODUCTO(ALMACEN_ID,PRODUCTO_ID,CANTIDAD_ACTUAL,PRECIO_VENTA) VALUES (1,765,90,0.000000);

INSERT INTO ALMACEN_PRODUCTO(ALMACEN_ID,PRODUCTO_ID,CANTIDAD_ACTUAL,PRECIO_VENTA) VALUES (2,765,0,0.000000);

INSERT INTO ALMACEN_PRODUCTO(ALMACEN_ID,PRODUCTO_ID,CANTIDAD_ACTUAL,PRECIO_VENTA) VALUES (3,765,90,0.000000);

INSERT INTO ALMACEN_PRODUCTO(ALMACEN_ID,PRODUCTO_ID,CANTIDAD_ACTUAL,PRECIO_VENTA) VALUES (4,765,0,0.000000);

INSERT INTO PROVEEDOR_PRODUCTO(PROVEEDOR_ID,PRODUCTO_ID,PRECIO_COMPRA) VALUES(6,765, 0.000000);

-- ===========PRODUCTO [766]
INSERT INTO PRODUCTO(ID,MARCA_ID,LINEA_ID,NOMBRE,PRESENTACION,CONTENIDO,UNIDADES_POR_CAJA,COSTO,COSTO_VENTA,PRECIO_BASE,UNIDAD_MEDIDA,CODIGO_BARRAS,ABREBIATURA) VALUES(766,32,15,'Protex Jabon Solido','Balance',180.0,72.0,0.000000,0.000000,0.000000,'G','7509546044965','Protx Jab Balanc 180g');

INSERT INTO MOVIMIENTO_HISTORICO_PRODUCTO (ALMACEN_ID,PRODUCTO_ID,FECHA,TIPO_MOVIMIENTO_ID,CANTIDAD,COSTO,PRECIO,USUARIO_ID) VALUES(1,766,now(),30,72,0.000000,0.000000,'root');
INSERT INTO ALMACEN_PRODUCTO(ALMACEN_ID,PRODUCTO_ID,CANTIDAD_ACTUAL,PRECIO_VENTA) VALUES (1,766,72,0.000000);

INSERT INTO ALMACEN_PRODUCTO(ALMACEN_ID,PRODUCTO_ID,CANTIDAD_ACTUAL,PRECIO_VENTA) VALUES (2,766,0,0.000000);

INSERT INTO ALMACEN_PRODUCTO(ALMACEN_ID,PRODUCTO_ID,CANTIDAD_ACTUAL,PRECIO_VENTA) VALUES (3,766,72,0.000000);

INSERT INTO ALMACEN_PRODUCTO(ALMACEN_ID,PRODUCTO_ID,CANTIDAD_ACTUAL,PRECIO_VENTA) VALUES (4,766,0,0.000000);

INSERT INTO PROVEEDOR_PRODUCTO(PROVEEDOR_ID,PRODUCTO_ID,PRECIO_COMPRA) VALUES(6,766, 0.000000);

-- ===========PRODUCTO [767]
INSERT INTO PRODUCTO(ID,MARCA_ID,LINEA_ID,NOMBRE,PRESENTACION,CONTENIDO,UNIDADES_POR_CAJA,COSTO,COSTO_VENTA,PRECIO_BASE,UNIDAD_MEDIDA,CODIGO_BARRAS,ABREBIATURA) VALUES(767,27,9,'Vel Rosita Barra Limpiadora','Clasico',350.0,40.0,0.000000,0.000000,0.000000,'G','7501035912793','Vel Rosit Bar Clas 350g');

INSERT INTO MOVIMIENTO_HISTORICO_PRODUCTO (ALMACEN_ID,PRODUCTO_ID,FECHA,TIPO_MOVIMIENTO_ID,CANTIDAD,COSTO,PRECIO,USUARIO_ID) VALUES(1,767,now(),30,40,0.000000,0.000000,'root');
INSERT INTO ALMACEN_PRODUCTO(ALMACEN_ID,PRODUCTO_ID,CANTIDAD_ACTUAL,PRECIO_VENTA) VALUES (1,767,40,0.000000);

INSERT INTO ALMACEN_PRODUCTO(ALMACEN_ID,PRODUCTO_ID,CANTIDAD_ACTUAL,PRECIO_VENTA) VALUES (2,767,0,0.000000);

INSERT INTO ALMACEN_PRODUCTO(ALMACEN_ID,PRODUCTO_ID,CANTIDAD_ACTUAL,PRECIO_VENTA) VALUES (3,767,40,10.900000);

INSERT INTO ALMACEN_PRODUCTO(ALMACEN_ID,PRODUCTO_ID,CANTIDAD_ACTUAL,PRECIO_VENTA) VALUES (4,767,0,0.000000);

INSERT INTO PROVEEDOR_PRODUCTO(PROVEEDOR_ID,PRODUCTO_ID,PRECIO_COMPRA) VALUES(6,767, 0.000000);

-- ===========PRODUCTO [768]
INSERT INTO PRODUCTO(ID,MARCA_ID,LINEA_ID,NOMBRE,PRESENTACION,CONTENIDO,UNIDADES_POR_CAJA,COSTO,COSTO_VENTA,PRECIO_BASE,UNIDAD_MEDIDA,CODIGO_BARRAS,ABREBIATURA) VALUES(768,78,2,'Fija Max','Surtido',1000.0,6.0,0.000000,0.000000,0.000000,'G','7501822400717','Fija Max Gel 1000g');

INSERT INTO MOVIMIENTO_HISTORICO_PRODUCTO (ALMACEN_ID,PRODUCTO_ID,FECHA,TIPO_MOVIMIENTO_ID,CANTIDAD,COSTO,PRECIO,USUARIO_ID) VALUES(1,768,now(),30,18,0.000000,0.000000,'root');
INSERT INTO ALMACEN_PRODUCTO(ALMACEN_ID,PRODUCTO_ID,CANTIDAD_ACTUAL,PRECIO_VENTA) VALUES (1,768,18,0.000000);

INSERT INTO ALMACEN_PRODUCTO(ALMACEN_ID,PRODUCTO_ID,CANTIDAD_ACTUAL,PRECIO_VENTA) VALUES (2,768,0,0.000000);

INSERT INTO ALMACEN_PRODUCTO(ALMACEN_ID,PRODUCTO_ID,CANTIDAD_ACTUAL,PRECIO_VENTA) VALUES (3,768,18,0.000000);

INSERT INTO ALMACEN_PRODUCTO(ALMACEN_ID,PRODUCTO_ID,CANTIDAD_ACTUAL,PRECIO_VENTA) VALUES (4,768,0,0.000000);

INSERT INTO PROVEEDOR_PRODUCTO(PROVEEDOR_ID,PRODUCTO_ID,PRECIO_COMPRA) VALUES(8,768, 0.000000);

-- ===========PRODUCTO [769]
INSERT INTO PRODUCTO(ID,MARCA_ID,LINEA_ID,NOMBRE,PRESENTACION,CONTENIDO,UNIDADES_POR_CAJA,COSTO,COSTO_VENTA,PRECIO_BASE,UNIDAD_MEDIDA,CODIGO_BARRAS,ABREBIATURA) VALUES(769,78,2,'Fija Max','Extremo',250.0,24.0,0.000000,0.000000,0.000000,'G','7501822402117','Fija Max Extrem 250g');

INSERT INTO MOVIMIENTO_HISTORICO_PRODUCTO (ALMACEN_ID,PRODUCTO_ID,FECHA,TIPO_MOVIMIENTO_ID,CANTIDAD,COSTO,PRECIO,USUARIO_ID) VALUES(1,769,now(),30,48,0.000000,0.000000,'root');
INSERT INTO ALMACEN_PRODUCTO(ALMACEN_ID,PRODUCTO_ID,CANTIDAD_ACTUAL,PRECIO_VENTA) VALUES (1,769,48,0.000000);

INSERT INTO ALMACEN_PRODUCTO(ALMACEN_ID,PRODUCTO_ID,CANTIDAD_ACTUAL,PRECIO_VENTA) VALUES (2,769,0,0.000000);

INSERT INTO ALMACEN_PRODUCTO(ALMACEN_ID,PRODUCTO_ID,CANTIDAD_ACTUAL,PRECIO_VENTA) VALUES (3,769,48,0.000000);

INSERT INTO ALMACEN_PRODUCTO(ALMACEN_ID,PRODUCTO_ID,CANTIDAD_ACTUAL,PRECIO_VENTA) VALUES (4,769,0,0.000000);

INSERT INTO PROVEEDOR_PRODUCTO(PROVEEDOR_ID,PRODUCTO_ID,PRECIO_COMPRA) VALUES(8,769, 0.000000);

-- ===========PRODUCTO [770]
INSERT INTO PRODUCTO(ID,MARCA_ID,LINEA_ID,NOMBRE,PRESENTACION,CONTENIDO,UNIDADES_POR_CAJA,COSTO,COSTO_VENTA,PRECIO_BASE,UNIDAD_MEDIDA,CODIGO_BARRAS,ABREBIATURA) VALUES(770,78,2,'Fija Max','Surtido',250.0,24.0,0.000000,0.000000,0.000000,'G','7501822400519','Fija Max Surtido 250g');

INSERT INTO MOVIMIENTO_HISTORICO_PRODUCTO (ALMACEN_ID,PRODUCTO_ID,FECHA,TIPO_MOVIMIENTO_ID,CANTIDAD,COSTO,PRECIO,USUARIO_ID) VALUES(1,770,now(),30,72,0.000000,0.000000,'root');
INSERT INTO ALMACEN_PRODUCTO(ALMACEN_ID,PRODUCTO_ID,CANTIDAD_ACTUAL,PRECIO_VENTA) VALUES (1,770,72,0.000000);

INSERT INTO ALMACEN_PRODUCTO(ALMACEN_ID,PRODUCTO_ID,CANTIDAD_ACTUAL,PRECIO_VENTA) VALUES (2,770,0,0.000000);

INSERT INTO ALMACEN_PRODUCTO(ALMACEN_ID,PRODUCTO_ID,CANTIDAD_ACTUAL,PRECIO_VENTA) VALUES (3,770,72,0.000000);

INSERT INTO ALMACEN_PRODUCTO(ALMACEN_ID,PRODUCTO_ID,CANTIDAD_ACTUAL,PRECIO_VENTA) VALUES (4,770,0,0.000000);

INSERT INTO PROVEEDOR_PRODUCTO(PROVEEDOR_ID,PRODUCTO_ID,PRECIO_COMPRA) VALUES(8,770, 0.000000);

-- ===========PRODUCTO [771]
INSERT INTO PRODUCTO(ID,MARCA_ID,LINEA_ID,NOMBRE,PRESENTACION,CONTENIDO,UNIDADES_POR_CAJA,COSTO,COSTO_VENTA,PRECIO_BASE,UNIDAD_MEDIDA,CODIGO_BARRAS,ABREBIATURA) VALUES(771,35,11,'Colgate Crema Dental Pack 125ml','Maxima Proteccion Anticaries',2.0,36.0,0.000000,0.000000,0.000000,'Pz','7509546048000','Colgte Pck MPA 2-125m');

INSERT INTO MOVIMIENTO_HISTORICO_PRODUCTO (ALMACEN_ID,PRODUCTO_ID,FECHA,TIPO_MOVIMIENTO_ID,CANTIDAD,COSTO,PRECIO,USUARIO_ID) VALUES(1,771,now(),30,36,0.000000,0.000000,'root');
INSERT INTO ALMACEN_PRODUCTO(ALMACEN_ID,PRODUCTO_ID,CANTIDAD_ACTUAL,PRECIO_VENTA) VALUES (1,771,36,0.000000);

INSERT INTO ALMACEN_PRODUCTO(ALMACEN_ID,PRODUCTO_ID,CANTIDAD_ACTUAL,PRECIO_VENTA) VALUES (2,771,5,16.000000);

INSERT INTO ALMACEN_PRODUCTO(ALMACEN_ID,PRODUCTO_ID,CANTIDAD_ACTUAL,PRECIO_VENTA) VALUES (3,771,36,0.000000);

INSERT INTO ALMACEN_PRODUCTO(ALMACEN_ID,PRODUCTO_ID,CANTIDAD_ACTUAL,PRECIO_VENTA) VALUES (4,771,5,16.000000);

INSERT INTO PROVEEDOR_PRODUCTO(PROVEEDOR_ID,PRODUCTO_ID,PRECIO_COMPRA) VALUES(6,771, 0.000000);

-- ===========PRODUCTO [772]
INSERT INTO PRODUCTO(ID,MARCA_ID,LINEA_ID,NOMBRE,PRESENTACION,CONTENIDO,UNIDADES_POR_CAJA,COSTO,COSTO_VENTA,PRECIO_BASE,UNIDAD_MEDIDA,CODIGO_BARRAS,ABREBIATURA) VALUES(772,17,15,'Palmolive Naturals','Suavidad Exfoliante',180.0,72.0,0.000000,0.000000,0.000000,'G','7509546052915','Palm Jab Suav Exf 180g');

INSERT INTO MOVIMIENTO_HISTORICO_PRODUCTO (ALMACEN_ID,PRODUCTO_ID,FECHA,TIPO_MOVIMIENTO_ID,CANTIDAD,COSTO,PRECIO,USUARIO_ID) VALUES(1,772,now(),30,72,0.000000,0.000000,'root');
INSERT INTO ALMACEN_PRODUCTO(ALMACEN_ID,PRODUCTO_ID,CANTIDAD_ACTUAL,PRECIO_VENTA) VALUES (1,772,72,0.000000);

INSERT INTO ALMACEN_PRODUCTO(ALMACEN_ID,PRODUCTO_ID,CANTIDAD_ACTUAL,PRECIO_VENTA) VALUES (2,772,0,0.000000);

INSERT INTO ALMACEN_PRODUCTO(ALMACEN_ID,PRODUCTO_ID,CANTIDAD_ACTUAL,PRECIO_VENTA) VALUES (3,772,72,0.000000);

INSERT INTO ALMACEN_PRODUCTO(ALMACEN_ID,PRODUCTO_ID,CANTIDAD_ACTUAL,PRECIO_VENTA) VALUES (4,772,0,0.000000);

INSERT INTO PROVEEDOR_PRODUCTO(PROVEEDOR_ID,PRODUCTO_ID,PRECIO_COMPRA) VALUES(6,772, 0.000000);

-- ===========PRODUCTO [773]
INSERT INTO PRODUCTO(ID,MARCA_ID,LINEA_ID,NOMBRE,PRESENTACION,CONTENIDO,UNIDADES_POR_CAJA,COSTO,COSTO_VENTA,PRECIO_BASE,UNIDAD_MEDIDA,CODIGO_BARRAS,ABREBIATURA) VALUES(773,17,15,'Palmolive Naturals','Refrescante',180.0,72.0,0.000000,0.000000,0.000000,'G','7509546032238','Palm Jab Refresc 180g');

INSERT INTO MOVIMIENTO_HISTORICO_PRODUCTO (ALMACEN_ID,PRODUCTO_ID,FECHA,TIPO_MOVIMIENTO_ID,CANTIDAD,COSTO,PRECIO,USUARIO_ID) VALUES(1,773,now(),30,72,0.000000,0.000000,'root');
INSERT INTO ALMACEN_PRODUCTO(ALMACEN_ID,PRODUCTO_ID,CANTIDAD_ACTUAL,PRECIO_VENTA) VALUES (1,773,72,0.000000);

INSERT INTO ALMACEN_PRODUCTO(ALMACEN_ID,PRODUCTO_ID,CANTIDAD_ACTUAL,PRECIO_VENTA) VALUES (2,773,0,0.000000);

INSERT INTO ALMACEN_PRODUCTO(ALMACEN_ID,PRODUCTO_ID,CANTIDAD_ACTUAL,PRECIO_VENTA) VALUES (3,773,72,0.000000);

INSERT INTO ALMACEN_PRODUCTO(ALMACEN_ID,PRODUCTO_ID,CANTIDAD_ACTUAL,PRECIO_VENTA) VALUES (4,773,0,0.000000);

INSERT INTO PROVEEDOR_PRODUCTO(PROVEEDOR_ID,PRODUCTO_ID,PRECIO_COMPRA) VALUES(6,773, 0.000000);

-- ===========PRODUCTO [774]
INSERT INTO PRODUCTO(ID,MARCA_ID,LINEA_ID,NOMBRE,PRESENTACION,CONTENIDO,UNIDADES_POR_CAJA,COSTO,COSTO_VENTA,PRECIO_BASE,UNIDAD_MEDIDA,CODIGO_BARRAS,ABREBIATURA) VALUES(774,17,15,'Palmolive Naturals','Exfoliacion Diaria',180.0,72.0,0.000000,0.000000,0.000000,'G','7509546032276','Palm Jab Exf Dia 180g');

INSERT INTO MOVIMIENTO_HISTORICO_PRODUCTO (ALMACEN_ID,PRODUCTO_ID,FECHA,TIPO_MOVIMIENTO_ID,CANTIDAD,COSTO,PRECIO,USUARIO_ID) VALUES(1,774,now(),30,72,0.000000,0.000000,'root');
INSERT INTO ALMACEN_PRODUCTO(ALMACEN_ID,PRODUCTO_ID,CANTIDAD_ACTUAL,PRECIO_VENTA) VALUES (1,774,72,0.000000);

INSERT INTO ALMACEN_PRODUCTO(ALMACEN_ID,PRODUCTO_ID,CANTIDAD_ACTUAL,PRECIO_VENTA) VALUES (2,774,0,0.000000);

INSERT INTO ALMACEN_PRODUCTO(ALMACEN_ID,PRODUCTO_ID,CANTIDAD_ACTUAL,PRECIO_VENTA) VALUES (3,774,72,0.000000);

INSERT INTO ALMACEN_PRODUCTO(ALMACEN_ID,PRODUCTO_ID,CANTIDAD_ACTUAL,PRECIO_VENTA) VALUES (4,774,0,0.000000);

INSERT INTO PROVEEDOR_PRODUCTO(PROVEEDOR_ID,PRODUCTO_ID,PRECIO_COMPRA) VALUES(6,774, 0.000000);

-- ===========PRODUCTO [775]
INSERT INTO PRODUCTO(ID,MARCA_ID,LINEA_ID,NOMBRE,PRESENTACION,CONTENIDO,UNIDADES_POR_CAJA,COSTO,COSTO_VENTA,PRECIO_BASE,UNIDAD_MEDIDA,CODIGO_BARRAS,ABREBIATURA) VALUES(775,17,15,'Palmolive Naturals','Suavidad Relajante',180.0,72.0,0.000000,0.000000,0.000000,'G','7509546049564','Palm Jab Suav Rel 180');

INSERT INTO MOVIMIENTO_HISTORICO_PRODUCTO (ALMACEN_ID,PRODUCTO_ID,FECHA,TIPO_MOVIMIENTO_ID,CANTIDAD,COSTO,PRECIO,USUARIO_ID) VALUES(1,775,now(),30,72,0.000000,0.000000,'root');
INSERT INTO ALMACEN_PRODUCTO(ALMACEN_ID,PRODUCTO_ID,CANTIDAD_ACTUAL,PRECIO_VENTA) VALUES (1,775,72,0.000000);

INSERT INTO ALMACEN_PRODUCTO(ALMACEN_ID,PRODUCTO_ID,CANTIDAD_ACTUAL,PRECIO_VENTA) VALUES (2,775,0,0.000000);

INSERT INTO ALMACEN_PRODUCTO(ALMACEN_ID,PRODUCTO_ID,CANTIDAD_ACTUAL,PRECIO_VENTA) VALUES (3,775,72,0.000000);

INSERT INTO ALMACEN_PRODUCTO(ALMACEN_ID,PRODUCTO_ID,CANTIDAD_ACTUAL,PRECIO_VENTA) VALUES (4,775,0,0.000000);

INSERT INTO PROVEEDOR_PRODUCTO(PROVEEDOR_ID,PRODUCTO_ID,PRECIO_COMPRA) VALUES(6,775, 0.000000);

-- ===========PRODUCTO [776]
INSERT INTO PRODUCTO(ID,MARCA_ID,LINEA_ID,NOMBRE,PRESENTACION,CONTENIDO,UNIDADES_POR_CAJA,COSTO,COSTO_VENTA,PRECIO_BASE,UNIDAD_MEDIDA,CODIGO_BARRAS,ABREBIATURA) VALUES(776,61,2,'Moco de Gorila Tarro','Punk',270.0,12.0,0.000000,0.000000,0.000000,'G','7501438311124','Moco Gor Punk 270g');

INSERT INTO MOVIMIENTO_HISTORICO_PRODUCTO (ALMACEN_ID,PRODUCTO_ID,FECHA,TIPO_MOVIMIENTO_ID,CANTIDAD,COSTO,PRECIO,USUARIO_ID) VALUES(1,776,now(),30,12,0.000000,0.000000,'root');
INSERT INTO ALMACEN_PRODUCTO(ALMACEN_ID,PRODUCTO_ID,CANTIDAD_ACTUAL,PRECIO_VENTA) VALUES (1,776,12,0.000000);

INSERT INTO ALMACEN_PRODUCTO(ALMACEN_ID,PRODUCTO_ID,CANTIDAD_ACTUAL,PRECIO_VENTA) VALUES (2,776,0,0.000000);

INSERT INTO ALMACEN_PRODUCTO(ALMACEN_ID,PRODUCTO_ID,CANTIDAD_ACTUAL,PRECIO_VENTA) VALUES (3,776,12,18.900000);

INSERT INTO ALMACEN_PRODUCTO(ALMACEN_ID,PRODUCTO_ID,CANTIDAD_ACTUAL,PRECIO_VENTA) VALUES (4,776,0,0.000000);

INSERT INTO PROVEEDOR_PRODUCTO(PROVEEDOR_ID,PRODUCTO_ID,PRECIO_COMPRA) VALUES(22,776, 0.000000);

-- ===========PRODUCTO [777]
INSERT INTO PRODUCTO(ID,MARCA_ID,LINEA_ID,NOMBRE,PRESENTACION,CONTENIDO,UNIDADES_POR_CAJA,COSTO,COSTO_VENTA,PRECIO_BASE,UNIDAD_MEDIDA,CODIGO_BARRAS,ABREBIATURA) VALUES(777,61,2,'Moco de Gorila Tarro','Rockero',270.0,12.0,0.000000,0.000000,0.000000,'G','7501438311117','Moco Gor Rockero 270g');

INSERT INTO MOVIMIENTO_HISTORICO_PRODUCTO (ALMACEN_ID,PRODUCTO_ID,FECHA,TIPO_MOVIMIENTO_ID,CANTIDAD,COSTO,PRECIO,USUARIO_ID) VALUES(1,777,now(),30,12,0.000000,0.000000,'root');
INSERT INTO ALMACEN_PRODUCTO(ALMACEN_ID,PRODUCTO_ID,CANTIDAD_ACTUAL,PRECIO_VENTA) VALUES (1,777,12,0.000000);

INSERT INTO ALMACEN_PRODUCTO(ALMACEN_ID,PRODUCTO_ID,CANTIDAD_ACTUAL,PRECIO_VENTA) VALUES (2,777,0,0.000000);

INSERT INTO ALMACEN_PRODUCTO(ALMACEN_ID,PRODUCTO_ID,CANTIDAD_ACTUAL,PRECIO_VENTA) VALUES (3,777,12,18.900000);

INSERT INTO ALMACEN_PRODUCTO(ALMACEN_ID,PRODUCTO_ID,CANTIDAD_ACTUAL,PRECIO_VENTA) VALUES (4,777,0,0.000000);

INSERT INTO PROVEEDOR_PRODUCTO(PROVEEDOR_ID,PRODUCTO_ID,PRECIO_COMPRA) VALUES(22,777, 0.000000);

-- ===========PRODUCTO [778]
INSERT INTO PRODUCTO(ID,MARCA_ID,LINEA_ID,NOMBRE,PRESENTACION,CONTENIDO,UNIDADES_POR_CAJA,COSTO,COSTO_VENTA,PRECIO_BASE,UNIDAD_MEDIDA,CODIGO_BARRAS,ABREBIATURA) VALUES(778,61,2,'Moco de Gorila Tarro','Galan',270.0,12.0,0.000000,0.000000,0.000000,'G','7501438311100','Moco Gor Galan 270g');

INSERT INTO MOVIMIENTO_HISTORICO_PRODUCTO (ALMACEN_ID,PRODUCTO_ID,FECHA,TIPO_MOVIMIENTO_ID,CANTIDAD,COSTO,PRECIO,USUARIO_ID) VALUES(1,778,now(),30,12,0.000000,0.000000,'root');
INSERT INTO ALMACEN_PRODUCTO(ALMACEN_ID,PRODUCTO_ID,CANTIDAD_ACTUAL,PRECIO_VENTA) VALUES (1,778,12,0.000000);

INSERT INTO ALMACEN_PRODUCTO(ALMACEN_ID,PRODUCTO_ID,CANTIDAD_ACTUAL,PRECIO_VENTA) VALUES (2,778,0,0.000000);

INSERT INTO ALMACEN_PRODUCTO(ALMACEN_ID,PRODUCTO_ID,CANTIDAD_ACTUAL,PRECIO_VENTA) VALUES (3,778,12,18.900000);

INSERT INTO ALMACEN_PRODUCTO(ALMACEN_ID,PRODUCTO_ID,CANTIDAD_ACTUAL,PRECIO_VENTA) VALUES (4,778,0,0.000000);

INSERT INTO PROVEEDOR_PRODUCTO(PROVEEDOR_ID,PRODUCTO_ID,PRECIO_COMPRA) VALUES(22,778, 0.000000);

-- ===========PRODUCTO [779]
INSERT INTO PRODUCTO(ID,MARCA_ID,LINEA_ID,NOMBRE,PRESENTACION,CONTENIDO,UNIDADES_POR_CAJA,COSTO,COSTO_VENTA,PRECIO_BASE,UNIDAD_MEDIDA,CODIGO_BARRAS,ABREBIATURA) VALUES(779,17,14,'Palmolive Optims Shampoo','Caida Resist',700.0,12.0,0.000000,0.000000,0.000000,'ML','7509546045580','Palm Sh Caida 700ml');

INSERT INTO MOVIMIENTO_HISTORICO_PRODUCTO (ALMACEN_ID,PRODUCTO_ID,FECHA,TIPO_MOVIMIENTO_ID,CANTIDAD,COSTO,PRECIO,USUARIO_ID) VALUES(1,779,now(),30,12,0.000000,0.000000,'root');
INSERT INTO ALMACEN_PRODUCTO(ALMACEN_ID,PRODUCTO_ID,CANTIDAD_ACTUAL,PRECIO_VENTA) VALUES (1,779,12,0.000000);

INSERT INTO ALMACEN_PRODUCTO(ALMACEN_ID,PRODUCTO_ID,CANTIDAD_ACTUAL,PRECIO_VENTA) VALUES (2,779,1,0.000000);

INSERT INTO ALMACEN_PRODUCTO(ALMACEN_ID,PRODUCTO_ID,CANTIDAD_ACTUAL,PRECIO_VENTA) VALUES (3,779,12,0.000000);

INSERT INTO ALMACEN_PRODUCTO(ALMACEN_ID,PRODUCTO_ID,CANTIDAD_ACTUAL,PRECIO_VENTA) VALUES (4,779,1,0.000000);

INSERT INTO PROVEEDOR_PRODUCTO(PROVEEDOR_ID,PRODUCTO_ID,PRECIO_COMPRA) VALUES(6,779, 0.000000);

-- ===========PRODUCTO [780]
INSERT INTO PRODUCTO(ID,MARCA_ID,LINEA_ID,NOMBRE,PRESENTACION,CONTENIDO,UNIDADES_POR_CAJA,COSTO,COSTO_VENTA,PRECIO_BASE,UNIDAD_MEDIDA,CODIGO_BARRAS,ABREBIATURA) VALUES(780,35,11,'Colgate Cepillo Dental','zigzag',1.0,12.0,0.000000,0.000000,0.000000,'Pz','7891024181706','Colgte Cep zigzag 1Pz');

INSERT INTO MOVIMIENTO_HISTORICO_PRODUCTO (ALMACEN_ID,PRODUCTO_ID,FECHA,TIPO_MOVIMIENTO_ID,CANTIDAD,COSTO,PRECIO,USUARIO_ID) VALUES(1,780,now(),30,29,0.000000,0.000000,'root');
INSERT INTO ALMACEN_PRODUCTO(ALMACEN_ID,PRODUCTO_ID,CANTIDAD_ACTUAL,PRECIO_VENTA) VALUES (1,780,29,0.000000);

INSERT INTO ALMACEN_PRODUCTO(ALMACEN_ID,PRODUCTO_ID,CANTIDAD_ACTUAL,PRECIO_VENTA) VALUES (2,780,0,0.000000);

INSERT INTO ALMACEN_PRODUCTO(ALMACEN_ID,PRODUCTO_ID,CANTIDAD_ACTUAL,PRECIO_VENTA) VALUES (3,780,29,0.000000);

INSERT INTO ALMACEN_PRODUCTO(ALMACEN_ID,PRODUCTO_ID,CANTIDAD_ACTUAL,PRECIO_VENTA) VALUES (4,780,0,0.000000);

INSERT INTO PROVEEDOR_PRODUCTO(PROVEEDOR_ID,PRODUCTO_ID,PRECIO_COMPRA) VALUES(6,780, 0.000000);

-- ===========PRODUCTO [781]
INSERT INTO PRODUCTO(ID,MARCA_ID,LINEA_ID,NOMBRE,PRESENTACION,CONTENIDO,UNIDADES_POR_CAJA,COSTO,COSTO_VENTA,PRECIO_BASE,UNIDAD_MEDIDA,CODIGO_BARRAS,ABREBIATURA) VALUES(781,69,9,'Axion Detergente Liqudo','Con Ajax',750.0,12.0,0.000000,0.000000,0.000000,'G','7509546052045','Axion Liq Ajax 750ml');

INSERT INTO MOVIMIENTO_HISTORICO_PRODUCTO (ALMACEN_ID,PRODUCTO_ID,FECHA,TIPO_MOVIMIENTO_ID,CANTIDAD,COSTO,PRECIO,USUARIO_ID) VALUES(1,781,now(),30,12,0.000000,0.000000,'root');
INSERT INTO ALMACEN_PRODUCTO(ALMACEN_ID,PRODUCTO_ID,CANTIDAD_ACTUAL,PRECIO_VENTA) VALUES (1,781,12,0.000000);

INSERT INTO ALMACEN_PRODUCTO(ALMACEN_ID,PRODUCTO_ID,CANTIDAD_ACTUAL,PRECIO_VENTA) VALUES (2,781,0,0.000000);

INSERT INTO ALMACEN_PRODUCTO(ALMACEN_ID,PRODUCTO_ID,CANTIDAD_ACTUAL,PRECIO_VENTA) VALUES (3,781,12,20.900000);

INSERT INTO ALMACEN_PRODUCTO(ALMACEN_ID,PRODUCTO_ID,CANTIDAD_ACTUAL,PRECIO_VENTA) VALUES (4,781,0,0.000000);

INSERT INTO PROVEEDOR_PRODUCTO(PROVEEDOR_ID,PRODUCTO_ID,PRECIO_COMPRA) VALUES(6,781, 0.000000);

-- ===========PRODUCTO [782]
INSERT INTO PRODUCTO(ID,MARCA_ID,LINEA_ID,NOMBRE,PRESENTACION,CONTENIDO,UNIDADES_POR_CAJA,COSTO,COSTO_VENTA,PRECIO_BASE,UNIDAD_MEDIDA,CODIGO_BARRAS,ABREBIATURA) VALUES(782,17,15,'Palmolive Jabon de Tocador','Neutro Balance Antibacterial',180.0,72.0,0.000000,0.000000,0.000000,'G','7509546054414','Neutro Bal Jab Ant 180');

INSERT INTO MOVIMIENTO_HISTORICO_PRODUCTO (ALMACEN_ID,PRODUCTO_ID,FECHA,TIPO_MOVIMIENTO_ID,CANTIDAD,COSTO,PRECIO,USUARIO_ID) VALUES(1,782,now(),30,72,0.000000,0.000000,'root');
INSERT INTO ALMACEN_PRODUCTO(ALMACEN_ID,PRODUCTO_ID,CANTIDAD_ACTUAL,PRECIO_VENTA) VALUES (1,782,72,0.000000);

INSERT INTO ALMACEN_PRODUCTO(ALMACEN_ID,PRODUCTO_ID,CANTIDAD_ACTUAL,PRECIO_VENTA) VALUES (2,782,0,0.000000);

INSERT INTO ALMACEN_PRODUCTO(ALMACEN_ID,PRODUCTO_ID,CANTIDAD_ACTUAL,PRECIO_VENTA) VALUES (3,782,72,0.000000);

INSERT INTO ALMACEN_PRODUCTO(ALMACEN_ID,PRODUCTO_ID,CANTIDAD_ACTUAL,PRECIO_VENTA) VALUES (4,782,0,0.000000);

INSERT INTO PROVEEDOR_PRODUCTO(PROVEEDOR_ID,PRODUCTO_ID,PRECIO_COMPRA) VALUES(6,782, 0.000000);

-- ===========PRODUCTO [783]
INSERT INTO PRODUCTO(ID,MARCA_ID,LINEA_ID,NOMBRE,PRESENTACION,CONTENIDO,UNIDADES_POR_CAJA,COSTO,COSTO_VENTA,PRECIO_BASE,UNIDAD_MEDIDA,CODIGO_BARRAS,ABREBIATURA) VALUES(783,17,14,'Palmolive Optims Shampoo','4Extra Intenso',180.0,12.0,0.000000,0.000000,0.000000,'Ml','7509546050263','Palm Sh 4 Ext 180ml');

INSERT INTO MOVIMIENTO_HISTORICO_PRODUCTO (ALMACEN_ID,PRODUCTO_ID,FECHA,TIPO_MOVIMIENTO_ID,CANTIDAD,COSTO,PRECIO,USUARIO_ID) VALUES(1,783,now(),30,12,0.000000,0.000000,'root');
INSERT INTO ALMACEN_PRODUCTO(ALMACEN_ID,PRODUCTO_ID,CANTIDAD_ACTUAL,PRECIO_VENTA) VALUES (1,783,12,0.000000);

INSERT INTO ALMACEN_PRODUCTO(ALMACEN_ID,PRODUCTO_ID,CANTIDAD_ACTUAL,PRECIO_VENTA) VALUES (2,783,0,0.000000);

INSERT INTO ALMACEN_PRODUCTO(ALMACEN_ID,PRODUCTO_ID,CANTIDAD_ACTUAL,PRECIO_VENTA) VALUES (3,783,12,0.000000);

INSERT INTO ALMACEN_PRODUCTO(ALMACEN_ID,PRODUCTO_ID,CANTIDAD_ACTUAL,PRECIO_VENTA) VALUES (4,783,0,0.000000);

INSERT INTO PROVEEDOR_PRODUCTO(PROVEEDOR_ID,PRODUCTO_ID,PRECIO_COMPRA) VALUES(6,783, 0.000000);

-- ===========PRODUCTO [784]
INSERT INTO PRODUCTO(ID,MARCA_ID,LINEA_ID,NOMBRE,PRESENTACION,CONTENIDO,UNIDADES_POR_CAJA,COSTO,COSTO_VENTA,PRECIO_BASE,UNIDAD_MEDIDA,CODIGO_BARRAS,ABREBIATURA) VALUES(784,35,11,'Colgate Gel Dental Nios','Spiderman',75.0,12.0,0.000000,0.000000,0.000000,'ML','7509546048338','Colgte Kids Spider 75m');

INSERT INTO MOVIMIENTO_HISTORICO_PRODUCTO (ALMACEN_ID,PRODUCTO_ID,FECHA,TIPO_MOVIMIENTO_ID,CANTIDAD,COSTO,PRECIO,USUARIO_ID) VALUES(1,784,now(),30,12,0.000000,0.000000,'root');
INSERT INTO ALMACEN_PRODUCTO(ALMACEN_ID,PRODUCTO_ID,CANTIDAD_ACTUAL,PRECIO_VENTA) VALUES (1,784,12,0.000000);

INSERT INTO ALMACEN_PRODUCTO(ALMACEN_ID,PRODUCTO_ID,CANTIDAD_ACTUAL,PRECIO_VENTA) VALUES (2,784,0,0.000000);

INSERT INTO ALMACEN_PRODUCTO(ALMACEN_ID,PRODUCTO_ID,CANTIDAD_ACTUAL,PRECIO_VENTA) VALUES (3,784,12,0.000000);

INSERT INTO ALMACEN_PRODUCTO(ALMACEN_ID,PRODUCTO_ID,CANTIDAD_ACTUAL,PRECIO_VENTA) VALUES (4,784,0,0.000000);

INSERT INTO PROVEEDOR_PRODUCTO(PROVEEDOR_ID,PRODUCTO_ID,PRECIO_COMPRA) VALUES(6,784, 0.000000);

-- ===========PRODUCTO [785]
INSERT INTO PRODUCTO(ID,MARCA_ID,LINEA_ID,NOMBRE,PRESENTACION,CONTENIDO,UNIDADES_POR_CAJA,COSTO,COSTO_VENTA,PRECIO_BASE,UNIDAD_MEDIDA,CODIGO_BARRAS,ABREBIATURA) VALUES(785,68,9,'Suavitel Suavizante','Fresco Aroma de Sol',1700.0,8.0,18.728448,18.728448,26.070000,'ML','7509546044460','Suavitel Arom Sol 1.7Lt');

INSERT INTO MOVIMIENTO_HISTORICO_PRODUCTO (ALMACEN_ID,PRODUCTO_ID,FECHA,TIPO_MOVIMIENTO_ID,CANTIDAD,COSTO,PRECIO,USUARIO_ID) VALUES(1,785,now(),30,6,18.728448,26.070000,'root');
INSERT INTO ALMACEN_PRODUCTO(ALMACEN_ID,PRODUCTO_ID,CANTIDAD_ACTUAL,PRECIO_VENTA) VALUES (1,785,6,26.070000);

INSERT INTO ALMACEN_PRODUCTO(ALMACEN_ID,PRODUCTO_ID,CANTIDAD_ACTUAL,PRECIO_VENTA) VALUES (2,785,0,0.000000);

INSERT INTO ALMACEN_PRODUCTO(ALMACEN_ID,PRODUCTO_ID,CANTIDAD_ACTUAL,PRECIO_VENTA) VALUES (3,785,6,23.500000);

INSERT INTO ALMACEN_PRODUCTO(ALMACEN_ID,PRODUCTO_ID,CANTIDAD_ACTUAL,PRECIO_VENTA) VALUES (4,785,0,0.000000);

INSERT INTO PROVEEDOR_PRODUCTO(PROVEEDOR_ID,PRODUCTO_ID,PRECIO_COMPRA) VALUES(6,785, 18.728448);

-- ===========PRODUCTO [786]
INSERT INTO PRODUCTO(ID,MARCA_ID,LINEA_ID,NOMBRE,PRESENTACION,CONTENIDO,UNIDADES_POR_CAJA,COSTO,COSTO_VENTA,PRECIO_BASE,UNIDAD_MEDIDA,CODIGO_BARRAS,ABREBIATURA) VALUES(786,16,9,'Ajax Limpiador Liquido','Amonia',2.0,6.0,20.510057,20.510057,28.550000,'Lt','7501035905047','Ajax Limp Amonia 2Lt');

INSERT INTO MOVIMIENTO_HISTORICO_PRODUCTO (ALMACEN_ID,PRODUCTO_ID,FECHA,TIPO_MOVIMIENTO_ID,CANTIDAD,COSTO,PRECIO,USUARIO_ID) VALUES(1,786,now(),30,6,20.510057,28.550000,'root');
INSERT INTO ALMACEN_PRODUCTO(ALMACEN_ID,PRODUCTO_ID,CANTIDAD_ACTUAL,PRECIO_VENTA) VALUES (1,786,6,28.550000);

INSERT INTO ALMACEN_PRODUCTO(ALMACEN_ID,PRODUCTO_ID,CANTIDAD_ACTUAL,PRECIO_VENTA) VALUES (2,786,0,0.000000);

INSERT INTO ALMACEN_PRODUCTO(ALMACEN_ID,PRODUCTO_ID,CANTIDAD_ACTUAL,PRECIO_VENTA) VALUES (3,786,6,29.900000);

INSERT INTO ALMACEN_PRODUCTO(ALMACEN_ID,PRODUCTO_ID,CANTIDAD_ACTUAL,PRECIO_VENTA) VALUES (4,786,0,0.000000);

INSERT INTO PROVEEDOR_PRODUCTO(PROVEEDOR_ID,PRODUCTO_ID,PRECIO_COMPRA) VALUES(6,786, 20.510057);

-- ===========PRODUCTO [787]
INSERT INTO PRODUCTO(ID,MARCA_ID,LINEA_ID,NOMBRE,PRESENTACION,CONTENIDO,UNIDADES_POR_CAJA,COSTO,COSTO_VENTA,PRECIO_BASE,UNIDAD_MEDIDA,CODIGO_BARRAS,ABREBIATURA) VALUES(787,36,14,'Caprice Shampoo','Proteina',400.0,12.0,12.593391,12.593391,17.530000,'ML','7509546027043','Capric Sh Protein 400m');

INSERT INTO MOVIMIENTO_HISTORICO_PRODUCTO (ALMACEN_ID,PRODUCTO_ID,FECHA,TIPO_MOVIMIENTO_ID,CANTIDAD,COSTO,PRECIO,USUARIO_ID) VALUES(1,787,now(),30,12,12.593391,17.530000,'root');
INSERT INTO ALMACEN_PRODUCTO(ALMACEN_ID,PRODUCTO_ID,CANTIDAD_ACTUAL,PRECIO_VENTA) VALUES (1,787,12,17.530000);

INSERT INTO ALMACEN_PRODUCTO(ALMACEN_ID,PRODUCTO_ID,CANTIDAD_ACTUAL,PRECIO_VENTA) VALUES (2,787,0,0.000000);

INSERT INTO ALMACEN_PRODUCTO(ALMACEN_ID,PRODUCTO_ID,CANTIDAD_ACTUAL,PRECIO_VENTA) VALUES (3,787,12,14.900000);

INSERT INTO ALMACEN_PRODUCTO(ALMACEN_ID,PRODUCTO_ID,CANTIDAD_ACTUAL,PRECIO_VENTA) VALUES (4,787,0,0.000000);

INSERT INTO PROVEEDOR_PRODUCTO(PROVEEDOR_ID,PRODUCTO_ID,PRECIO_COMPRA) VALUES(6,787, 12.593391);

-- ===========PRODUCTO [788]
INSERT INTO PRODUCTO(ID,MARCA_ID,LINEA_ID,NOMBRE,PRESENTACION,CONTENIDO,UNIDADES_POR_CAJA,COSTO,COSTO_VENTA,PRECIO_BASE,UNIDAD_MEDIDA,CODIGO_BARRAS,ABREBIATURA) VALUES(788,36,14,'Caprice Shampoo','Extracto de Mamey y silicona',400.0,12.0,12.593391,12.593391,17.530000,'ML','7509546026817','Capric Sh Mamey 400m');

INSERT INTO MOVIMIENTO_HISTORICO_PRODUCTO (ALMACEN_ID,PRODUCTO_ID,FECHA,TIPO_MOVIMIENTO_ID,CANTIDAD,COSTO,PRECIO,USUARIO_ID) VALUES(1,788,now(),30,24,12.593391,17.530000,'root');
INSERT INTO ALMACEN_PRODUCTO(ALMACEN_ID,PRODUCTO_ID,CANTIDAD_ACTUAL,PRECIO_VENTA) VALUES (1,788,24,17.530000);

INSERT INTO ALMACEN_PRODUCTO(ALMACEN_ID,PRODUCTO_ID,CANTIDAD_ACTUAL,PRECIO_VENTA) VALUES (2,788,0,0.000000);

INSERT INTO ALMACEN_PRODUCTO(ALMACEN_ID,PRODUCTO_ID,CANTIDAD_ACTUAL,PRECIO_VENTA) VALUES (3,788,24,14.900000);

INSERT INTO ALMACEN_PRODUCTO(ALMACEN_ID,PRODUCTO_ID,CANTIDAD_ACTUAL,PRECIO_VENTA) VALUES (4,788,0,0.000000);

INSERT INTO PROVEEDOR_PRODUCTO(PROVEEDOR_ID,PRODUCTO_ID,PRECIO_COMPRA) VALUES(6,788, 12.593391);

-- ===========PRODUCTO [789]
INSERT INTO PRODUCTO(ID,MARCA_ID,LINEA_ID,NOMBRE,PRESENTACION,CONTENIDO,UNIDADES_POR_CAJA,COSTO,COSTO_VENTA,PRECIO_BASE,UNIDAD_MEDIDA,CODIGO_BARRAS,ABREBIATURA) VALUES(789,36,14,'Caprice Shampoo','Extracto de Perla',400.0,12.0,12.593391,12.593391,17.530000,'ML','7509546026770','Capric Sh Perla 400ml');

INSERT INTO MOVIMIENTO_HISTORICO_PRODUCTO (ALMACEN_ID,PRODUCTO_ID,FECHA,TIPO_MOVIMIENTO_ID,CANTIDAD,COSTO,PRECIO,USUARIO_ID) VALUES(1,789,now(),30,12,12.593391,17.530000,'root');
INSERT INTO ALMACEN_PRODUCTO(ALMACEN_ID,PRODUCTO_ID,CANTIDAD_ACTUAL,PRECIO_VENTA) VALUES (1,789,12,17.530000);

INSERT INTO ALMACEN_PRODUCTO(ALMACEN_ID,PRODUCTO_ID,CANTIDAD_ACTUAL,PRECIO_VENTA) VALUES (2,789,11,10.000000);

INSERT INTO ALMACEN_PRODUCTO(ALMACEN_ID,PRODUCTO_ID,CANTIDAD_ACTUAL,PRECIO_VENTA) VALUES (3,789,12,14.900000);

INSERT INTO ALMACEN_PRODUCTO(ALMACEN_ID,PRODUCTO_ID,CANTIDAD_ACTUAL,PRECIO_VENTA) VALUES (4,789,11,10.000000);

INSERT INTO PROVEEDOR_PRODUCTO(PROVEEDOR_ID,PRODUCTO_ID,PRECIO_COMPRA) VALUES(6,789, 12.593391);

-- ===========PRODUCTO [790]
INSERT INTO PRODUCTO(ID,MARCA_ID,LINEA_ID,NOMBRE,PRESENTACION,CONTENIDO,UNIDADES_POR_CAJA,COSTO,COSTO_VENTA,PRECIO_BASE,UNIDAD_MEDIDA,CODIGO_BARRAS,ABREBIATURA) VALUES(790,36,14,'Caprice Shampoo','Herbal',400.0,12.0,12.593391,12.593391,17.530000,'ML','7509546027012','Capric Sh Herbal 400m');

INSERT INTO MOVIMIENTO_HISTORICO_PRODUCTO (ALMACEN_ID,PRODUCTO_ID,FECHA,TIPO_MOVIMIENTO_ID,CANTIDAD,COSTO,PRECIO,USUARIO_ID) VALUES(1,790,now(),30,12,12.593391,17.530000,'root');
INSERT INTO ALMACEN_PRODUCTO(ALMACEN_ID,PRODUCTO_ID,CANTIDAD_ACTUAL,PRECIO_VENTA) VALUES (1,790,12,17.530000);

INSERT INTO ALMACEN_PRODUCTO(ALMACEN_ID,PRODUCTO_ID,CANTIDAD_ACTUAL,PRECIO_VENTA) VALUES (2,790,2,0.000000);

INSERT INTO ALMACEN_PRODUCTO(ALMACEN_ID,PRODUCTO_ID,CANTIDAD_ACTUAL,PRECIO_VENTA) VALUES (3,790,12,14.900000);

INSERT INTO ALMACEN_PRODUCTO(ALMACEN_ID,PRODUCTO_ID,CANTIDAD_ACTUAL,PRECIO_VENTA) VALUES (4,790,2,0.000000);

INSERT INTO PROVEEDOR_PRODUCTO(PROVEEDOR_ID,PRODUCTO_ID,PRECIO_COMPRA) VALUES(6,790, 12.593391);

-- ===========PRODUCTO [791]
INSERT INTO PRODUCTO(ID,MARCA_ID,LINEA_ID,NOMBRE,PRESENTACION,CONTENIDO,UNIDADES_POR_CAJA,COSTO,COSTO_VENTA,PRECIO_BASE,UNIDAD_MEDIDA,CODIGO_BARRAS,ABREBIATURA) VALUES(791,36,14,'Caprice Shampoo','Extracto de Manzana',400.0,12.0,12.593391,12.593391,17.530000,'ML','7509546027005','Capric Sh Manz 400ml');

INSERT INTO MOVIMIENTO_HISTORICO_PRODUCTO (ALMACEN_ID,PRODUCTO_ID,FECHA,TIPO_MOVIMIENTO_ID,CANTIDAD,COSTO,PRECIO,USUARIO_ID) VALUES(1,791,now(),30,12,12.593391,17.530000,'root');
INSERT INTO ALMACEN_PRODUCTO(ALMACEN_ID,PRODUCTO_ID,CANTIDAD_ACTUAL,PRECIO_VENTA) VALUES (1,791,12,17.530000);

INSERT INTO ALMACEN_PRODUCTO(ALMACEN_ID,PRODUCTO_ID,CANTIDAD_ACTUAL,PRECIO_VENTA) VALUES (2,791,3,0.000000);

INSERT INTO ALMACEN_PRODUCTO(ALMACEN_ID,PRODUCTO_ID,CANTIDAD_ACTUAL,PRECIO_VENTA) VALUES (3,791,12,14.900000);

INSERT INTO ALMACEN_PRODUCTO(ALMACEN_ID,PRODUCTO_ID,CANTIDAD_ACTUAL,PRECIO_VENTA) VALUES (4,791,3,0.000000);

INSERT INTO PROVEEDOR_PRODUCTO(PROVEEDOR_ID,PRODUCTO_ID,PRECIO_COMPRA) VALUES(6,791, 12.593391);

-- ===========PRODUCTO [792]
INSERT INTO PRODUCTO(ID,MARCA_ID,LINEA_ID,NOMBRE,PRESENTACION,CONTENIDO,UNIDADES_POR_CAJA,COSTO,COSTO_VENTA,PRECIO_BASE,UNIDAD_MEDIDA,CODIGO_BARRAS,ABREBIATURA) VALUES(792,36,14,'Caprice Shampoo','Extracto de Citricos y Zing',400.0,12.0,12.593391,12.593391,17.530000,'ML','7509546036052','Capric Sh Cit Zing 400ml');

INSERT INTO MOVIMIENTO_HISTORICO_PRODUCTO (ALMACEN_ID,PRODUCTO_ID,FECHA,TIPO_MOVIMIENTO_ID,CANTIDAD,COSTO,PRECIO,USUARIO_ID) VALUES(1,792,now(),30,12,12.593391,17.530000,'root');
INSERT INTO ALMACEN_PRODUCTO(ALMACEN_ID,PRODUCTO_ID,CANTIDAD_ACTUAL,PRECIO_VENTA) VALUES (1,792,12,17.530000);

INSERT INTO ALMACEN_PRODUCTO(ALMACEN_ID,PRODUCTO_ID,CANTIDAD_ACTUAL,PRECIO_VENTA) VALUES (2,792,2,0.000000);

INSERT INTO ALMACEN_PRODUCTO(ALMACEN_ID,PRODUCTO_ID,CANTIDAD_ACTUAL,PRECIO_VENTA) VALUES (3,792,12,14.900000);

INSERT INTO ALMACEN_PRODUCTO(ALMACEN_ID,PRODUCTO_ID,CANTIDAD_ACTUAL,PRECIO_VENTA) VALUES (4,792,2,0.000000);

INSERT INTO PROVEEDOR_PRODUCTO(PROVEEDOR_ID,PRODUCTO_ID,PRECIO_COMPRA) VALUES(6,792, 12.593391);

-- ===========PRODUCTO [793]
INSERT INTO PRODUCTO(ID,MARCA_ID,LINEA_ID,NOMBRE,PRESENTACION,CONTENIDO,UNIDADES_POR_CAJA,COSTO,COSTO_VENTA,PRECIO_BASE,UNIDAD_MEDIDA,CODIGO_BARRAS,ABREBIATURA) VALUES(793,36,14,'Caprice Shampoo','Acti Ceramidas',400.0,12.0,12.593391,12.593391,17.530000,'ML','7509546026909','Capric Sh Ceram 400ml');

INSERT INTO MOVIMIENTO_HISTORICO_PRODUCTO (ALMACEN_ID,PRODUCTO_ID,FECHA,TIPO_MOVIMIENTO_ID,CANTIDAD,COSTO,PRECIO,USUARIO_ID) VALUES(1,793,now(),30,12,12.593391,17.530000,'root');
INSERT INTO ALMACEN_PRODUCTO(ALMACEN_ID,PRODUCTO_ID,CANTIDAD_ACTUAL,PRECIO_VENTA) VALUES (1,793,12,17.530000);

INSERT INTO ALMACEN_PRODUCTO(ALMACEN_ID,PRODUCTO_ID,CANTIDAD_ACTUAL,PRECIO_VENTA) VALUES (2,793,5,10.000000);

INSERT INTO ALMACEN_PRODUCTO(ALMACEN_ID,PRODUCTO_ID,CANTIDAD_ACTUAL,PRECIO_VENTA) VALUES (3,793,12,14.900000);

INSERT INTO ALMACEN_PRODUCTO(ALMACEN_ID,PRODUCTO_ID,CANTIDAD_ACTUAL,PRECIO_VENTA) VALUES (4,793,5,10.000000);

INSERT INTO PROVEEDOR_PRODUCTO(PROVEEDOR_ID,PRODUCTO_ID,PRECIO_COMPRA) VALUES(6,793, 12.593391);

-- ===========PRODUCTO [794]
INSERT INTO PRODUCTO(ID,MARCA_ID,LINEA_ID,NOMBRE,PRESENTACION,CONTENIDO,UNIDADES_POR_CAJA,COSTO,COSTO_VENTA,PRECIO_BASE,UNIDAD_MEDIDA,CODIGO_BARRAS,ABREBIATURA) VALUES(794,68,9,'Suavitel Momentos Magicos','Caricias de Rosas',750.0,12.0,0.000000,0.000000,0.000000,'ML','7509546040608','Suav M Mag Caric 750');

INSERT INTO MOVIMIENTO_HISTORICO_PRODUCTO (ALMACEN_ID,PRODUCTO_ID,FECHA,TIPO_MOVIMIENTO_ID,CANTIDAD,COSTO,PRECIO,USUARIO_ID) VALUES(1,794,now(),30,12,0.000000,0.000000,'root');
INSERT INTO ALMACEN_PRODUCTO(ALMACEN_ID,PRODUCTO_ID,CANTIDAD_ACTUAL,PRECIO_VENTA) VALUES (1,794,12,0.000000);

INSERT INTO ALMACEN_PRODUCTO(ALMACEN_ID,PRODUCTO_ID,CANTIDAD_ACTUAL,PRECIO_VENTA) VALUES (2,794,0,0.000000);

INSERT INTO ALMACEN_PRODUCTO(ALMACEN_ID,PRODUCTO_ID,CANTIDAD_ACTUAL,PRECIO_VENTA) VALUES (3,794,12,0.000000);

INSERT INTO ALMACEN_PRODUCTO(ALMACEN_ID,PRODUCTO_ID,CANTIDAD_ACTUAL,PRECIO_VENTA) VALUES (4,794,0,0.000000);

INSERT INTO PROVEEDOR_PRODUCTO(PROVEEDOR_ID,PRODUCTO_ID,PRECIO_COMPRA) VALUES(6,794, 0.000000);

-- ===========PRODUCTO [795]
INSERT INTO PRODUCTO(ID,MARCA_ID,LINEA_ID,NOMBRE,PRESENTACION,CONTENIDO,UNIDADES_POR_CAJA,COSTO,COSTO_VENTA,PRECIO_BASE,UNIDAD_MEDIDA,CODIGO_BARRAS,ABREBIATURA) VALUES(795,68,9,'Suavitel Momentos Magicos','Abrazo de sol',750.0,12.0,0.000000,0.000000,0.000000,'ML','7509546032863','Suav M Mag Ab Sol 750');

INSERT INTO MOVIMIENTO_HISTORICO_PRODUCTO (ALMACEN_ID,PRODUCTO_ID,FECHA,TIPO_MOVIMIENTO_ID,CANTIDAD,COSTO,PRECIO,USUARIO_ID) VALUES(1,795,now(),30,12,0.000000,0.000000,'root');
INSERT INTO ALMACEN_PRODUCTO(ALMACEN_ID,PRODUCTO_ID,CANTIDAD_ACTUAL,PRECIO_VENTA) VALUES (1,795,12,0.000000);

INSERT INTO ALMACEN_PRODUCTO(ALMACEN_ID,PRODUCTO_ID,CANTIDAD_ACTUAL,PRECIO_VENTA) VALUES (2,795,0,0.000000);

INSERT INTO ALMACEN_PRODUCTO(ALMACEN_ID,PRODUCTO_ID,CANTIDAD_ACTUAL,PRECIO_VENTA) VALUES (3,795,12,0.000000);

INSERT INTO ALMACEN_PRODUCTO(ALMACEN_ID,PRODUCTO_ID,CANTIDAD_ACTUAL,PRECIO_VENTA) VALUES (4,795,0,0.000000);

INSERT INTO PROVEEDOR_PRODUCTO(PROVEEDOR_ID,PRODUCTO_ID,PRECIO_COMPRA) VALUES(6,795, 0.000000);

-- ===========PRODUCTO [796]
INSERT INTO PRODUCTO(ID,MARCA_ID,LINEA_ID,NOMBRE,PRESENTACION,CONTENIDO,UNIDADES_POR_CAJA,COSTO,COSTO_VENTA,PRECIO_BASE,UNIDAD_MEDIDA,CODIGO_BARRAS,ABREBIATURA) VALUES(796,68,9,'Suavitel Suavizante','Fresca Primavera',1000.0,12.0,0.000000,0.000000,0.000000,'ML','7501035903029','Suavit Primav 1Lto');

INSERT INTO MOVIMIENTO_HISTORICO_PRODUCTO (ALMACEN_ID,PRODUCTO_ID,FECHA,TIPO_MOVIMIENTO_ID,CANTIDAD,COSTO,PRECIO,USUARIO_ID) VALUES(1,796,now(),30,18,0.000000,0.000000,'root');
INSERT INTO ALMACEN_PRODUCTO(ALMACEN_ID,PRODUCTO_ID,CANTIDAD_ACTUAL,PRECIO_VENTA) VALUES (1,796,18,0.000000);

INSERT INTO ALMACEN_PRODUCTO(ALMACEN_ID,PRODUCTO_ID,CANTIDAD_ACTUAL,PRECIO_VENTA) VALUES (2,796,0,0.000000);

INSERT INTO ALMACEN_PRODUCTO(ALMACEN_ID,PRODUCTO_ID,CANTIDAD_ACTUAL,PRECIO_VENTA) VALUES (3,796,18,17.500000);

INSERT INTO ALMACEN_PRODUCTO(ALMACEN_ID,PRODUCTO_ID,CANTIDAD_ACTUAL,PRECIO_VENTA) VALUES (4,796,0,0.000000);

INSERT INTO PROVEEDOR_PRODUCTO(PROVEEDOR_ID,PRODUCTO_ID,PRECIO_COMPRA) VALUES(6,796, 0.000000);

-- ===========PRODUCTO [797]
INSERT INTO PRODUCTO(ID,MARCA_ID,LINEA_ID,NOMBRE,PRESENTACION,CONTENIDO,UNIDADES_POR_CAJA,COSTO,COSTO_VENTA,PRECIO_BASE,UNIDAD_MEDIDA,CODIGO_BARRAS,ABREBIATURA) VALUES(797,68,9,'Suavitel','Fresco Aroma de Sol',1.7,8.0,18.728448,18.728448,26.070000,'Lt','7509546015347','Suavit Arom Sol 1.7Lt');

INSERT INTO MOVIMIENTO_HISTORICO_PRODUCTO (ALMACEN_ID,PRODUCTO_ID,FECHA,TIPO_MOVIMIENTO_ID,CANTIDAD,COSTO,PRECIO,USUARIO_ID) VALUES(1,797,now(),30,8,18.728448,26.070000,'root');
INSERT INTO ALMACEN_PRODUCTO(ALMACEN_ID,PRODUCTO_ID,CANTIDAD_ACTUAL,PRECIO_VENTA) VALUES (1,797,8,26.070000);

INSERT INTO ALMACEN_PRODUCTO(ALMACEN_ID,PRODUCTO_ID,CANTIDAD_ACTUAL,PRECIO_VENTA) VALUES (2,797,0,0.000000);

INSERT INTO ALMACEN_PRODUCTO(ALMACEN_ID,PRODUCTO_ID,CANTIDAD_ACTUAL,PRECIO_VENTA) VALUES (3,797,8,23.500000);

INSERT INTO ALMACEN_PRODUCTO(ALMACEN_ID,PRODUCTO_ID,CANTIDAD_ACTUAL,PRECIO_VENTA) VALUES (4,797,0,0.000000);

INSERT INTO PROVEEDOR_PRODUCTO(PROVEEDOR_ID,PRODUCTO_ID,PRECIO_COMPRA) VALUES(6,797, 18.728448);

-- ===========PRODUCTO [798]
INSERT INTO PRODUCTO(ID,MARCA_ID,LINEA_ID,NOMBRE,PRESENTACION,CONTENIDO,UNIDADES_POR_CAJA,COSTO,COSTO_VENTA,PRECIO_BASE,UNIDAD_MEDIDA,CODIGO_BARRAS,ABREBIATURA) VALUES(798,68,9,'Suavitel Adios al Planchado','Anochecer',1.7,8.0,18.728448,18.728448,26.070000,'L','7509546050133','Suavit Anoch 1.7Lt');

INSERT INTO MOVIMIENTO_HISTORICO_PRODUCTO (ALMACEN_ID,PRODUCTO_ID,FECHA,TIPO_MOVIMIENTO_ID,CANTIDAD,COSTO,PRECIO,USUARIO_ID) VALUES(1,798,now(),30,8,18.728448,26.070000,'root');
INSERT INTO ALMACEN_PRODUCTO(ALMACEN_ID,PRODUCTO_ID,CANTIDAD_ACTUAL,PRECIO_VENTA) VALUES (1,798,8,26.070000);

INSERT INTO ALMACEN_PRODUCTO(ALMACEN_ID,PRODUCTO_ID,CANTIDAD_ACTUAL,PRECIO_VENTA) VALUES (2,798,0,0.000000);

INSERT INTO ALMACEN_PRODUCTO(ALMACEN_ID,PRODUCTO_ID,CANTIDAD_ACTUAL,PRECIO_VENTA) VALUES (3,798,8,23.500000);

INSERT INTO ALMACEN_PRODUCTO(ALMACEN_ID,PRODUCTO_ID,CANTIDAD_ACTUAL,PRECIO_VENTA) VALUES (4,798,0,0.000000);

INSERT INTO PROVEEDOR_PRODUCTO(PROVEEDOR_ID,PRODUCTO_ID,PRECIO_COMPRA) VALUES(6,798, 18.728448);

-- ===========PRODUCTO [799]
INSERT INTO PRODUCTO(ID,MARCA_ID,LINEA_ID,NOMBRE,PRESENTACION,CONTENIDO,UNIDADES_POR_CAJA,COSTO,COSTO_VENTA,PRECIO_BASE,UNIDAD_MEDIDA,CODIGO_BARRAS,ABREBIATURA) VALUES(799,68,9,'Suavitel','Acqua',1.7,8.0,18.728448,18.728448,26.070000,'Lt','7509546044354','Suavitel Acqua 1.7Lt');

INSERT INTO MOVIMIENTO_HISTORICO_PRODUCTO (ALMACEN_ID,PRODUCTO_ID,FECHA,TIPO_MOVIMIENTO_ID,CANTIDAD,COSTO,PRECIO,USUARIO_ID) VALUES(1,799,now(),30,8,18.728448,26.070000,'root');
INSERT INTO ALMACEN_PRODUCTO(ALMACEN_ID,PRODUCTO_ID,CANTIDAD_ACTUAL,PRECIO_VENTA) VALUES (1,799,8,26.070000);

INSERT INTO ALMACEN_PRODUCTO(ALMACEN_ID,PRODUCTO_ID,CANTIDAD_ACTUAL,PRECIO_VENTA) VALUES (2,799,0,0.000000);

INSERT INTO ALMACEN_PRODUCTO(ALMACEN_ID,PRODUCTO_ID,CANTIDAD_ACTUAL,PRECIO_VENTA) VALUES (3,799,8,23.500000);

INSERT INTO ALMACEN_PRODUCTO(ALMACEN_ID,PRODUCTO_ID,CANTIDAD_ACTUAL,PRECIO_VENTA) VALUES (4,799,0,0.000000);

INSERT INTO PROVEEDOR_PRODUCTO(PROVEEDOR_ID,PRODUCTO_ID,PRECIO_COMPRA) VALUES(6,799, 18.728448);

-- ===========PRODUCTO [801]
INSERT INTO PRODUCTO(ID,MARCA_ID,LINEA_ID,NOMBRE,PRESENTACION,CONTENIDO,UNIDADES_POR_CAJA,COSTO,COSTO_VENTA,PRECIO_BASE,UNIDAD_MEDIDA,CODIGO_BARRAS,ABREBIATURA) VALUES(801,35,11,'Colgate Pasta Dental','Maxima Proteccin Anticaries',100.0,72.0,0.000000,0.000000,0.000000,'ML','7501035911031','Clgate Max Prot A 100m');

INSERT INTO MOVIMIENTO_HISTORICO_PRODUCTO (ALMACEN_ID,PRODUCTO_ID,FECHA,TIPO_MOVIMIENTO_ID,CANTIDAD,COSTO,PRECIO,USUARIO_ID) VALUES(1,801,now(),30,72,0.000000,0.000000,'root');
INSERT INTO ALMACEN_PRODUCTO(ALMACEN_ID,PRODUCTO_ID,CANTIDAD_ACTUAL,PRECIO_VENTA) VALUES (1,801,72,0.000000);

INSERT INTO ALMACEN_PRODUCTO(ALMACEN_ID,PRODUCTO_ID,CANTIDAD_ACTUAL,PRECIO_VENTA) VALUES (2,801,154,7.000000);

INSERT INTO ALMACEN_PRODUCTO(ALMACEN_ID,PRODUCTO_ID,CANTIDAD_ACTUAL,PRECIO_VENTA) VALUES (3,801,72,0.000000);

INSERT INTO ALMACEN_PRODUCTO(ALMACEN_ID,PRODUCTO_ID,CANTIDAD_ACTUAL,PRECIO_VENTA) VALUES (4,801,154,7.000000);

INSERT INTO PROVEEDOR_PRODUCTO(PROVEEDOR_ID,PRODUCTO_ID,PRECIO_COMPRA) VALUES(6,801, 0.000000);

-- ===========PRODUCTO [802]
INSERT INTO PRODUCTO(ID,MARCA_ID,LINEA_ID,NOMBRE,PRESENTACION,CONTENIDO,UNIDADES_POR_CAJA,COSTO,COSTO_VENTA,PRECIO_BASE,UNIDAD_MEDIDA,CODIGO_BARRAS,ABREBIATURA) VALUES(802,35,11,'Colgate Pasta Dental','Maxima Proteccin Anticaries',50.0,144.0,0.000000,0.000000,0.000000,'ML','7501035911567','Clgate Max Prot A 50ml');

INSERT INTO MOVIMIENTO_HISTORICO_PRODUCTO (ALMACEN_ID,PRODUCTO_ID,FECHA,TIPO_MOVIMIENTO_ID,CANTIDAD,COSTO,PRECIO,USUARIO_ID) VALUES(1,802,now(),30,144,0.000000,0.000000,'root');
INSERT INTO ALMACEN_PRODUCTO(ALMACEN_ID,PRODUCTO_ID,CANTIDAD_ACTUAL,PRECIO_VENTA) VALUES (1,802,144,0.000000);

INSERT INTO ALMACEN_PRODUCTO(ALMACEN_ID,PRODUCTO_ID,CANTIDAD_ACTUAL,PRECIO_VENTA) VALUES (2,802,191,4.000000);

INSERT INTO ALMACEN_PRODUCTO(ALMACEN_ID,PRODUCTO_ID,CANTIDAD_ACTUAL,PRECIO_VENTA) VALUES (3,802,144,0.000000);

INSERT INTO ALMACEN_PRODUCTO(ALMACEN_ID,PRODUCTO_ID,CANTIDAD_ACTUAL,PRECIO_VENTA) VALUES (4,802,191,4.000000);

INSERT INTO PROVEEDOR_PRODUCTO(PROVEEDOR_ID,PRODUCTO_ID,PRECIO_COMPRA) VALUES(6,802, 0.000000);

-- ===========PRODUCTO [803]
INSERT INTO PRODUCTO(ID,MARCA_ID,LINEA_ID,NOMBRE,PRESENTACION,CONTENIDO,UNIDADES_POR_CAJA,COSTO,COSTO_VENTA,PRECIO_BASE,UNIDAD_MEDIDA,CODIGO_BARRAS,ABREBIATURA) VALUES(803,35,11,'Colgate Pasta Dental','Triple Accin',50.0,144.0,0.000000,0.000000,0.000000,'ML','7509546003108','Clgate Tripl Acc 50ml');

INSERT INTO MOVIMIENTO_HISTORICO_PRODUCTO (ALMACEN_ID,PRODUCTO_ID,FECHA,TIPO_MOVIMIENTO_ID,CANTIDAD,COSTO,PRECIO,USUARIO_ID) VALUES(1,803,now(),30,144,0.000000,0.000000,'root');
INSERT INTO ALMACEN_PRODUCTO(ALMACEN_ID,PRODUCTO_ID,CANTIDAD_ACTUAL,PRECIO_VENTA) VALUES (1,803,144,0.000000);

INSERT INTO ALMACEN_PRODUCTO(ALMACEN_ID,PRODUCTO_ID,CANTIDAD_ACTUAL,PRECIO_VENTA) VALUES (2,803,23,3.500000);

INSERT INTO ALMACEN_PRODUCTO(ALMACEN_ID,PRODUCTO_ID,CANTIDAD_ACTUAL,PRECIO_VENTA) VALUES (3,803,144,0.000000);

INSERT INTO ALMACEN_PRODUCTO(ALMACEN_ID,PRODUCTO_ID,CANTIDAD_ACTUAL,PRECIO_VENTA) VALUES (4,803,23,3.500000);

INSERT INTO PROVEEDOR_PRODUCTO(PROVEEDOR_ID,PRODUCTO_ID,PRECIO_COMPRA) VALUES(6,803, 0.000000);

-- ===========PRODUCTO [804]
INSERT INTO PRODUCTO(ID,MARCA_ID,LINEA_ID,NOMBRE,PRESENTACION,CONTENIDO,UNIDADES_POR_CAJA,COSTO,COSTO_VENTA,PRECIO_BASE,UNIDAD_MEDIDA,CODIGO_BARRAS,ABREBIATURA) VALUES(804,79,2,'Fruitt Gel Super Hold','Azul',750.0,12.0,0.000000,0.000000,0.000000,'G','7501438300067','Fruitt Gel Azul 750g');

INSERT INTO MOVIMIENTO_HISTORICO_PRODUCTO (ALMACEN_ID,PRODUCTO_ID,FECHA,TIPO_MOVIMIENTO_ID,CANTIDAD,COSTO,PRECIO,USUARIO_ID) VALUES(1,804,now(),30,12,0.000000,0.000000,'root');
INSERT INTO ALMACEN_PRODUCTO(ALMACEN_ID,PRODUCTO_ID,CANTIDAD_ACTUAL,PRECIO_VENTA) VALUES (1,804,12,0.000000);

INSERT INTO ALMACEN_PRODUCTO(ALMACEN_ID,PRODUCTO_ID,CANTIDAD_ACTUAL,PRECIO_VENTA) VALUES (2,804,0,0.000000);

INSERT INTO ALMACEN_PRODUCTO(ALMACEN_ID,PRODUCTO_ID,CANTIDAD_ACTUAL,PRECIO_VENTA) VALUES (3,804,12,0.000000);

INSERT INTO ALMACEN_PRODUCTO(ALMACEN_ID,PRODUCTO_ID,CANTIDAD_ACTUAL,PRECIO_VENTA) VALUES (4,804,0,0.000000);

INSERT INTO PROVEEDOR_PRODUCTO(PROVEEDOR_ID,PRODUCTO_ID,PRECIO_COMPRA) VALUES(22,804, 0.000000);

-- ===========PRODUCTO [805]
INSERT INTO PRODUCTO(ID,MARCA_ID,LINEA_ID,NOMBRE,PRESENTACION,CONTENIDO,UNIDADES_POR_CAJA,COSTO,COSTO_VENTA,PRECIO_BASE,UNIDAD_MEDIDA,CODIGO_BARRAS,ABREBIATURA) VALUES(805,79,2,'Fruitt Gel Super Hold','Verde',750.0,12.0,0.000000,0.000000,0.000000,'G','7501438300012','Fruitt Gel Verd 750g');

INSERT INTO MOVIMIENTO_HISTORICO_PRODUCTO (ALMACEN_ID,PRODUCTO_ID,FECHA,TIPO_MOVIMIENTO_ID,CANTIDAD,COSTO,PRECIO,USUARIO_ID) VALUES(1,805,now(),30,12,0.000000,0.000000,'root');
INSERT INTO ALMACEN_PRODUCTO(ALMACEN_ID,PRODUCTO_ID,CANTIDAD_ACTUAL,PRECIO_VENTA) VALUES (1,805,12,0.000000);

INSERT INTO ALMACEN_PRODUCTO(ALMACEN_ID,PRODUCTO_ID,CANTIDAD_ACTUAL,PRECIO_VENTA) VALUES (2,805,0,0.000000);

INSERT INTO ALMACEN_PRODUCTO(ALMACEN_ID,PRODUCTO_ID,CANTIDAD_ACTUAL,PRECIO_VENTA) VALUES (3,805,12,0.000000);

INSERT INTO ALMACEN_PRODUCTO(ALMACEN_ID,PRODUCTO_ID,CANTIDAD_ACTUAL,PRECIO_VENTA) VALUES (4,805,0,0.000000);

INSERT INTO PROVEEDOR_PRODUCTO(PROVEEDOR_ID,PRODUCTO_ID,PRECIO_COMPRA) VALUES(22,805, 0.000000);

-- ===========PRODUCTO [806]
INSERT INTO PRODUCTO(ID,MARCA_ID,LINEA_ID,NOMBRE,PRESENTACION,CONTENIDO,UNIDADES_POR_CAJA,COSTO,COSTO_VENTA,PRECIO_BASE,UNIDAD_MEDIDA,CODIGO_BARRAS,ABREBIATURA) VALUES(806,79,2,'Fruitt Gel Super Hold','Natural',750.0,12.0,0.000000,0.000000,0.000000,'G','7501438300043','Fruitt Gel Natur 750g');

INSERT INTO MOVIMIENTO_HISTORICO_PRODUCTO (ALMACEN_ID,PRODUCTO_ID,FECHA,TIPO_MOVIMIENTO_ID,CANTIDAD,COSTO,PRECIO,USUARIO_ID) VALUES(1,806,now(),30,12,0.000000,0.000000,'root');
INSERT INTO ALMACEN_PRODUCTO(ALMACEN_ID,PRODUCTO_ID,CANTIDAD_ACTUAL,PRECIO_VENTA) VALUES (1,806,12,0.000000);

INSERT INTO ALMACEN_PRODUCTO(ALMACEN_ID,PRODUCTO_ID,CANTIDAD_ACTUAL,PRECIO_VENTA) VALUES (2,806,0,0.000000);

INSERT INTO ALMACEN_PRODUCTO(ALMACEN_ID,PRODUCTO_ID,CANTIDAD_ACTUAL,PRECIO_VENTA) VALUES (3,806,12,0.000000);

INSERT INTO ALMACEN_PRODUCTO(ALMACEN_ID,PRODUCTO_ID,CANTIDAD_ACTUAL,PRECIO_VENTA) VALUES (4,806,0,0.000000);

INSERT INTO PROVEEDOR_PRODUCTO(PROVEEDOR_ID,PRODUCTO_ID,PRECIO_COMPRA) VALUES(22,806, 0.000000);

-- ===========PRODUCTO [807]
INSERT INTO PRODUCTO(ID,MARCA_ID,LINEA_ID,NOMBRE,PRESENTACION,CONTENIDO,UNIDADES_POR_CAJA,COSTO,COSTO_VENTA,PRECIO_BASE,UNIDAD_MEDIDA,CODIGO_BARRAS,ABREBIATURA) VALUES(807,80,9,'Magitel Tela Extra Grande Limpieza','Extra Absorbente',5.0,96.0,0.000000,0.000000,0.000000,'Pz','7501035903623','Magit Telas Ex Gr 5Pz');

INSERT INTO MOVIMIENTO_HISTORICO_PRODUCTO (ALMACEN_ID,PRODUCTO_ID,FECHA,TIPO_MOVIMIENTO_ID,CANTIDAD,COSTO,PRECIO,USUARIO_ID) VALUES(1,807,now(),30,24,0.000000,0.000000,'root');
INSERT INTO ALMACEN_PRODUCTO(ALMACEN_ID,PRODUCTO_ID,CANTIDAD_ACTUAL,PRECIO_VENTA) VALUES (1,807,24,0.000000);

INSERT INTO ALMACEN_PRODUCTO(ALMACEN_ID,PRODUCTO_ID,CANTIDAD_ACTUAL,PRECIO_VENTA) VALUES (2,807,0,0.000000);

INSERT INTO ALMACEN_PRODUCTO(ALMACEN_ID,PRODUCTO_ID,CANTIDAD_ACTUAL,PRECIO_VENTA) VALUES (3,807,24,9.900000);

INSERT INTO ALMACEN_PRODUCTO(ALMACEN_ID,PRODUCTO_ID,CANTIDAD_ACTUAL,PRECIO_VENTA) VALUES (4,807,0,0.000000);

INSERT INTO PROVEEDOR_PRODUCTO(PROVEEDOR_ID,PRODUCTO_ID,PRECIO_COMPRA) VALUES(6,807, 0.000000);

-- ===========PRODUCTO [808]
INSERT INTO PRODUCTO(ID,MARCA_ID,LINEA_ID,NOMBRE,PRESENTACION,CONTENIDO,UNIDADES_POR_CAJA,COSTO,COSTO_VENTA,PRECIO_BASE,UNIDAD_MEDIDA,CODIGO_BARRAS,ABREBIATURA) VALUES(808,80,9,'Magitel Telas Limpieza Paquete 5Pz','Extra Absorbente',24.0,4.0,0.000000,0.000000,0.000000,'Pz','27501035912100','Magit Telas Exib 24Pz');

INSERT INTO MOVIMIENTO_HISTORICO_PRODUCTO (ALMACEN_ID,PRODUCTO_ID,FECHA,TIPO_MOVIMIENTO_ID,CANTIDAD,COSTO,PRECIO,USUARIO_ID) VALUES(1,808,now(),30,3,0.000000,0.000000,'root');
INSERT INTO ALMACEN_PRODUCTO(ALMACEN_ID,PRODUCTO_ID,CANTIDAD_ACTUAL,PRECIO_VENTA) VALUES (1,808,3,0.000000);

INSERT INTO ALMACEN_PRODUCTO(ALMACEN_ID,PRODUCTO_ID,CANTIDAD_ACTUAL,PRECIO_VENTA) VALUES (2,808,0,0.000000);

INSERT INTO ALMACEN_PRODUCTO(ALMACEN_ID,PRODUCTO_ID,CANTIDAD_ACTUAL,PRECIO_VENTA) VALUES (3,808,3,0.000000);

INSERT INTO ALMACEN_PRODUCTO(ALMACEN_ID,PRODUCTO_ID,CANTIDAD_ACTUAL,PRECIO_VENTA) VALUES (4,808,0,0.000000);

INSERT INTO PROVEEDOR_PRODUCTO(PROVEEDOR_ID,PRODUCTO_ID,PRECIO_COMPRA) VALUES(6,808, 0.000000);

-- ===========PRODUCTO [809]
INSERT INTO PRODUCTO(ID,MARCA_ID,LINEA_ID,NOMBRE,PRESENTACION,CONTENIDO,UNIDADES_POR_CAJA,COSTO,COSTO_VENTA,PRECIO_BASE,UNIDAD_MEDIDA,CODIGO_BARRAS,ABREBIATURA) VALUES(809,35,11,'Colgate Pasta Dental','Triple Accin Extra Blancura',75.0,48.0,0.000000,0.000000,0.000000,'ML','7509546056098','Clgate Extr Blanc Tr 75');

INSERT INTO MOVIMIENTO_HISTORICO_PRODUCTO (ALMACEN_ID,PRODUCTO_ID,FECHA,TIPO_MOVIMIENTO_ID,CANTIDAD,COSTO,PRECIO,USUARIO_ID) VALUES(1,809,now(),30,48,0.000000,0.000000,'root');
INSERT INTO ALMACEN_PRODUCTO(ALMACEN_ID,PRODUCTO_ID,CANTIDAD_ACTUAL,PRECIO_VENTA) VALUES (1,809,48,0.000000);

INSERT INTO ALMACEN_PRODUCTO(ALMACEN_ID,PRODUCTO_ID,CANTIDAD_ACTUAL,PRECIO_VENTA) VALUES (2,809,6,0.000000);

INSERT INTO ALMACEN_PRODUCTO(ALMACEN_ID,PRODUCTO_ID,CANTIDAD_ACTUAL,PRECIO_VENTA) VALUES (3,809,48,0.000000);

INSERT INTO ALMACEN_PRODUCTO(ALMACEN_ID,PRODUCTO_ID,CANTIDAD_ACTUAL,PRECIO_VENTA) VALUES (4,809,6,0.000000);

INSERT INTO PROVEEDOR_PRODUCTO(PROVEEDOR_ID,PRODUCTO_ID,PRECIO_COMPRA) VALUES(6,809, 0.000000);

-- ===========PRODUCTO [810]
INSERT INTO PRODUCTO(ID,MARCA_ID,LINEA_ID,NOMBRE,PRESENTACION,CONTENIDO,UNIDADES_POR_CAJA,COSTO,COSTO_VENTA,PRECIO_BASE,UNIDAD_MEDIDA,CODIGO_BARRAS,ABREBIATURA) VALUES(810,41,4,'Nivea Rollon Dama','Happy Time',25.0,24.0,10.261075,10.261075,14.283416,'ML','42194880','Nivea R-o Hapy T 25ml');

INSERT INTO MOVIMIENTO_HISTORICO_PRODUCTO (ALMACEN_ID,PRODUCTO_ID,FECHA,TIPO_MOVIMIENTO_ID,CANTIDAD,COSTO,PRECIO,USUARIO_ID) VALUES(1,810,now(),30,24,10.261075,14.283416,'root');
INSERT INTO ALMACEN_PRODUCTO(ALMACEN_ID,PRODUCTO_ID,CANTIDAD_ACTUAL,PRECIO_VENTA) VALUES (1,810,24,14.283416);

INSERT INTO ALMACEN_PRODUCTO(ALMACEN_ID,PRODUCTO_ID,CANTIDAD_ACTUAL,PRECIO_VENTA) VALUES (2,810,0,0.000000);

INSERT INTO ALMACEN_PRODUCTO(ALMACEN_ID,PRODUCTO_ID,CANTIDAD_ACTUAL,PRECIO_VENTA) VALUES (3,810,24,13.900000);

INSERT INTO ALMACEN_PRODUCTO(ALMACEN_ID,PRODUCTO_ID,CANTIDAD_ACTUAL,PRECIO_VENTA) VALUES (4,810,0,0.000000);

INSERT INTO PROVEEDOR_PRODUCTO(PROVEEDOR_ID,PRODUCTO_ID,PRECIO_COMPRA) VALUES(4,810, 10.261075);

-- ===========PRODUCTO [811]
INSERT INTO PRODUCTO(ID,MARCA_ID,LINEA_ID,NOMBRE,PRESENTACION,CONTENIDO,UNIDADES_POR_CAJA,COSTO,COSTO_VENTA,PRECIO_BASE,UNIDAD_MEDIDA,CODIGO_BARRAS,ABREBIATURA) VALUES(811,41,10,'Nivea Crema Liquida Caballero','Body Milk',250.0,12.0,20.819897,20.819897,28.981296,'ML','4005808802555','Nivea Cr For Men 250m');

INSERT INTO MOVIMIENTO_HISTORICO_PRODUCTO (ALMACEN_ID,PRODUCTO_ID,FECHA,TIPO_MOVIMIENTO_ID,CANTIDAD,COSTO,PRECIO,USUARIO_ID) VALUES(1,811,now(),30,12,20.819897,28.981296,'root');
INSERT INTO ALMACEN_PRODUCTO(ALMACEN_ID,PRODUCTO_ID,CANTIDAD_ACTUAL,PRECIO_VENTA) VALUES (1,811,12,28.981296);

INSERT INTO ALMACEN_PRODUCTO(ALMACEN_ID,PRODUCTO_ID,CANTIDAD_ACTUAL,PRECIO_VENTA) VALUES (2,811,0,0.000000);

INSERT INTO ALMACEN_PRODUCTO(ALMACEN_ID,PRODUCTO_ID,CANTIDAD_ACTUAL,PRECIO_VENTA) VALUES (3,811,12,27.900000);

INSERT INTO ALMACEN_PRODUCTO(ALMACEN_ID,PRODUCTO_ID,CANTIDAD_ACTUAL,PRECIO_VENTA) VALUES (4,811,0,0.000000);

INSERT INTO PROVEEDOR_PRODUCTO(PROVEEDOR_ID,PRODUCTO_ID,PRECIO_COMPRA) VALUES(4,811, 20.819897);

-- ===========PRODUCTO [812]
INSERT INTO PRODUCTO(ID,MARCA_ID,LINEA_ID,NOMBRE,PRESENTACION,CONTENIDO,UNIDADES_POR_CAJA,COSTO,COSTO_VENTA,PRECIO_BASE,UNIDAD_MEDIDA,CODIGO_BARRAS,ABREBIATURA) VALUES(812,41,10,'Nivea Crema Solida','Angel Star Soft Souffle',200.0,12.0,26.041500,26.041500,36.249768,'ml','4005900006080','Nivea Cr Angel 200g');

INSERT INTO MOVIMIENTO_HISTORICO_PRODUCTO (ALMACEN_ID,PRODUCTO_ID,FECHA,TIPO_MOVIMIENTO_ID,CANTIDAD,COSTO,PRECIO,USUARIO_ID) VALUES(1,812,now(),30,20,26.041500,36.249768,'root');
INSERT INTO ALMACEN_PRODUCTO(ALMACEN_ID,PRODUCTO_ID,CANTIDAD_ACTUAL,PRECIO_VENTA) VALUES (1,812,20,36.249768);

INSERT INTO ALMACEN_PRODUCTO(ALMACEN_ID,PRODUCTO_ID,CANTIDAD_ACTUAL,PRECIO_VENTA) VALUES (2,812,0,0.000000);

INSERT INTO ALMACEN_PRODUCTO(ALMACEN_ID,PRODUCTO_ID,CANTIDAD_ACTUAL,PRECIO_VENTA) VALUES (3,812,20,39.900000);

INSERT INTO ALMACEN_PRODUCTO(ALMACEN_ID,PRODUCTO_ID,CANTIDAD_ACTUAL,PRECIO_VENTA) VALUES (4,812,0,0.000000);

INSERT INTO PROVEEDOR_PRODUCTO(PROVEEDOR_ID,PRODUCTO_ID,PRECIO_COMPRA) VALUES(4,812, 26.041500);

-- ===========PRODUCTO [813]
INSERT INTO PRODUCTO(ID,MARCA_ID,LINEA_ID,NOMBRE,PRESENTACION,CONTENIDO,UNIDADES_POR_CAJA,COSTO,COSTO_VENTA,PRECIO_BASE,UNIDAD_MEDIDA,CODIGO_BARRAS,ABREBIATURA) VALUES(813,41,10,'Nivea Crema Solida','Aclarado Natural',100.0,24.0,19.223678,19.223678,26.759360,'ml','4005808818587','Nivea Cr Aclar Nat 100g');

INSERT INTO MOVIMIENTO_HISTORICO_PRODUCTO (ALMACEN_ID,PRODUCTO_ID,FECHA,TIPO_MOVIMIENTO_ID,CANTIDAD,COSTO,PRECIO,USUARIO_ID) VALUES(1,813,now(),30,24,19.223678,26.759360,'root');
INSERT INTO ALMACEN_PRODUCTO(ALMACEN_ID,PRODUCTO_ID,CANTIDAD_ACTUAL,PRECIO_VENTA) VALUES (1,813,24,26.759360);

INSERT INTO ALMACEN_PRODUCTO(ALMACEN_ID,PRODUCTO_ID,CANTIDAD_ACTUAL,PRECIO_VENTA) VALUES (2,813,0,0.000000);

INSERT INTO ALMACEN_PRODUCTO(ALMACEN_ID,PRODUCTO_ID,CANTIDAD_ACTUAL,PRECIO_VENTA) VALUES (3,813,24,24.900000);

INSERT INTO ALMACEN_PRODUCTO(ALMACEN_ID,PRODUCTO_ID,CANTIDAD_ACTUAL,PRECIO_VENTA) VALUES (4,813,0,0.000000);

INSERT INTO PROVEEDOR_PRODUCTO(PROVEEDOR_ID,PRODUCTO_ID,PRECIO_COMPRA) VALUES(4,813, 19.223678);

-- ===========PRODUCTO [814]
INSERT INTO PRODUCTO(ID,MARCA_ID,LINEA_ID,NOMBRE,PRESENTACION,CONTENIDO,UNIDADES_POR_CAJA,COSTO,COSTO_VENTA,PRECIO_BASE,UNIDAD_MEDIDA,CODIGO_BARRAS,ABREBIATURA) VALUES(814,41,10,'Nivea Crema Solida','Clasica',400.0,12.0,46.080287,46.080287,64.143760,'G','7501054500216','Nivea Cr Tarro 400g');

INSERT INTO MOVIMIENTO_HISTORICO_PRODUCTO (ALMACEN_ID,PRODUCTO_ID,FECHA,TIPO_MOVIMIENTO_ID,CANTIDAD,COSTO,PRECIO,USUARIO_ID) VALUES(1,814,now(),30,12,46.080287,64.143760,'root');
INSERT INTO ALMACEN_PRODUCTO(ALMACEN_ID,PRODUCTO_ID,CANTIDAD_ACTUAL,PRECIO_VENTA) VALUES (1,814,12,64.143760);

INSERT INTO ALMACEN_PRODUCTO(ALMACEN_ID,PRODUCTO_ID,CANTIDAD_ACTUAL,PRECIO_VENTA) VALUES (2,814,0,0.000000);

INSERT INTO ALMACEN_PRODUCTO(ALMACEN_ID,PRODUCTO_ID,CANTIDAD_ACTUAL,PRECIO_VENTA) VALUES (3,814,12,64.900000);

INSERT INTO ALMACEN_PRODUCTO(ALMACEN_ID,PRODUCTO_ID,CANTIDAD_ACTUAL,PRECIO_VENTA) VALUES (4,814,0,0.000000);

INSERT INTO PROVEEDOR_PRODUCTO(PROVEEDOR_ID,PRODUCTO_ID,PRECIO_COMPRA) VALUES(4,814, 46.080287);

-- ===========PRODUCTO [815]
INSERT INTO PRODUCTO(ID,MARCA_ID,LINEA_ID,NOMBRE,PRESENTACION,CONTENIDO,UNIDADES_POR_CAJA,COSTO,COSTO_VENTA,PRECIO_BASE,UNIDAD_MEDIDA,CODIGO_BARRAS,ABREBIATURA) VALUES(815,41,13,'Nivea Visage','Aclarado Natural Ojos',15.0,12.0,58.518543,58.518543,81.457812,'ML','4005808569649','Nivea Visag Ojos 15m');

INSERT INTO MOVIMIENTO_HISTORICO_PRODUCTO (ALMACEN_ID,PRODUCTO_ID,FECHA,TIPO_MOVIMIENTO_ID,CANTIDAD,COSTO,PRECIO,USUARIO_ID) VALUES(1,815,now(),30,6,58.518543,81.457812,'root');
INSERT INTO ALMACEN_PRODUCTO(ALMACEN_ID,PRODUCTO_ID,CANTIDAD_ACTUAL,PRECIO_VENTA) VALUES (1,815,6,81.457812);

INSERT INTO ALMACEN_PRODUCTO(ALMACEN_ID,PRODUCTO_ID,CANTIDAD_ACTUAL,PRECIO_VENTA) VALUES (2,815,0,0.000000);

INSERT INTO ALMACEN_PRODUCTO(ALMACEN_ID,PRODUCTO_ID,CANTIDAD_ACTUAL,PRECIO_VENTA) VALUES (3,815,6,89.900000);

INSERT INTO ALMACEN_PRODUCTO(ALMACEN_ID,PRODUCTO_ID,CANTIDAD_ACTUAL,PRECIO_VENTA) VALUES (4,815,0,0.000000);

INSERT INTO PROVEEDOR_PRODUCTO(PROVEEDOR_ID,PRODUCTO_ID,PRECIO_COMPRA) VALUES(4,815, 58.518543);

-- ===========PRODUCTO [816]
INSERT INTO PRODUCTO(ID,MARCA_ID,LINEA_ID,NOMBRE,PRESENTACION,CONTENIDO,UNIDADES_POR_CAJA,COSTO,COSTO_VENTA,PRECIO_BASE,UNIDAD_MEDIDA,CODIGO_BARRAS,ABREBIATURA) VALUES(816,41,13,'Nivea Visage','Aclar Natural Esp Limpiadora',100.0,12.0,35.224563,35.224563,49.032592,'G','4005808569656','Nivea Visag Espum 100');

INSERT INTO MOVIMIENTO_HISTORICO_PRODUCTO (ALMACEN_ID,PRODUCTO_ID,FECHA,TIPO_MOVIMIENTO_ID,CANTIDAD,COSTO,PRECIO,USUARIO_ID) VALUES(1,816,now(),30,6,35.224563,49.032592,'root');
INSERT INTO ALMACEN_PRODUCTO(ALMACEN_ID,PRODUCTO_ID,CANTIDAD_ACTUAL,PRECIO_VENTA) VALUES (1,816,6,49.032592);

INSERT INTO ALMACEN_PRODUCTO(ALMACEN_ID,PRODUCTO_ID,CANTIDAD_ACTUAL,PRECIO_VENTA) VALUES (2,816,0,0.000000);

INSERT INTO ALMACEN_PRODUCTO(ALMACEN_ID,PRODUCTO_ID,CANTIDAD_ACTUAL,PRECIO_VENTA) VALUES (3,816,6,44.900000);

INSERT INTO ALMACEN_PRODUCTO(ALMACEN_ID,PRODUCTO_ID,CANTIDAD_ACTUAL,PRECIO_VENTA) VALUES (4,816,0,0.000000);

INSERT INTO PROVEEDOR_PRODUCTO(PROVEEDOR_ID,PRODUCTO_ID,PRECIO_COMPRA) VALUES(4,816, 35.224563);

-- ===========PRODUCTO [817]
INSERT INTO PRODUCTO(ID,MARCA_ID,LINEA_ID,NOMBRE,PRESENTACION,CONTENIDO,UNIDADES_POR_CAJA,COSTO,COSTO_VENTA,PRECIO_BASE,UNIDAD_MEDIDA,CODIGO_BARRAS,ABREBIATURA) VALUES(817,41,13,'Nivea Visage','Aclar Natural Corrector Manchas',30.0,12.0,51.584121,51.584121,71.805096,'ML','4005808569663','Nivea Visag Correct 30');

INSERT INTO MOVIMIENTO_HISTORICO_PRODUCTO (ALMACEN_ID,PRODUCTO_ID,FECHA,TIPO_MOVIMIENTO_ID,CANTIDAD,COSTO,PRECIO,USUARIO_ID) VALUES(1,817,now(),30,6,51.584121,71.805096,'root');
INSERT INTO ALMACEN_PRODUCTO(ALMACEN_ID,PRODUCTO_ID,CANTIDAD_ACTUAL,PRECIO_VENTA) VALUES (1,817,6,71.805096);

INSERT INTO ALMACEN_PRODUCTO(ALMACEN_ID,PRODUCTO_ID,CANTIDAD_ACTUAL,PRECIO_VENTA) VALUES (2,817,0,0.000000);

INSERT INTO ALMACEN_PRODUCTO(ALMACEN_ID,PRODUCTO_ID,CANTIDAD_ACTUAL,PRECIO_VENTA) VALUES (3,817,6,79.900000);

INSERT INTO ALMACEN_PRODUCTO(ALMACEN_ID,PRODUCTO_ID,CANTIDAD_ACTUAL,PRECIO_VENTA) VALUES (4,817,0,0.000000);

INSERT INTO PROVEEDOR_PRODUCTO(PROVEEDOR_ID,PRODUCTO_ID,PRECIO_COMPRA) VALUES(4,817, 51.584121);

-- ===========PRODUCTO [818]
INSERT INTO PRODUCTO(ID,MARCA_ID,LINEA_ID,NOMBRE,PRESENTACION,CONTENIDO,UNIDADES_POR_CAJA,COSTO,COSTO_VENTA,PRECIO_BASE,UNIDAD_MEDIDA,CODIGO_BARRAS,ABREBIATURA) VALUES(818,41,13,'Nivea Visage','Aclar Natural Crema Dia',50.0,12.0,76.966625,76.966625,107.137542,'ML','4005808569625','Nivea Visag Cr Dia 50');

INSERT INTO MOVIMIENTO_HISTORICO_PRODUCTO (ALMACEN_ID,PRODUCTO_ID,FECHA,TIPO_MOVIMIENTO_ID,CANTIDAD,COSTO,PRECIO,USUARIO_ID) VALUES(1,818,now(),30,6,76.966625,107.137542,'root');
INSERT INTO ALMACEN_PRODUCTO(ALMACEN_ID,PRODUCTO_ID,CANTIDAD_ACTUAL,PRECIO_VENTA) VALUES (1,818,6,107.137542);

INSERT INTO ALMACEN_PRODUCTO(ALMACEN_ID,PRODUCTO_ID,CANTIDAD_ACTUAL,PRECIO_VENTA) VALUES (2,818,0,0.000000);

INSERT INTO ALMACEN_PRODUCTO(ALMACEN_ID,PRODUCTO_ID,CANTIDAD_ACTUAL,PRECIO_VENTA) VALUES (3,818,6,98.900000);

INSERT INTO ALMACEN_PRODUCTO(ALMACEN_ID,PRODUCTO_ID,CANTIDAD_ACTUAL,PRECIO_VENTA) VALUES (4,818,0,0.000000);

INSERT INTO PROVEEDOR_PRODUCTO(PROVEEDOR_ID,PRODUCTO_ID,PRECIO_COMPRA) VALUES(4,818, 76.966625);

-- ===========PRODUCTO [819]
INSERT INTO PRODUCTO(ID,MARCA_ID,LINEA_ID,NOMBRE,PRESENTACION,CONTENIDO,UNIDADES_POR_CAJA,COSTO,COSTO_VENTA,PRECIO_BASE,UNIDAD_MEDIDA,CODIGO_BARRAS,ABREBIATURA) VALUES(819,41,4,'Nivea Stick Dama','Aclarado Natural',43.0,12.0,19.982427,19.982427,27.815538,'G','42210191','Nivea Stick Aclara 43');

INSERT INTO MOVIMIENTO_HISTORICO_PRODUCTO (ALMACEN_ID,PRODUCTO_ID,FECHA,TIPO_MOVIMIENTO_ID,CANTIDAD,COSTO,PRECIO,USUARIO_ID) VALUES(1,819,now(),30,12,19.982427,27.815538,'root');
INSERT INTO ALMACEN_PRODUCTO(ALMACEN_ID,PRODUCTO_ID,CANTIDAD_ACTUAL,PRECIO_VENTA) VALUES (1,819,12,27.815538);

INSERT INTO ALMACEN_PRODUCTO(ALMACEN_ID,PRODUCTO_ID,CANTIDAD_ACTUAL,PRECIO_VENTA) VALUES (2,819,0,0.000000);

INSERT INTO ALMACEN_PRODUCTO(ALMACEN_ID,PRODUCTO_ID,CANTIDAD_ACTUAL,PRECIO_VENTA) VALUES (3,819,12,26.900000);

INSERT INTO ALMACEN_PRODUCTO(ALMACEN_ID,PRODUCTO_ID,CANTIDAD_ACTUAL,PRECIO_VENTA) VALUES (4,819,0,0.000000);

INSERT INTO PROVEEDOR_PRODUCTO(PROVEEDOR_ID,PRODUCTO_ID,PRECIO_COMPRA) VALUES(4,819, 19.982427);

-- ===========PRODUCTO [820]
INSERT INTO PRODUCTO(ID,MARCA_ID,LINEA_ID,NOMBRE,PRESENTACION,CONTENIDO,UNIDADES_POR_CAJA,COSTO,COSTO_VENTA,PRECIO_BASE,UNIDAD_MEDIDA,CODIGO_BARRAS,ABREBIATURA) VALUES(820,41,10,'Nivea Pack Crema 400ml + Cr 125ml','Normal / Aclarado Natural',2.0,12.0,0.000000,0.000000,0.000000,'Pz','7501054525196','Nivea Pck Norm/Acl 2P');

INSERT INTO MOVIMIENTO_HISTORICO_PRODUCTO (ALMACEN_ID,PRODUCTO_ID,FECHA,TIPO_MOVIMIENTO_ID,CANTIDAD,COSTO,PRECIO,USUARIO_ID) VALUES(1,820,now(),30,6,0.000000,0.000000,'root');
INSERT INTO ALMACEN_PRODUCTO(ALMACEN_ID,PRODUCTO_ID,CANTIDAD_ACTUAL,PRECIO_VENTA) VALUES (1,820,6,0.000000);

INSERT INTO ALMACEN_PRODUCTO(ALMACEN_ID,PRODUCTO_ID,CANTIDAD_ACTUAL,PRECIO_VENTA) VALUES (2,820,0,0.000000);

INSERT INTO ALMACEN_PRODUCTO(ALMACEN_ID,PRODUCTO_ID,CANTIDAD_ACTUAL,PRECIO_VENTA) VALUES (3,820,6,49.900000);

INSERT INTO ALMACEN_PRODUCTO(ALMACEN_ID,PRODUCTO_ID,CANTIDAD_ACTUAL,PRECIO_VENTA) VALUES (4,820,0,0.000000);

INSERT INTO PROVEEDOR_PRODUCTO(PROVEEDOR_ID,PRODUCTO_ID,PRECIO_COMPRA) VALUES(4,820, 0.000000);

-- ===========PRODUCTO [821]
INSERT INTO PRODUCTO(ID,MARCA_ID,LINEA_ID,NOMBRE,PRESENTACION,CONTENIDO,UNIDADES_POR_CAJA,COSTO,COSTO_VENTA,PRECIO_BASE,UNIDAD_MEDIDA,CODIGO_BARRAS,ABREBIATURA) VALUES(821,41,10,'Nivea Crema Liquida','Aclarado Natural',125.0,12.0,14.288793,14.288793,19.890000,'ML','7501054519973','Nivea Cr Aclar Nat 125m');

INSERT INTO MOVIMIENTO_HISTORICO_PRODUCTO (ALMACEN_ID,PRODUCTO_ID,FECHA,TIPO_MOVIMIENTO_ID,CANTIDAD,COSTO,PRECIO,USUARIO_ID) VALUES(1,821,now(),30,12,14.288793,19.890000,'root');
INSERT INTO ALMACEN_PRODUCTO(ALMACEN_ID,PRODUCTO_ID,CANTIDAD_ACTUAL,PRECIO_VENTA) VALUES (1,821,12,19.890000);

INSERT INTO ALMACEN_PRODUCTO(ALMACEN_ID,PRODUCTO_ID,CANTIDAD_ACTUAL,PRECIO_VENTA) VALUES (2,821,0,0.000000);

INSERT INTO ALMACEN_PRODUCTO(ALMACEN_ID,PRODUCTO_ID,CANTIDAD_ACTUAL,PRECIO_VENTA) VALUES (3,821,12,19.900000);

INSERT INTO ALMACEN_PRODUCTO(ALMACEN_ID,PRODUCTO_ID,CANTIDAD_ACTUAL,PRECIO_VENTA) VALUES (4,821,0,0.000000);

INSERT INTO PROVEEDOR_PRODUCTO(PROVEEDOR_ID,PRODUCTO_ID,PRECIO_COMPRA) VALUES(4,821, 14.288793);

-- ===========PRODUCTO [822]
INSERT INTO PRODUCTO(ID,MARCA_ID,LINEA_ID,NOMBRE,PRESENTACION,CONTENIDO,UNIDADES_POR_CAJA,COSTO,COSTO_VENTA,PRECIO_BASE,UNIDAD_MEDIDA,CODIGO_BARRAS,ABREBIATURA) VALUES(822,41,10,'Nivea Crema Liquida','Piel Normal',400.0,12.0,23.778736,23.778736,33.100000,'ML','4005808803033','Nivea Cr Normal 400m');

INSERT INTO MOVIMIENTO_HISTORICO_PRODUCTO (ALMACEN_ID,PRODUCTO_ID,FECHA,TIPO_MOVIMIENTO_ID,CANTIDAD,COSTO,PRECIO,USUARIO_ID) VALUES(1,822,now(),30,12,23.778736,33.100000,'root');
INSERT INTO ALMACEN_PRODUCTO(ALMACEN_ID,PRODUCTO_ID,CANTIDAD_ACTUAL,PRECIO_VENTA) VALUES (1,822,12,33.100000);

INSERT INTO ALMACEN_PRODUCTO(ALMACEN_ID,PRODUCTO_ID,CANTIDAD_ACTUAL,PRECIO_VENTA) VALUES (2,822,0,0.000000);

INSERT INTO ALMACEN_PRODUCTO(ALMACEN_ID,PRODUCTO_ID,CANTIDAD_ACTUAL,PRECIO_VENTA) VALUES (3,822,12,34.900000);

INSERT INTO ALMACEN_PRODUCTO(ALMACEN_ID,PRODUCTO_ID,CANTIDAD_ACTUAL,PRECIO_VENTA) VALUES (4,822,0,0.000000);

INSERT INTO PROVEEDOR_PRODUCTO(PROVEEDOR_ID,PRODUCTO_ID,PRECIO_COMPRA) VALUES(4,822, 23.778736);

-- ===========PRODUCTO [823]
INSERT INTO PRODUCTO(ID,MARCA_ID,LINEA_ID,NOMBRE,PRESENTACION,CONTENIDO,UNIDADES_POR_CAJA,COSTO,COSTO_VENTA,PRECIO_BASE,UNIDAD_MEDIDA,CODIGO_BARRAS,ABREBIATURA) VALUES(823,41,10,'Nivea Pack Crema 400ml + Cr 125ml','Happy Time Seca',2.0,12.0,0.000000,0.000000,0.000000,'Pz','7501054523932','Nivea Pck Hapy Tim 2P');

INSERT INTO MOVIMIENTO_HISTORICO_PRODUCTO (ALMACEN_ID,PRODUCTO_ID,FECHA,TIPO_MOVIMIENTO_ID,CANTIDAD,COSTO,PRECIO,USUARIO_ID) VALUES(1,823,now(),30,6,0.000000,0.000000,'root');
INSERT INTO ALMACEN_PRODUCTO(ALMACEN_ID,PRODUCTO_ID,CANTIDAD_ACTUAL,PRECIO_VENTA) VALUES (1,823,6,0.000000);

INSERT INTO ALMACEN_PRODUCTO(ALMACEN_ID,PRODUCTO_ID,CANTIDAD_ACTUAL,PRECIO_VENTA) VALUES (2,823,0,0.000000);

INSERT INTO ALMACEN_PRODUCTO(ALMACEN_ID,PRODUCTO_ID,CANTIDAD_ACTUAL,PRECIO_VENTA) VALUES (3,823,6,49.900000);

INSERT INTO ALMACEN_PRODUCTO(ALMACEN_ID,PRODUCTO_ID,CANTIDAD_ACTUAL,PRECIO_VENTA) VALUES (4,823,0,0.000000);

INSERT INTO PROVEEDOR_PRODUCTO(PROVEEDOR_ID,PRODUCTO_ID,PRECIO_COMPRA) VALUES(4,823, 0.000000);

-- ===========PRODUCTO [824]
INSERT INTO PRODUCTO(ID,MARCA_ID,LINEA_ID,NOMBRE,PRESENTACION,CONTENIDO,UNIDADES_POR_CAJA,COSTO,COSTO_VENTA,PRECIO_BASE,UNIDAD_MEDIDA,CODIGO_BARRAS,ABREBIATURA) VALUES(824,41,10,'Nivea Crema Liquida','Happy Time Seca',125.0,12.0,13.563218,13.563218,18.880000,'ML','4005808309511','Nivea Cr Happy T 125m');

INSERT INTO MOVIMIENTO_HISTORICO_PRODUCTO (ALMACEN_ID,PRODUCTO_ID,FECHA,TIPO_MOVIMIENTO_ID,CANTIDAD,COSTO,PRECIO,USUARIO_ID) VALUES(1,824,now(),30,12,13.563218,18.880000,'root');
INSERT INTO ALMACEN_PRODUCTO(ALMACEN_ID,PRODUCTO_ID,CANTIDAD_ACTUAL,PRECIO_VENTA) VALUES (1,824,12,18.880000);

INSERT INTO ALMACEN_PRODUCTO(ALMACEN_ID,PRODUCTO_ID,CANTIDAD_ACTUAL,PRECIO_VENTA) VALUES (2,824,0,0.000000);

INSERT INTO ALMACEN_PRODUCTO(ALMACEN_ID,PRODUCTO_ID,CANTIDAD_ACTUAL,PRECIO_VENTA) VALUES (3,824,12,18.900000);

INSERT INTO ALMACEN_PRODUCTO(ALMACEN_ID,PRODUCTO_ID,CANTIDAD_ACTUAL,PRECIO_VENTA) VALUES (4,824,0,0.000000);

INSERT INTO PROVEEDOR_PRODUCTO(PROVEEDOR_ID,PRODUCTO_ID,PRECIO_COMPRA) VALUES(4,824, 13.563218);

-- ===========PRODUCTO [825]
INSERT INTO PRODUCTO(ID,MARCA_ID,LINEA_ID,NOMBRE,PRESENTACION,CONTENIDO,UNIDADES_POR_CAJA,COSTO,COSTO_VENTA,PRECIO_BASE,UNIDAD_MEDIDA,CODIGO_BARRAS,ABREBIATURA) VALUES(825,41,10,'Nivea Crema Liquida','Happy Time Seca',400.0,12.0,23.778736,23.778736,33.100000,'ML','4005808289400','Nivea Cr Happy T 400m');

INSERT INTO MOVIMIENTO_HISTORICO_PRODUCTO (ALMACEN_ID,PRODUCTO_ID,FECHA,TIPO_MOVIMIENTO_ID,CANTIDAD,COSTO,PRECIO,USUARIO_ID) VALUES(1,825,now(),30,12,23.778736,33.100000,'root');
INSERT INTO ALMACEN_PRODUCTO(ALMACEN_ID,PRODUCTO_ID,CANTIDAD_ACTUAL,PRECIO_VENTA) VALUES (1,825,12,33.100000);

INSERT INTO ALMACEN_PRODUCTO(ALMACEN_ID,PRODUCTO_ID,CANTIDAD_ACTUAL,PRECIO_VENTA) VALUES (2,825,0,0.000000);

INSERT INTO ALMACEN_PRODUCTO(ALMACEN_ID,PRODUCTO_ID,CANTIDAD_ACTUAL,PRECIO_VENTA) VALUES (3,825,12,37.900000);

INSERT INTO ALMACEN_PRODUCTO(ALMACEN_ID,PRODUCTO_ID,CANTIDAD_ACTUAL,PRECIO_VENTA) VALUES (4,825,0,0.000000);

INSERT INTO PROVEEDOR_PRODUCTO(PROVEEDOR_ID,PRODUCTO_ID,PRECIO_COMPRA) VALUES(4,825, 23.778736);

-- ===========PRODUCTO [826]
INSERT INTO PRODUCTO(ID,MARCA_ID,LINEA_ID,NOMBRE,PRESENTACION,CONTENIDO,UNIDADES_POR_CAJA,COSTO,COSTO_VENTA,PRECIO_BASE,UNIDAD_MEDIDA,CODIGO_BARRAS,ABREBIATURA) VALUES(826,41,10,'Nivea Crema Liquida','Q 10 Reafirmante',250.0,12.0,18.247126,18.247126,25.400000,'ML','7501054503484','Nivea Cr Q10 Reaf 250m');

INSERT INTO MOVIMIENTO_HISTORICO_PRODUCTO (ALMACEN_ID,PRODUCTO_ID,FECHA,TIPO_MOVIMIENTO_ID,CANTIDAD,COSTO,PRECIO,USUARIO_ID) VALUES(1,826,now(),30,12,18.247126,25.400000,'root');
INSERT INTO ALMACEN_PRODUCTO(ALMACEN_ID,PRODUCTO_ID,CANTIDAD_ACTUAL,PRECIO_VENTA) VALUES (1,826,12,25.400000);

INSERT INTO ALMACEN_PRODUCTO(ALMACEN_ID,PRODUCTO_ID,CANTIDAD_ACTUAL,PRECIO_VENTA) VALUES (2,826,0,0.000000);

INSERT INTO ALMACEN_PRODUCTO(ALMACEN_ID,PRODUCTO_ID,CANTIDAD_ACTUAL,PRECIO_VENTA) VALUES (3,826,12,24.900000);

INSERT INTO ALMACEN_PRODUCTO(ALMACEN_ID,PRODUCTO_ID,CANTIDAD_ACTUAL,PRECIO_VENTA) VALUES (4,826,0,0.000000);

INSERT INTO PROVEEDOR_PRODUCTO(PROVEEDOR_ID,PRODUCTO_ID,PRECIO_COMPRA) VALUES(4,826, 18.247126);

-- ===========PRODUCTO [827]
INSERT INTO PRODUCTO(ID,MARCA_ID,LINEA_ID,NOMBRE,PRESENTACION,CONTENIDO,UNIDADES_POR_CAJA,COSTO,COSTO_VENTA,PRECIO_BASE,UNIDAD_MEDIDA,CODIGO_BARRAS,ABREBIATURA) VALUES(827,41,10,'Nivea Crema Liquida','UV Body Milk',400.0,12.0,31.839080,31.839080,44.320000,'ML','7501054500841','Nivea Cr Uv Body 400m');

INSERT INTO MOVIMIENTO_HISTORICO_PRODUCTO (ALMACEN_ID,PRODUCTO_ID,FECHA,TIPO_MOVIMIENTO_ID,CANTIDAD,COSTO,PRECIO,USUARIO_ID) VALUES(1,827,now(),30,12,31.839080,44.320000,'root');
INSERT INTO ALMACEN_PRODUCTO(ALMACEN_ID,PRODUCTO_ID,CANTIDAD_ACTUAL,PRECIO_VENTA) VALUES (1,827,12,44.320000);

INSERT INTO ALMACEN_PRODUCTO(ALMACEN_ID,PRODUCTO_ID,CANTIDAD_ACTUAL,PRECIO_VENTA) VALUES (2,827,0,0.000000);

INSERT INTO ALMACEN_PRODUCTO(ALMACEN_ID,PRODUCTO_ID,CANTIDAD_ACTUAL,PRECIO_VENTA) VALUES (3,827,12,44.900000);

INSERT INTO ALMACEN_PRODUCTO(ALMACEN_ID,PRODUCTO_ID,CANTIDAD_ACTUAL,PRECIO_VENTA) VALUES (4,827,0,0.000000);

INSERT INTO PROVEEDOR_PRODUCTO(PROVEEDOR_ID,PRODUCTO_ID,PRECIO_COMPRA) VALUES(4,827, 31.839080);

-- ===========PRODUCTO [828]
INSERT INTO PRODUCTO(ID,MARCA_ID,LINEA_ID,NOMBRE,PRESENTACION,CONTENIDO,UNIDADES_POR_CAJA,COSTO,COSTO_VENTA,PRECIO_BASE,UNIDAD_MEDIDA,CODIGO_BARRAS,ABREBIATURA) VALUES(828,41,10,'Nivea Crema Liquida','Piel Normal',250.0,12.0,15.912356,15.912356,22.150000,'ML','4005808803019','Nivea Cr Normal 250m');

INSERT INTO MOVIMIENTO_HISTORICO_PRODUCTO (ALMACEN_ID,PRODUCTO_ID,FECHA,TIPO_MOVIMIENTO_ID,CANTIDAD,COSTO,PRECIO,USUARIO_ID) VALUES(1,828,now(),30,12,15.912356,22.150000,'root');
INSERT INTO ALMACEN_PRODUCTO(ALMACEN_ID,PRODUCTO_ID,CANTIDAD_ACTUAL,PRECIO_VENTA) VALUES (1,828,12,22.150000);

INSERT INTO ALMACEN_PRODUCTO(ALMACEN_ID,PRODUCTO_ID,CANTIDAD_ACTUAL,PRECIO_VENTA) VALUES (2,828,1,0.000000);

INSERT INTO ALMACEN_PRODUCTO(ALMACEN_ID,PRODUCTO_ID,CANTIDAD_ACTUAL,PRECIO_VENTA) VALUES (3,828,12,23.900000);

INSERT INTO ALMACEN_PRODUCTO(ALMACEN_ID,PRODUCTO_ID,CANTIDAD_ACTUAL,PRECIO_VENTA) VALUES (4,828,1,0.000000);

INSERT INTO PROVEEDOR_PRODUCTO(PROVEEDOR_ID,PRODUCTO_ID,PRECIO_COMPRA) VALUES(4,828, 15.912356);

-- ===========PRODUCTO [829]
INSERT INTO PRODUCTO(ID,MARCA_ID,LINEA_ID,NOMBRE,PRESENTACION,CONTENIDO,UNIDADES_POR_CAJA,COSTO,COSTO_VENTA,PRECIO_BASE,UNIDAD_MEDIDA,CODIGO_BARRAS,ABREBIATURA) VALUES(829,41,4,'Nivea Aerosol Caballero','Silver Protect',150.0,12.0,26.331500,26.331500,36.653448,'ML','4005900011428','Nivea Aer Silver 150ml');

INSERT INTO MOVIMIENTO_HISTORICO_PRODUCTO (ALMACEN_ID,PRODUCTO_ID,FECHA,TIPO_MOVIMIENTO_ID,CANTIDAD,COSTO,PRECIO,USUARIO_ID) VALUES(1,829,now(),30,12,26.331500,36.653448,'root');
INSERT INTO ALMACEN_PRODUCTO(ALMACEN_ID,PRODUCTO_ID,CANTIDAD_ACTUAL,PRECIO_VENTA) VALUES (1,829,12,36.653448);

INSERT INTO ALMACEN_PRODUCTO(ALMACEN_ID,PRODUCTO_ID,CANTIDAD_ACTUAL,PRECIO_VENTA) VALUES (2,829,0,0.000000);

INSERT INTO ALMACEN_PRODUCTO(ALMACEN_ID,PRODUCTO_ID,CANTIDAD_ACTUAL,PRECIO_VENTA) VALUES (3,829,12,34.900000);

INSERT INTO ALMACEN_PRODUCTO(ALMACEN_ID,PRODUCTO_ID,CANTIDAD_ACTUAL,PRECIO_VENTA) VALUES (4,829,0,0.000000);

INSERT INTO PROVEEDOR_PRODUCTO(PROVEEDOR_ID,PRODUCTO_ID,PRECIO_COMPRA) VALUES(4,829, 26.331500);

-- ===========PRODUCTO [830]
INSERT INTO PRODUCTO(ID,MARCA_ID,LINEA_ID,NOMBRE,PRESENTACION,CONTENIDO,UNIDADES_POR_CAJA,COSTO,COSTO_VENTA,PRECIO_BASE,UNIDAD_MEDIDA,CODIGO_BARRAS,ABREBIATURA) VALUES(830,41,4,'Nivea Rollon Caballero','Silver Protect',50.0,12.0,15.764586,15.764586,21.944304,'ML','4005808306053','Nivea R-o Silver 50ml');

INSERT INTO MOVIMIENTO_HISTORICO_PRODUCTO (ALMACEN_ID,PRODUCTO_ID,FECHA,TIPO_MOVIMIENTO_ID,CANTIDAD,COSTO,PRECIO,USUARIO_ID) VALUES(1,830,now(),30,12,15.764586,21.944304,'root');
INSERT INTO ALMACEN_PRODUCTO(ALMACEN_ID,PRODUCTO_ID,CANTIDAD_ACTUAL,PRECIO_VENTA) VALUES (1,830,12,21.944304);

INSERT INTO ALMACEN_PRODUCTO(ALMACEN_ID,PRODUCTO_ID,CANTIDAD_ACTUAL,PRECIO_VENTA) VALUES (2,830,0,0.000000);

INSERT INTO ALMACEN_PRODUCTO(ALMACEN_ID,PRODUCTO_ID,CANTIDAD_ACTUAL,PRECIO_VENTA) VALUES (3,830,12,21.940000);

INSERT INTO ALMACEN_PRODUCTO(ALMACEN_ID,PRODUCTO_ID,CANTIDAD_ACTUAL,PRECIO_VENTA) VALUES (4,830,0,0.000000);

INSERT INTO PROVEEDOR_PRODUCTO(PROVEEDOR_ID,PRODUCTO_ID,PRECIO_COMPRA) VALUES(4,830, 15.764586);

-- ===========PRODUCTO [831]
INSERT INTO PRODUCTO(ID,MARCA_ID,LINEA_ID,NOMBRE,PRESENTACION,CONTENIDO,UNIDADES_POR_CAJA,COSTO,COSTO_VENTA,PRECIO_BASE,UNIDAD_MEDIDA,CODIGO_BARRAS,ABREBIATURA) VALUES(831,41,4,'Nivea Rollon Caballero','Energy Wild',50.0,12.0,15.764586,15.764586,21.944304,'ML','4005900004932','Nivea R-o Wild 50ml');

INSERT INTO MOVIMIENTO_HISTORICO_PRODUCTO (ALMACEN_ID,PRODUCTO_ID,FECHA,TIPO_MOVIMIENTO_ID,CANTIDAD,COSTO,PRECIO,USUARIO_ID) VALUES(1,831,now(),30,12,15.764586,21.944304,'root');
INSERT INTO ALMACEN_PRODUCTO(ALMACEN_ID,PRODUCTO_ID,CANTIDAD_ACTUAL,PRECIO_VENTA) VALUES (1,831,12,21.944304);

INSERT INTO ALMACEN_PRODUCTO(ALMACEN_ID,PRODUCTO_ID,CANTIDAD_ACTUAL,PRECIO_VENTA) VALUES (2,831,0,0.000000);

INSERT INTO ALMACEN_PRODUCTO(ALMACEN_ID,PRODUCTO_ID,CANTIDAD_ACTUAL,PRECIO_VENTA) VALUES (3,831,12,21.940000);

INSERT INTO ALMACEN_PRODUCTO(ALMACEN_ID,PRODUCTO_ID,CANTIDAD_ACTUAL,PRECIO_VENTA) VALUES (4,831,0,0.000000);

INSERT INTO PROVEEDOR_PRODUCTO(PROVEEDOR_ID,PRODUCTO_ID,PRECIO_COMPRA) VALUES(4,831, 15.764586);

-- ===========PRODUCTO [832]
INSERT INTO PRODUCTO(ID,MARCA_ID,LINEA_ID,NOMBRE,PRESENTACION,CONTENIDO,UNIDADES_POR_CAJA,COSTO,COSTO_VENTA,PRECIO_BASE,UNIDAD_MEDIDA,CODIGO_BARRAS,ABREBIATURA) VALUES(832,41,4,'Nivea Rollon Caballero','Energy Rebellious',50.0,12.0,15.764586,15.764586,21.944304,'ML','4005900004918','Nivea R-o Rebel 50ml');

INSERT INTO MOVIMIENTO_HISTORICO_PRODUCTO (ALMACEN_ID,PRODUCTO_ID,FECHA,TIPO_MOVIMIENTO_ID,CANTIDAD,COSTO,PRECIO,USUARIO_ID) VALUES(1,832,now(),30,12,15.764586,21.944304,'root');
INSERT INTO ALMACEN_PRODUCTO(ALMACEN_ID,PRODUCTO_ID,CANTIDAD_ACTUAL,PRECIO_VENTA) VALUES (1,832,12,21.944304);

INSERT INTO ALMACEN_PRODUCTO(ALMACEN_ID,PRODUCTO_ID,CANTIDAD_ACTUAL,PRECIO_VENTA) VALUES (2,832,0,0.000000);

INSERT INTO ALMACEN_PRODUCTO(ALMACEN_ID,PRODUCTO_ID,CANTIDAD_ACTUAL,PRECIO_VENTA) VALUES (3,832,12,21.940000);

INSERT INTO ALMACEN_PRODUCTO(ALMACEN_ID,PRODUCTO_ID,CANTIDAD_ACTUAL,PRECIO_VENTA) VALUES (4,832,0,0.000000);

INSERT INTO PROVEEDOR_PRODUCTO(PROVEEDOR_ID,PRODUCTO_ID,PRECIO_COMPRA) VALUES(4,832, 15.764586);

-- ===========PRODUCTO [833]
INSERT INTO PRODUCTO(ID,MARCA_ID,LINEA_ID,NOMBRE,PRESENTACION,CONTENIDO,UNIDADES_POR_CAJA,COSTO,COSTO_VENTA,PRECIO_BASE,UNIDAD_MEDIDA,CODIGO_BARRAS,ABREBIATURA) VALUES(833,81,13,'Eucerin Protector Labial','Piel Sensible',1.0,12.0,11.135057,11.135057,15.500000,'Pz','4005800631702','Eucerin Labios 1Pz');

INSERT INTO MOVIMIENTO_HISTORICO_PRODUCTO (ALMACEN_ID,PRODUCTO_ID,FECHA,TIPO_MOVIMIENTO_ID,CANTIDAD,COSTO,PRECIO,USUARIO_ID) VALUES(1,833,now(),30,12,11.135057,15.500000,'root');
INSERT INTO ALMACEN_PRODUCTO(ALMACEN_ID,PRODUCTO_ID,CANTIDAD_ACTUAL,PRECIO_VENTA) VALUES (1,833,12,15.500000);

INSERT INTO ALMACEN_PRODUCTO(ALMACEN_ID,PRODUCTO_ID,CANTIDAD_ACTUAL,PRECIO_VENTA) VALUES (2,833,0,0.000000);

INSERT INTO ALMACEN_PRODUCTO(ALMACEN_ID,PRODUCTO_ID,CANTIDAD_ACTUAL,PRECIO_VENTA) VALUES (3,833,12,13.900000);

INSERT INTO ALMACEN_PRODUCTO(ALMACEN_ID,PRODUCTO_ID,CANTIDAD_ACTUAL,PRECIO_VENTA) VALUES (4,833,0,0.000000);

INSERT INTO PROVEEDOR_PRODUCTO(PROVEEDOR_ID,PRODUCTO_ID,PRECIO_COMPRA) VALUES(4,833, 11.135057);

-- ===========PRODUCTO [834]
INSERT INTO PRODUCTO(ID,MARCA_ID,LINEA_ID,NOMBRE,PRESENTACION,CONTENIDO,UNIDADES_POR_CAJA,COSTO,COSTO_VENTA,PRECIO_BASE,UNIDAD_MEDIDA,CODIGO_BARRAS,ABREBIATURA) VALUES(834,41,4,'Nivea Rollon Dama','Energy Fresh',50.0,12.0,15.764586,15.764586,21.944304,'ML','4005808837540','Nivea R-o Energy 50ml');

INSERT INTO MOVIMIENTO_HISTORICO_PRODUCTO (ALMACEN_ID,PRODUCTO_ID,FECHA,TIPO_MOVIMIENTO_ID,CANTIDAD,COSTO,PRECIO,USUARIO_ID) VALUES(1,834,now(),30,12,15.764586,21.944304,'root');
INSERT INTO ALMACEN_PRODUCTO(ALMACEN_ID,PRODUCTO_ID,CANTIDAD_ACTUAL,PRECIO_VENTA) VALUES (1,834,12,21.944304);

INSERT INTO ALMACEN_PRODUCTO(ALMACEN_ID,PRODUCTO_ID,CANTIDAD_ACTUAL,PRECIO_VENTA) VALUES (2,834,0,0.000000);

INSERT INTO ALMACEN_PRODUCTO(ALMACEN_ID,PRODUCTO_ID,CANTIDAD_ACTUAL,PRECIO_VENTA) VALUES (3,834,12,21.940000);

INSERT INTO ALMACEN_PRODUCTO(ALMACEN_ID,PRODUCTO_ID,CANTIDAD_ACTUAL,PRECIO_VENTA) VALUES (4,834,0,0.000000);

INSERT INTO PROVEEDOR_PRODUCTO(PROVEEDOR_ID,PRODUCTO_ID,PRECIO_COMPRA) VALUES(4,834, 15.764586);

-- ===========PRODUCTO [835]
INSERT INTO PRODUCTO(ID,MARCA_ID,LINEA_ID,NOMBRE,PRESENTACION,CONTENIDO,UNIDADES_POR_CAJA,COSTO,COSTO_VENTA,PRECIO_BASE,UNIDAD_MEDIDA,CODIGO_BARRAS,ABREBIATURA) VALUES(835,41,4,'Nivea Rollon Dama','Double Effect',50.0,12.0,15.764586,15.764586,21.944304,'ML','4005808231317','Nivea R-o Double 50m');

INSERT INTO MOVIMIENTO_HISTORICO_PRODUCTO (ALMACEN_ID,PRODUCTO_ID,FECHA,TIPO_MOVIMIENTO_ID,CANTIDAD,COSTO,PRECIO,USUARIO_ID) VALUES(1,835,now(),30,12,15.764586,21.944304,'root');
INSERT INTO ALMACEN_PRODUCTO(ALMACEN_ID,PRODUCTO_ID,CANTIDAD_ACTUAL,PRECIO_VENTA) VALUES (1,835,12,21.944304);

INSERT INTO ALMACEN_PRODUCTO(ALMACEN_ID,PRODUCTO_ID,CANTIDAD_ACTUAL,PRECIO_VENTA) VALUES (2,835,2,0.000000);

INSERT INTO ALMACEN_PRODUCTO(ALMACEN_ID,PRODUCTO_ID,CANTIDAD_ACTUAL,PRECIO_VENTA) VALUES (3,835,12,21.940000);

INSERT INTO ALMACEN_PRODUCTO(ALMACEN_ID,PRODUCTO_ID,CANTIDAD_ACTUAL,PRECIO_VENTA) VALUES (4,835,2,0.000000);

INSERT INTO PROVEEDOR_PRODUCTO(PROVEEDOR_ID,PRODUCTO_ID,PRECIO_COMPRA) VALUES(4,835, 15.764586);

-- ===========PRODUCTO [836]
INSERT INTO PRODUCTO(ID,MARCA_ID,LINEA_ID,NOMBRE,PRESENTACION,CONTENIDO,UNIDADES_POR_CAJA,COSTO,COSTO_VENTA,PRECIO_BASE,UNIDAD_MEDIDA,CODIGO_BARRAS,ABREBIATURA) VALUES(836,41,4,'Nivea Rollon Dama','Pearl & Beauty',50.0,12.0,15.764586,15.764586,21.944304,'ML','4005808837359','Nivea R-o Pearl 50ml');

INSERT INTO MOVIMIENTO_HISTORICO_PRODUCTO (ALMACEN_ID,PRODUCTO_ID,FECHA,TIPO_MOVIMIENTO_ID,CANTIDAD,COSTO,PRECIO,USUARIO_ID) VALUES(1,836,now(),30,10,15.764586,21.944304,'root');
INSERT INTO ALMACEN_PRODUCTO(ALMACEN_ID,PRODUCTO_ID,CANTIDAD_ACTUAL,PRECIO_VENTA) VALUES (1,836,10,21.944304);

INSERT INTO ALMACEN_PRODUCTO(ALMACEN_ID,PRODUCTO_ID,CANTIDAD_ACTUAL,PRECIO_VENTA) VALUES (2,836,0,0.000000);

INSERT INTO ALMACEN_PRODUCTO(ALMACEN_ID,PRODUCTO_ID,CANTIDAD_ACTUAL,PRECIO_VENTA) VALUES (3,836,10,21.940000);

INSERT INTO ALMACEN_PRODUCTO(ALMACEN_ID,PRODUCTO_ID,CANTIDAD_ACTUAL,PRECIO_VENTA) VALUES (4,836,0,0.000000);

INSERT INTO PROVEEDOR_PRODUCTO(PROVEEDOR_ID,PRODUCTO_ID,PRECIO_COMPRA) VALUES(4,836, 15.764586);

-- ===========PRODUCTO [837]
INSERT INTO PRODUCTO(ID,MARCA_ID,LINEA_ID,NOMBRE,PRESENTACION,CONTENIDO,UNIDADES_POR_CAJA,COSTO,COSTO_VENTA,PRECIO_BASE,UNIDAD_MEDIDA,CODIGO_BARRAS,ABREBIATURA) VALUES(837,41,4,'Nivea Aerosol Dama','Angel Star Invisible',100.0,12.0,15.926724,15.926724,22.170000,'ML','4005900031334','Nivea Aer Ang Inv 100m');

INSERT INTO MOVIMIENTO_HISTORICO_PRODUCTO (ALMACEN_ID,PRODUCTO_ID,FECHA,TIPO_MOVIMIENTO_ID,CANTIDAD,COSTO,PRECIO,USUARIO_ID) VALUES(1,837,now(),30,12,15.926724,22.170000,'root');
INSERT INTO ALMACEN_PRODUCTO(ALMACEN_ID,PRODUCTO_ID,CANTIDAD_ACTUAL,PRECIO_VENTA) VALUES (1,837,12,22.170000);

INSERT INTO ALMACEN_PRODUCTO(ALMACEN_ID,PRODUCTO_ID,CANTIDAD_ACTUAL,PRECIO_VENTA) VALUES (2,837,0,0.000000);

INSERT INTO ALMACEN_PRODUCTO(ALMACEN_ID,PRODUCTO_ID,CANTIDAD_ACTUAL,PRECIO_VENTA) VALUES (3,837,12,21.900000);

INSERT INTO ALMACEN_PRODUCTO(ALMACEN_ID,PRODUCTO_ID,CANTIDAD_ACTUAL,PRECIO_VENTA) VALUES (4,837,0,0.000000);

INSERT INTO PROVEEDOR_PRODUCTO(PROVEEDOR_ID,PRODUCTO_ID,PRECIO_COMPRA) VALUES(4,837, 15.926724);

-- ===========PRODUCTO [838]
INSERT INTO PRODUCTO(ID,MARCA_ID,LINEA_ID,NOMBRE,PRESENTACION,CONTENIDO,UNIDADES_POR_CAJA,COSTO,COSTO_VENTA,PRECIO_BASE,UNIDAD_MEDIDA,CODIGO_BARRAS,ABREBIATURA) VALUES(838,41,4,'Nivea Aerosol Caballero','Energy Wild',100.0,12.0,15.927886,15.927886,22.171617,'ML','4005900004802','Nivea Aer Wild 100ml');

INSERT INTO MOVIMIENTO_HISTORICO_PRODUCTO (ALMACEN_ID,PRODUCTO_ID,FECHA,TIPO_MOVIMIENTO_ID,CANTIDAD,COSTO,PRECIO,USUARIO_ID) VALUES(1,838,now(),30,12,15.927886,22.171617,'root');
INSERT INTO ALMACEN_PRODUCTO(ALMACEN_ID,PRODUCTO_ID,CANTIDAD_ACTUAL,PRECIO_VENTA) VALUES (1,838,12,22.171617);

INSERT INTO ALMACEN_PRODUCTO(ALMACEN_ID,PRODUCTO_ID,CANTIDAD_ACTUAL,PRECIO_VENTA) VALUES (2,838,0,0.000000);

INSERT INTO ALMACEN_PRODUCTO(ALMACEN_ID,PRODUCTO_ID,CANTIDAD_ACTUAL,PRECIO_VENTA) VALUES (3,838,12,21.900000);

INSERT INTO ALMACEN_PRODUCTO(ALMACEN_ID,PRODUCTO_ID,CANTIDAD_ACTUAL,PRECIO_VENTA) VALUES (4,838,0,0.000000);

INSERT INTO PROVEEDOR_PRODUCTO(PROVEEDOR_ID,PRODUCTO_ID,PRECIO_COMPRA) VALUES(4,838, 15.927886);

-- ===========PRODUCTO [839]
INSERT INTO PRODUCTO(ID,MARCA_ID,LINEA_ID,NOMBRE,PRESENTACION,CONTENIDO,UNIDADES_POR_CAJA,COSTO,COSTO_VENTA,PRECIO_BASE,UNIDAD_MEDIDA,CODIGO_BARRAS,ABREBIATURA) VALUES(839,41,4,'Nivea Aerosol Dama','Fresh Natural',150.0,12.0,26.331500,26.331500,36.653448,'ML','4005808828784','Nivea Aer Fresh 150ml');

INSERT INTO MOVIMIENTO_HISTORICO_PRODUCTO (ALMACEN_ID,PRODUCTO_ID,FECHA,TIPO_MOVIMIENTO_ID,CANTIDAD,COSTO,PRECIO,USUARIO_ID) VALUES(1,839,now(),30,12,26.331500,36.653448,'root');
INSERT INTO ALMACEN_PRODUCTO(ALMACEN_ID,PRODUCTO_ID,CANTIDAD_ACTUAL,PRECIO_VENTA) VALUES (1,839,12,36.653448);

INSERT INTO ALMACEN_PRODUCTO(ALMACEN_ID,PRODUCTO_ID,CANTIDAD_ACTUAL,PRECIO_VENTA) VALUES (2,839,0,0.000000);

INSERT INTO ALMACEN_PRODUCTO(ALMACEN_ID,PRODUCTO_ID,CANTIDAD_ACTUAL,PRECIO_VENTA) VALUES (3,839,12,34.900000);

INSERT INTO ALMACEN_PRODUCTO(ALMACEN_ID,PRODUCTO_ID,CANTIDAD_ACTUAL,PRECIO_VENTA) VALUES (4,839,0,0.000000);

INSERT INTO PROVEEDOR_PRODUCTO(PROVEEDOR_ID,PRODUCTO_ID,PRECIO_COMPRA) VALUES(4,839, 26.331500);

-- ===========PRODUCTO [840]
INSERT INTO PRODUCTO(ID,MARCA_ID,LINEA_ID,NOMBRE,PRESENTACION,CONTENIDO,UNIDADES_POR_CAJA,COSTO,COSTO_VENTA,PRECIO_BASE,UNIDAD_MEDIDA,CODIGO_BARRAS,ABREBIATURA) VALUES(840,41,4,'Nivea Aerosol Dama','Angel Star Deo',100.0,12.0,15.926724,15.926724,22.170000,'ML','4005900004826','Nivea Aer Ang Deo 100');

INSERT INTO MOVIMIENTO_HISTORICO_PRODUCTO (ALMACEN_ID,PRODUCTO_ID,FECHA,TIPO_MOVIMIENTO_ID,CANTIDAD,COSTO,PRECIO,USUARIO_ID) VALUES(1,840,now(),30,12,15.926724,22.170000,'root');
INSERT INTO ALMACEN_PRODUCTO(ALMACEN_ID,PRODUCTO_ID,CANTIDAD_ACTUAL,PRECIO_VENTA) VALUES (1,840,12,22.170000);

INSERT INTO ALMACEN_PRODUCTO(ALMACEN_ID,PRODUCTO_ID,CANTIDAD_ACTUAL,PRECIO_VENTA) VALUES (2,840,0,0.000000);

INSERT INTO ALMACEN_PRODUCTO(ALMACEN_ID,PRODUCTO_ID,CANTIDAD_ACTUAL,PRECIO_VENTA) VALUES (3,840,12,21.900000);

INSERT INTO ALMACEN_PRODUCTO(ALMACEN_ID,PRODUCTO_ID,CANTIDAD_ACTUAL,PRECIO_VENTA) VALUES (4,840,0,0.000000);

INSERT INTO PROVEEDOR_PRODUCTO(PROVEEDOR_ID,PRODUCTO_ID,PRECIO_COMPRA) VALUES(4,840, 15.926724);

-- ===========PRODUCTO [841]
INSERT INTO PRODUCTO(ID,MARCA_ID,LINEA_ID,NOMBRE,PRESENTACION,CONTENIDO,UNIDADES_POR_CAJA,COSTO,COSTO_VENTA,PRECIO_BASE,UNIDAD_MEDIDA,CODIGO_BARRAS,ABREBIATURA) VALUES(841,41,8,'Nivea Espuma Afeitar','Sensitive',200.0,12.0,27.837644,27.837644,38.750000,'ML','8715200817205','Nivea Espum Stive 200');

INSERT INTO MOVIMIENTO_HISTORICO_PRODUCTO (ALMACEN_ID,PRODUCTO_ID,FECHA,TIPO_MOVIMIENTO_ID,CANTIDAD,COSTO,PRECIO,USUARIO_ID) VALUES(1,841,now(),30,12,27.837644,38.750000,'root');
INSERT INTO ALMACEN_PRODUCTO(ALMACEN_ID,PRODUCTO_ID,CANTIDAD_ACTUAL,PRECIO_VENTA) VALUES (1,841,12,38.750000);

INSERT INTO ALMACEN_PRODUCTO(ALMACEN_ID,PRODUCTO_ID,CANTIDAD_ACTUAL,PRECIO_VENTA) VALUES (2,841,0,0.000000);

INSERT INTO ALMACEN_PRODUCTO(ALMACEN_ID,PRODUCTO_ID,CANTIDAD_ACTUAL,PRECIO_VENTA) VALUES (3,841,12,39.900000);

INSERT INTO ALMACEN_PRODUCTO(ALMACEN_ID,PRODUCTO_ID,CANTIDAD_ACTUAL,PRECIO_VENTA) VALUES (4,841,0,0.000000);

INSERT INTO PROVEEDOR_PRODUCTO(PROVEEDOR_ID,PRODUCTO_ID,PRECIO_COMPRA) VALUES(4,841, 27.837644);

-- ===========PRODUCTO [842]
INSERT INTO PRODUCTO(ID,MARCA_ID,LINEA_ID,NOMBRE,PRESENTACION,CONTENIDO,UNIDADES_POR_CAJA,COSTO,COSTO_VENTA,PRECIO_BASE,UNIDAD_MEDIDA,CODIGO_BARRAS,ABREBIATURA) VALUES(842,41,8,'Nivea Gel Afeitar','Sensitive',200.0,12.0,31.250000,31.250000,43.500000,'ML','4005808817405','Nivea Gel Af Stive 200');

INSERT INTO MOVIMIENTO_HISTORICO_PRODUCTO (ALMACEN_ID,PRODUCTO_ID,FECHA,TIPO_MOVIMIENTO_ID,CANTIDAD,COSTO,PRECIO,USUARIO_ID) VALUES(1,842,now(),30,12,31.250000,43.500000,'root');
INSERT INTO ALMACEN_PRODUCTO(ALMACEN_ID,PRODUCTO_ID,CANTIDAD_ACTUAL,PRECIO_VENTA) VALUES (1,842,12,43.500000);

INSERT INTO ALMACEN_PRODUCTO(ALMACEN_ID,PRODUCTO_ID,CANTIDAD_ACTUAL,PRECIO_VENTA) VALUES (2,842,0,0.000000);

INSERT INTO ALMACEN_PRODUCTO(ALMACEN_ID,PRODUCTO_ID,CANTIDAD_ACTUAL,PRECIO_VENTA) VALUES (3,842,12,49.900000);

INSERT INTO ALMACEN_PRODUCTO(ALMACEN_ID,PRODUCTO_ID,CANTIDAD_ACTUAL,PRECIO_VENTA) VALUES (4,842,0,0.000000);

INSERT INTO PROVEEDOR_PRODUCTO(PROVEEDOR_ID,PRODUCTO_ID,PRECIO_COMPRA) VALUES(4,842, 31.250000);

-- ===========PRODUCTO [843]
INSERT INTO PRODUCTO(ID,MARCA_ID,LINEA_ID,NOMBRE,PRESENTACION,CONTENIDO,UNIDADES_POR_CAJA,COSTO,COSTO_VENTA,PRECIO_BASE,UNIDAD_MEDIDA,CODIGO_BARRAS,ABREBIATURA) VALUES(843,41,8,'Nivea Espuma Afeitar','Extra Hidratante',200.0,12.0,27.837644,27.837644,38.750000,'ML','8412300817028','Nivea Espum Hidra 200');

INSERT INTO MOVIMIENTO_HISTORICO_PRODUCTO (ALMACEN_ID,PRODUCTO_ID,FECHA,TIPO_MOVIMIENTO_ID,CANTIDAD,COSTO,PRECIO,USUARIO_ID) VALUES(1,843,now(),30,12,27.837644,38.750000,'root');
INSERT INTO ALMACEN_PRODUCTO(ALMACEN_ID,PRODUCTO_ID,CANTIDAD_ACTUAL,PRECIO_VENTA) VALUES (1,843,12,38.750000);

INSERT INTO ALMACEN_PRODUCTO(ALMACEN_ID,PRODUCTO_ID,CANTIDAD_ACTUAL,PRECIO_VENTA) VALUES (2,843,0,0.000000);

INSERT INTO ALMACEN_PRODUCTO(ALMACEN_ID,PRODUCTO_ID,CANTIDAD_ACTUAL,PRECIO_VENTA) VALUES (3,843,12,39.900000);

INSERT INTO ALMACEN_PRODUCTO(ALMACEN_ID,PRODUCTO_ID,CANTIDAD_ACTUAL,PRECIO_VENTA) VALUES (4,843,0,0.000000);

INSERT INTO PROVEEDOR_PRODUCTO(PROVEEDOR_ID,PRODUCTO_ID,PRECIO_COMPRA) VALUES(4,843, 27.837644);

-- ===========PRODUCTO [844]
INSERT INTO PRODUCTO(ID,MARCA_ID,LINEA_ID,NOMBRE,PRESENTACION,CONTENIDO,UNIDADES_POR_CAJA,COSTO,COSTO_VENTA,PRECIO_BASE,UNIDAD_MEDIDA,CODIGO_BARRAS,ABREBIATURA) VALUES(844,41,10,'Nivea Crema Solida','Soft Jumbo',500.0,12.0,0.000000,0.000000,0.000000,'ML','7501054501558','Nivea Cr Soft 500ml');

INSERT INTO MOVIMIENTO_HISTORICO_PRODUCTO (ALMACEN_ID,PRODUCTO_ID,FECHA,TIPO_MOVIMIENTO_ID,CANTIDAD,COSTO,PRECIO,USUARIO_ID) VALUES(1,844,now(),30,1,0.000000,0.000000,'root');
INSERT INTO ALMACEN_PRODUCTO(ALMACEN_ID,PRODUCTO_ID,CANTIDAD_ACTUAL,PRECIO_VENTA) VALUES (1,844,1,0.000000);

INSERT INTO ALMACEN_PRODUCTO(ALMACEN_ID,PRODUCTO_ID,CANTIDAD_ACTUAL,PRECIO_VENTA) VALUES (2,844,0,0.000000);

INSERT INTO ALMACEN_PRODUCTO(ALMACEN_ID,PRODUCTO_ID,CANTIDAD_ACTUAL,PRECIO_VENTA) VALUES (3,844,1,77.900000);

INSERT INTO ALMACEN_PRODUCTO(ALMACEN_ID,PRODUCTO_ID,CANTIDAD_ACTUAL,PRECIO_VENTA) VALUES (4,844,0,0.000000);

INSERT INTO PROVEEDOR_PRODUCTO(PROVEEDOR_ID,PRODUCTO_ID,PRECIO_COMPRA) VALUES(4,844, 0.000000);

-- ===========PRODUCTO [845]
INSERT INTO PRODUCTO(ID,MARCA_ID,LINEA_ID,NOMBRE,PRESENTACION,CONTENIDO,UNIDADES_POR_CAJA,COSTO,COSTO_VENTA,PRECIO_BASE,UNIDAD_MEDIDA,CODIGO_BARRAS,ABREBIATURA) VALUES(845,41,4,'Nivea Aerosol Dama','Invisible Clear',150.0,12.0,26.331500,26.331500,36.653448,'ML','4005900036643','Nivea Aer Inv Clea 150');

INSERT INTO MOVIMIENTO_HISTORICO_PRODUCTO (ALMACEN_ID,PRODUCTO_ID,FECHA,TIPO_MOVIMIENTO_ID,CANTIDAD,COSTO,PRECIO,USUARIO_ID) VALUES(1,845,now(),30,12,26.331500,36.653448,'root');
INSERT INTO ALMACEN_PRODUCTO(ALMACEN_ID,PRODUCTO_ID,CANTIDAD_ACTUAL,PRECIO_VENTA) VALUES (1,845,12,36.653448);

INSERT INTO ALMACEN_PRODUCTO(ALMACEN_ID,PRODUCTO_ID,CANTIDAD_ACTUAL,PRECIO_VENTA) VALUES (2,845,1,0.000000);

INSERT INTO ALMACEN_PRODUCTO(ALMACEN_ID,PRODUCTO_ID,CANTIDAD_ACTUAL,PRECIO_VENTA) VALUES (3,845,12,34.900000);

INSERT INTO ALMACEN_PRODUCTO(ALMACEN_ID,PRODUCTO_ID,CANTIDAD_ACTUAL,PRECIO_VENTA) VALUES (4,845,1,0.000000);

INSERT INTO PROVEEDOR_PRODUCTO(PROVEEDOR_ID,PRODUCTO_ID,PRECIO_COMPRA) VALUES(4,845, 26.331500);

-- ===========PRODUCTO [846]
INSERT INTO PRODUCTO(ID,MARCA_ID,LINEA_ID,NOMBRE,PRESENTACION,CONTENIDO,UNIDADES_POR_CAJA,COSTO,COSTO_VENTA,PRECIO_BASE,UNIDAD_MEDIDA,CODIGO_BARRAS,ABREBIATURA) VALUES(846,41,4,'Nivea Aerosol Dama','Invisible Pure',150.0,12.0,26.331500,26.331500,36.653448,'ML','4005900036605','Nivea Aer Inv Pur 150m');

INSERT INTO MOVIMIENTO_HISTORICO_PRODUCTO (ALMACEN_ID,PRODUCTO_ID,FECHA,TIPO_MOVIMIENTO_ID,CANTIDAD,COSTO,PRECIO,USUARIO_ID) VALUES(1,846,now(),30,12,26.331500,36.653448,'root');
INSERT INTO ALMACEN_PRODUCTO(ALMACEN_ID,PRODUCTO_ID,CANTIDAD_ACTUAL,PRECIO_VENTA) VALUES (1,846,12,36.653448);

INSERT INTO ALMACEN_PRODUCTO(ALMACEN_ID,PRODUCTO_ID,CANTIDAD_ACTUAL,PRECIO_VENTA) VALUES (2,846,2,0.000000);

INSERT INTO ALMACEN_PRODUCTO(ALMACEN_ID,PRODUCTO_ID,CANTIDAD_ACTUAL,PRECIO_VENTA) VALUES (3,846,12,34.900000);

INSERT INTO ALMACEN_PRODUCTO(ALMACEN_ID,PRODUCTO_ID,CANTIDAD_ACTUAL,PRECIO_VENTA) VALUES (4,846,2,0.000000);

INSERT INTO PROVEEDOR_PRODUCTO(PROVEEDOR_ID,PRODUCTO_ID,PRECIO_COMPRA) VALUES(4,846, 26.331500);

-- ===========PRODUCTO [847]
INSERT INTO PRODUCTO(ID,MARCA_ID,LINEA_ID,NOMBRE,PRESENTACION,CONTENIDO,UNIDADES_POR_CAJA,COSTO,COSTO_VENTA,PRECIO_BASE,UNIDAD_MEDIDA,CODIGO_BARRAS,ABREBIATURA) VALUES(847,41,4,'Nivea Rollon Dama','Angel Star Invisible',50.0,12.0,15.764586,15.764586,21.944304,'ML','4005900031341','Nivea R-o Ang Inv 50m');

INSERT INTO MOVIMIENTO_HISTORICO_PRODUCTO (ALMACEN_ID,PRODUCTO_ID,FECHA,TIPO_MOVIMIENTO_ID,CANTIDAD,COSTO,PRECIO,USUARIO_ID) VALUES(1,847,now(),30,12,15.764586,21.944304,'root');
INSERT INTO ALMACEN_PRODUCTO(ALMACEN_ID,PRODUCTO_ID,CANTIDAD_ACTUAL,PRECIO_VENTA) VALUES (1,847,12,21.944304);

INSERT INTO ALMACEN_PRODUCTO(ALMACEN_ID,PRODUCTO_ID,CANTIDAD_ACTUAL,PRECIO_VENTA) VALUES (2,847,0,0.000000);

INSERT INTO ALMACEN_PRODUCTO(ALMACEN_ID,PRODUCTO_ID,CANTIDAD_ACTUAL,PRECIO_VENTA) VALUES (3,847,12,21.940000);

INSERT INTO ALMACEN_PRODUCTO(ALMACEN_ID,PRODUCTO_ID,CANTIDAD_ACTUAL,PRECIO_VENTA) VALUES (4,847,0,0.000000);

INSERT INTO PROVEEDOR_PRODUCTO(PROVEEDOR_ID,PRODUCTO_ID,PRECIO_COMPRA) VALUES(4,847, 15.764586);

-- ===========PRODUCTO [848]
INSERT INTO PRODUCTO(ID,MARCA_ID,LINEA_ID,NOMBRE,PRESENTACION,CONTENIDO,UNIDADES_POR_CAJA,COSTO,COSTO_VENTA,PRECIO_BASE,UNIDAD_MEDIDA,CODIGO_BARRAS,ABREBIATURA) VALUES(848,41,4,'Nivea Aerosol Dama','Happy Time',150.0,12.0,26.331500,26.331500,36.653448,'ML','4005900002228','Nivea Aer Hapy T 150');

INSERT INTO MOVIMIENTO_HISTORICO_PRODUCTO (ALMACEN_ID,PRODUCTO_ID,FECHA,TIPO_MOVIMIENTO_ID,CANTIDAD,COSTO,PRECIO,USUARIO_ID) VALUES(1,848,now(),30,12,26.331500,36.653448,'root');
INSERT INTO ALMACEN_PRODUCTO(ALMACEN_ID,PRODUCTO_ID,CANTIDAD_ACTUAL,PRECIO_VENTA) VALUES (1,848,12,36.653448);

INSERT INTO ALMACEN_PRODUCTO(ALMACEN_ID,PRODUCTO_ID,CANTIDAD_ACTUAL,PRECIO_VENTA) VALUES (2,848,0,0.000000);

INSERT INTO ALMACEN_PRODUCTO(ALMACEN_ID,PRODUCTO_ID,CANTIDAD_ACTUAL,PRECIO_VENTA) VALUES (3,848,12,34.900000);

INSERT INTO ALMACEN_PRODUCTO(ALMACEN_ID,PRODUCTO_ID,CANTIDAD_ACTUAL,PRECIO_VENTA) VALUES (4,848,0,0.000000);

INSERT INTO PROVEEDOR_PRODUCTO(PROVEEDOR_ID,PRODUCTO_ID,PRECIO_COMPRA) VALUES(4,848, 26.331500);

-- ===========PRODUCTO [849]
INSERT INTO PRODUCTO(ID,MARCA_ID,LINEA_ID,NOMBRE,PRESENTACION,CONTENIDO,UNIDADES_POR_CAJA,COSTO,COSTO_VENTA,PRECIO_BASE,UNIDAD_MEDIDA,CODIGO_BARRAS,ABREBIATURA) VALUES(849,41,4,'Nivea Aerosol Caballero','Silver Protect Power',150.0,12.0,26.331500,26.331500,36.653448,'ML','4005808305766','Nivea Aer Silv Pw 150ml');

INSERT INTO MOVIMIENTO_HISTORICO_PRODUCTO (ALMACEN_ID,PRODUCTO_ID,FECHA,TIPO_MOVIMIENTO_ID,CANTIDAD,COSTO,PRECIO,USUARIO_ID) VALUES(1,849,now(),30,12,26.331500,36.653448,'root');
INSERT INTO ALMACEN_PRODUCTO(ALMACEN_ID,PRODUCTO_ID,CANTIDAD_ACTUAL,PRECIO_VENTA) VALUES (1,849,12,36.653448);

INSERT INTO ALMACEN_PRODUCTO(ALMACEN_ID,PRODUCTO_ID,CANTIDAD_ACTUAL,PRECIO_VENTA) VALUES (2,849,0,0.000000);

INSERT INTO ALMACEN_PRODUCTO(ALMACEN_ID,PRODUCTO_ID,CANTIDAD_ACTUAL,PRECIO_VENTA) VALUES (3,849,12,34.900000);

INSERT INTO ALMACEN_PRODUCTO(ALMACEN_ID,PRODUCTO_ID,CANTIDAD_ACTUAL,PRECIO_VENTA) VALUES (4,849,0,0.000000);

INSERT INTO PROVEEDOR_PRODUCTO(PROVEEDOR_ID,PRODUCTO_ID,PRECIO_COMPRA) VALUES(4,849, 26.331500);

-- ===========PRODUCTO [850]
INSERT INTO PRODUCTO(ID,MARCA_ID,LINEA_ID,NOMBRE,PRESENTACION,CONTENIDO,UNIDADES_POR_CAJA,COSTO,COSTO_VENTA,PRECIO_BASE,UNIDAD_MEDIDA,CODIGO_BARRAS,ABREBIATURA) VALUES(850,41,4,'Nivea Aerosol Dama','Dry Comfort',150.0,12.0,26.331500,26.331500,36.653448,'ML','4005808816033','Nivea Aer Dry 150ml');

INSERT INTO MOVIMIENTO_HISTORICO_PRODUCTO (ALMACEN_ID,PRODUCTO_ID,FECHA,TIPO_MOVIMIENTO_ID,CANTIDAD,COSTO,PRECIO,USUARIO_ID) VALUES(1,850,now(),30,12,26.331500,36.653448,'root');
INSERT INTO ALMACEN_PRODUCTO(ALMACEN_ID,PRODUCTO_ID,CANTIDAD_ACTUAL,PRECIO_VENTA) VALUES (1,850,12,36.653448);

INSERT INTO ALMACEN_PRODUCTO(ALMACEN_ID,PRODUCTO_ID,CANTIDAD_ACTUAL,PRECIO_VENTA) VALUES (2,850,0,0.000000);

INSERT INTO ALMACEN_PRODUCTO(ALMACEN_ID,PRODUCTO_ID,CANTIDAD_ACTUAL,PRECIO_VENTA) VALUES (3,850,12,34.900000);

INSERT INTO ALMACEN_PRODUCTO(ALMACEN_ID,PRODUCTO_ID,CANTIDAD_ACTUAL,PRECIO_VENTA) VALUES (4,850,0,0.000000);

INSERT INTO PROVEEDOR_PRODUCTO(PROVEEDOR_ID,PRODUCTO_ID,PRECIO_COMPRA) VALUES(4,850, 26.331500);

-- ===========PRODUCTO [851]
INSERT INTO PRODUCTO(ID,MARCA_ID,LINEA_ID,NOMBRE,PRESENTACION,CONTENIDO,UNIDADES_POR_CAJA,COSTO,COSTO_VENTA,PRECIO_BASE,UNIDAD_MEDIDA,CODIGO_BARRAS,ABREBIATURA) VALUES(851,41,4,'Nivea Aerosol Dama','Calm & Care',150.0,12.0,26.331500,26.331500,36.653448,'ML','4005900010698','Nivea Aer Calm 150ml');

INSERT INTO MOVIMIENTO_HISTORICO_PRODUCTO (ALMACEN_ID,PRODUCTO_ID,FECHA,TIPO_MOVIMIENTO_ID,CANTIDAD,COSTO,PRECIO,USUARIO_ID) VALUES(1,851,now(),30,12,26.331500,36.653448,'root');
INSERT INTO ALMACEN_PRODUCTO(ALMACEN_ID,PRODUCTO_ID,CANTIDAD_ACTUAL,PRECIO_VENTA) VALUES (1,851,12,36.653448);

INSERT INTO ALMACEN_PRODUCTO(ALMACEN_ID,PRODUCTO_ID,CANTIDAD_ACTUAL,PRECIO_VENTA) VALUES (2,851,0,0.000000);

INSERT INTO ALMACEN_PRODUCTO(ALMACEN_ID,PRODUCTO_ID,CANTIDAD_ACTUAL,PRECIO_VENTA) VALUES (3,851,12,34.900000);

INSERT INTO ALMACEN_PRODUCTO(ALMACEN_ID,PRODUCTO_ID,CANTIDAD_ACTUAL,PRECIO_VENTA) VALUES (4,851,0,0.000000);

INSERT INTO PROVEEDOR_PRODUCTO(PROVEEDOR_ID,PRODUCTO_ID,PRECIO_COMPRA) VALUES(4,851, 26.331500);

-- ===========PRODUCTO [852]
INSERT INTO PRODUCTO(ID,MARCA_ID,LINEA_ID,NOMBRE,PRESENTACION,CONTENIDO,UNIDADES_POR_CAJA,COSTO,COSTO_VENTA,PRECIO_BASE,UNIDAD_MEDIDA,CODIGO_BARRAS,ABREBIATURA) VALUES(852,41,4,'Nivea Rollon Dama','Angel Star Deo',50.0,12.0,15.764586,15.764586,21.944304,'ML','4005900004895','Nivea R-o Ang St De 50');

INSERT INTO MOVIMIENTO_HISTORICO_PRODUCTO (ALMACEN_ID,PRODUCTO_ID,FECHA,TIPO_MOVIMIENTO_ID,CANTIDAD,COSTO,PRECIO,USUARIO_ID) VALUES(1,852,now(),30,12,15.764586,21.944304,'root');
INSERT INTO ALMACEN_PRODUCTO(ALMACEN_ID,PRODUCTO_ID,CANTIDAD_ACTUAL,PRECIO_VENTA) VALUES (1,852,12,21.944304);

INSERT INTO ALMACEN_PRODUCTO(ALMACEN_ID,PRODUCTO_ID,CANTIDAD_ACTUAL,PRECIO_VENTA) VALUES (2,852,0,0.000000);

INSERT INTO ALMACEN_PRODUCTO(ALMACEN_ID,PRODUCTO_ID,CANTIDAD_ACTUAL,PRECIO_VENTA) VALUES (3,852,12,21.940000);

INSERT INTO ALMACEN_PRODUCTO(ALMACEN_ID,PRODUCTO_ID,CANTIDAD_ACTUAL,PRECIO_VENTA) VALUES (4,852,0,0.000000);

INSERT INTO PROVEEDOR_PRODUCTO(PROVEEDOR_ID,PRODUCTO_ID,PRECIO_COMPRA) VALUES(4,852, 15.764586);

-- ===========PRODUCTO [853]
INSERT INTO PRODUCTO(ID,MARCA_ID,LINEA_ID,NOMBRE,PRESENTACION,CONTENIDO,UNIDADES_POR_CAJA,COSTO,COSTO_VENTA,PRECIO_BASE,UNIDAD_MEDIDA,CODIGO_BARRAS,ABREBIATURA) VALUES(853,41,4,'Nivea Stick Caballero','Dry Impact',43.0,12.0,19.982427,19.982427,27.815538,'G','42185123','Nivea Stk Dry 43g');

INSERT INTO MOVIMIENTO_HISTORICO_PRODUCTO (ALMACEN_ID,PRODUCTO_ID,FECHA,TIPO_MOVIMIENTO_ID,CANTIDAD,COSTO,PRECIO,USUARIO_ID) VALUES(1,853,now(),30,12,19.982427,27.815538,'root');
INSERT INTO ALMACEN_PRODUCTO(ALMACEN_ID,PRODUCTO_ID,CANTIDAD_ACTUAL,PRECIO_VENTA) VALUES (1,853,12,27.815538);

INSERT INTO ALMACEN_PRODUCTO(ALMACEN_ID,PRODUCTO_ID,CANTIDAD_ACTUAL,PRECIO_VENTA) VALUES (2,853,0,0.000000);

INSERT INTO ALMACEN_PRODUCTO(ALMACEN_ID,PRODUCTO_ID,CANTIDAD_ACTUAL,PRECIO_VENTA) VALUES (3,853,12,26.900000);

INSERT INTO ALMACEN_PRODUCTO(ALMACEN_ID,PRODUCTO_ID,CANTIDAD_ACTUAL,PRECIO_VENTA) VALUES (4,853,0,0.000000);

INSERT INTO PROVEEDOR_PRODUCTO(PROVEEDOR_ID,PRODUCTO_ID,PRECIO_COMPRA) VALUES(4,853, 19.982427);

-- ===========PRODUCTO [854]
INSERT INTO PRODUCTO(ID,MARCA_ID,LINEA_ID,NOMBRE,PRESENTACION,CONTENIDO,UNIDADES_POR_CAJA,COSTO,COSTO_VENTA,PRECIO_BASE,UNIDAD_MEDIDA,CODIGO_BARRAS,ABREBIATURA) VALUES(854,41,4,'Nivea Rollon Dama','Aclarado Natural',50.0,12.0,15.764586,15.764586,21.944304,'ML','4005808837472','Nivea R-o Aclar 50ml');

INSERT INTO MOVIMIENTO_HISTORICO_PRODUCTO (ALMACEN_ID,PRODUCTO_ID,FECHA,TIPO_MOVIMIENTO_ID,CANTIDAD,COSTO,PRECIO,USUARIO_ID) VALUES(1,854,now(),30,12,15.764586,21.944304,'root');
INSERT INTO ALMACEN_PRODUCTO(ALMACEN_ID,PRODUCTO_ID,CANTIDAD_ACTUAL,PRECIO_VENTA) VALUES (1,854,12,21.944304);

INSERT INTO ALMACEN_PRODUCTO(ALMACEN_ID,PRODUCTO_ID,CANTIDAD_ACTUAL,PRECIO_VENTA) VALUES (2,854,1,0.000000);

INSERT INTO ALMACEN_PRODUCTO(ALMACEN_ID,PRODUCTO_ID,CANTIDAD_ACTUAL,PRECIO_VENTA) VALUES (3,854,12,21.940000);

INSERT INTO ALMACEN_PRODUCTO(ALMACEN_ID,PRODUCTO_ID,CANTIDAD_ACTUAL,PRECIO_VENTA) VALUES (4,854,1,0.000000);

INSERT INTO PROVEEDOR_PRODUCTO(PROVEEDOR_ID,PRODUCTO_ID,PRECIO_COMPRA) VALUES(4,854, 15.764586);

-- ===========PRODUCTO [855]
INSERT INTO PRODUCTO(ID,MARCA_ID,LINEA_ID,NOMBRE,PRESENTACION,CONTENIDO,UNIDADES_POR_CAJA,COSTO,COSTO_VENTA,PRECIO_BASE,UNIDAD_MEDIDA,CODIGO_BARRAS,ABREBIATURA) VALUES(855,41,4,'Nivea Rollon Dama','Happy Time',50.0,12.0,15.764586,15.764586,21.944304,'ML','4005900002235','Nivea R-o Happy T 50m');

INSERT INTO MOVIMIENTO_HISTORICO_PRODUCTO (ALMACEN_ID,PRODUCTO_ID,FECHA,TIPO_MOVIMIENTO_ID,CANTIDAD,COSTO,PRECIO,USUARIO_ID) VALUES(1,855,now(),30,12,15.764586,21.944304,'root');
INSERT INTO ALMACEN_PRODUCTO(ALMACEN_ID,PRODUCTO_ID,CANTIDAD_ACTUAL,PRECIO_VENTA) VALUES (1,855,12,21.944304);

INSERT INTO ALMACEN_PRODUCTO(ALMACEN_ID,PRODUCTO_ID,CANTIDAD_ACTUAL,PRECIO_VENTA) VALUES (2,855,1,0.000000);

INSERT INTO ALMACEN_PRODUCTO(ALMACEN_ID,PRODUCTO_ID,CANTIDAD_ACTUAL,PRECIO_VENTA) VALUES (3,855,12,21.940000);

INSERT INTO ALMACEN_PRODUCTO(ALMACEN_ID,PRODUCTO_ID,CANTIDAD_ACTUAL,PRECIO_VENTA) VALUES (4,855,1,0.000000);

INSERT INTO PROVEEDOR_PRODUCTO(PROVEEDOR_ID,PRODUCTO_ID,PRECIO_COMPRA) VALUES(4,855, 15.764586);

-- ===========PRODUCTO [856]
INSERT INTO PRODUCTO(ID,MARCA_ID,LINEA_ID,NOMBRE,PRESENTACION,CONTENIDO,UNIDADES_POR_CAJA,COSTO,COSTO_VENTA,PRECIO_BASE,UNIDAD_MEDIDA,CODIGO_BARRAS,ABREBIATURA) VALUES(856,41,4,'Nivea Rollon Dama','Invisible Clear',50.0,12.0,15.764586,15.764586,21.944304,'ML','4005900036698','Nivea R-o Inv Cle 50ml');

INSERT INTO MOVIMIENTO_HISTORICO_PRODUCTO (ALMACEN_ID,PRODUCTO_ID,FECHA,TIPO_MOVIMIENTO_ID,CANTIDAD,COSTO,PRECIO,USUARIO_ID) VALUES(1,856,now(),30,12,15.764586,21.944304,'root');
INSERT INTO ALMACEN_PRODUCTO(ALMACEN_ID,PRODUCTO_ID,CANTIDAD_ACTUAL,PRECIO_VENTA) VALUES (1,856,12,21.944304);

INSERT INTO ALMACEN_PRODUCTO(ALMACEN_ID,PRODUCTO_ID,CANTIDAD_ACTUAL,PRECIO_VENTA) VALUES (2,856,0,0.000000);

INSERT INTO ALMACEN_PRODUCTO(ALMACEN_ID,PRODUCTO_ID,CANTIDAD_ACTUAL,PRECIO_VENTA) VALUES (3,856,12,21.940000);

INSERT INTO ALMACEN_PRODUCTO(ALMACEN_ID,PRODUCTO_ID,CANTIDAD_ACTUAL,PRECIO_VENTA) VALUES (4,856,0,0.000000);

INSERT INTO PROVEEDOR_PRODUCTO(PROVEEDOR_ID,PRODUCTO_ID,PRECIO_COMPRA) VALUES(4,856, 15.764586);

-- ===========PRODUCTO [857]
INSERT INTO PRODUCTO(ID,MARCA_ID,LINEA_ID,NOMBRE,PRESENTACION,CONTENIDO,UNIDADES_POR_CAJA,COSTO,COSTO_VENTA,PRECIO_BASE,UNIDAD_MEDIDA,CODIGO_BARRAS,ABREBIATURA) VALUES(857,41,4,'Nivea Stick Dama','Double Effect',42.0,12.0,19.982427,19.982427,27.815538,'G','42176152','Nivea Stk Double 43g');

INSERT INTO MOVIMIENTO_HISTORICO_PRODUCTO (ALMACEN_ID,PRODUCTO_ID,FECHA,TIPO_MOVIMIENTO_ID,CANTIDAD,COSTO,PRECIO,USUARIO_ID) VALUES(1,857,now(),30,3,19.982427,27.815538,'root');
INSERT INTO ALMACEN_PRODUCTO(ALMACEN_ID,PRODUCTO_ID,CANTIDAD_ACTUAL,PRECIO_VENTA) VALUES (1,857,3,27.815538);

INSERT INTO ALMACEN_PRODUCTO(ALMACEN_ID,PRODUCTO_ID,CANTIDAD_ACTUAL,PRECIO_VENTA) VALUES (2,857,0,0.000000);

INSERT INTO ALMACEN_PRODUCTO(ALMACEN_ID,PRODUCTO_ID,CANTIDAD_ACTUAL,PRECIO_VENTA) VALUES (3,857,3,26.900000);

INSERT INTO ALMACEN_PRODUCTO(ALMACEN_ID,PRODUCTO_ID,CANTIDAD_ACTUAL,PRECIO_VENTA) VALUES (4,857,0,0.000000);

INSERT INTO PROVEEDOR_PRODUCTO(PROVEEDOR_ID,PRODUCTO_ID,PRECIO_COMPRA) VALUES(4,857, 19.982427);

-- ===========PRODUCTO [858]
INSERT INTO PRODUCTO(ID,MARCA_ID,LINEA_ID,NOMBRE,PRESENTACION,CONTENIDO,UNIDADES_POR_CAJA,COSTO,COSTO_VENTA,PRECIO_BASE,UNIDAD_MEDIDA,CODIGO_BARRAS,ABREBIATURA) VALUES(858,41,4,'Nivea Rollon Dama','Angel Star Icy Kiss',50.0,12.0,15.764586,15.764586,21.944304,'ML','4005900004840','Nivea R-o Ang Kiss 50m');

INSERT INTO MOVIMIENTO_HISTORICO_PRODUCTO (ALMACEN_ID,PRODUCTO_ID,FECHA,TIPO_MOVIMIENTO_ID,CANTIDAD,COSTO,PRECIO,USUARIO_ID) VALUES(1,858,now(),30,10,15.764586,21.944304,'root');
INSERT INTO ALMACEN_PRODUCTO(ALMACEN_ID,PRODUCTO_ID,CANTIDAD_ACTUAL,PRECIO_VENTA) VALUES (1,858,10,21.944304);

INSERT INTO ALMACEN_PRODUCTO(ALMACEN_ID,PRODUCTO_ID,CANTIDAD_ACTUAL,PRECIO_VENTA) VALUES (2,858,0,0.000000);

INSERT INTO ALMACEN_PRODUCTO(ALMACEN_ID,PRODUCTO_ID,CANTIDAD_ACTUAL,PRECIO_VENTA) VALUES (3,858,10,21.940000);

INSERT INTO ALMACEN_PRODUCTO(ALMACEN_ID,PRODUCTO_ID,CANTIDAD_ACTUAL,PRECIO_VENTA) VALUES (4,858,0,0.000000);

INSERT INTO PROVEEDOR_PRODUCTO(PROVEEDOR_ID,PRODUCTO_ID,PRECIO_COMPRA) VALUES(4,858, 15.764586);

-- ===========PRODUCTO [859]
INSERT INTO PRODUCTO(ID,MARCA_ID,LINEA_ID,NOMBRE,PRESENTACION,CONTENIDO,UNIDADES_POR_CAJA,COSTO,COSTO_VENTA,PRECIO_BASE,UNIDAD_MEDIDA,CODIGO_BARRAS,ABREBIATURA) VALUES(859,41,4,'Nivea Rollon Caballero','Fresh Active',50.0,12.0,15.764586,15.764586,21.944304,'ML','4005808307722','Nivea R-o Fresh 50ml');

INSERT INTO MOVIMIENTO_HISTORICO_PRODUCTO (ALMACEN_ID,PRODUCTO_ID,FECHA,TIPO_MOVIMIENTO_ID,CANTIDAD,COSTO,PRECIO,USUARIO_ID) VALUES(1,859,now(),30,11,15.764586,21.944304,'root');
INSERT INTO ALMACEN_PRODUCTO(ALMACEN_ID,PRODUCTO_ID,CANTIDAD_ACTUAL,PRECIO_VENTA) VALUES (1,859,11,21.944304);

INSERT INTO ALMACEN_PRODUCTO(ALMACEN_ID,PRODUCTO_ID,CANTIDAD_ACTUAL,PRECIO_VENTA) VALUES (2,859,0,0.000000);

INSERT INTO ALMACEN_PRODUCTO(ALMACEN_ID,PRODUCTO_ID,CANTIDAD_ACTUAL,PRECIO_VENTA) VALUES (3,859,11,21.940000);

INSERT INTO ALMACEN_PRODUCTO(ALMACEN_ID,PRODUCTO_ID,CANTIDAD_ACTUAL,PRECIO_VENTA) VALUES (4,859,0,0.000000);

INSERT INTO PROVEEDOR_PRODUCTO(PROVEEDOR_ID,PRODUCTO_ID,PRECIO_COMPRA) VALUES(4,859, 15.764586);

-- ===========PRODUCTO [860]
INSERT INTO PRODUCTO(ID,MARCA_ID,LINEA_ID,NOMBRE,PRESENTACION,CONTENIDO,UNIDADES_POR_CAJA,COSTO,COSTO_VENTA,PRECIO_BASE,UNIDAD_MEDIDA,CODIGO_BARRAS,ABREBIATURA) VALUES(860,41,4,'Nivea Rollon Caballero','Dry Impact',50.0,12.0,15.764586,15.764586,21.944304,'ML','4005808293834','Nivea R-o Dry Im 50ml');

INSERT INTO MOVIMIENTO_HISTORICO_PRODUCTO (ALMACEN_ID,PRODUCTO_ID,FECHA,TIPO_MOVIMIENTO_ID,CANTIDAD,COSTO,PRECIO,USUARIO_ID) VALUES(1,860,now(),30,1,15.764586,21.944304,'root');
INSERT INTO ALMACEN_PRODUCTO(ALMACEN_ID,PRODUCTO_ID,CANTIDAD_ACTUAL,PRECIO_VENTA) VALUES (1,860,1,21.944304);

INSERT INTO ALMACEN_PRODUCTO(ALMACEN_ID,PRODUCTO_ID,CANTIDAD_ACTUAL,PRECIO_VENTA) VALUES (2,860,0,0.000000);

INSERT INTO ALMACEN_PRODUCTO(ALMACEN_ID,PRODUCTO_ID,CANTIDAD_ACTUAL,PRECIO_VENTA) VALUES (3,860,1,21.940000);

INSERT INTO ALMACEN_PRODUCTO(ALMACEN_ID,PRODUCTO_ID,CANTIDAD_ACTUAL,PRECIO_VENTA) VALUES (4,860,0,0.000000);

INSERT INTO PROVEEDOR_PRODUCTO(PROVEEDOR_ID,PRODUCTO_ID,PRECIO_COMPRA) VALUES(4,860, 15.764586);

-- ===========PRODUCTO [861]
INSERT INTO PRODUCTO(ID,MARCA_ID,LINEA_ID,NOMBRE,PRESENTACION,CONTENIDO,UNIDADES_POR_CAJA,COSTO,COSTO_VENTA,PRECIO_BASE,UNIDAD_MEDIDA,CODIGO_BARRAS,ABREBIATURA) VALUES(861,41,4,'Nivea Rollon Caballero','Invisible Power',50.0,12.0,15.764586,15.764586,21.944304,'ML','4005900036742','Nivea R-o Inv Pw 50ml');

INSERT INTO MOVIMIENTO_HISTORICO_PRODUCTO (ALMACEN_ID,PRODUCTO_ID,FECHA,TIPO_MOVIMIENTO_ID,CANTIDAD,COSTO,PRECIO,USUARIO_ID) VALUES(1,861,now(),30,8,15.764586,21.944304,'root');
INSERT INTO ALMACEN_PRODUCTO(ALMACEN_ID,PRODUCTO_ID,CANTIDAD_ACTUAL,PRECIO_VENTA) VALUES (1,861,8,21.944304);

INSERT INTO ALMACEN_PRODUCTO(ALMACEN_ID,PRODUCTO_ID,CANTIDAD_ACTUAL,PRECIO_VENTA) VALUES (2,861,0,0.000000);

INSERT INTO ALMACEN_PRODUCTO(ALMACEN_ID,PRODUCTO_ID,CANTIDAD_ACTUAL,PRECIO_VENTA) VALUES (3,861,8,21.940000);

INSERT INTO ALMACEN_PRODUCTO(ALMACEN_ID,PRODUCTO_ID,CANTIDAD_ACTUAL,PRECIO_VENTA) VALUES (4,861,0,0.000000);

INSERT INTO PROVEEDOR_PRODUCTO(PROVEEDOR_ID,PRODUCTO_ID,PRECIO_COMPRA) VALUES(4,861, 15.764586);

-- ===========PRODUCTO [862]
INSERT INTO PRODUCTO(ID,MARCA_ID,LINEA_ID,NOMBRE,PRESENTACION,CONTENIDO,UNIDADES_POR_CAJA,COSTO,COSTO_VENTA,PRECIO_BASE,UNIDAD_MEDIDA,CODIGO_BARRAS,ABREBIATURA) VALUES(862,41,4,'Nivea Rollon Dama','Invisible Pure',50.0,12.0,15.764586,15.764586,21.944304,'ML','4005900036629','Nivea R-o Inv Pur 50ml');

INSERT INTO MOVIMIENTO_HISTORICO_PRODUCTO (ALMACEN_ID,PRODUCTO_ID,FECHA,TIPO_MOVIMIENTO_ID,CANTIDAD,COSTO,PRECIO,USUARIO_ID) VALUES(1,862,now(),30,12,15.764586,21.944304,'root');
INSERT INTO ALMACEN_PRODUCTO(ALMACEN_ID,PRODUCTO_ID,CANTIDAD_ACTUAL,PRECIO_VENTA) VALUES (1,862,12,21.944304);

INSERT INTO ALMACEN_PRODUCTO(ALMACEN_ID,PRODUCTO_ID,CANTIDAD_ACTUAL,PRECIO_VENTA) VALUES (2,862,0,0.000000);

INSERT INTO ALMACEN_PRODUCTO(ALMACEN_ID,PRODUCTO_ID,CANTIDAD_ACTUAL,PRECIO_VENTA) VALUES (3,862,12,21.940000);

INSERT INTO ALMACEN_PRODUCTO(ALMACEN_ID,PRODUCTO_ID,CANTIDAD_ACTUAL,PRECIO_VENTA) VALUES (4,862,0,0.000000);

INSERT INTO PROVEEDOR_PRODUCTO(PROVEEDOR_ID,PRODUCTO_ID,PRECIO_COMPRA) VALUES(4,862, 15.764586);

-- ===========PRODUCTO [863]
INSERT INTO PRODUCTO(ID,MARCA_ID,LINEA_ID,NOMBRE,PRESENTACION,CONTENIDO,UNIDADES_POR_CAJA,COSTO,COSTO_VENTA,PRECIO_BASE,UNIDAD_MEDIDA,CODIGO_BARRAS,ABREBIATURA) VALUES(863,41,4,'Nivea Stick Dama','Calm & Care',42.0,12.0,19.982427,19.982427,27.815538,'G','42195474','Nivea Stk Calm Car 43g');

INSERT INTO MOVIMIENTO_HISTORICO_PRODUCTO (ALMACEN_ID,PRODUCTO_ID,FECHA,TIPO_MOVIMIENTO_ID,CANTIDAD,COSTO,PRECIO,USUARIO_ID) VALUES(1,863,now(),30,12,19.982427,27.815538,'root');
INSERT INTO ALMACEN_PRODUCTO(ALMACEN_ID,PRODUCTO_ID,CANTIDAD_ACTUAL,PRECIO_VENTA) VALUES (1,863,12,27.815538);

INSERT INTO ALMACEN_PRODUCTO(ALMACEN_ID,PRODUCTO_ID,CANTIDAD_ACTUAL,PRECIO_VENTA) VALUES (2,863,4,13.000000);

INSERT INTO ALMACEN_PRODUCTO(ALMACEN_ID,PRODUCTO_ID,CANTIDAD_ACTUAL,PRECIO_VENTA) VALUES (3,863,12,26.900000);

INSERT INTO ALMACEN_PRODUCTO(ALMACEN_ID,PRODUCTO_ID,CANTIDAD_ACTUAL,PRECIO_VENTA) VALUES (4,863,4,13.000000);

INSERT INTO PROVEEDOR_PRODUCTO(PROVEEDOR_ID,PRODUCTO_ID,PRECIO_COMPRA) VALUES(4,863, 19.982427);

-- ===========PRODUCTO [864]
INSERT INTO PRODUCTO(ID,MARCA_ID,LINEA_ID,NOMBRE,PRESENTACION,CONTENIDO,UNIDADES_POR_CAJA,COSTO,COSTO_VENTA,PRECIO_BASE,UNIDAD_MEDIDA,CODIGO_BARRAS,ABREBIATURA) VALUES(864,41,4,'Nivea Rollon Dama','Calm & Care',50.0,12.0,15.764586,15.764586,21.944304,'ML','4005900011411','Nivea R-o Calm Car 50m');

INSERT INTO MOVIMIENTO_HISTORICO_PRODUCTO (ALMACEN_ID,PRODUCTO_ID,FECHA,TIPO_MOVIMIENTO_ID,CANTIDAD,COSTO,PRECIO,USUARIO_ID) VALUES(1,864,now(),30,12,15.764586,21.944304,'root');
INSERT INTO ALMACEN_PRODUCTO(ALMACEN_ID,PRODUCTO_ID,CANTIDAD_ACTUAL,PRECIO_VENTA) VALUES (1,864,12,21.944304);

INSERT INTO ALMACEN_PRODUCTO(ALMACEN_ID,PRODUCTO_ID,CANTIDAD_ACTUAL,PRECIO_VENTA) VALUES (2,864,0,0.000000);

INSERT INTO ALMACEN_PRODUCTO(ALMACEN_ID,PRODUCTO_ID,CANTIDAD_ACTUAL,PRECIO_VENTA) VALUES (3,864,12,21.940000);

INSERT INTO ALMACEN_PRODUCTO(ALMACEN_ID,PRODUCTO_ID,CANTIDAD_ACTUAL,PRECIO_VENTA) VALUES (4,864,0,0.000000);

INSERT INTO PROVEEDOR_PRODUCTO(PROVEEDOR_ID,PRODUCTO_ID,PRECIO_COMPRA) VALUES(4,864, 15.764586);

-- ===========PRODUCTO [865]
INSERT INTO PRODUCTO(ID,MARCA_ID,LINEA_ID,NOMBRE,PRESENTACION,CONTENIDO,UNIDADES_POR_CAJA,COSTO,COSTO_VENTA,PRECIO_BASE,UNIDAD_MEDIDA,CODIGO_BARRAS,ABREBIATURA) VALUES(865,41,4,'Nivea Stick Caballero','Cool Kick',43.0,12.0,19.982427,19.982427,27.815538,'G','42179160','Nivea Stk Cool Kick 43g');

INSERT INTO MOVIMIENTO_HISTORICO_PRODUCTO (ALMACEN_ID,PRODUCTO_ID,FECHA,TIPO_MOVIMIENTO_ID,CANTIDAD,COSTO,PRECIO,USUARIO_ID) VALUES(1,865,now(),30,12,19.982427,27.815538,'root');
INSERT INTO ALMACEN_PRODUCTO(ALMACEN_ID,PRODUCTO_ID,CANTIDAD_ACTUAL,PRECIO_VENTA) VALUES (1,865,12,27.815538);

INSERT INTO ALMACEN_PRODUCTO(ALMACEN_ID,PRODUCTO_ID,CANTIDAD_ACTUAL,PRECIO_VENTA) VALUES (2,865,0,0.000000);

INSERT INTO ALMACEN_PRODUCTO(ALMACEN_ID,PRODUCTO_ID,CANTIDAD_ACTUAL,PRECIO_VENTA) VALUES (3,865,12,26.900000);

INSERT INTO ALMACEN_PRODUCTO(ALMACEN_ID,PRODUCTO_ID,CANTIDAD_ACTUAL,PRECIO_VENTA) VALUES (4,865,0,0.000000);

INSERT INTO PROVEEDOR_PRODUCTO(PROVEEDOR_ID,PRODUCTO_ID,PRECIO_COMPRA) VALUES(4,865, 19.982427);

-- ===========PRODUCTO [866]
INSERT INTO PRODUCTO(ID,MARCA_ID,LINEA_ID,NOMBRE,PRESENTACION,CONTENIDO,UNIDADES_POR_CAJA,COSTO,COSTO_VENTA,PRECIO_BASE,UNIDAD_MEDIDA,CODIGO_BARRAS,ABREBIATURA) VALUES(866,35,11,'Colgate Pasta Dental','Triple Accin',170.0,72.0,0.000000,0.000000,0.000000,'ML','7509546041780','Clgte Tripl Acc 170ml');

INSERT INTO MOVIMIENTO_HISTORICO_PRODUCTO (ALMACEN_ID,PRODUCTO_ID,FECHA,TIPO_MOVIMIENTO_ID,CANTIDAD,COSTO,PRECIO,USUARIO_ID) VALUES(1,866,now(),30,72,0.000000,0.000000,'root');
INSERT INTO ALMACEN_PRODUCTO(ALMACEN_ID,PRODUCTO_ID,CANTIDAD_ACTUAL,PRECIO_VENTA) VALUES (1,866,72,0.000000);

INSERT INTO ALMACEN_PRODUCTO(ALMACEN_ID,PRODUCTO_ID,CANTIDAD_ACTUAL,PRECIO_VENTA) VALUES (2,866,3,0.000000);

INSERT INTO ALMACEN_PRODUCTO(ALMACEN_ID,PRODUCTO_ID,CANTIDAD_ACTUAL,PRECIO_VENTA) VALUES (3,866,72,0.000000);

INSERT INTO ALMACEN_PRODUCTO(ALMACEN_ID,PRODUCTO_ID,CANTIDAD_ACTUAL,PRECIO_VENTA) VALUES (4,866,3,0.000000);

INSERT INTO PROVEEDOR_PRODUCTO(PROVEEDOR_ID,PRODUCTO_ID,PRECIO_COMPRA) VALUES(6,866, 0.000000);

-- ===========PRODUCTO [800]
INSERT INTO PRODUCTO(ID,MARCA_ID,LINEA_ID,NOMBRE,PRESENTACION,CONTENIDO,UNIDADES_POR_CAJA,COSTO,COSTO_VENTA,PRECIO_BASE,UNIDAD_MEDIDA,CODIGO_BARRAS,ABREBIATURA) VALUES(800,35,11,'Colgate Pasta Dental','Sensitive Pro Alivio',75.0,24.0,0.000000,0.000000,0.000000,'ML','7891024123485','Colgte Pro Alivio 75ml');

INSERT INTO MOVIMIENTO_HISTORICO_PRODUCTO (ALMACEN_ID,PRODUCTO_ID,FECHA,TIPO_MOVIMIENTO_ID,CANTIDAD,COSTO,PRECIO,USUARIO_ID) VALUES(1,800,now(),30,24,0.000000,0.000000,'root');
INSERT INTO ALMACEN_PRODUCTO(ALMACEN_ID,PRODUCTO_ID,CANTIDAD_ACTUAL,PRECIO_VENTA) VALUES (1,800,24,0.000000);

INSERT INTO ALMACEN_PRODUCTO(ALMACEN_ID,PRODUCTO_ID,CANTIDAD_ACTUAL,PRECIO_VENTA) VALUES (2,800,3,0.000000);

INSERT INTO ALMACEN_PRODUCTO(ALMACEN_ID,PRODUCTO_ID,CANTIDAD_ACTUAL,PRECIO_VENTA) VALUES (3,800,24,0.000000);

INSERT INTO ALMACEN_PRODUCTO(ALMACEN_ID,PRODUCTO_ID,CANTIDAD_ACTUAL,PRECIO_VENTA) VALUES (4,800,3,0.000000);

INSERT INTO PROVEEDOR_PRODUCTO(PROVEEDOR_ID,PRODUCTO_ID,PRECIO_COMPRA) VALUES(6,800, 0.000000);

-- ===========PRODUCTO [608]
INSERT INTO PRODUCTO(ID,MARCA_ID,LINEA_ID,NOMBRE,PRESENTACION,CONTENIDO,UNIDADES_POR_CAJA,COSTO,COSTO_VENTA,PRECIO_BASE,UNIDAD_MEDIDA,CODIGO_BARRAS,ABREBIATURA) VALUES(608,35,11,'Colgate Pasta Dental','Sensitive Multi Proteccion',75.0,24.0,0.000000,0.000000,0.000000,'ML','7891024134306','Clgate Mult Protec 75m');

INSERT INTO MOVIMIENTO_HISTORICO_PRODUCTO (ALMACEN_ID,PRODUCTO_ID,FECHA,TIPO_MOVIMIENTO_ID,CANTIDAD,COSTO,PRECIO,USUARIO_ID) VALUES(1,608,now(),30,14,0.000000,0.000000,'root');
INSERT INTO ALMACEN_PRODUCTO(ALMACEN_ID,PRODUCTO_ID,CANTIDAD_ACTUAL,PRECIO_VENTA) VALUES (1,608,14,0.000000);

INSERT INTO ALMACEN_PRODUCTO(ALMACEN_ID,PRODUCTO_ID,CANTIDAD_ACTUAL,PRECIO_VENTA) VALUES (2,608,0,0.000000);

INSERT INTO ALMACEN_PRODUCTO(ALMACEN_ID,PRODUCTO_ID,CANTIDAD_ACTUAL,PRECIO_VENTA) VALUES (3,608,14,0.000000);

INSERT INTO ALMACEN_PRODUCTO(ALMACEN_ID,PRODUCTO_ID,CANTIDAD_ACTUAL,PRECIO_VENTA) VALUES (4,608,0,0.000000);

INSERT INTO PROVEEDOR_PRODUCTO(PROVEEDOR_ID,PRODUCTO_ID,PRECIO_COMPRA) VALUES(6,608, 0.000000);

-- ===========PRODUCTO [382]
INSERT INTO PRODUCTO(ID,MARCA_ID,LINEA_ID,NOMBRE,PRESENTACION,CONTENIDO,UNIDADES_POR_CAJA,COSTO,COSTO_VENTA,PRECIO_BASE,UNIDAD_MEDIDA,CODIGO_BARRAS,ABREBIATURA) VALUES(382,35,11,'Colgate Dental EconoPack 100ml','Max Fresh Cool Mint',2.0,36.0,0.000000,0.000000,0.000000,'PZ','7509546051178','Clgate Pck Fresh 2-100');

INSERT INTO MOVIMIENTO_HISTORICO_PRODUCTO (ALMACEN_ID,PRODUCTO_ID,FECHA,TIPO_MOVIMIENTO_ID,CANTIDAD,COSTO,PRECIO,USUARIO_ID) VALUES(1,382,now(),30,36,0.000000,0.000000,'root');
INSERT INTO ALMACEN_PRODUCTO(ALMACEN_ID,PRODUCTO_ID,CANTIDAD_ACTUAL,PRECIO_VENTA) VALUES (1,382,36,0.000000);

INSERT INTO ALMACEN_PRODUCTO(ALMACEN_ID,PRODUCTO_ID,CANTIDAD_ACTUAL,PRECIO_VENTA) VALUES (2,382,0,0.000000);

INSERT INTO ALMACEN_PRODUCTO(ALMACEN_ID,PRODUCTO_ID,CANTIDAD_ACTUAL,PRECIO_VENTA) VALUES (3,382,36,0.000000);

INSERT INTO ALMACEN_PRODUCTO(ALMACEN_ID,PRODUCTO_ID,CANTIDAD_ACTUAL,PRECIO_VENTA) VALUES (4,382,0,0.000000);

INSERT INTO PROVEEDOR_PRODUCTO(PROVEEDOR_ID,PRODUCTO_ID,PRECIO_COMPRA) VALUES(6,382, 0.000000);

-- ===========PRODUCTO [85]
INSERT INTO PRODUCTO(ID,MARCA_ID,LINEA_ID,NOMBRE,PRESENTACION,CONTENIDO,UNIDADES_POR_CAJA,COSTO,COSTO_VENTA,PRECIO_BASE,UNIDAD_MEDIDA,CODIGO_BARRAS,ABREBIATURA) VALUES(85,35,11,'Colgate Pasta Dental','Barbie Nias',75.0,12.0,0.000000,0.000000,0.000000,'ML','7509546003122','Colgte Kids Barbie 75m');

INSERT INTO MOVIMIENTO_HISTORICO_PRODUCTO (ALMACEN_ID,PRODUCTO_ID,FECHA,TIPO_MOVIMIENTO_ID,CANTIDAD,COSTO,PRECIO,USUARIO_ID) VALUES(1,85,now(),30,12,0.000000,0.000000,'root');
INSERT INTO ALMACEN_PRODUCTO(ALMACEN_ID,PRODUCTO_ID,CANTIDAD_ACTUAL,PRECIO_VENTA) VALUES (1,85,12,0.000000);

INSERT INTO ALMACEN_PRODUCTO(ALMACEN_ID,PRODUCTO_ID,CANTIDAD_ACTUAL,PRECIO_VENTA) VALUES (2,85,0,0.000000);

INSERT INTO ALMACEN_PRODUCTO(ALMACEN_ID,PRODUCTO_ID,CANTIDAD_ACTUAL,PRECIO_VENTA) VALUES (3,85,12,0.000000);

INSERT INTO ALMACEN_PRODUCTO(ALMACEN_ID,PRODUCTO_ID,CANTIDAD_ACTUAL,PRECIO_VENTA) VALUES (4,85,0,0.000000);

INSERT INTO PROVEEDOR_PRODUCTO(PROVEEDOR_ID,PRODUCTO_ID,PRECIO_COMPRA) VALUES(6,85, 0.000000);

-- ===========PRODUCTO [672]
INSERT INTO PRODUCTO(ID,MARCA_ID,LINEA_ID,NOMBRE,PRESENTACION,CONTENIDO,UNIDADES_POR_CAJA,COSTO,COSTO_VENTA,PRECIO_BASE,UNIDAD_MEDIDA,CODIGO_BARRAS,ABREBIATURA) VALUES(672,35,11,'Colgate Pasta Dental','Bob Sponja Nios',75.0,12.0,0.000000,0.000000,0.000000,'ML','7509546010366','Colgte Kids Bob Sp 75m');

INSERT INTO MOVIMIENTO_HISTORICO_PRODUCTO (ALMACEN_ID,PRODUCTO_ID,FECHA,TIPO_MOVIMIENTO_ID,CANTIDAD,COSTO,PRECIO,USUARIO_ID) VALUES(1,672,now(),30,12,0.000000,0.000000,'root');
INSERT INTO ALMACEN_PRODUCTO(ALMACEN_ID,PRODUCTO_ID,CANTIDAD_ACTUAL,PRECIO_VENTA) VALUES (1,672,12,0.000000);

INSERT INTO ALMACEN_PRODUCTO(ALMACEN_ID,PRODUCTO_ID,CANTIDAD_ACTUAL,PRECIO_VENTA) VALUES (2,672,0,0.000000);

INSERT INTO ALMACEN_PRODUCTO(ALMACEN_ID,PRODUCTO_ID,CANTIDAD_ACTUAL,PRECIO_VENTA) VALUES (3,672,12,0.000000);

INSERT INTO ALMACEN_PRODUCTO(ALMACEN_ID,PRODUCTO_ID,CANTIDAD_ACTUAL,PRECIO_VENTA) VALUES (4,672,0,0.000000);

INSERT INTO PROVEEDOR_PRODUCTO(PROVEEDOR_ID,PRODUCTO_ID,PRECIO_COMPRA) VALUES(6,672, 0.000000);

-- ===========PRODUCTO [345]
INSERT INTO PRODUCTO(ID,MARCA_ID,LINEA_ID,NOMBRE,PRESENTACION,CONTENIDO,UNIDADES_POR_CAJA,COSTO,COSTO_VENTA,PRECIO_BASE,UNIDAD_MEDIDA,CODIGO_BARRAS,ABREBIATURA) VALUES(345,35,11,'Colgate Hilo Dental','Total',25.0,24.0,0.000000,0.000000,0.000000,'M','7891024183182','Clgate Hilo Dent 25m');

INSERT INTO MOVIMIENTO_HISTORICO_PRODUCTO (ALMACEN_ID,PRODUCTO_ID,FECHA,TIPO_MOVIMIENTO_ID,CANTIDAD,COSTO,PRECIO,USUARIO_ID) VALUES(1,345,now(),30,24,0.000000,0.000000,'root');
INSERT INTO ALMACEN_PRODUCTO(ALMACEN_ID,PRODUCTO_ID,CANTIDAD_ACTUAL,PRECIO_VENTA) VALUES (1,345,24,0.000000);

INSERT INTO ALMACEN_PRODUCTO(ALMACEN_ID,PRODUCTO_ID,CANTIDAD_ACTUAL,PRECIO_VENTA) VALUES (2,345,0,0.000000);

INSERT INTO ALMACEN_PRODUCTO(ALMACEN_ID,PRODUCTO_ID,CANTIDAD_ACTUAL,PRECIO_VENTA) VALUES (3,345,24,0.000000);

INSERT INTO ALMACEN_PRODUCTO(ALMACEN_ID,PRODUCTO_ID,CANTIDAD_ACTUAL,PRECIO_VENTA) VALUES (4,345,0,0.000000);

INSERT INTO PROVEEDOR_PRODUCTO(PROVEEDOR_ID,PRODUCTO_ID,PRECIO_COMPRA) VALUES(6,345, 0.000000);

-- ===========PRODUCTO [350]
INSERT INTO PRODUCTO(ID,MARCA_ID,LINEA_ID,NOMBRE,PRESENTACION,CONTENIDO,UNIDADES_POR_CAJA,COSTO,COSTO_VENTA,PRECIO_BASE,UNIDAD_MEDIDA,CODIGO_BARRAS,ABREBIATURA) VALUES(350,35,11,'Colgate Cepillo Dental','Triple Accion',1.0,12.0,0.000000,0.000000,0.000000,'PZ','7702010631191','Clgate Cep Tripl Acc 1P');

INSERT INTO MOVIMIENTO_HISTORICO_PRODUCTO (ALMACEN_ID,PRODUCTO_ID,FECHA,TIPO_MOVIMIENTO_ID,CANTIDAD,COSTO,PRECIO,USUARIO_ID) VALUES(1,350,now(),30,5,0.000000,0.000000,'root');
INSERT INTO ALMACEN_PRODUCTO(ALMACEN_ID,PRODUCTO_ID,CANTIDAD_ACTUAL,PRECIO_VENTA) VALUES (1,350,5,0.000000);

INSERT INTO ALMACEN_PRODUCTO(ALMACEN_ID,PRODUCTO_ID,CANTIDAD_ACTUAL,PRECIO_VENTA) VALUES (2,350,0,0.000000);

INSERT INTO ALMACEN_PRODUCTO(ALMACEN_ID,PRODUCTO_ID,CANTIDAD_ACTUAL,PRECIO_VENTA) VALUES (3,350,5,0.000000);

INSERT INTO ALMACEN_PRODUCTO(ALMACEN_ID,PRODUCTO_ID,CANTIDAD_ACTUAL,PRECIO_VENTA) VALUES (4,350,0,0.000000);

INSERT INTO PROVEEDOR_PRODUCTO(PROVEEDOR_ID,PRODUCTO_ID,PRECIO_COMPRA) VALUES(6,350, 0.000000);

-- ===========PRODUCTO [867]
INSERT INTO PRODUCTO(ID,MARCA_ID,LINEA_ID,NOMBRE,PRESENTACION,CONTENIDO,UNIDADES_POR_CAJA,COSTO,COSTO_VENTA,PRECIO_BASE,UNIDAD_MEDIDA,CODIGO_BARRAS,ABREBIATURA) VALUES(867,35,11,'Colgate Cepillo Dental','Twister Suave Soft',1.0,36.0,0.000000,0.000000,0.000000,'PZ','099176316268','Clgte Cep Twst Sof 1P');

INSERT INTO MOVIMIENTO_HISTORICO_PRODUCTO (ALMACEN_ID,PRODUCTO_ID,FECHA,TIPO_MOVIMIENTO_ID,CANTIDAD,COSTO,PRECIO,USUARIO_ID) VALUES(1,867,now(),30,34,0.000000,0.000000,'root');
INSERT INTO ALMACEN_PRODUCTO(ALMACEN_ID,PRODUCTO_ID,CANTIDAD_ACTUAL,PRECIO_VENTA) VALUES (1,867,34,0.000000);

INSERT INTO ALMACEN_PRODUCTO(ALMACEN_ID,PRODUCTO_ID,CANTIDAD_ACTUAL,PRECIO_VENTA) VALUES (2,867,0,0.000000);

INSERT INTO ALMACEN_PRODUCTO(ALMACEN_ID,PRODUCTO_ID,CANTIDAD_ACTUAL,PRECIO_VENTA) VALUES (3,867,34,0.000000);

INSERT INTO ALMACEN_PRODUCTO(ALMACEN_ID,PRODUCTO_ID,CANTIDAD_ACTUAL,PRECIO_VENTA) VALUES (4,867,0,0.000000);

INSERT INTO PROVEEDOR_PRODUCTO(PROVEEDOR_ID,PRODUCTO_ID,PRECIO_COMPRA) VALUES(6,867, 0.000000);

-- ===========PRODUCTO [868]
INSERT INTO PRODUCTO(ID,MARCA_ID,LINEA_ID,NOMBRE,PRESENTACION,CONTENIDO,UNIDADES_POR_CAJA,COSTO,COSTO_VENTA,PRECIO_BASE,UNIDAD_MEDIDA,CODIGO_BARRAS,ABREBIATURA) VALUES(868,35,11,'Colgate Cepillo Dental','360 Acti Flex',1.0,12.0,0.000000,0.000000,0.000000,'Pz','7509546043432','Clgte Cep 360 Flex 1Pz');

INSERT INTO MOVIMIENTO_HISTORICO_PRODUCTO (ALMACEN_ID,PRODUCTO_ID,FECHA,TIPO_MOVIMIENTO_ID,CANTIDAD,COSTO,PRECIO,USUARIO_ID) VALUES(1,868,now(),30,12,0.000000,0.000000,'root');
INSERT INTO ALMACEN_PRODUCTO(ALMACEN_ID,PRODUCTO_ID,CANTIDAD_ACTUAL,PRECIO_VENTA) VALUES (1,868,12,0.000000);

INSERT INTO ALMACEN_PRODUCTO(ALMACEN_ID,PRODUCTO_ID,CANTIDAD_ACTUAL,PRECIO_VENTA) VALUES (2,868,0,0.000000);

INSERT INTO ALMACEN_PRODUCTO(ALMACEN_ID,PRODUCTO_ID,CANTIDAD_ACTUAL,PRECIO_VENTA) VALUES (3,868,12,0.000000);

INSERT INTO ALMACEN_PRODUCTO(ALMACEN_ID,PRODUCTO_ID,CANTIDAD_ACTUAL,PRECIO_VENTA) VALUES (4,868,0,0.000000);

INSERT INTO PROVEEDOR_PRODUCTO(PROVEEDOR_ID,PRODUCTO_ID,PRECIO_COMPRA) VALUES(6,868, 0.000000);

-- ===========PRODUCTO [869]
INSERT INTO PRODUCTO(ID,MARCA_ID,LINEA_ID,NOMBRE,PRESENTACION,CONTENIDO,UNIDADES_POR_CAJA,COSTO,COSTO_VENTA,PRECIO_BASE,UNIDAD_MEDIDA,CODIGO_BARRAS,ABREBIATURA) VALUES(869,35,11,'Colgate Cepillo Dental','360 Surround',1.0,12.0,0.000000,0.000000,0.000000,'Pz','7702010130489','Clgte Cep 360 Surr 1Pz');

INSERT INTO MOVIMIENTO_HISTORICO_PRODUCTO (ALMACEN_ID,PRODUCTO_ID,FECHA,TIPO_MOVIMIENTO_ID,CANTIDAD,COSTO,PRECIO,USUARIO_ID) VALUES(1,869,now(),30,23,0.000000,0.000000,'root');
INSERT INTO ALMACEN_PRODUCTO(ALMACEN_ID,PRODUCTO_ID,CANTIDAD_ACTUAL,PRECIO_VENTA) VALUES (1,869,23,0.000000);

INSERT INTO ALMACEN_PRODUCTO(ALMACEN_ID,PRODUCTO_ID,CANTIDAD_ACTUAL,PRECIO_VENTA) VALUES (2,869,1,0.000000);

INSERT INTO ALMACEN_PRODUCTO(ALMACEN_ID,PRODUCTO_ID,CANTIDAD_ACTUAL,PRECIO_VENTA) VALUES (3,869,23,0.000000);

INSERT INTO ALMACEN_PRODUCTO(ALMACEN_ID,PRODUCTO_ID,CANTIDAD_ACTUAL,PRECIO_VENTA) VALUES (4,869,1,0.000000);

INSERT INTO PROVEEDOR_PRODUCTO(PROVEEDOR_ID,PRODUCTO_ID,PRECIO_COMPRA) VALUES(6,869, 0.000000);

-- ===========PRODUCTO [870]
INSERT INTO PRODUCTO(ID,MARCA_ID,LINEA_ID,NOMBRE,PRESENTACION,CONTENIDO,UNIDADES_POR_CAJA,COSTO,COSTO_VENTA,PRECIO_BASE,UNIDAD_MEDIDA,CODIGO_BARRAS,ABREBIATURA) VALUES(870,35,11,'Colgate Cepillo Dental','360 Limp Completa Medio',1.0,12.0,0.000000,0.000000,0.000000,'Pz','7891024316160','Clgte 360 Lmpza Medio');

INSERT INTO MOVIMIENTO_HISTORICO_PRODUCTO (ALMACEN_ID,PRODUCTO_ID,FECHA,TIPO_MOVIMIENTO_ID,CANTIDAD,COSTO,PRECIO,USUARIO_ID) VALUES(1,870,now(),30,24,0.000000,0.000000,'root');
INSERT INTO ALMACEN_PRODUCTO(ALMACEN_ID,PRODUCTO_ID,CANTIDAD_ACTUAL,PRECIO_VENTA) VALUES (1,870,24,0.000000);

INSERT INTO ALMACEN_PRODUCTO(ALMACEN_ID,PRODUCTO_ID,CANTIDAD_ACTUAL,PRECIO_VENTA) VALUES (2,870,0,0.000000);

INSERT INTO ALMACEN_PRODUCTO(ALMACEN_ID,PRODUCTO_ID,CANTIDAD_ACTUAL,PRECIO_VENTA) VALUES (3,870,24,0.000000);

INSERT INTO ALMACEN_PRODUCTO(ALMACEN_ID,PRODUCTO_ID,CANTIDAD_ACTUAL,PRECIO_VENTA) VALUES (4,870,0,0.000000);

INSERT INTO PROVEEDOR_PRODUCTO(PROVEEDOR_ID,PRODUCTO_ID,PRECIO_COMPRA) VALUES(6,870, 0.000000);

-- ===========PRODUCTO [871]
INSERT INTO PRODUCTO(ID,MARCA_ID,LINEA_ID,NOMBRE,PRESENTACION,CONTENIDO,UNIDADES_POR_CAJA,COSTO,COSTO_VENTA,PRECIO_BASE,UNIDAD_MEDIDA,CODIGO_BARRAS,ABREBIATURA) VALUES(871,17,14,'Palmolive Acondicionador','Fuerza Reparadora',200.0,15.0,0.000000,0.000000,0.000000,'ML','7509546050270','Palm Ac Fza Rep 200ml');

INSERT INTO MOVIMIENTO_HISTORICO_PRODUCTO (ALMACEN_ID,PRODUCTO_ID,FECHA,TIPO_MOVIMIENTO_ID,CANTIDAD,COSTO,PRECIO,USUARIO_ID) VALUES(1,871,now(),30,12,0.000000,0.000000,'root');
INSERT INTO ALMACEN_PRODUCTO(ALMACEN_ID,PRODUCTO_ID,CANTIDAD_ACTUAL,PRECIO_VENTA) VALUES (1,871,12,0.000000);

INSERT INTO ALMACEN_PRODUCTO(ALMACEN_ID,PRODUCTO_ID,CANTIDAD_ACTUAL,PRECIO_VENTA) VALUES (2,871,0,0.000000);

INSERT INTO ALMACEN_PRODUCTO(ALMACEN_ID,PRODUCTO_ID,CANTIDAD_ACTUAL,PRECIO_VENTA) VALUES (3,871,12,0.000000);

INSERT INTO ALMACEN_PRODUCTO(ALMACEN_ID,PRODUCTO_ID,CANTIDAD_ACTUAL,PRECIO_VENTA) VALUES (4,871,0,0.000000);

INSERT INTO PROVEEDOR_PRODUCTO(PROVEEDOR_ID,PRODUCTO_ID,PRECIO_COMPRA) VALUES(6,871, 0.000000);

-- ===========PRODUCTO [872]
INSERT INTO PRODUCTO(ID,MARCA_ID,LINEA_ID,NOMBRE,PRESENTACION,CONTENIDO,UNIDADES_POR_CAJA,COSTO,COSTO_VENTA,PRECIO_BASE,UNIDAD_MEDIDA,CODIGO_BARRAS,ABREBIATURA) VALUES(872,17,14,'Palmolive Optims Shampoo','4 Extra Intensivo',400.0,12.0,0.000000,0.000000,0.000000,'Ml','7501035919129','Palm Sh 4 Ext 400ml');

INSERT INTO MOVIMIENTO_HISTORICO_PRODUCTO (ALMACEN_ID,PRODUCTO_ID,FECHA,TIPO_MOVIMIENTO_ID,CANTIDAD,COSTO,PRECIO,USUARIO_ID) VALUES(1,872,now(),30,2,0.000000,0.000000,'root');
INSERT INTO ALMACEN_PRODUCTO(ALMACEN_ID,PRODUCTO_ID,CANTIDAD_ACTUAL,PRECIO_VENTA) VALUES (1,872,2,0.000000);

INSERT INTO ALMACEN_PRODUCTO(ALMACEN_ID,PRODUCTO_ID,CANTIDAD_ACTUAL,PRECIO_VENTA) VALUES (2,872,0,0.000000);

INSERT INTO ALMACEN_PRODUCTO(ALMACEN_ID,PRODUCTO_ID,CANTIDAD_ACTUAL,PRECIO_VENTA) VALUES (3,872,2,0.000000);

INSERT INTO ALMACEN_PRODUCTO(ALMACEN_ID,PRODUCTO_ID,CANTIDAD_ACTUAL,PRECIO_VENTA) VALUES (4,872,0,0.000000);

INSERT INTO PROVEEDOR_PRODUCTO(PROVEEDOR_ID,PRODUCTO_ID,PRECIO_COMPRA) VALUES(6,872, 0.000000);

-- ===========PRODUCTO [873]
INSERT INTO PRODUCTO(ID,MARCA_ID,LINEA_ID,NOMBRE,PRESENTACION,CONTENIDO,UNIDADES_POR_CAJA,COSTO,COSTO_VENTA,PRECIO_BASE,UNIDAD_MEDIDA,CODIGO_BARRAS,ABREBIATURA) VALUES(873,17,14,'Palmolive Optims Shampoo','Reparacion completa',400.0,12.0,0.000000,0.000000,0.000000,'Ml','7509546045283','Palm Sh Rep Com 400');

INSERT INTO MOVIMIENTO_HISTORICO_PRODUCTO (ALMACEN_ID,PRODUCTO_ID,FECHA,TIPO_MOVIMIENTO_ID,CANTIDAD,COSTO,PRECIO,USUARIO_ID) VALUES(1,873,now(),30,24,0.000000,0.000000,'root');
INSERT INTO ALMACEN_PRODUCTO(ALMACEN_ID,PRODUCTO_ID,CANTIDAD_ACTUAL,PRECIO_VENTA) VALUES (1,873,24,0.000000);

INSERT INTO ALMACEN_PRODUCTO(ALMACEN_ID,PRODUCTO_ID,CANTIDAD_ACTUAL,PRECIO_VENTA) VALUES (2,873,0,0.000000);

INSERT INTO ALMACEN_PRODUCTO(ALMACEN_ID,PRODUCTO_ID,CANTIDAD_ACTUAL,PRECIO_VENTA) VALUES (3,873,24,0.000000);

INSERT INTO ALMACEN_PRODUCTO(ALMACEN_ID,PRODUCTO_ID,CANTIDAD_ACTUAL,PRECIO_VENTA) VALUES (4,873,0,0.000000);

INSERT INTO PROVEEDOR_PRODUCTO(PROVEEDOR_ID,PRODUCTO_ID,PRECIO_COMPRA) VALUES(6,873, 0.000000);

-- ===========PRODUCTO [874]
INSERT INTO PRODUCTO(ID,MARCA_ID,LINEA_ID,NOMBRE,PRESENTACION,CONTENIDO,UNIDADES_POR_CAJA,COSTO,COSTO_VENTA,PRECIO_BASE,UNIDAD_MEDIDA,CODIGO_BARRAS,ABREBIATURA) VALUES(874,17,14,'Palmolive Optims Shampoo','Fuerza Reparadora',400.0,12.0,0.000000,0.000000,0.000000,'Ml','7509546047669','Palm Sh Fza Rep 400m');

INSERT INTO MOVIMIENTO_HISTORICO_PRODUCTO (ALMACEN_ID,PRODUCTO_ID,FECHA,TIPO_MOVIMIENTO_ID,CANTIDAD,COSTO,PRECIO,USUARIO_ID) VALUES(1,874,now(),30,0,0.000000,0.000000,'root');
INSERT INTO ALMACEN_PRODUCTO(ALMACEN_ID,PRODUCTO_ID,CANTIDAD_ACTUAL,PRECIO_VENTA) VALUES (1,874,0,0.000000);

INSERT INTO ALMACEN_PRODUCTO(ALMACEN_ID,PRODUCTO_ID,CANTIDAD_ACTUAL,PRECIO_VENTA) VALUES (2,874,0,0.000000);

INSERT INTO PROVEEDOR_PRODUCTO(PROVEEDOR_ID,PRODUCTO_ID,PRECIO_COMPRA) VALUES(6,874, 0.000000);

-- ===========PRODUCTO [875]
INSERT INTO PRODUCTO(ID,MARCA_ID,LINEA_ID,NOMBRE,PRESENTACION,CONTENIDO,UNIDADES_POR_CAJA,COSTO,COSTO_VENTA,PRECIO_BASE,UNIDAD_MEDIDA,CODIGO_BARRAS,ABREBIATURA) VALUES(875,17,14,'Palmolive Optims Shampoo','4 Extra Intensivo',700.0,12.0,0.000000,0.000000,0.000000,'ML','7509546017389','Palm Sh 4 Ext 700ml');

INSERT INTO MOVIMIENTO_HISTORICO_PRODUCTO (ALMACEN_ID,PRODUCTO_ID,FECHA,TIPO_MOVIMIENTO_ID,CANTIDAD,COSTO,PRECIO,USUARIO_ID) VALUES(1,875,now(),30,12,0.000000,0.000000,'root');
INSERT INTO ALMACEN_PRODUCTO(ALMACEN_ID,PRODUCTO_ID,CANTIDAD_ACTUAL,PRECIO_VENTA) VALUES (1,875,12,0.000000);

INSERT INTO ALMACEN_PRODUCTO(ALMACEN_ID,PRODUCTO_ID,CANTIDAD_ACTUAL,PRECIO_VENTA) VALUES (2,875,0,0.000000);

INSERT INTO ALMACEN_PRODUCTO(ALMACEN_ID,PRODUCTO_ID,CANTIDAD_ACTUAL,PRECIO_VENTA) VALUES (3,875,12,0.000000);

INSERT INTO ALMACEN_PRODUCTO(ALMACEN_ID,PRODUCTO_ID,CANTIDAD_ACTUAL,PRECIO_VENTA) VALUES (4,875,0,0.000000);

INSERT INTO PROVEEDOR_PRODUCTO(PROVEEDOR_ID,PRODUCTO_ID,PRECIO_COMPRA) VALUES(6,875, 0.000000);

-- ===========PRODUCTO [876]
INSERT INTO PRODUCTO(ID,MARCA_ID,LINEA_ID,NOMBRE,PRESENTACION,CONTENIDO,UNIDADES_POR_CAJA,COSTO,COSTO_VENTA,PRECIO_BASE,UNIDAD_MEDIDA,CODIGO_BARRAS,ABREBIATURA) VALUES(876,17,14,'Palmolive Optims Shampoo','Reparacion completa',700.0,12.0,0.000000,0.000000,0.000000,'Ml','7509546045290','Palm Sh Rep Com 700');

INSERT INTO MOVIMIENTO_HISTORICO_PRODUCTO (ALMACEN_ID,PRODUCTO_ID,FECHA,TIPO_MOVIMIENTO_ID,CANTIDAD,COSTO,PRECIO,USUARIO_ID) VALUES(1,876,now(),30,12,0.000000,0.000000,'root');
INSERT INTO ALMACEN_PRODUCTO(ALMACEN_ID,PRODUCTO_ID,CANTIDAD_ACTUAL,PRECIO_VENTA) VALUES (1,876,12,0.000000);

INSERT INTO ALMACEN_PRODUCTO(ALMACEN_ID,PRODUCTO_ID,CANTIDAD_ACTUAL,PRECIO_VENTA) VALUES (2,876,0,0.000000);

INSERT INTO ALMACEN_PRODUCTO(ALMACEN_ID,PRODUCTO_ID,CANTIDAD_ACTUAL,PRECIO_VENTA) VALUES (3,876,12,0.000000);

INSERT INTO ALMACEN_PRODUCTO(ALMACEN_ID,PRODUCTO_ID,CANTIDAD_ACTUAL,PRECIO_VENTA) VALUES (4,876,0,0.000000);

INSERT INTO PROVEEDOR_PRODUCTO(PROVEEDOR_ID,PRODUCTO_ID,PRECIO_COMPRA) VALUES(6,876, 0.000000);

-- ===========PRODUCTO [877]
INSERT INTO PRODUCTO(ID,MARCA_ID,LINEA_ID,NOMBRE,PRESENTACION,CONTENIDO,UNIDADES_POR_CAJA,COSTO,COSTO_VENTA,PRECIO_BASE,UNIDAD_MEDIDA,CODIGO_BARRAS,ABREBIATURA) VALUES(877,17,14,'Palmolive Optims Shampoo','3 intensivo',700.0,12.0,0.000000,0.000000,0.000000,'Ml','7509546045597','Palm Sh 3 Intens 700m');

INSERT INTO MOVIMIENTO_HISTORICO_PRODUCTO (ALMACEN_ID,PRODUCTO_ID,FECHA,TIPO_MOVIMIENTO_ID,CANTIDAD,COSTO,PRECIO,USUARIO_ID) VALUES(1,877,now(),30,12,0.000000,0.000000,'root');
INSERT INTO ALMACEN_PRODUCTO(ALMACEN_ID,PRODUCTO_ID,CANTIDAD_ACTUAL,PRECIO_VENTA) VALUES (1,877,12,0.000000);

INSERT INTO ALMACEN_PRODUCTO(ALMACEN_ID,PRODUCTO_ID,CANTIDAD_ACTUAL,PRECIO_VENTA) VALUES (2,877,0,0.000000);

INSERT INTO ALMACEN_PRODUCTO(ALMACEN_ID,PRODUCTO_ID,CANTIDAD_ACTUAL,PRECIO_VENTA) VALUES (3,877,12,0.000000);

INSERT INTO ALMACEN_PRODUCTO(ALMACEN_ID,PRODUCTO_ID,CANTIDAD_ACTUAL,PRECIO_VENTA) VALUES (4,877,0,0.000000);

INSERT INTO PROVEEDOR_PRODUCTO(PROVEEDOR_ID,PRODUCTO_ID,PRECIO_COMPRA) VALUES(6,877, 0.000000);

-- ===========PRODUCTO [878]
INSERT INTO PRODUCTO(ID,MARCA_ID,LINEA_ID,NOMBRE,PRESENTACION,CONTENIDO,UNIDADES_POR_CAJA,COSTO,COSTO_VENTA,PRECIO_BASE,UNIDAD_MEDIDA,CODIGO_BARRAS,ABREBIATURA) VALUES(878,17,14,'Palmolive Optims Shampoo','Fuerza Protectora',700.0,12.0,0.000000,0.000000,0.000000,'Ml','7509546050652','Palm Sh Fza Prot 700m');

INSERT INTO MOVIMIENTO_HISTORICO_PRODUCTO (ALMACEN_ID,PRODUCTO_ID,FECHA,TIPO_MOVIMIENTO_ID,CANTIDAD,COSTO,PRECIO,USUARIO_ID) VALUES(1,878,now(),30,12,0.000000,0.000000,'root');
INSERT INTO ALMACEN_PRODUCTO(ALMACEN_ID,PRODUCTO_ID,CANTIDAD_ACTUAL,PRECIO_VENTA) VALUES (1,878,12,0.000000);

INSERT INTO ALMACEN_PRODUCTO(ALMACEN_ID,PRODUCTO_ID,CANTIDAD_ACTUAL,PRECIO_VENTA) VALUES (2,878,0,0.000000);

INSERT INTO ALMACEN_PRODUCTO(ALMACEN_ID,PRODUCTO_ID,CANTIDAD_ACTUAL,PRECIO_VENTA) VALUES (3,878,12,0.000000);

INSERT INTO ALMACEN_PRODUCTO(ALMACEN_ID,PRODUCTO_ID,CANTIDAD_ACTUAL,PRECIO_VENTA) VALUES (4,878,0,0.000000);

INSERT INTO PROVEEDOR_PRODUCTO(PROVEEDOR_ID,PRODUCTO_ID,PRECIO_COMPRA) VALUES(6,878, 0.000000);

-- ===========PRODUCTO [879]
INSERT INTO PRODUCTO(ID,MARCA_ID,LINEA_ID,NOMBRE,PRESENTACION,CONTENIDO,UNIDADES_POR_CAJA,COSTO,COSTO_VENTA,PRECIO_BASE,UNIDAD_MEDIDA,CODIGO_BARRAS,ABREBIATURA) VALUES(879,17,14,'Palmolive Optims Pack Sh 400ml + Acond 200ml','4 Extra Intensivo',2.0,12.0,0.000000,0.000000,0.000000,'Pz','7509546051505','Palm pck Sh + Ac 4 Ext');

INSERT INTO MOVIMIENTO_HISTORICO_PRODUCTO (ALMACEN_ID,PRODUCTO_ID,FECHA,TIPO_MOVIMIENTO_ID,CANTIDAD,COSTO,PRECIO,USUARIO_ID) VALUES(1,879,now(),30,11,0.000000,0.000000,'root');
INSERT INTO ALMACEN_PRODUCTO(ALMACEN_ID,PRODUCTO_ID,CANTIDAD_ACTUAL,PRECIO_VENTA) VALUES (1,879,11,0.000000);

INSERT INTO ALMACEN_PRODUCTO(ALMACEN_ID,PRODUCTO_ID,CANTIDAD_ACTUAL,PRECIO_VENTA) VALUES (2,879,0,0.000000);

INSERT INTO ALMACEN_PRODUCTO(ALMACEN_ID,PRODUCTO_ID,CANTIDAD_ACTUAL,PRECIO_VENTA) VALUES (3,879,11,0.000000);

INSERT INTO ALMACEN_PRODUCTO(ALMACEN_ID,PRODUCTO_ID,CANTIDAD_ACTUAL,PRECIO_VENTA) VALUES (4,879,0,0.000000);

INSERT INTO PROVEEDOR_PRODUCTO(PROVEEDOR_ID,PRODUCTO_ID,PRECIO_COMPRA) VALUES(6,879, 0.000000);

-- ===========PRODUCTO [880]
INSERT INTO PRODUCTO(ID,MARCA_ID,LINEA_ID,NOMBRE,PRESENTACION,CONTENIDO,UNIDADES_POR_CAJA,COSTO,COSTO_VENTA,PRECIO_BASE,UNIDAD_MEDIDA,CODIGO_BARRAS,ABREBIATURA) VALUES(880,34,14,'Alert Shampoo Hidratante','Cabello Normal',700.0,12.0,0.000000,0.000000,0.000000,'ML','7509546000923','Alert Sh Normal 700ml');

INSERT INTO MOVIMIENTO_HISTORICO_PRODUCTO (ALMACEN_ID,PRODUCTO_ID,FECHA,TIPO_MOVIMIENTO_ID,CANTIDAD,COSTO,PRECIO,USUARIO_ID) VALUES(1,880,now(),30,12,0.000000,0.000000,'root');
INSERT INTO ALMACEN_PRODUCTO(ALMACEN_ID,PRODUCTO_ID,CANTIDAD_ACTUAL,PRECIO_VENTA) VALUES (1,880,12,0.000000);

INSERT INTO ALMACEN_PRODUCTO(ALMACEN_ID,PRODUCTO_ID,CANTIDAD_ACTUAL,PRECIO_VENTA) VALUES (2,880,0,0.000000);

INSERT INTO ALMACEN_PRODUCTO(ALMACEN_ID,PRODUCTO_ID,CANTIDAD_ACTUAL,PRECIO_VENTA) VALUES (3,880,12,0.000000);

INSERT INTO ALMACEN_PRODUCTO(ALMACEN_ID,PRODUCTO_ID,CANTIDAD_ACTUAL,PRECIO_VENTA) VALUES (4,880,0,0.000000);

INSERT INTO PROVEEDOR_PRODUCTO(PROVEEDOR_ID,PRODUCTO_ID,PRECIO_COMPRA) VALUES(6,880, 0.000000);

-- ===========PRODUCTO [881]
INSERT INTO PRODUCTO(ID,MARCA_ID,LINEA_ID,NOMBRE,PRESENTACION,CONTENIDO,UNIDADES_POR_CAJA,COSTO,COSTO_VENTA,PRECIO_BASE,UNIDAD_MEDIDA,CODIGO_BARRAS,ABREBIATURA) VALUES(881,34,14,'Alert Shampoo Hidratante','Cabello Seco',700.0,12.0,0.000000,0.000000,0.000000,'ML','7509546000930','Alert Sh Seco 700ml');

INSERT INTO MOVIMIENTO_HISTORICO_PRODUCTO (ALMACEN_ID,PRODUCTO_ID,FECHA,TIPO_MOVIMIENTO_ID,CANTIDAD,COSTO,PRECIO,USUARIO_ID) VALUES(1,881,now(),30,12,0.000000,0.000000,'root');
INSERT INTO ALMACEN_PRODUCTO(ALMACEN_ID,PRODUCTO_ID,CANTIDAD_ACTUAL,PRECIO_VENTA) VALUES (1,881,12,0.000000);

INSERT INTO ALMACEN_PRODUCTO(ALMACEN_ID,PRODUCTO_ID,CANTIDAD_ACTUAL,PRECIO_VENTA) VALUES (2,881,0,0.000000);

INSERT INTO ALMACEN_PRODUCTO(ALMACEN_ID,PRODUCTO_ID,CANTIDAD_ACTUAL,PRECIO_VENTA) VALUES (3,881,12,0.000000);

INSERT INTO ALMACEN_PRODUCTO(ALMACEN_ID,PRODUCTO_ID,CANTIDAD_ACTUAL,PRECIO_VENTA) VALUES (4,881,0,0.000000);

INSERT INTO PROVEEDOR_PRODUCTO(PROVEEDOR_ID,PRODUCTO_ID,PRECIO_COMPRA) VALUES(6,881, 0.000000);

-- ===========PRODUCTO [882]
INSERT INTO PRODUCTO(ID,MARCA_ID,LINEA_ID,NOMBRE,PRESENTACION,CONTENIDO,UNIDADES_POR_CAJA,COSTO,COSTO_VENTA,PRECIO_BASE,UNIDAD_MEDIDA,CODIGO_BARRAS,ABREBIATURA) VALUES(882,34,14,'Alert Shampoo Hidratante','Anticaspa 2en1',400.0,12.0,20.668103,20.668103,28.770000,'ML','7509546014555','Alert Sh Caspa 400ml');

INSERT INTO MOVIMIENTO_HISTORICO_PRODUCTO (ALMACEN_ID,PRODUCTO_ID,FECHA,TIPO_MOVIMIENTO_ID,CANTIDAD,COSTO,PRECIO,USUARIO_ID) VALUES(1,882,now(),30,12,20.668103,28.770000,'root');
INSERT INTO ALMACEN_PRODUCTO(ALMACEN_ID,PRODUCTO_ID,CANTIDAD_ACTUAL,PRECIO_VENTA) VALUES (1,882,12,28.770000);

INSERT INTO ALMACEN_PRODUCTO(ALMACEN_ID,PRODUCTO_ID,CANTIDAD_ACTUAL,PRECIO_VENTA) VALUES (2,882,0,0.000000);

INSERT INTO ALMACEN_PRODUCTO(ALMACEN_ID,PRODUCTO_ID,CANTIDAD_ACTUAL,PRECIO_VENTA) VALUES (3,882,12,26.900000);

INSERT INTO ALMACEN_PRODUCTO(ALMACEN_ID,PRODUCTO_ID,CANTIDAD_ACTUAL,PRECIO_VENTA) VALUES (4,882,0,0.000000);

INSERT INTO PROVEEDOR_PRODUCTO(PROVEEDOR_ID,PRODUCTO_ID,PRECIO_COMPRA) VALUES(6,882, 20.668103);

-- ===========PRODUCTO [883]
INSERT INTO PRODUCTO(ID,MARCA_ID,LINEA_ID,NOMBRE,PRESENTACION,CONTENIDO,UNIDADES_POR_CAJA,COSTO,COSTO_VENTA,PRECIO_BASE,UNIDAD_MEDIDA,CODIGO_BARRAS,ABREBIATURA) VALUES(883,34,14,'Alert Shampoo Hidratante','Hidratante Normal',400.0,12.0,20.668103,20.668103,28.770000,'ML','7509546000954','Alert Sh Normal 400ml');

INSERT INTO MOVIMIENTO_HISTORICO_PRODUCTO (ALMACEN_ID,PRODUCTO_ID,FECHA,TIPO_MOVIMIENTO_ID,CANTIDAD,COSTO,PRECIO,USUARIO_ID) VALUES(1,883,now(),30,12,20.668103,28.770000,'root');
INSERT INTO ALMACEN_PRODUCTO(ALMACEN_ID,PRODUCTO_ID,CANTIDAD_ACTUAL,PRECIO_VENTA) VALUES (1,883,12,28.770000);

INSERT INTO ALMACEN_PRODUCTO(ALMACEN_ID,PRODUCTO_ID,CANTIDAD_ACTUAL,PRECIO_VENTA) VALUES (2,883,0,0.000000);

INSERT INTO ALMACEN_PRODUCTO(ALMACEN_ID,PRODUCTO_ID,CANTIDAD_ACTUAL,PRECIO_VENTA) VALUES (3,883,12,26.900000);

INSERT INTO ALMACEN_PRODUCTO(ALMACEN_ID,PRODUCTO_ID,CANTIDAD_ACTUAL,PRECIO_VENTA) VALUES (4,883,0,0.000000);

INSERT INTO PROVEEDOR_PRODUCTO(PROVEEDOR_ID,PRODUCTO_ID,PRECIO_COMPRA) VALUES(6,883, 20.668103);

-- ===========PRODUCTO [884]
INSERT INTO PRODUCTO(ID,MARCA_ID,LINEA_ID,NOMBRE,PRESENTACION,CONTENIDO,UNIDADES_POR_CAJA,COSTO,COSTO_VENTA,PRECIO_BASE,UNIDAD_MEDIDA,CODIGO_BARRAS,ABREBIATURA) VALUES(884,34,14,'Alert Shampoo Hidratante','Uso Diario',400.0,12.0,20.668103,20.668103,28.770000,'ML','7509546000947','Alert Sh Uso Diar 400');

INSERT INTO MOVIMIENTO_HISTORICO_PRODUCTO (ALMACEN_ID,PRODUCTO_ID,FECHA,TIPO_MOVIMIENTO_ID,CANTIDAD,COSTO,PRECIO,USUARIO_ID) VALUES(1,884,now(),30,12,20.668103,28.770000,'root');
INSERT INTO ALMACEN_PRODUCTO(ALMACEN_ID,PRODUCTO_ID,CANTIDAD_ACTUAL,PRECIO_VENTA) VALUES (1,884,12,28.770000);

INSERT INTO ALMACEN_PRODUCTO(ALMACEN_ID,PRODUCTO_ID,CANTIDAD_ACTUAL,PRECIO_VENTA) VALUES (2,884,0,0.000000);

INSERT INTO ALMACEN_PRODUCTO(ALMACEN_ID,PRODUCTO_ID,CANTIDAD_ACTUAL,PRECIO_VENTA) VALUES (3,884,12,26.900000);

INSERT INTO ALMACEN_PRODUCTO(ALMACEN_ID,PRODUCTO_ID,CANTIDAD_ACTUAL,PRECIO_VENTA) VALUES (4,884,0,0.000000);

INSERT INTO PROVEEDOR_PRODUCTO(PROVEEDOR_ID,PRODUCTO_ID,PRECIO_COMPRA) VALUES(6,884, 20.668103);

-- ===========PRODUCTO [885]
INSERT INTO PRODUCTO(ID,MARCA_ID,LINEA_ID,NOMBRE,PRESENTACION,CONTENIDO,UNIDADES_POR_CAJA,COSTO,COSTO_VENTA,PRECIO_BASE,UNIDAD_MEDIDA,CODIGO_BARRAS,ABREBIATURA) VALUES(885,82,9,'Fabuloso Limpiador','Fresca Lavanda',5.0,3.0,0.000000,0.000000,0.000000,'LT','7501035905382','Fabuloso Lavnda 5Lt');

INSERT INTO MOVIMIENTO_HISTORICO_PRODUCTO (ALMACEN_ID,PRODUCTO_ID,FECHA,TIPO_MOVIMIENTO_ID,CANTIDAD,COSTO,PRECIO,USUARIO_ID) VALUES(1,885,now(),30,8,0.000000,0.000000,'root');
INSERT INTO ALMACEN_PRODUCTO(ALMACEN_ID,PRODUCTO_ID,CANTIDAD_ACTUAL,PRECIO_VENTA) VALUES (1,885,8,0.000000);

INSERT INTO ALMACEN_PRODUCTO(ALMACEN_ID,PRODUCTO_ID,CANTIDAD_ACTUAL,PRECIO_VENTA) VALUES (2,885,0,0.000000);

INSERT INTO ALMACEN_PRODUCTO(ALMACEN_ID,PRODUCTO_ID,CANTIDAD_ACTUAL,PRECIO_VENTA) VALUES (3,885,8,54.500000);

INSERT INTO ALMACEN_PRODUCTO(ALMACEN_ID,PRODUCTO_ID,CANTIDAD_ACTUAL,PRECIO_VENTA) VALUES (4,885,0,0.000000);

INSERT INTO PROVEEDOR_PRODUCTO(PROVEEDOR_ID,PRODUCTO_ID,PRECIO_COMPRA) VALUES(6,885, 0.000000);

-- ===========PRODUCTO [887]
INSERT INTO PRODUCTO(ID,MARCA_ID,LINEA_ID,NOMBRE,PRESENTACION,CONTENIDO,UNIDADES_POR_CAJA,COSTO,COSTO_VENTA,PRECIO_BASE,UNIDAD_MEDIDA,CODIGO_BARRAS,ABREBIATURA) VALUES(887,68,9,'Suavitel Momentos Magicos','Besos de Flores',1.3,12.0,0.000000,0.000000,0.000000,'LT','7509546032900','Suav M Mag Flor 1.3Lt');

INSERT INTO MOVIMIENTO_HISTORICO_PRODUCTO (ALMACEN_ID,PRODUCTO_ID,FECHA,TIPO_MOVIMIENTO_ID,CANTIDAD,COSTO,PRECIO,USUARIO_ID) VALUES(1,887,now(),30,12,0.000000,0.000000,'root');
INSERT INTO ALMACEN_PRODUCTO(ALMACEN_ID,PRODUCTO_ID,CANTIDAD_ACTUAL,PRECIO_VENTA) VALUES (1,887,12,0.000000);

INSERT INTO ALMACEN_PRODUCTO(ALMACEN_ID,PRODUCTO_ID,CANTIDAD_ACTUAL,PRECIO_VENTA) VALUES (2,887,0,0.000000);

INSERT INTO ALMACEN_PRODUCTO(ALMACEN_ID,PRODUCTO_ID,CANTIDAD_ACTUAL,PRECIO_VENTA) VALUES (3,887,12,0.000000);

INSERT INTO ALMACEN_PRODUCTO(ALMACEN_ID,PRODUCTO_ID,CANTIDAD_ACTUAL,PRECIO_VENTA) VALUES (4,887,0,0.000000);

INSERT INTO PROVEEDOR_PRODUCTO(PROVEEDOR_ID,PRODUCTO_ID,PRECIO_COMPRA) VALUES(6,887, 0.000000);

-- ===========PRODUCTO [888]
INSERT INTO PRODUCTO(ID,MARCA_ID,LINEA_ID,NOMBRE,PRESENTACION,CONTENIDO,UNIDADES_POR_CAJA,COSTO,COSTO_VENTA,PRECIO_BASE,UNIDAD_MEDIDA,CODIGO_BARRAS,ABREBIATURA) VALUES(888,68,9,'Suavitel Momentos Magicos','Abrazo de amor',1.3,12.0,0.000000,0.000000,0.000000,'LT','7509546032887','Suav M Mag Amor 1.3Lt');

INSERT INTO MOVIMIENTO_HISTORICO_PRODUCTO (ALMACEN_ID,PRODUCTO_ID,FECHA,TIPO_MOVIMIENTO_ID,CANTIDAD,COSTO,PRECIO,USUARIO_ID) VALUES(1,888,now(),30,12,0.000000,0.000000,'root');
INSERT INTO ALMACEN_PRODUCTO(ALMACEN_ID,PRODUCTO_ID,CANTIDAD_ACTUAL,PRECIO_VENTA) VALUES (1,888,12,0.000000);

INSERT INTO ALMACEN_PRODUCTO(ALMACEN_ID,PRODUCTO_ID,CANTIDAD_ACTUAL,PRECIO_VENTA) VALUES (2,888,0,0.000000);

INSERT INTO ALMACEN_PRODUCTO(ALMACEN_ID,PRODUCTO_ID,CANTIDAD_ACTUAL,PRECIO_VENTA) VALUES (3,888,12,0.000000);

INSERT INTO ALMACEN_PRODUCTO(ALMACEN_ID,PRODUCTO_ID,CANTIDAD_ACTUAL,PRECIO_VENTA) VALUES (4,888,0,0.000000);

INSERT INTO PROVEEDOR_PRODUCTO(PROVEEDOR_ID,PRODUCTO_ID,PRECIO_COMPRA) VALUES(6,888, 0.000000);

-- ===========PRODUCTO [889]
INSERT INTO PRODUCTO(ID,MARCA_ID,LINEA_ID,NOMBRE,PRESENTACION,CONTENIDO,UNIDADES_POR_CAJA,COSTO,COSTO_VENTA,PRECIO_BASE,UNIDAD_MEDIDA,CODIGO_BARRAS,ABREBIATURA) VALUES(889,68,9,'Suavitel Momentos Magicos','Abrazo de sol',1.3,12.0,0.000000,0.000000,0.000000,'LT','7509546032894','Suav M Mag Sol 1.3Lt');

INSERT INTO MOVIMIENTO_HISTORICO_PRODUCTO (ALMACEN_ID,PRODUCTO_ID,FECHA,TIPO_MOVIMIENTO_ID,CANTIDAD,COSTO,PRECIO,USUARIO_ID) VALUES(1,889,now(),30,23,0.000000,0.000000,'root');
INSERT INTO ALMACEN_PRODUCTO(ALMACEN_ID,PRODUCTO_ID,CANTIDAD_ACTUAL,PRECIO_VENTA) VALUES (1,889,23,0.000000);

INSERT INTO ALMACEN_PRODUCTO(ALMACEN_ID,PRODUCTO_ID,CANTIDAD_ACTUAL,PRECIO_VENTA) VALUES (2,889,0,0.000000);

INSERT INTO ALMACEN_PRODUCTO(ALMACEN_ID,PRODUCTO_ID,CANTIDAD_ACTUAL,PRECIO_VENTA) VALUES (3,889,23,0.000000);

INSERT INTO ALMACEN_PRODUCTO(ALMACEN_ID,PRODUCTO_ID,CANTIDAD_ACTUAL,PRECIO_VENTA) VALUES (4,889,0,0.000000);

INSERT INTO PROVEEDOR_PRODUCTO(PROVEEDOR_ID,PRODUCTO_ID,PRECIO_COMPRA) VALUES(6,889, 0.000000);

-- ===========PRODUCTO [890]
INSERT INTO PRODUCTO(ID,MARCA_ID,LINEA_ID,NOMBRE,PRESENTACION,CONTENIDO,UNIDADES_POR_CAJA,COSTO,COSTO_VENTA,PRECIO_BASE,UNIDAD_MEDIDA,CODIGO_BARRAS,ABREBIATURA) VALUES(890,68,9,'Suavitel Momentos Magicos','Caricias de Rosas',1.3,12.0,0.000000,0.000000,0.000000,'LT','7509546040615','Suav M Mag Rosa 1.3Lt');

INSERT INTO MOVIMIENTO_HISTORICO_PRODUCTO (ALMACEN_ID,PRODUCTO_ID,FECHA,TIPO_MOVIMIENTO_ID,CANTIDAD,COSTO,PRECIO,USUARIO_ID) VALUES(1,890,now(),30,12,0.000000,0.000000,'root');
INSERT INTO ALMACEN_PRODUCTO(ALMACEN_ID,PRODUCTO_ID,CANTIDAD_ACTUAL,PRECIO_VENTA) VALUES (1,890,12,0.000000);

INSERT INTO ALMACEN_PRODUCTO(ALMACEN_ID,PRODUCTO_ID,CANTIDAD_ACTUAL,PRECIO_VENTA) VALUES (2,890,0,0.000000);

INSERT INTO ALMACEN_PRODUCTO(ALMACEN_ID,PRODUCTO_ID,CANTIDAD_ACTUAL,PRECIO_VENTA) VALUES (3,890,12,0.000000);

INSERT INTO ALMACEN_PRODUCTO(ALMACEN_ID,PRODUCTO_ID,CANTIDAD_ACTUAL,PRECIO_VENTA) VALUES (4,890,0,0.000000);

INSERT INTO PROVEEDOR_PRODUCTO(PROVEEDOR_ID,PRODUCTO_ID,PRECIO_COMPRA) VALUES(6,890, 0.000000);

-- ===========PRODUCTO [891]
INSERT INTO PRODUCTO(ID,MARCA_ID,LINEA_ID,NOMBRE,PRESENTACION,CONTENIDO,UNIDADES_POR_CAJA,COSTO,COSTO_VENTA,PRECIO_BASE,UNIDAD_MEDIDA,CODIGO_BARRAS,ABREBIATURA) VALUES(891,68,9,'Suavitel Liquido','Planchado Perfecto',500.0,12.0,0.000000,0.000000,0.000000,'ML','14666000014','Suav Planch Perf 500ml');

INSERT INTO MOVIMIENTO_HISTORICO_PRODUCTO (ALMACEN_ID,PRODUCTO_ID,FECHA,TIPO_MOVIMIENTO_ID,CANTIDAD,COSTO,PRECIO,USUARIO_ID) VALUES(1,891,now(),30,10,0.000000,0.000000,'root');
INSERT INTO ALMACEN_PRODUCTO(ALMACEN_ID,PRODUCTO_ID,CANTIDAD_ACTUAL,PRECIO_VENTA) VALUES (1,891,10,0.000000);

INSERT INTO ALMACEN_PRODUCTO(ALMACEN_ID,PRODUCTO_ID,CANTIDAD_ACTUAL,PRECIO_VENTA) VALUES (2,891,0,0.000000);

INSERT INTO ALMACEN_PRODUCTO(ALMACEN_ID,PRODUCTO_ID,CANTIDAD_ACTUAL,PRECIO_VENTA) VALUES (3,891,10,0.000000);

INSERT INTO ALMACEN_PRODUCTO(ALMACEN_ID,PRODUCTO_ID,CANTIDAD_ACTUAL,PRECIO_VENTA) VALUES (4,891,0,0.000000);

INSERT INTO PROVEEDOR_PRODUCTO(PROVEEDOR_ID,PRODUCTO_ID,PRECIO_COMPRA) VALUES(6,891, 0.000000);

-- ===========PRODUCTO [892]
INSERT INTO PRODUCTO(ID,MARCA_ID,LINEA_ID,NOMBRE,PRESENTACION,CONTENIDO,UNIDADES_POR_CAJA,COSTO,COSTO_VENTA,PRECIO_BASE,UNIDAD_MEDIDA,CODIGO_BARRAS,ABREBIATURA) VALUES(892,17,10,'Palmolive Hydra Natura','Extra Seca Extra Intensiva',250.0,12.0,0.000000,0.000000,0.000000,'ML','7509546017945','Palm Cr Ex Seca Int 250');

INSERT INTO MOVIMIENTO_HISTORICO_PRODUCTO (ALMACEN_ID,PRODUCTO_ID,FECHA,TIPO_MOVIMIENTO_ID,CANTIDAD,COSTO,PRECIO,USUARIO_ID) VALUES(1,892,now(),30,8,0.000000,0.000000,'root');
INSERT INTO ALMACEN_PRODUCTO(ALMACEN_ID,PRODUCTO_ID,CANTIDAD_ACTUAL,PRECIO_VENTA) VALUES (1,892,8,0.000000);

INSERT INTO ALMACEN_PRODUCTO(ALMACEN_ID,PRODUCTO_ID,CANTIDAD_ACTUAL,PRECIO_VENTA) VALUES (2,892,0,0.000000);

INSERT INTO ALMACEN_PRODUCTO(ALMACEN_ID,PRODUCTO_ID,CANTIDAD_ACTUAL,PRECIO_VENTA) VALUES (3,892,8,0.000000);

INSERT INTO ALMACEN_PRODUCTO(ALMACEN_ID,PRODUCTO_ID,CANTIDAD_ACTUAL,PRECIO_VENTA) VALUES (4,892,0,0.000000);

INSERT INTO PROVEEDOR_PRODUCTO(PROVEEDOR_ID,PRODUCTO_ID,PRECIO_COMPRA) VALUES(6,892, 0.000000);

-- ===========PRODUCTO [893]
INSERT INTO PRODUCTO(ID,MARCA_ID,LINEA_ID,NOMBRE,PRESENTACION,CONTENIDO,UNIDADES_POR_CAJA,COSTO,COSTO_VENTA,PRECIO_BASE,UNIDAD_MEDIDA,CODIGO_BARRAS,ABREBIATURA) VALUES(893,17,10,'Palmolive Hydra Natura','Tono Perfecto',250.0,12.0,0.000000,0.000000,0.000000,'ML','7509546042084','Palm Cr Tono Perf 250m');

INSERT INTO MOVIMIENTO_HISTORICO_PRODUCTO (ALMACEN_ID,PRODUCTO_ID,FECHA,TIPO_MOVIMIENTO_ID,CANTIDAD,COSTO,PRECIO,USUARIO_ID) VALUES(1,893,now(),30,12,0.000000,0.000000,'root');
INSERT INTO ALMACEN_PRODUCTO(ALMACEN_ID,PRODUCTO_ID,CANTIDAD_ACTUAL,PRECIO_VENTA) VALUES (1,893,12,0.000000);

INSERT INTO ALMACEN_PRODUCTO(ALMACEN_ID,PRODUCTO_ID,CANTIDAD_ACTUAL,PRECIO_VENTA) VALUES (2,893,0,0.000000);

INSERT INTO ALMACEN_PRODUCTO(ALMACEN_ID,PRODUCTO_ID,CANTIDAD_ACTUAL,PRECIO_VENTA) VALUES (3,893,12,0.000000);

INSERT INTO ALMACEN_PRODUCTO(ALMACEN_ID,PRODUCTO_ID,CANTIDAD_ACTUAL,PRECIO_VENTA) VALUES (4,893,0,0.000000);

INSERT INTO PROVEEDOR_PRODUCTO(PROVEEDOR_ID,PRODUCTO_ID,PRECIO_COMPRA) VALUES(6,893, 0.000000);

-- ===========PRODUCTO [894]
INSERT INTO PRODUCTO(ID,MARCA_ID,LINEA_ID,NOMBRE,PRESENTACION,CONTENIDO,UNIDADES_POR_CAJA,COSTO,COSTO_VENTA,PRECIO_BASE,UNIDAD_MEDIDA,CODIGO_BARRAS,ABREBIATURA) VALUES(894,26,4,'Speed Stick Aerosol','Waterproof',215.0,12.0,0.000000,0.000000,0.000000,'ML','7509546043661','Speed S Aer Water 215');

INSERT INTO MOVIMIENTO_HISTORICO_PRODUCTO (ALMACEN_ID,PRODUCTO_ID,FECHA,TIPO_MOVIMIENTO_ID,CANTIDAD,COSTO,PRECIO,USUARIO_ID) VALUES(1,894,now(),30,12,0.000000,0.000000,'root');
INSERT INTO ALMACEN_PRODUCTO(ALMACEN_ID,PRODUCTO_ID,CANTIDAD_ACTUAL,PRECIO_VENTA) VALUES (1,894,12,0.000000);

INSERT INTO ALMACEN_PRODUCTO(ALMACEN_ID,PRODUCTO_ID,CANTIDAD_ACTUAL,PRECIO_VENTA) VALUES (2,894,0,0.000000);

INSERT INTO ALMACEN_PRODUCTO(ALMACEN_ID,PRODUCTO_ID,CANTIDAD_ACTUAL,PRECIO_VENTA) VALUES (3,894,12,0.000000);

INSERT INTO ALMACEN_PRODUCTO(ALMACEN_ID,PRODUCTO_ID,CANTIDAD_ACTUAL,PRECIO_VENTA) VALUES (4,894,0,0.000000);

INSERT INTO PROVEEDOR_PRODUCTO(PROVEEDOR_ID,PRODUCTO_ID,PRECIO_COMPRA) VALUES(6,894, 0.000000);

-- ===========PRODUCTO [895]
INSERT INTO PRODUCTO(ID,MARCA_ID,LINEA_ID,NOMBRE,PRESENTACION,CONTENIDO,UNIDADES_POR_CAJA,COSTO,COSTO_VENTA,PRECIO_BASE,UNIDAD_MEDIDA,CODIGO_BARRAS,ABREBIATURA) VALUES(895,26,4,'Speed Stick Aerosol','Extreme Ultra',165.0,12.0,0.000000,0.000000,0.000000,'ML','7509546045337','Speed S Aer Extre 165');

INSERT INTO MOVIMIENTO_HISTORICO_PRODUCTO (ALMACEN_ID,PRODUCTO_ID,FECHA,TIPO_MOVIMIENTO_ID,CANTIDAD,COSTO,PRECIO,USUARIO_ID) VALUES(1,895,now(),30,12,0.000000,0.000000,'root');
INSERT INTO ALMACEN_PRODUCTO(ALMACEN_ID,PRODUCTO_ID,CANTIDAD_ACTUAL,PRECIO_VENTA) VALUES (1,895,12,0.000000);

INSERT INTO ALMACEN_PRODUCTO(ALMACEN_ID,PRODUCTO_ID,CANTIDAD_ACTUAL,PRECIO_VENTA) VALUES (2,895,0,0.000000);

INSERT INTO ALMACEN_PRODUCTO(ALMACEN_ID,PRODUCTO_ID,CANTIDAD_ACTUAL,PRECIO_VENTA) VALUES (3,895,12,0.000000);

INSERT INTO ALMACEN_PRODUCTO(ALMACEN_ID,PRODUCTO_ID,CANTIDAD_ACTUAL,PRECIO_VENTA) VALUES (4,895,0,0.000000);

INSERT INTO PROVEEDOR_PRODUCTO(PROVEEDOR_ID,PRODUCTO_ID,PRECIO_COMPRA) VALUES(6,895, 0.000000);

-- ===========PRODUCTO [896]
INSERT INTO PRODUCTO(ID,MARCA_ID,LINEA_ID,NOMBRE,PRESENTACION,CONTENIDO,UNIDADES_POR_CAJA,COSTO,COSTO_VENTA,PRECIO_BASE,UNIDAD_MEDIDA,CODIGO_BARRAS,ABREBIATURA) VALUES(896,26,4,'Speed Stick Aerosol','Icy Surge',165.0,12.0,0.000000,0.000000,0.000000,'ML','7509546028804','Speed S Aer Icy S 165');

INSERT INTO MOVIMIENTO_HISTORICO_PRODUCTO (ALMACEN_ID,PRODUCTO_ID,FECHA,TIPO_MOVIMIENTO_ID,CANTIDAD,COSTO,PRECIO,USUARIO_ID) VALUES(1,896,now(),30,12,0.000000,0.000000,'root');
INSERT INTO ALMACEN_PRODUCTO(ALMACEN_ID,PRODUCTO_ID,CANTIDAD_ACTUAL,PRECIO_VENTA) VALUES (1,896,12,0.000000);

INSERT INTO ALMACEN_PRODUCTO(ALMACEN_ID,PRODUCTO_ID,CANTIDAD_ACTUAL,PRECIO_VENTA) VALUES (2,896,0,0.000000);

INSERT INTO ALMACEN_PRODUCTO(ALMACEN_ID,PRODUCTO_ID,CANTIDAD_ACTUAL,PRECIO_VENTA) VALUES (3,896,12,0.000000);

INSERT INTO ALMACEN_PRODUCTO(ALMACEN_ID,PRODUCTO_ID,CANTIDAD_ACTUAL,PRECIO_VENTA) VALUES (4,896,0,0.000000);

INSERT INTO PROVEEDOR_PRODUCTO(PROVEEDOR_ID,PRODUCTO_ID,PRECIO_COMPRA) VALUES(6,896, 0.000000);

-- ===========PRODUCTO [897]
INSERT INTO PRODUCTO(ID,MARCA_ID,LINEA_ID,NOMBRE,PRESENTACION,CONTENIDO,UNIDADES_POR_CAJA,COSTO,COSTO_VENTA,PRECIO_BASE,UNIDAD_MEDIDA,CODIGO_BARRAS,ABREBIATURA) VALUES(897,26,4,'Speed Stick Aerosol','Cool Nihgt',57.7,24.0,0.000000,0.000000,0.000000,'ML','7509546029498','Speed S Aer C Nig 57.7');

INSERT INTO MOVIMIENTO_HISTORICO_PRODUCTO (ALMACEN_ID,PRODUCTO_ID,FECHA,TIPO_MOVIMIENTO_ID,CANTIDAD,COSTO,PRECIO,USUARIO_ID) VALUES(1,897,now(),30,24,0.000000,0.000000,'root');
INSERT INTO ALMACEN_PRODUCTO(ALMACEN_ID,PRODUCTO_ID,CANTIDAD_ACTUAL,PRECIO_VENTA) VALUES (1,897,24,0.000000);

INSERT INTO ALMACEN_PRODUCTO(ALMACEN_ID,PRODUCTO_ID,CANTIDAD_ACTUAL,PRECIO_VENTA) VALUES (2,897,0,0.000000);

INSERT INTO ALMACEN_PRODUCTO(ALMACEN_ID,PRODUCTO_ID,CANTIDAD_ACTUAL,PRECIO_VENTA) VALUES (3,897,24,0.000000);

INSERT INTO ALMACEN_PRODUCTO(ALMACEN_ID,PRODUCTO_ID,CANTIDAD_ACTUAL,PRECIO_VENTA) VALUES (4,897,0,0.000000);

INSERT INTO PROVEEDOR_PRODUCTO(PROVEEDOR_ID,PRODUCTO_ID,PRECIO_COMPRA) VALUES(6,897, 0.000000);

-- ===========PRODUCTO [898]
INSERT INTO PRODUCTO(ID,MARCA_ID,LINEA_ID,NOMBRE,PRESENTACION,CONTENIDO,UNIDADES_POR_CAJA,COSTO,COSTO_VENTA,PRECIO_BASE,UNIDAD_MEDIDA,CODIGO_BARRAS,ABREBIATURA) VALUES(898,26,4,'speed Stick Barra','Cool Nihgt',76.0,12.0,0.000000,0.000000,0.000000,'G','7509546044880','Speed S Bar C Night 76g');

INSERT INTO MOVIMIENTO_HISTORICO_PRODUCTO (ALMACEN_ID,PRODUCTO_ID,FECHA,TIPO_MOVIMIENTO_ID,CANTIDAD,COSTO,PRECIO,USUARIO_ID) VALUES(1,898,now(),30,12,0.000000,0.000000,'root');
INSERT INTO ALMACEN_PRODUCTO(ALMACEN_ID,PRODUCTO_ID,CANTIDAD_ACTUAL,PRECIO_VENTA) VALUES (1,898,12,0.000000);

INSERT INTO ALMACEN_PRODUCTO(ALMACEN_ID,PRODUCTO_ID,CANTIDAD_ACTUAL,PRECIO_VENTA) VALUES (2,898,0,0.000000);

INSERT INTO ALMACEN_PRODUCTO(ALMACEN_ID,PRODUCTO_ID,CANTIDAD_ACTUAL,PRECIO_VENTA) VALUES (3,898,12,26.900000);

INSERT INTO ALMACEN_PRODUCTO(ALMACEN_ID,PRODUCTO_ID,CANTIDAD_ACTUAL,PRECIO_VENTA) VALUES (4,898,0,0.000000);

INSERT INTO PROVEEDOR_PRODUCTO(PROVEEDOR_ID,PRODUCTO_ID,PRECIO_COMPRA) VALUES(6,898, 0.000000);

-- ===========PRODUCTO [899]
INSERT INTO PRODUCTO(ID,MARCA_ID,LINEA_ID,NOMBRE,PRESENTACION,CONTENIDO,UNIDADES_POR_CAJA,COSTO,COSTO_VENTA,PRECIO_BASE,UNIDAD_MEDIDA,CODIGO_BARRAS,ABREBIATURA) VALUES(899,26,4,'Speed Stick Rollon','Extreme Ultra',50.0,12.0,0.000000,0.000000,0.000000,'ML','7509546045344','Speed S R-o Extr 50ml');

INSERT INTO MOVIMIENTO_HISTORICO_PRODUCTO (ALMACEN_ID,PRODUCTO_ID,FECHA,TIPO_MOVIMIENTO_ID,CANTIDAD,COSTO,PRECIO,USUARIO_ID) VALUES(1,899,now(),30,12,0.000000,0.000000,'root');
INSERT INTO ALMACEN_PRODUCTO(ALMACEN_ID,PRODUCTO_ID,CANTIDAD_ACTUAL,PRECIO_VENTA) VALUES (1,899,12,0.000000);

INSERT INTO ALMACEN_PRODUCTO(ALMACEN_ID,PRODUCTO_ID,CANTIDAD_ACTUAL,PRECIO_VENTA) VALUES (2,899,0,0.000000);

INSERT INTO ALMACEN_PRODUCTO(ALMACEN_ID,PRODUCTO_ID,CANTIDAD_ACTUAL,PRECIO_VENTA) VALUES (3,899,12,0.000000);

INSERT INTO ALMACEN_PRODUCTO(ALMACEN_ID,PRODUCTO_ID,CANTIDAD_ACTUAL,PRECIO_VENTA) VALUES (4,899,0,0.000000);

INSERT INTO PROVEEDOR_PRODUCTO(PROVEEDOR_ID,PRODUCTO_ID,PRECIO_COMPRA) VALUES(6,899, 0.000000);

-- ===========PRODUCTO [900]
INSERT INTO PRODUCTO(ID,MARCA_ID,LINEA_ID,NOMBRE,PRESENTACION,CONTENIDO,UNIDADES_POR_CAJA,COSTO,COSTO_VENTA,PRECIO_BASE,UNIDAD_MEDIDA,CODIGO_BARRAS,ABREBIATURA) VALUES(900,26,4,'Stefano Stick Caballero','Black',60.0,12.0,0.000000,0.000000,0.000000,'G','7501035909007','Stef Bar Black 60g');

INSERT INTO MOVIMIENTO_HISTORICO_PRODUCTO (ALMACEN_ID,PRODUCTO_ID,FECHA,TIPO_MOVIMIENTO_ID,CANTIDAD,COSTO,PRECIO,USUARIO_ID) VALUES(1,900,now(),30,12,0.000000,0.000000,'root');
INSERT INTO ALMACEN_PRODUCTO(ALMACEN_ID,PRODUCTO_ID,CANTIDAD_ACTUAL,PRECIO_VENTA) VALUES (1,900,12,0.000000);

INSERT INTO ALMACEN_PRODUCTO(ALMACEN_ID,PRODUCTO_ID,CANTIDAD_ACTUAL,PRECIO_VENTA) VALUES (2,900,0,0.000000);

INSERT INTO ALMACEN_PRODUCTO(ALMACEN_ID,PRODUCTO_ID,CANTIDAD_ACTUAL,PRECIO_VENTA) VALUES (3,900,12,0.000000);

INSERT INTO ALMACEN_PRODUCTO(ALMACEN_ID,PRODUCTO_ID,CANTIDAD_ACTUAL,PRECIO_VENTA) VALUES (4,900,0,0.000000);

INSERT INTO PROVEEDOR_PRODUCTO(PROVEEDOR_ID,PRODUCTO_ID,PRECIO_COMPRA) VALUES(6,900, 0.000000);

-- ===========PRODUCTO [901]
INSERT INTO PRODUCTO(ID,MARCA_ID,LINEA_ID,NOMBRE,PRESENTACION,CONTENIDO,UNIDADES_POR_CAJA,COSTO,COSTO_VENTA,PRECIO_BASE,UNIDAD_MEDIDA,CODIGO_BARRAS,ABREBIATURA) VALUES(901,26,4,'Stefano Stick Caballero','Fire',60.0,12.0,0.000000,0.000000,0.000000,'G','7509546043807','Stef Bar Fire 60g');

INSERT INTO MOVIMIENTO_HISTORICO_PRODUCTO (ALMACEN_ID,PRODUCTO_ID,FECHA,TIPO_MOVIMIENTO_ID,CANTIDAD,COSTO,PRECIO,USUARIO_ID) VALUES(1,901,now(),30,12,0.000000,0.000000,'root');
INSERT INTO ALMACEN_PRODUCTO(ALMACEN_ID,PRODUCTO_ID,CANTIDAD_ACTUAL,PRECIO_VENTA) VALUES (1,901,12,0.000000);

INSERT INTO ALMACEN_PRODUCTO(ALMACEN_ID,PRODUCTO_ID,CANTIDAD_ACTUAL,PRECIO_VENTA) VALUES (2,901,0,0.000000);

INSERT INTO ALMACEN_PRODUCTO(ALMACEN_ID,PRODUCTO_ID,CANTIDAD_ACTUAL,PRECIO_VENTA) VALUES (3,901,12,0.000000);

INSERT INTO ALMACEN_PRODUCTO(ALMACEN_ID,PRODUCTO_ID,CANTIDAD_ACTUAL,PRECIO_VENTA) VALUES (4,901,0,0.000000);

INSERT INTO PROVEEDOR_PRODUCTO(PROVEEDOR_ID,PRODUCTO_ID,PRECIO_COMPRA) VALUES(6,901, 0.000000);

-- ===========PRODUCTO [902]
INSERT INTO PRODUCTO(ID,MARCA_ID,LINEA_ID,NOMBRE,PRESENTACION,CONTENIDO,UNIDADES_POR_CAJA,COSTO,COSTO_VENTA,PRECIO_BASE,UNIDAD_MEDIDA,CODIGO_BARRAS,ABREBIATURA) VALUES(902,26,4,'Stefano Stick Caballero','Cosmo',60.0,12.0,0.000000,0.000000,0.000000,'G','7509546051796','Stef Bar Cosmo 60g');

INSERT INTO MOVIMIENTO_HISTORICO_PRODUCTO (ALMACEN_ID,PRODUCTO_ID,FECHA,TIPO_MOVIMIENTO_ID,CANTIDAD,COSTO,PRECIO,USUARIO_ID) VALUES(1,902,now(),30,12,0.000000,0.000000,'root');
INSERT INTO ALMACEN_PRODUCTO(ALMACEN_ID,PRODUCTO_ID,CANTIDAD_ACTUAL,PRECIO_VENTA) VALUES (1,902,12,0.000000);

INSERT INTO ALMACEN_PRODUCTO(ALMACEN_ID,PRODUCTO_ID,CANTIDAD_ACTUAL,PRECIO_VENTA) VALUES (2,902,0,0.000000);

INSERT INTO ALMACEN_PRODUCTO(ALMACEN_ID,PRODUCTO_ID,CANTIDAD_ACTUAL,PRECIO_VENTA) VALUES (3,902,12,0.000000);

INSERT INTO ALMACEN_PRODUCTO(ALMACEN_ID,PRODUCTO_ID,CANTIDAD_ACTUAL,PRECIO_VENTA) VALUES (4,902,0,0.000000);

INSERT INTO PROVEEDOR_PRODUCTO(PROVEEDOR_ID,PRODUCTO_ID,PRECIO_COMPRA) VALUES(6,902, 0.000000);

-- ===========PRODUCTO [903]
INSERT INTO PRODUCTO(ID,MARCA_ID,LINEA_ID,NOMBRE,PRESENTACION,CONTENIDO,UNIDADES_POR_CAJA,COSTO,COSTO_VENTA,PRECIO_BASE,UNIDAD_MEDIDA,CODIGO_BARRAS,ABREBIATURA) VALUES(903,26,4,'Stefano Rollon caballero','Fire',50.0,12.0,0.000000,0.000000,0.000000,'ML','7509546043814','Stef R-o Fire 50ml');

INSERT INTO MOVIMIENTO_HISTORICO_PRODUCTO (ALMACEN_ID,PRODUCTO_ID,FECHA,TIPO_MOVIMIENTO_ID,CANTIDAD,COSTO,PRECIO,USUARIO_ID) VALUES(1,903,now(),30,12,0.000000,0.000000,'root');
INSERT INTO ALMACEN_PRODUCTO(ALMACEN_ID,PRODUCTO_ID,CANTIDAD_ACTUAL,PRECIO_VENTA) VALUES (1,903,12,0.000000);

INSERT INTO ALMACEN_PRODUCTO(ALMACEN_ID,PRODUCTO_ID,CANTIDAD_ACTUAL,PRECIO_VENTA) VALUES (2,903,0,0.000000);

INSERT INTO ALMACEN_PRODUCTO(ALMACEN_ID,PRODUCTO_ID,CANTIDAD_ACTUAL,PRECIO_VENTA) VALUES (3,903,12,16.900000);

INSERT INTO ALMACEN_PRODUCTO(ALMACEN_ID,PRODUCTO_ID,CANTIDAD_ACTUAL,PRECIO_VENTA) VALUES (4,903,0,0.000000);

INSERT INTO PROVEEDOR_PRODUCTO(PROVEEDOR_ID,PRODUCTO_ID,PRECIO_COMPRA) VALUES(6,903, 0.000000);

-- ===========PRODUCTO [904]
INSERT INTO PRODUCTO(ID,MARCA_ID,LINEA_ID,NOMBRE,PRESENTACION,CONTENIDO,UNIDADES_POR_CAJA,COSTO,COSTO_VENTA,PRECIO_BASE,UNIDAD_MEDIDA,CODIGO_BARRAS,ABREBIATURA) VALUES(904,15,4,'Lady Speed Stick Aerosol','Stainguard',215.0,12.0,0.000000,0.000000,0.000000,'ML','7509546050942','Lady SS Staing 215ml');

INSERT INTO MOVIMIENTO_HISTORICO_PRODUCTO (ALMACEN_ID,PRODUCTO_ID,FECHA,TIPO_MOVIMIENTO_ID,CANTIDAD,COSTO,PRECIO,USUARIO_ID) VALUES(1,904,now(),30,12,0.000000,0.000000,'root');
INSERT INTO ALMACEN_PRODUCTO(ALMACEN_ID,PRODUCTO_ID,CANTIDAD_ACTUAL,PRECIO_VENTA) VALUES (1,904,12,0.000000);

INSERT INTO ALMACEN_PRODUCTO(ALMACEN_ID,PRODUCTO_ID,CANTIDAD_ACTUAL,PRECIO_VENTA) VALUES (2,904,0,0.000000);

INSERT INTO ALMACEN_PRODUCTO(ALMACEN_ID,PRODUCTO_ID,CANTIDAD_ACTUAL,PRECIO_VENTA) VALUES (3,904,12,0.000000);

INSERT INTO ALMACEN_PRODUCTO(ALMACEN_ID,PRODUCTO_ID,CANTIDAD_ACTUAL,PRECIO_VENTA) VALUES (4,904,0,0.000000);

INSERT INTO PROVEEDOR_PRODUCTO(PROVEEDOR_ID,PRODUCTO_ID,PRECIO_COMPRA) VALUES(6,904, 0.000000);

-- ===========PRODUCTO [905]
INSERT INTO PRODUCTO(ID,MARCA_ID,LINEA_ID,NOMBRE,PRESENTACION,CONTENIDO,UNIDADES_POR_CAJA,COSTO,COSTO_VENTA,PRECIO_BASE,UNIDAD_MEDIDA,CODIGO_BARRAS,ABREBIATURA) VALUES(905,15,4,'Lady Speed Stick Aerosol','Perfect tone',214.0,12.0,0.000000,0.000000,0.000000,'ML','7509546049748','Lady SS Perf Ton 214ml');

INSERT INTO MOVIMIENTO_HISTORICO_PRODUCTO (ALMACEN_ID,PRODUCTO_ID,FECHA,TIPO_MOVIMIENTO_ID,CANTIDAD,COSTO,PRECIO,USUARIO_ID) VALUES(1,905,now(),30,12,0.000000,0.000000,'root');
INSERT INTO ALMACEN_PRODUCTO(ALMACEN_ID,PRODUCTO_ID,CANTIDAD_ACTUAL,PRECIO_VENTA) VALUES (1,905,12,0.000000);

INSERT INTO ALMACEN_PRODUCTO(ALMACEN_ID,PRODUCTO_ID,CANTIDAD_ACTUAL,PRECIO_VENTA) VALUES (2,905,0,0.000000);

INSERT INTO ALMACEN_PRODUCTO(ALMACEN_ID,PRODUCTO_ID,CANTIDAD_ACTUAL,PRECIO_VENTA) VALUES (3,905,12,0.000000);

INSERT INTO ALMACEN_PRODUCTO(ALMACEN_ID,PRODUCTO_ID,CANTIDAD_ACTUAL,PRECIO_VENTA) VALUES (4,905,0,0.000000);

INSERT INTO PROVEEDOR_PRODUCTO(PROVEEDOR_ID,PRODUCTO_ID,PRECIO_COMPRA) VALUES(6,905, 0.000000);

-- ===========PRODUCTO [906]
INSERT INTO PRODUCTO(ID,MARCA_ID,LINEA_ID,NOMBRE,PRESENTACION,CONTENIDO,UNIDADES_POR_CAJA,COSTO,COSTO_VENTA,PRECIO_BASE,UNIDAD_MEDIDA,CODIGO_BARRAS,ABREBIATURA) VALUES(906,15,4,'Lady Speed Stick Aerosol','Ph Active',215.0,12.0,0.000000,0.000000,0.000000,'ML','7509546052533','Lady SS Ph Acti 215ml');

INSERT INTO MOVIMIENTO_HISTORICO_PRODUCTO (ALMACEN_ID,PRODUCTO_ID,FECHA,TIPO_MOVIMIENTO_ID,CANTIDAD,COSTO,PRECIO,USUARIO_ID) VALUES(1,906,now(),30,23,0.000000,0.000000,'root');
INSERT INTO ALMACEN_PRODUCTO(ALMACEN_ID,PRODUCTO_ID,CANTIDAD_ACTUAL,PRECIO_VENTA) VALUES (1,906,23,0.000000);

INSERT INTO ALMACEN_PRODUCTO(ALMACEN_ID,PRODUCTO_ID,CANTIDAD_ACTUAL,PRECIO_VENTA) VALUES (2,906,0,0.000000);

INSERT INTO ALMACEN_PRODUCTO(ALMACEN_ID,PRODUCTO_ID,CANTIDAD_ACTUAL,PRECIO_VENTA) VALUES (3,906,23,0.000000);

INSERT INTO ALMACEN_PRODUCTO(ALMACEN_ID,PRODUCTO_ID,CANTIDAD_ACTUAL,PRECIO_VENTA) VALUES (4,906,0,0.000000);

INSERT INTO PROVEEDOR_PRODUCTO(PROVEEDOR_ID,PRODUCTO_ID,PRECIO_COMPRA) VALUES(6,906, 0.000000);

-- ===========PRODUCTO [907]
INSERT INTO PRODUCTO(ID,MARCA_ID,LINEA_ID,NOMBRE,PRESENTACION,CONTENIDO,UNIDADES_POR_CAJA,COSTO,COSTO_VENTA,PRECIO_BASE,UNIDAD_MEDIDA,CODIGO_BARRAS,ABREBIATURA) VALUES(907,15,4,'Lady Speed Stick Aerosol','Hydra Soft',165.0,12.0,0.000000,0.000000,0.000000,'ML','7509546028927','Lady SS Hydra Sof 165');

INSERT INTO MOVIMIENTO_HISTORICO_PRODUCTO (ALMACEN_ID,PRODUCTO_ID,FECHA,TIPO_MOVIMIENTO_ID,CANTIDAD,COSTO,PRECIO,USUARIO_ID) VALUES(1,907,now(),30,4,0.000000,0.000000,'root');
INSERT INTO ALMACEN_PRODUCTO(ALMACEN_ID,PRODUCTO_ID,CANTIDAD_ACTUAL,PRECIO_VENTA) VALUES (1,907,4,0.000000);

INSERT INTO ALMACEN_PRODUCTO(ALMACEN_ID,PRODUCTO_ID,CANTIDAD_ACTUAL,PRECIO_VENTA) VALUES (2,907,0,0.000000);

INSERT INTO ALMACEN_PRODUCTO(ALMACEN_ID,PRODUCTO_ID,CANTIDAD_ACTUAL,PRECIO_VENTA) VALUES (3,907,4,0.000000);

INSERT INTO ALMACEN_PRODUCTO(ALMACEN_ID,PRODUCTO_ID,CANTIDAD_ACTUAL,PRECIO_VENTA) VALUES (4,907,0,0.000000);

INSERT INTO PROVEEDOR_PRODUCTO(PROVEEDOR_ID,PRODUCTO_ID,PRECIO_COMPRA) VALUES(6,907, 0.000000);

-- ===========PRODUCTO [909]
INSERT INTO PRODUCTO(ID,MARCA_ID,LINEA_ID,NOMBRE,PRESENTACION,CONTENIDO,UNIDADES_POR_CAJA,COSTO,COSTO_VENTA,PRECIO_BASE,UNIDAD_MEDIDA,CODIGO_BARRAS,ABREBIATURA) VALUES(909,15,4,'Lady Speed Stick Aerosol','Sexy',100.0,12.0,0.000000,0.000000,0.000000,'ML','7509546020464','Lady SS Aer Sexy 100m');

INSERT INTO MOVIMIENTO_HISTORICO_PRODUCTO (ALMACEN_ID,PRODUCTO_ID,FECHA,TIPO_MOVIMIENTO_ID,CANTIDAD,COSTO,PRECIO,USUARIO_ID) VALUES(1,909,now(),30,12,0.000000,0.000000,'root');
INSERT INTO ALMACEN_PRODUCTO(ALMACEN_ID,PRODUCTO_ID,CANTIDAD_ACTUAL,PRECIO_VENTA) VALUES (1,909,12,0.000000);

INSERT INTO ALMACEN_PRODUCTO(ALMACEN_ID,PRODUCTO_ID,CANTIDAD_ACTUAL,PRECIO_VENTA) VALUES (2,909,0,0.000000);

INSERT INTO ALMACEN_PRODUCTO(ALMACEN_ID,PRODUCTO_ID,CANTIDAD_ACTUAL,PRECIO_VENTA) VALUES (3,909,12,0.000000);

INSERT INTO ALMACEN_PRODUCTO(ALMACEN_ID,PRODUCTO_ID,CANTIDAD_ACTUAL,PRECIO_VENTA) VALUES (4,909,0,0.000000);

INSERT INTO PROVEEDOR_PRODUCTO(PROVEEDOR_ID,PRODUCTO_ID,PRECIO_COMPRA) VALUES(6,909, 0.000000);

-- ===========PRODUCTO [910]
INSERT INTO PRODUCTO(ID,MARCA_ID,LINEA_ID,NOMBRE,PRESENTACION,CONTENIDO,UNIDADES_POR_CAJA,COSTO,COSTO_VENTA,PRECIO_BASE,UNIDAD_MEDIDA,CODIGO_BARRAS,ABREBIATURA) VALUES(910,15,4,'Lady Speed Stick Barra','Depil Control',45.0,12.0,0.000000,0.000000,0.000000,'G','7509546042350','Lady SS Bar Depil 45g');

INSERT INTO MOVIMIENTO_HISTORICO_PRODUCTO (ALMACEN_ID,PRODUCTO_ID,FECHA,TIPO_MOVIMIENTO_ID,CANTIDAD,COSTO,PRECIO,USUARIO_ID) VALUES(1,910,now(),30,12,0.000000,0.000000,'root');
INSERT INTO ALMACEN_PRODUCTO(ALMACEN_ID,PRODUCTO_ID,CANTIDAD_ACTUAL,PRECIO_VENTA) VALUES (1,910,12,0.000000);

INSERT INTO ALMACEN_PRODUCTO(ALMACEN_ID,PRODUCTO_ID,CANTIDAD_ACTUAL,PRECIO_VENTA) VALUES (2,910,0,0.000000);

INSERT INTO ALMACEN_PRODUCTO(ALMACEN_ID,PRODUCTO_ID,CANTIDAD_ACTUAL,PRECIO_VENTA) VALUES (3,910,12,24.900000);

INSERT INTO ALMACEN_PRODUCTO(ALMACEN_ID,PRODUCTO_ID,CANTIDAD_ACTUAL,PRECIO_VENTA) VALUES (4,910,0,0.000000);

INSERT INTO PROVEEDOR_PRODUCTO(PROVEEDOR_ID,PRODUCTO_ID,PRECIO_COMPRA) VALUES(6,910, 0.000000);

-- ===========PRODUCTO [911]
INSERT INTO PRODUCTO(ID,MARCA_ID,LINEA_ID,NOMBRE,PRESENTACION,CONTENIDO,UNIDADES_POR_CAJA,COSTO,COSTO_VENTA,PRECIO_BASE,UNIDAD_MEDIDA,CODIGO_BARRAS,ABREBIATURA) VALUES(911,15,4,'Lady Speed Stick Barra','Fashion',45.0,12.0,0.000000,0.000000,0.000000,'G','7509546030319','Lady SS Bar Fash 45g');

INSERT INTO MOVIMIENTO_HISTORICO_PRODUCTO (ALMACEN_ID,PRODUCTO_ID,FECHA,TIPO_MOVIMIENTO_ID,CANTIDAD,COSTO,PRECIO,USUARIO_ID) VALUES(1,911,now(),30,12,0.000000,0.000000,'root');
INSERT INTO ALMACEN_PRODUCTO(ALMACEN_ID,PRODUCTO_ID,CANTIDAD_ACTUAL,PRECIO_VENTA) VALUES (1,911,12,0.000000);

INSERT INTO ALMACEN_PRODUCTO(ALMACEN_ID,PRODUCTO_ID,CANTIDAD_ACTUAL,PRECIO_VENTA) VALUES (2,911,0,0.000000);

INSERT INTO ALMACEN_PRODUCTO(ALMACEN_ID,PRODUCTO_ID,CANTIDAD_ACTUAL,PRECIO_VENTA) VALUES (3,911,12,24.900000);

INSERT INTO ALMACEN_PRODUCTO(ALMACEN_ID,PRODUCTO_ID,CANTIDAD_ACTUAL,PRECIO_VENTA) VALUES (4,911,0,0.000000);

INSERT INTO PROVEEDOR_PRODUCTO(PROVEEDOR_ID,PRODUCTO_ID,PRECIO_COMPRA) VALUES(6,911, 0.000000);

-- ===========PRODUCTO [912]
INSERT INTO PRODUCTO(ID,MARCA_ID,LINEA_ID,NOMBRE,PRESENTACION,CONTENIDO,UNIDADES_POR_CAJA,COSTO,COSTO_VENTA,PRECIO_BASE,UNIDAD_MEDIDA,CODIGO_BARRAS,ABREBIATURA) VALUES(912,15,4,'Lady Speed Stick Barra','Perfect tone',14.0,24.0,0.000000,0.000000,0.000000,'G','75036218','Lady SS Bar Perf Ton 14');

INSERT INTO MOVIMIENTO_HISTORICO_PRODUCTO (ALMACEN_ID,PRODUCTO_ID,FECHA,TIPO_MOVIMIENTO_ID,CANTIDAD,COSTO,PRECIO,USUARIO_ID) VALUES(1,912,now(),30,24,0.000000,0.000000,'root');
INSERT INTO ALMACEN_PRODUCTO(ALMACEN_ID,PRODUCTO_ID,CANTIDAD_ACTUAL,PRECIO_VENTA) VALUES (1,912,24,0.000000);

INSERT INTO ALMACEN_PRODUCTO(ALMACEN_ID,PRODUCTO_ID,CANTIDAD_ACTUAL,PRECIO_VENTA) VALUES (2,912,0,0.000000);

INSERT INTO ALMACEN_PRODUCTO(ALMACEN_ID,PRODUCTO_ID,CANTIDAD_ACTUAL,PRECIO_VENTA) VALUES (3,912,24,0.000000);

INSERT INTO ALMACEN_PRODUCTO(ALMACEN_ID,PRODUCTO_ID,CANTIDAD_ACTUAL,PRECIO_VENTA) VALUES (4,912,0,0.000000);

INSERT INTO PROVEEDOR_PRODUCTO(PROVEEDOR_ID,PRODUCTO_ID,PRECIO_COMPRA) VALUES(6,912, 0.000000);

-- ===========PRODUCTO [913]
INSERT INTO PRODUCTO(ID,MARCA_ID,LINEA_ID,NOMBRE,PRESENTACION,CONTENIDO,UNIDADES_POR_CAJA,COSTO,COSTO_VENTA,PRECIO_BASE,UNIDAD_MEDIDA,CODIGO_BARRAS,ABREBIATURA) VALUES(913,15,4,'Lady Speed Stick Barra','Ph active',14.0,24.0,0.000000,0.000000,0.000000,'G','75038076','Lady SS Bar Ph Activ 14');

INSERT INTO MOVIMIENTO_HISTORICO_PRODUCTO (ALMACEN_ID,PRODUCTO_ID,FECHA,TIPO_MOVIMIENTO_ID,CANTIDAD,COSTO,PRECIO,USUARIO_ID) VALUES(1,913,now(),30,24,0.000000,0.000000,'root');
INSERT INTO ALMACEN_PRODUCTO(ALMACEN_ID,PRODUCTO_ID,CANTIDAD_ACTUAL,PRECIO_VENTA) VALUES (1,913,24,0.000000);

INSERT INTO ALMACEN_PRODUCTO(ALMACEN_ID,PRODUCTO_ID,CANTIDAD_ACTUAL,PRECIO_VENTA) VALUES (2,913,0,0.000000);

INSERT INTO ALMACEN_PRODUCTO(ALMACEN_ID,PRODUCTO_ID,CANTIDAD_ACTUAL,PRECIO_VENTA) VALUES (3,913,24,0.000000);

INSERT INTO ALMACEN_PRODUCTO(ALMACEN_ID,PRODUCTO_ID,CANTIDAD_ACTUAL,PRECIO_VENTA) VALUES (4,913,0,0.000000);

INSERT INTO PROVEEDOR_PRODUCTO(PROVEEDOR_ID,PRODUCTO_ID,PRECIO_COMPRA) VALUES(6,913, 0.000000);

-- ===========PRODUCTO [914]
INSERT INTO PRODUCTO(ID,MARCA_ID,LINEA_ID,NOMBRE,PRESENTACION,CONTENIDO,UNIDADES_POR_CAJA,COSTO,COSTO_VENTA,PRECIO_BASE,UNIDAD_MEDIDA,CODIGO_BARRAS,ABREBIATURA) VALUES(914,15,4,'Lady Speed Stick Rollon','Fantasy Queen',50.0,12.0,0.000000,0.000000,0.000000,'ML','7509546048789','Lady SS R-o Queen 50');

INSERT INTO MOVIMIENTO_HISTORICO_PRODUCTO (ALMACEN_ID,PRODUCTO_ID,FECHA,TIPO_MOVIMIENTO_ID,CANTIDAD,COSTO,PRECIO,USUARIO_ID) VALUES(1,914,now(),30,12,0.000000,0.000000,'root');
INSERT INTO ALMACEN_PRODUCTO(ALMACEN_ID,PRODUCTO_ID,CANTIDAD_ACTUAL,PRECIO_VENTA) VALUES (1,914,12,0.000000);

INSERT INTO ALMACEN_PRODUCTO(ALMACEN_ID,PRODUCTO_ID,CANTIDAD_ACTUAL,PRECIO_VENTA) VALUES (2,914,0,0.000000);

INSERT INTO ALMACEN_PRODUCTO(ALMACEN_ID,PRODUCTO_ID,CANTIDAD_ACTUAL,PRECIO_VENTA) VALUES (3,914,12,0.000000);

INSERT INTO ALMACEN_PRODUCTO(ALMACEN_ID,PRODUCTO_ID,CANTIDAD_ACTUAL,PRECIO_VENTA) VALUES (4,914,0,0.000000);

INSERT INTO PROVEEDOR_PRODUCTO(PROVEEDOR_ID,PRODUCTO_ID,PRECIO_COMPRA) VALUES(6,914, 0.000000);

-- ===========PRODUCTO [915]
INSERT INTO PRODUCTO(ID,MARCA_ID,LINEA_ID,NOMBRE,PRESENTACION,CONTENIDO,UNIDADES_POR_CAJA,COSTO,COSTO_VENTA,PRECIO_BASE,UNIDAD_MEDIDA,CODIGO_BARRAS,ABREBIATURA) VALUES(915,15,4,'Lady Speed Stick Rollon','Waterproof',50.0,12.0,0.000000,0.000000,0.000000,'ML','7509546045627','Lady SS R-o Waterp 50');

INSERT INTO MOVIMIENTO_HISTORICO_PRODUCTO (ALMACEN_ID,PRODUCTO_ID,FECHA,TIPO_MOVIMIENTO_ID,CANTIDAD,COSTO,PRECIO,USUARIO_ID) VALUES(1,915,now(),30,12,0.000000,0.000000,'root');
INSERT INTO ALMACEN_PRODUCTO(ALMACEN_ID,PRODUCTO_ID,CANTIDAD_ACTUAL,PRECIO_VENTA) VALUES (1,915,12,0.000000);

INSERT INTO ALMACEN_PRODUCTO(ALMACEN_ID,PRODUCTO_ID,CANTIDAD_ACTUAL,PRECIO_VENTA) VALUES (2,915,0,0.000000);

INSERT INTO ALMACEN_PRODUCTO(ALMACEN_ID,PRODUCTO_ID,CANTIDAD_ACTUAL,PRECIO_VENTA) VALUES (3,915,12,0.000000);

INSERT INTO ALMACEN_PRODUCTO(ALMACEN_ID,PRODUCTO_ID,CANTIDAD_ACTUAL,PRECIO_VENTA) VALUES (4,915,0,0.000000);

INSERT INTO PROVEEDOR_PRODUCTO(PROVEEDOR_ID,PRODUCTO_ID,PRECIO_COMPRA) VALUES(6,915, 0.000000);

-- ===========PRODUCTO [916]
INSERT INTO PRODUCTO(ID,MARCA_ID,LINEA_ID,NOMBRE,PRESENTACION,CONTENIDO,UNIDADES_POR_CAJA,COSTO,COSTO_VENTA,PRECIO_BASE,UNIDAD_MEDIDA,CODIGO_BARRAS,ABREBIATURA) VALUES(916,15,4,'Lady Speed Stick rollon','Shower Fresh',50.0,12.0,0.000000,0.000000,0.000000,'ML','7509546015484','Lady SS R-o Show 50ml');

INSERT INTO MOVIMIENTO_HISTORICO_PRODUCTO (ALMACEN_ID,PRODUCTO_ID,FECHA,TIPO_MOVIMIENTO_ID,CANTIDAD,COSTO,PRECIO,USUARIO_ID) VALUES(1,916,now(),30,12,0.000000,0.000000,'root');
INSERT INTO ALMACEN_PRODUCTO(ALMACEN_ID,PRODUCTO_ID,CANTIDAD_ACTUAL,PRECIO_VENTA) VALUES (1,916,12,0.000000);

INSERT INTO ALMACEN_PRODUCTO(ALMACEN_ID,PRODUCTO_ID,CANTIDAD_ACTUAL,PRECIO_VENTA) VALUES (2,916,0,0.000000);

INSERT INTO ALMACEN_PRODUCTO(ALMACEN_ID,PRODUCTO_ID,CANTIDAD_ACTUAL,PRECIO_VENTA) VALUES (3,916,12,0.000000);

INSERT INTO ALMACEN_PRODUCTO(ALMACEN_ID,PRODUCTO_ID,CANTIDAD_ACTUAL,PRECIO_VENTA) VALUES (4,916,0,0.000000);

INSERT INTO PROVEEDOR_PRODUCTO(PROVEEDOR_ID,PRODUCTO_ID,PRECIO_COMPRA) VALUES(6,916, 0.000000);

-- ===========PRODUCTO [917]
INSERT INTO PRODUCTO(ID,MARCA_ID,LINEA_ID,NOMBRE,PRESENTACION,CONTENIDO,UNIDADES_POR_CAJA,COSTO,COSTO_VENTA,PRECIO_BASE,UNIDAD_MEDIDA,CODIGO_BARRAS,ABREBIATURA) VALUES(917,15,4,'Lady Speed Stick rollon','Hipoalergenico',50.0,12.0,0.000000,0.000000,0.000000,'ML','7509546038414','Lady SS R-o Hipoal 50');

INSERT INTO MOVIMIENTO_HISTORICO_PRODUCTO (ALMACEN_ID,PRODUCTO_ID,FECHA,TIPO_MOVIMIENTO_ID,CANTIDAD,COSTO,PRECIO,USUARIO_ID) VALUES(1,917,now(),30,12,0.000000,0.000000,'root');
INSERT INTO ALMACEN_PRODUCTO(ALMACEN_ID,PRODUCTO_ID,CANTIDAD_ACTUAL,PRECIO_VENTA) VALUES (1,917,12,0.000000);

INSERT INTO ALMACEN_PRODUCTO(ALMACEN_ID,PRODUCTO_ID,CANTIDAD_ACTUAL,PRECIO_VENTA) VALUES (2,917,0,0.000000);

INSERT INTO ALMACEN_PRODUCTO(ALMACEN_ID,PRODUCTO_ID,CANTIDAD_ACTUAL,PRECIO_VENTA) VALUES (3,917,12,0.000000);

INSERT INTO ALMACEN_PRODUCTO(ALMACEN_ID,PRODUCTO_ID,CANTIDAD_ACTUAL,PRECIO_VENTA) VALUES (4,917,0,0.000000);

INSERT INTO PROVEEDOR_PRODUCTO(PROVEEDOR_ID,PRODUCTO_ID,PRECIO_COMPRA) VALUES(6,917, 0.000000);

-- ===========PRODUCTO [918]
INSERT INTO PRODUCTO(ID,MARCA_ID,LINEA_ID,NOMBRE,PRESENTACION,CONTENIDO,UNIDADES_POR_CAJA,COSTO,COSTO_VENTA,PRECIO_BASE,UNIDAD_MEDIDA,CODIGO_BARRAS,ABREBIATURA) VALUES(918,36,2,'Caprice Mousse Especialidades','Rizos Definidos',220.0,12.0,0.000000,0.000000,0.000000,'G','7509546053783','Capric Mous Rizos 220');

INSERT INTO MOVIMIENTO_HISTORICO_PRODUCTO (ALMACEN_ID,PRODUCTO_ID,FECHA,TIPO_MOVIMIENTO_ID,CANTIDAD,COSTO,PRECIO,USUARIO_ID) VALUES(1,918,now(),30,12,0.000000,0.000000,'root');
INSERT INTO ALMACEN_PRODUCTO(ALMACEN_ID,PRODUCTO_ID,CANTIDAD_ACTUAL,PRECIO_VENTA) VALUES (1,918,12,0.000000);

INSERT INTO ALMACEN_PRODUCTO(ALMACEN_ID,PRODUCTO_ID,CANTIDAD_ACTUAL,PRECIO_VENTA) VALUES (2,918,0,0.000000);

INSERT INTO ALMACEN_PRODUCTO(ALMACEN_ID,PRODUCTO_ID,CANTIDAD_ACTUAL,PRECIO_VENTA) VALUES (3,918,12,0.000000);

INSERT INTO ALMACEN_PRODUCTO(ALMACEN_ID,PRODUCTO_ID,CANTIDAD_ACTUAL,PRECIO_VENTA) VALUES (4,918,0,0.000000);

INSERT INTO PROVEEDOR_PRODUCTO(PROVEEDOR_ID,PRODUCTO_ID,PRECIO_COMPRA) VALUES(6,918, 0.000000);

-- ===========PRODUCTO [919]
INSERT INTO PRODUCTO(ID,MARCA_ID,LINEA_ID,NOMBRE,PRESENTACION,CONTENIDO,UNIDADES_POR_CAJA,COSTO,COSTO_VENTA,PRECIO_BASE,UNIDAD_MEDIDA,CODIGO_BARRAS,ABREBIATURA) VALUES(919,36,2,'Caprice Mousse Especialidades','Volumen y Control',220.0,12.0,0.000000,0.000000,0.000000,'G','7509546053790','Capric Mous Volu 220');

INSERT INTO MOVIMIENTO_HISTORICO_PRODUCTO (ALMACEN_ID,PRODUCTO_ID,FECHA,TIPO_MOVIMIENTO_ID,CANTIDAD,COSTO,PRECIO,USUARIO_ID) VALUES(1,919,now(),30,12,0.000000,0.000000,'root');
INSERT INTO ALMACEN_PRODUCTO(ALMACEN_ID,PRODUCTO_ID,CANTIDAD_ACTUAL,PRECIO_VENTA) VALUES (1,919,12,0.000000);

INSERT INTO ALMACEN_PRODUCTO(ALMACEN_ID,PRODUCTO_ID,CANTIDAD_ACTUAL,PRECIO_VENTA) VALUES (2,919,0,0.000000);

INSERT INTO ALMACEN_PRODUCTO(ALMACEN_ID,PRODUCTO_ID,CANTIDAD_ACTUAL,PRECIO_VENTA) VALUES (3,919,12,0.000000);

INSERT INTO ALMACEN_PRODUCTO(ALMACEN_ID,PRODUCTO_ID,CANTIDAD_ACTUAL,PRECIO_VENTA) VALUES (4,919,0,0.000000);

INSERT INTO PROVEEDOR_PRODUCTO(PROVEEDOR_ID,PRODUCTO_ID,PRECIO_COMPRA) VALUES(6,919, 0.000000);

-- ===========PRODUCTO [920]
INSERT INTO PRODUCTO(ID,MARCA_ID,LINEA_ID,NOMBRE,PRESENTACION,CONTENIDO,UNIDADES_POR_CAJA,COSTO,COSTO_VENTA,PRECIO_BASE,UNIDAD_MEDIDA,CODIGO_BARRAS,ABREBIATURA) VALUES(920,83,2,'Wildroot Fijador','Clasico',250.0,12.0,0.000000,0.000000,0.000000,'ML','7501035914063','Wildrot 250ml');

INSERT INTO MOVIMIENTO_HISTORICO_PRODUCTO (ALMACEN_ID,PRODUCTO_ID,FECHA,TIPO_MOVIMIENTO_ID,CANTIDAD,COSTO,PRECIO,USUARIO_ID) VALUES(1,920,now(),30,12,0.000000,0.000000,'root');
INSERT INTO ALMACEN_PRODUCTO(ALMACEN_ID,PRODUCTO_ID,CANTIDAD_ACTUAL,PRECIO_VENTA) VALUES (1,920,12,0.000000);

INSERT INTO ALMACEN_PRODUCTO(ALMACEN_ID,PRODUCTO_ID,CANTIDAD_ACTUAL,PRECIO_VENTA) VALUES (2,920,0,0.000000);

INSERT INTO ALMACEN_PRODUCTO(ALMACEN_ID,PRODUCTO_ID,CANTIDAD_ACTUAL,PRECIO_VENTA) VALUES (3,920,12,0.000000);

INSERT INTO ALMACEN_PRODUCTO(ALMACEN_ID,PRODUCTO_ID,CANTIDAD_ACTUAL,PRECIO_VENTA) VALUES (4,920,0,0.000000);

INSERT INTO PROVEEDOR_PRODUCTO(PROVEEDOR_ID,PRODUCTO_ID,PRECIO_COMPRA) VALUES(6,920, 0.000000);

-- ===========PRODUCTO [921]
INSERT INTO PRODUCTO(ID,MARCA_ID,LINEA_ID,NOMBRE,PRESENTACION,CONTENIDO,UNIDADES_POR_CAJA,COSTO,COSTO_VENTA,PRECIO_BASE,UNIDAD_MEDIDA,CODIGO_BARRAS,ABREBIATURA) VALUES(921,83,2,'Wildroot Fijador','Clasico',600.0,6.0,0.000000,0.000000,0.000000,'ML','7501035914056','Wildrot 600ml');

INSERT INTO MOVIMIENTO_HISTORICO_PRODUCTO (ALMACEN_ID,PRODUCTO_ID,FECHA,TIPO_MOVIMIENTO_ID,CANTIDAD,COSTO,PRECIO,USUARIO_ID) VALUES(1,921,now(),30,6,0.000000,0.000000,'root');
INSERT INTO ALMACEN_PRODUCTO(ALMACEN_ID,PRODUCTO_ID,CANTIDAD_ACTUAL,PRECIO_VENTA) VALUES (1,921,6,0.000000);

INSERT INTO ALMACEN_PRODUCTO(ALMACEN_ID,PRODUCTO_ID,CANTIDAD_ACTUAL,PRECIO_VENTA) VALUES (2,921,0,0.000000);

INSERT INTO ALMACEN_PRODUCTO(ALMACEN_ID,PRODUCTO_ID,CANTIDAD_ACTUAL,PRECIO_VENTA) VALUES (3,921,6,0.000000);

INSERT INTO ALMACEN_PRODUCTO(ALMACEN_ID,PRODUCTO_ID,CANTIDAD_ACTUAL,PRECIO_VENTA) VALUES (4,921,0,0.000000);

INSERT INTO PROVEEDOR_PRODUCTO(PROVEEDOR_ID,PRODUCTO_ID,PRECIO_COMPRA) VALUES(6,921, 0.000000);

-- ===========PRODUCTO [922]
INSERT INTO PRODUCTO(ID,MARCA_ID,LINEA_ID,NOMBRE,PRESENTACION,CONTENIDO,UNIDADES_POR_CAJA,COSTO,COSTO_VENTA,PRECIO_BASE,UNIDAD_MEDIDA,CODIGO_BARRAS,ABREBIATURA) VALUES(922,48,4,'Mum Rollon Dama','Mistic',60.0,24.0,0.000000,0.000000,0.000000,'G','75030100','Mum R-o Mistic 60g');

INSERT INTO MOVIMIENTO_HISTORICO_PRODUCTO (ALMACEN_ID,PRODUCTO_ID,FECHA,TIPO_MOVIMIENTO_ID,CANTIDAD,COSTO,PRECIO,USUARIO_ID) VALUES(1,922,now(),30,24,0.000000,0.000000,'root');
INSERT INTO ALMACEN_PRODUCTO(ALMACEN_ID,PRODUCTO_ID,CANTIDAD_ACTUAL,PRECIO_VENTA) VALUES (1,922,24,0.000000);

INSERT INTO ALMACEN_PRODUCTO(ALMACEN_ID,PRODUCTO_ID,CANTIDAD_ACTUAL,PRECIO_VENTA) VALUES (2,922,0,0.000000);

INSERT INTO ALMACEN_PRODUCTO(ALMACEN_ID,PRODUCTO_ID,CANTIDAD_ACTUAL,PRECIO_VENTA) VALUES (3,922,24,0.000000);

INSERT INTO ALMACEN_PRODUCTO(ALMACEN_ID,PRODUCTO_ID,CANTIDAD_ACTUAL,PRECIO_VENTA) VALUES (4,922,0,0.000000);

INSERT INTO PROVEEDOR_PRODUCTO(PROVEEDOR_ID,PRODUCTO_ID,PRECIO_COMPRA) VALUES(10,922, 0.000000);

-- ===========PRODUCTO [923]
INSERT INTO PRODUCTO(ID,MARCA_ID,LINEA_ID,NOMBRE,PRESENTACION,CONTENIDO,UNIDADES_POR_CAJA,COSTO,COSTO_VENTA,PRECIO_BASE,UNIDAD_MEDIDA,CODIGO_BARRAS,ABREBIATURA) VALUES(923,48,4,'Mum Rollon Dama','Dermis Piel Delicada',60.0,24.0,0.000000,0.000000,0.000000,'G','75030094','Mum R-o Demis 65g');

INSERT INTO MOVIMIENTO_HISTORICO_PRODUCTO (ALMACEN_ID,PRODUCTO_ID,FECHA,TIPO_MOVIMIENTO_ID,CANTIDAD,COSTO,PRECIO,USUARIO_ID) VALUES(1,923,now(),30,1,0.000000,0.000000,'root');
INSERT INTO ALMACEN_PRODUCTO(ALMACEN_ID,PRODUCTO_ID,CANTIDAD_ACTUAL,PRECIO_VENTA) VALUES (1,923,1,0.000000);

INSERT INTO ALMACEN_PRODUCTO(ALMACEN_ID,PRODUCTO_ID,CANTIDAD_ACTUAL,PRECIO_VENTA) VALUES (2,923,0,0.000000);

INSERT INTO ALMACEN_PRODUCTO(ALMACEN_ID,PRODUCTO_ID,CANTIDAD_ACTUAL,PRECIO_VENTA) VALUES (3,923,1,0.000000);

INSERT INTO ALMACEN_PRODUCTO(ALMACEN_ID,PRODUCTO_ID,CANTIDAD_ACTUAL,PRECIO_VENTA) VALUES (4,923,0,0.000000);

INSERT INTO PROVEEDOR_PRODUCTO(PROVEEDOR_ID,PRODUCTO_ID,PRECIO_COMPRA) VALUES(10,923, 0.000000);

-- ===========PRODUCTO [924]
INSERT INTO PRODUCTO(ID,MARCA_ID,LINEA_ID,NOMBRE,PRESENTACION,CONTENIDO,UNIDADES_POR_CAJA,COSTO,COSTO_VENTA,PRECIO_BASE,UNIDAD_MEDIDA,CODIGO_BARRAS,ABREBIATURA) VALUES(924,45,4,'Obao Rollon Caballero','Audaz',65.0,24.0,0.000000,0.000000,0.000000,'G','7501027293473','Obao R-o Audaz 65g');

INSERT INTO MOVIMIENTO_HISTORICO_PRODUCTO (ALMACEN_ID,PRODUCTO_ID,FECHA,TIPO_MOVIMIENTO_ID,CANTIDAD,COSTO,PRECIO,USUARIO_ID) VALUES(1,924,now(),30,6,0.000000,0.000000,'root');
INSERT INTO ALMACEN_PRODUCTO(ALMACEN_ID,PRODUCTO_ID,CANTIDAD_ACTUAL,PRECIO_VENTA) VALUES (1,924,6,0.000000);

INSERT INTO ALMACEN_PRODUCTO(ALMACEN_ID,PRODUCTO_ID,CANTIDAD_ACTUAL,PRECIO_VENTA) VALUES (2,924,0,0.000000);

INSERT INTO ALMACEN_PRODUCTO(ALMACEN_ID,PRODUCTO_ID,CANTIDAD_ACTUAL,PRECIO_VENTA) VALUES (3,924,6,0.000000);

INSERT INTO ALMACEN_PRODUCTO(ALMACEN_ID,PRODUCTO_ID,CANTIDAD_ACTUAL,PRECIO_VENTA) VALUES (4,924,0,0.000000);

INSERT INTO PROVEEDOR_PRODUCTO(PROVEEDOR_ID,PRODUCTO_ID,PRECIO_COMPRA) VALUES(10,924, 0.000000);

-- ===========PRODUCTO [925]
INSERT INTO PRODUCTO(ID,MARCA_ID,LINEA_ID,NOMBRE,PRESENTACION,CONTENIDO,UNIDADES_POR_CAJA,COSTO,COSTO_VENTA,PRECIO_BASE,UNIDAD_MEDIDA,CODIGO_BARRAS,ABREBIATURA) VALUES(925,45,4,'Obao Rollon Dama','Piel Delicada',65.0,24.0,0.000000,0.000000,0.000000,'G','7501027250612','Obao R-o Delicd 65g');

INSERT INTO MOVIMIENTO_HISTORICO_PRODUCTO (ALMACEN_ID,PRODUCTO_ID,FECHA,TIPO_MOVIMIENTO_ID,CANTIDAD,COSTO,PRECIO,USUARIO_ID) VALUES(1,925,now(),30,23,0.000000,0.000000,'root');
INSERT INTO ALMACEN_PRODUCTO(ALMACEN_ID,PRODUCTO_ID,CANTIDAD_ACTUAL,PRECIO_VENTA) VALUES (1,925,23,0.000000);

INSERT INTO ALMACEN_PRODUCTO(ALMACEN_ID,PRODUCTO_ID,CANTIDAD_ACTUAL,PRECIO_VENTA) VALUES (2,925,0,0.000000);

INSERT INTO ALMACEN_PRODUCTO(ALMACEN_ID,PRODUCTO_ID,CANTIDAD_ACTUAL,PRECIO_VENTA) VALUES (3,925,23,0.000000);

INSERT INTO ALMACEN_PRODUCTO(ALMACEN_ID,PRODUCTO_ID,CANTIDAD_ACTUAL,PRECIO_VENTA) VALUES (4,925,0,0.000000);

INSERT INTO PROVEEDOR_PRODUCTO(PROVEEDOR_ID,PRODUCTO_ID,PRECIO_COMPRA) VALUES(10,925, 0.000000);

-- ===========PRODUCTO [926]
INSERT INTO PRODUCTO(ID,MARCA_ID,LINEA_ID,NOMBRE,PRESENTACION,CONTENIDO,UNIDADES_POR_CAJA,COSTO,COSTO_VENTA,PRECIO_BASE,UNIDAD_MEDIDA,CODIGO_BARRAS,ABREBIATURA) VALUES(926,2,4,'Adidas Aerosol Caballero','Game Spirit',150.0,12.0,22.212644,22.212644,30.920000,'ML','7795646471026','Adidas Aer Game 150');

INSERT INTO MOVIMIENTO_HISTORICO_PRODUCTO (ALMACEN_ID,PRODUCTO_ID,FECHA,TIPO_MOVIMIENTO_ID,CANTIDAD,COSTO,PRECIO,USUARIO_ID) VALUES(1,926,now(),30,4,22.212644,30.920000,'root');
INSERT INTO ALMACEN_PRODUCTO(ALMACEN_ID,PRODUCTO_ID,CANTIDAD_ACTUAL,PRECIO_VENTA) VALUES (1,926,4,30.920000);

INSERT INTO ALMACEN_PRODUCTO(ALMACEN_ID,PRODUCTO_ID,CANTIDAD_ACTUAL,PRECIO_VENTA) VALUES (2,926,0,0.000000);

INSERT INTO ALMACEN_PRODUCTO(ALMACEN_ID,PRODUCTO_ID,CANTIDAD_ACTUAL,PRECIO_VENTA) VALUES (3,926,4,29.900000);

INSERT INTO ALMACEN_PRODUCTO(ALMACEN_ID,PRODUCTO_ID,CANTIDAD_ACTUAL,PRECIO_VENTA) VALUES (4,926,0,0.000000);

INSERT INTO PROVEEDOR_PRODUCTO(PROVEEDOR_ID,PRODUCTO_ID,PRECIO_COMPRA) VALUES(13,926, 22.212644);

-- ===========PRODUCTO [927]
INSERT INTO PRODUCTO(ID,MARCA_ID,LINEA_ID,NOMBRE,PRESENTACION,CONTENIDO,UNIDADES_POR_CAJA,COSTO,COSTO_VENTA,PRECIO_BASE,UNIDAD_MEDIDA,CODIGO_BARRAS,ABREBIATURA) VALUES(927,43,4,'Old Spice Aerosol Caballero','Endurence',145.0,12.0,0.000000,0.000000,0.000000,'ML','047400307612','Old Spic Enduren 145');

INSERT INTO MOVIMIENTO_HISTORICO_PRODUCTO (ALMACEN_ID,PRODUCTO_ID,FECHA,TIPO_MOVIMIENTO_ID,CANTIDAD,COSTO,PRECIO,USUARIO_ID) VALUES(1,927,now(),30,12,0.000000,0.000000,'root');
INSERT INTO ALMACEN_PRODUCTO(ALMACEN_ID,PRODUCTO_ID,CANTIDAD_ACTUAL,PRECIO_VENTA) VALUES (1,927,12,0.000000);

INSERT INTO ALMACEN_PRODUCTO(ALMACEN_ID,PRODUCTO_ID,CANTIDAD_ACTUAL,PRECIO_VENTA) VALUES (2,927,0,0.000000);

INSERT INTO ALMACEN_PRODUCTO(ALMACEN_ID,PRODUCTO_ID,CANTIDAD_ACTUAL,PRECIO_VENTA) VALUES (3,927,12,0.000000);

INSERT INTO ALMACEN_PRODUCTO(ALMACEN_ID,PRODUCTO_ID,CANTIDAD_ACTUAL,PRECIO_VENTA) VALUES (4,927,0,0.000000);

INSERT INTO PROVEEDOR_PRODUCTO(PROVEEDOR_ID,PRODUCTO_ID,PRECIO_COMPRA) VALUES(10,927, 0.000000);

-- ===========PRODUCTO [928]
INSERT INTO PRODUCTO(ID,MARCA_ID,LINEA_ID,NOMBRE,PRESENTACION,CONTENIDO,UNIDADES_POR_CAJA,COSTO,COSTO_VENTA,PRECIO_BASE,UNIDAD_MEDIDA,CODIGO_BARRAS,ABREBIATURA) VALUES(928,43,4,'Old Spice Aerosol Caballero','Icerock',145.0,12.0,0.000000,0.000000,0.000000,'ML','7702018992164','Old Spic Icerok 145ml');

INSERT INTO MOVIMIENTO_HISTORICO_PRODUCTO (ALMACEN_ID,PRODUCTO_ID,FECHA,TIPO_MOVIMIENTO_ID,CANTIDAD,COSTO,PRECIO,USUARIO_ID) VALUES(1,928,now(),30,10,0.000000,0.000000,'root');
INSERT INTO ALMACEN_PRODUCTO(ALMACEN_ID,PRODUCTO_ID,CANTIDAD_ACTUAL,PRECIO_VENTA) VALUES (1,928,10,0.000000);

INSERT INTO ALMACEN_PRODUCTO(ALMACEN_ID,PRODUCTO_ID,CANTIDAD_ACTUAL,PRECIO_VENTA) VALUES (2,928,0,0.000000);

INSERT INTO ALMACEN_PRODUCTO(ALMACEN_ID,PRODUCTO_ID,CANTIDAD_ACTUAL,PRECIO_VENTA) VALUES (3,928,10,0.000000);

INSERT INTO ALMACEN_PRODUCTO(ALMACEN_ID,PRODUCTO_ID,CANTIDAD_ACTUAL,PRECIO_VENTA) VALUES (4,928,0,0.000000);

INSERT INTO PROVEEDOR_PRODUCTO(PROVEEDOR_ID,PRODUCTO_ID,PRECIO_COMPRA) VALUES(10,928, 0.000000);

-- ===========PRODUCTO [929]
INSERT INTO PRODUCTO(ID,MARCA_ID,LINEA_ID,NOMBRE,PRESENTACION,CONTENIDO,UNIDADES_POR_CAJA,COSTO,COSTO_VENTA,PRECIO_BASE,UNIDAD_MEDIDA,CODIGO_BARRAS,ABREBIATURA) VALUES(929,43,4,'Old Spice Aerosol Caballero','Seazone',145.0,12.0,0.000000,0.000000,0.000000,'ML','7702018992133','Old Spice Seazon 145m');

INSERT INTO MOVIMIENTO_HISTORICO_PRODUCTO (ALMACEN_ID,PRODUCTO_ID,FECHA,TIPO_MOVIMIENTO_ID,CANTIDAD,COSTO,PRECIO,USUARIO_ID) VALUES(1,929,now(),30,12,0.000000,0.000000,'root');
INSERT INTO ALMACEN_PRODUCTO(ALMACEN_ID,PRODUCTO_ID,CANTIDAD_ACTUAL,PRECIO_VENTA) VALUES (1,929,12,0.000000);

INSERT INTO ALMACEN_PRODUCTO(ALMACEN_ID,PRODUCTO_ID,CANTIDAD_ACTUAL,PRECIO_VENTA) VALUES (2,929,0,0.000000);

INSERT INTO ALMACEN_PRODUCTO(ALMACEN_ID,PRODUCTO_ID,CANTIDAD_ACTUAL,PRECIO_VENTA) VALUES (3,929,12,0.000000);

INSERT INTO ALMACEN_PRODUCTO(ALMACEN_ID,PRODUCTO_ID,CANTIDAD_ACTUAL,PRECIO_VENTA) VALUES (4,929,0,0.000000);

INSERT INTO PROVEEDOR_PRODUCTO(PROVEEDOR_ID,PRODUCTO_ID,PRECIO_COMPRA) VALUES(10,929, 0.000000);

-- ===========PRODUCTO [930]
INSERT INTO PRODUCTO(ID,MARCA_ID,LINEA_ID,NOMBRE,PRESENTACION,CONTENIDO,UNIDADES_POR_CAJA,COSTO,COSTO_VENTA,PRECIO_BASE,UNIDAD_MEDIDA,CODIGO_BARRAS,ABREBIATURA) VALUES(930,44,4,'Axe Aerosol Caballero','Music Star',160.0,12.0,24.734195,24.734195,34.430000,'ML','7791293005362','Axe Aer Music 160ml');

INSERT INTO MOVIMIENTO_HISTORICO_PRODUCTO (ALMACEN_ID,PRODUCTO_ID,FECHA,TIPO_MOVIMIENTO_ID,CANTIDAD,COSTO,PRECIO,USUARIO_ID) VALUES(1,930,now(),30,22,24.734195,34.430000,'root');
INSERT INTO ALMACEN_PRODUCTO(ALMACEN_ID,PRODUCTO_ID,CANTIDAD_ACTUAL,PRECIO_VENTA) VALUES (1,930,22,34.430000);

INSERT INTO ALMACEN_PRODUCTO(ALMACEN_ID,PRODUCTO_ID,CANTIDAD_ACTUAL,PRECIO_VENTA) VALUES (2,930,0,0.000000);

INSERT INTO ALMACEN_PRODUCTO(ALMACEN_ID,PRODUCTO_ID,CANTIDAD_ACTUAL,PRECIO_VENTA) VALUES (3,930,22,34.900000);

INSERT INTO ALMACEN_PRODUCTO(ALMACEN_ID,PRODUCTO_ID,CANTIDAD_ACTUAL,PRECIO_VENTA) VALUES (4,930,0,0.000000);

INSERT INTO PROVEEDOR_PRODUCTO(PROVEEDOR_ID,PRODUCTO_ID,PRECIO_COMPRA) VALUES(19,930, 24.734195);

-- ===========PRODUCTO [931]
INSERT INTO PRODUCTO(ID,MARCA_ID,LINEA_ID,NOMBRE,PRESENTACION,CONTENIDO,UNIDADES_POR_CAJA,COSTO,COSTO_VENTA,PRECIO_BASE,UNIDAD_MEDIDA,CODIGO_BARRAS,ABREBIATURA) VALUES(931,44,4,'Axe Aerosol Caballero','Ex Friend',160.0,12.0,24.734195,24.734195,34.430000,'ML','7791293312750','Axe Aer Ex Frien 160ml');

INSERT INTO MOVIMIENTO_HISTORICO_PRODUCTO (ALMACEN_ID,PRODUCTO_ID,FECHA,TIPO_MOVIMIENTO_ID,CANTIDAD,COSTO,PRECIO,USUARIO_ID) VALUES(1,931,now(),30,1,24.734195,34.430000,'root');
INSERT INTO ALMACEN_PRODUCTO(ALMACEN_ID,PRODUCTO_ID,CANTIDAD_ACTUAL,PRECIO_VENTA) VALUES (1,931,1,34.430000);

INSERT INTO ALMACEN_PRODUCTO(ALMACEN_ID,PRODUCTO_ID,CANTIDAD_ACTUAL,PRECIO_VENTA) VALUES (2,931,1,0.000000);

INSERT INTO ALMACEN_PRODUCTO(ALMACEN_ID,PRODUCTO_ID,CANTIDAD_ACTUAL,PRECIO_VENTA) VALUES (3,931,1,34.900000);

INSERT INTO ALMACEN_PRODUCTO(ALMACEN_ID,PRODUCTO_ID,CANTIDAD_ACTUAL,PRECIO_VENTA) VALUES (4,931,1,0.000000);

INSERT INTO PROVEEDOR_PRODUCTO(PROVEEDOR_ID,PRODUCTO_ID,PRECIO_COMPRA) VALUES(19,931, 24.734195);

-- ===========PRODUCTO [932]
INSERT INTO PRODUCTO(ID,MARCA_ID,LINEA_ID,NOMBRE,PRESENTACION,CONTENIDO,UNIDADES_POR_CAJA,COSTO,COSTO_VENTA,PRECIO_BASE,UNIDAD_MEDIDA,CODIGO_BARRAS,ABREBIATURA) VALUES(932,51,4,'Secret Aerosol Dama','Oasis Fresh',150.0,12.0,0.000000,0.000000,0.000000,'ML','7501007453484','Secret Aer Oasis 150m');

INSERT INTO MOVIMIENTO_HISTORICO_PRODUCTO (ALMACEN_ID,PRODUCTO_ID,FECHA,TIPO_MOVIMIENTO_ID,CANTIDAD,COSTO,PRECIO,USUARIO_ID) VALUES(1,932,now(),30,7,0.000000,0.000000,'root');
INSERT INTO ALMACEN_PRODUCTO(ALMACEN_ID,PRODUCTO_ID,CANTIDAD_ACTUAL,PRECIO_VENTA) VALUES (1,932,7,0.000000);

INSERT INTO ALMACEN_PRODUCTO(ALMACEN_ID,PRODUCTO_ID,CANTIDAD_ACTUAL,PRECIO_VENTA) VALUES (2,932,0,0.000000);

INSERT INTO ALMACEN_PRODUCTO(ALMACEN_ID,PRODUCTO_ID,CANTIDAD_ACTUAL,PRECIO_VENTA) VALUES (3,932,7,0.000000);

INSERT INTO ALMACEN_PRODUCTO(ALMACEN_ID,PRODUCTO_ID,CANTIDAD_ACTUAL,PRECIO_VENTA) VALUES (4,932,0,0.000000);

INSERT INTO PROVEEDOR_PRODUCTO(PROVEEDOR_ID,PRODUCTO_ID,PRECIO_COMPRA) VALUES(19,932, 0.000000);

-- ===========PRODUCTO [933]
INSERT INTO PRODUCTO(ID,MARCA_ID,LINEA_ID,NOMBRE,PRESENTACION,CONTENIDO,UNIDADES_POR_CAJA,COSTO,COSTO_VENTA,PRECIO_BASE,UNIDAD_MEDIDA,CODIGO_BARRAS,ABREBIATURA) VALUES(933,14,2,'Fructis Garnier Gel Style','Stop Caida',200.0,12.0,0.000000,0.000000,0.000000,'G','7506078976979','Fructis Gel Stop 200m');

INSERT INTO MOVIMIENTO_HISTORICO_PRODUCTO (ALMACEN_ID,PRODUCTO_ID,FECHA,TIPO_MOVIMIENTO_ID,CANTIDAD,COSTO,PRECIO,USUARIO_ID) VALUES(1,933,now(),30,9,0.000000,0.000000,'root');
INSERT INTO ALMACEN_PRODUCTO(ALMACEN_ID,PRODUCTO_ID,CANTIDAD_ACTUAL,PRECIO_VENTA) VALUES (1,933,9,0.000000);

INSERT INTO ALMACEN_PRODUCTO(ALMACEN_ID,PRODUCTO_ID,CANTIDAD_ACTUAL,PRECIO_VENTA) VALUES (2,933,0,0.000000);

INSERT INTO ALMACEN_PRODUCTO(ALMACEN_ID,PRODUCTO_ID,CANTIDAD_ACTUAL,PRECIO_VENTA) VALUES (3,933,9,0.000000);

INSERT INTO ALMACEN_PRODUCTO(ALMACEN_ID,PRODUCTO_ID,CANTIDAD_ACTUAL,PRECIO_VENTA) VALUES (4,933,0,0.000000);

INSERT INTO PROVEEDOR_PRODUCTO(PROVEEDOR_ID,PRODUCTO_ID,PRECIO_COMPRA) VALUES(13,933, 0.000000);

-- ===========PRODUCTO [934]
INSERT INTO PRODUCTO(ID,MARCA_ID,LINEA_ID,NOMBRE,PRESENTACION,CONTENIDO,UNIDADES_POR_CAJA,COSTO,COSTO_VENTA,PRECIO_BASE,UNIDAD_MEDIDA,CODIGO_BARRAS,ABREBIATURA) VALUES(934,84,11,'Crest Pasta Dental','Complete Oral B',24.0,32.0,0.000000,0.000000,0.000000,'ML','7506195100639','Crest Cr Dental 24ml');

INSERT INTO MOVIMIENTO_HISTORICO_PRODUCTO (ALMACEN_ID,PRODUCTO_ID,FECHA,TIPO_MOVIMIENTO_ID,CANTIDAD,COSTO,PRECIO,USUARIO_ID) VALUES(1,934,now(),30,410,0.000000,0.000000,'root');
INSERT INTO ALMACEN_PRODUCTO(ALMACEN_ID,PRODUCTO_ID,CANTIDAD_ACTUAL,PRECIO_VENTA) VALUES (1,934,410,0.000000);

INSERT INTO ALMACEN_PRODUCTO(ALMACEN_ID,PRODUCTO_ID,CANTIDAD_ACTUAL,PRECIO_VENTA) VALUES (2,934,0,0.000000);

INSERT INTO ALMACEN_PRODUCTO(ALMACEN_ID,PRODUCTO_ID,CANTIDAD_ACTUAL,PRECIO_VENTA) VALUES (3,934,410,0.000000);

INSERT INTO ALMACEN_PRODUCTO(ALMACEN_ID,PRODUCTO_ID,CANTIDAD_ACTUAL,PRECIO_VENTA) VALUES (4,934,0,0.000000);

INSERT INTO PROVEEDOR_PRODUCTO(PROVEEDOR_ID,PRODUCTO_ID,PRECIO_COMPRA) VALUES(5,934, 0.000000);

-- ===========PRODUCTO [935]
INSERT INTO PRODUCTO(ID,MARCA_ID,LINEA_ID,NOMBRE,PRESENTACION,CONTENIDO,UNIDADES_POR_CAJA,COSTO,COSTO_VENTA,PRECIO_BASE,UNIDAD_MEDIDA,CODIGO_BARRAS,ABREBIATURA) VALUES(935,45,4,'Obao Rollon Dama','Frescura Suave',65.0,24.0,0.000000,0.000000,0.000000,'G','7501027278487','Obao R-o Suave 65g');

INSERT INTO MOVIMIENTO_HISTORICO_PRODUCTO (ALMACEN_ID,PRODUCTO_ID,FECHA,TIPO_MOVIMIENTO_ID,CANTIDAD,COSTO,PRECIO,USUARIO_ID) VALUES(1,935,now(),30,26,0.000000,0.000000,'root');
INSERT INTO ALMACEN_PRODUCTO(ALMACEN_ID,PRODUCTO_ID,CANTIDAD_ACTUAL,PRECIO_VENTA) VALUES (1,935,26,0.000000);

INSERT INTO ALMACEN_PRODUCTO(ALMACEN_ID,PRODUCTO_ID,CANTIDAD_ACTUAL,PRECIO_VENTA) VALUES (2,935,0,0.000000);

INSERT INTO ALMACEN_PRODUCTO(ALMACEN_ID,PRODUCTO_ID,CANTIDAD_ACTUAL,PRECIO_VENTA) VALUES (3,935,26,0.000000);

INSERT INTO ALMACEN_PRODUCTO(ALMACEN_ID,PRODUCTO_ID,CANTIDAD_ACTUAL,PRECIO_VENTA) VALUES (4,935,0,0.000000);

INSERT INTO PROVEEDOR_PRODUCTO(PROVEEDOR_ID,PRODUCTO_ID,PRECIO_COMPRA) VALUES(10,935, 0.000000);

-- ===========PRODUCTO [936]
INSERT INTO PRODUCTO(ID,MARCA_ID,LINEA_ID,NOMBRE,PRESENTACION,CONTENIDO,UNIDADES_POR_CAJA,COSTO,COSTO_VENTA,PRECIO_BASE,UNIDAD_MEDIDA,CODIGO_BARRAS,ABREBIATURA) VALUES(936,85,3,'Cutex Quita Esmalte Uas','Extra Humectante',100.0,12.0,0.000000,0.000000,0.000000,'ML','7501015903407','Cutex Uas Humec 100');

INSERT INTO MOVIMIENTO_HISTORICO_PRODUCTO (ALMACEN_ID,PRODUCTO_ID,FECHA,TIPO_MOVIMIENTO_ID,CANTIDAD,COSTO,PRECIO,USUARIO_ID) VALUES(1,936,now(),30,4,0.000000,0.000000,'root');
INSERT INTO ALMACEN_PRODUCTO(ALMACEN_ID,PRODUCTO_ID,CANTIDAD_ACTUAL,PRECIO_VENTA) VALUES (1,936,4,0.000000);

INSERT INTO ALMACEN_PRODUCTO(ALMACEN_ID,PRODUCTO_ID,CANTIDAD_ACTUAL,PRECIO_VENTA) VALUES (2,936,0,0.000000);

INSERT INTO ALMACEN_PRODUCTO(ALMACEN_ID,PRODUCTO_ID,CANTIDAD_ACTUAL,PRECIO_VENTA) VALUES (3,936,4,0.000000);

INSERT INTO ALMACEN_PRODUCTO(ALMACEN_ID,PRODUCTO_ID,CANTIDAD_ACTUAL,PRECIO_VENTA) VALUES (4,936,0,0.000000);

INSERT INTO PROVEEDOR_PRODUCTO(PROVEEDOR_ID,PRODUCTO_ID,PRECIO_COMPRA) VALUES(17,936, 0.000000);

-- ===========PRODUCTO [937]
INSERT INTO PRODUCTO(ID,MARCA_ID,LINEA_ID,NOMBRE,PRESENTACION,CONTENIDO,UNIDADES_POR_CAJA,COSTO,COSTO_VENTA,PRECIO_BASE,UNIDAD_MEDIDA,CODIGO_BARRAS,ABREBIATURA) VALUES(937,19,4,'Rexona Stick Caballero','Maximus',50.0,12.0,0.000000,0.000000,0.000000,'G','78009356','Rexona Stk Maxim 50');

INSERT INTO MOVIMIENTO_HISTORICO_PRODUCTO (ALMACEN_ID,PRODUCTO_ID,FECHA,TIPO_MOVIMIENTO_ID,CANTIDAD,COSTO,PRECIO,USUARIO_ID) VALUES(1,937,now(),30,12,0.000000,0.000000,'root');
INSERT INTO ALMACEN_PRODUCTO(ALMACEN_ID,PRODUCTO_ID,CANTIDAD_ACTUAL,PRECIO_VENTA) VALUES (1,937,12,0.000000);

INSERT INTO ALMACEN_PRODUCTO(ALMACEN_ID,PRODUCTO_ID,CANTIDAD_ACTUAL,PRECIO_VENTA) VALUES (2,937,0,0.000000);

INSERT INTO ALMACEN_PRODUCTO(ALMACEN_ID,PRODUCTO_ID,CANTIDAD_ACTUAL,PRECIO_VENTA) VALUES (3,937,12,0.000000);

INSERT INTO ALMACEN_PRODUCTO(ALMACEN_ID,PRODUCTO_ID,CANTIDAD_ACTUAL,PRECIO_VENTA) VALUES (4,937,0,0.000000);

INSERT INTO PROVEEDOR_PRODUCTO(PROVEEDOR_ID,PRODUCTO_ID,PRECIO_COMPRA) VALUES(17,937, 0.000000);

-- ===========PRODUCTO [938]
INSERT INTO PRODUCTO(ID,MARCA_ID,LINEA_ID,NOMBRE,PRESENTACION,CONTENIDO,UNIDADES_POR_CAJA,COSTO,COSTO_VENTA,PRECIO_BASE,UNIDAD_MEDIDA,CODIGO_BARRAS,ABREBIATURA) VALUES(938,45,4,'Obao Rollon Dama','Bamboo Breeze',65.0,12.0,0.000000,0.000000,0.000000,'G','7501839107852','Obao R-o Bamboo 65');

INSERT INTO MOVIMIENTO_HISTORICO_PRODUCTO (ALMACEN_ID,PRODUCTO_ID,FECHA,TIPO_MOVIMIENTO_ID,CANTIDAD,COSTO,PRECIO,USUARIO_ID) VALUES(1,938,now(),30,12,0.000000,0.000000,'root');
INSERT INTO ALMACEN_PRODUCTO(ALMACEN_ID,PRODUCTO_ID,CANTIDAD_ACTUAL,PRECIO_VENTA) VALUES (1,938,12,0.000000);

INSERT INTO ALMACEN_PRODUCTO(ALMACEN_ID,PRODUCTO_ID,CANTIDAD_ACTUAL,PRECIO_VENTA) VALUES (2,938,0,0.000000);

INSERT INTO ALMACEN_PRODUCTO(ALMACEN_ID,PRODUCTO_ID,CANTIDAD_ACTUAL,PRECIO_VENTA) VALUES (3,938,12,0.000000);

INSERT INTO ALMACEN_PRODUCTO(ALMACEN_ID,PRODUCTO_ID,CANTIDAD_ACTUAL,PRECIO_VENTA) VALUES (4,938,0,0.000000);

INSERT INTO PROVEEDOR_PRODUCTO(PROVEEDOR_ID,PRODUCTO_ID,PRECIO_COMPRA) VALUES(10,938, 0.000000);

-- ===========PRODUCTO [939]
INSERT INTO PRODUCTO(ID,MARCA_ID,LINEA_ID,NOMBRE,PRESENTACION,CONTENIDO,UNIDADES_POR_CAJA,COSTO,COSTO_VENTA,PRECIO_BASE,UNIDAD_MEDIDA,CODIGO_BARRAS,ABREBIATURA) VALUES(939,9,4,'Coty Body Fresh Rollon Dama','Morning Glory',70.0,12.0,0.000000,0.000000,0.000000,'ML','7501737403827','Coty R-o Mornin 70g');

INSERT INTO MOVIMIENTO_HISTORICO_PRODUCTO (ALMACEN_ID,PRODUCTO_ID,FECHA,TIPO_MOVIMIENTO_ID,CANTIDAD,COSTO,PRECIO,USUARIO_ID) VALUES(1,939,now(),30,10,0.000000,0.000000,'root');
INSERT INTO ALMACEN_PRODUCTO(ALMACEN_ID,PRODUCTO_ID,CANTIDAD_ACTUAL,PRECIO_VENTA) VALUES (1,939,10,0.000000);

INSERT INTO ALMACEN_PRODUCTO(ALMACEN_ID,PRODUCTO_ID,CANTIDAD_ACTUAL,PRECIO_VENTA) VALUES (2,939,0,0.000000);

INSERT INTO ALMACEN_PRODUCTO(ALMACEN_ID,PRODUCTO_ID,CANTIDAD_ACTUAL,PRECIO_VENTA) VALUES (3,939,10,0.000000);

INSERT INTO ALMACEN_PRODUCTO(ALMACEN_ID,PRODUCTO_ID,CANTIDAD_ACTUAL,PRECIO_VENTA) VALUES (4,939,0,0.000000);

INSERT INTO PROVEEDOR_PRODUCTO(PROVEEDOR_ID,PRODUCTO_ID,PRECIO_COMPRA) VALUES(13,939, 0.000000);

-- ===========PRODUCTO [940]
INSERT INTO PRODUCTO(ID,MARCA_ID,LINEA_ID,NOMBRE,PRESENTACION,CONTENIDO,UNIDADES_POR_CAJA,COSTO,COSTO_VENTA,PRECIO_BASE,UNIDAD_MEDIDA,CODIGO_BARRAS,ABREBIATURA) VALUES(940,2,4,'Adidas Rollon Dama','Fruity Rhythm',50.0,12.0,14.317529,14.317529,19.930000,'G','7501737400871','Adidas R-o Fruity 50g');

INSERT INTO MOVIMIENTO_HISTORICO_PRODUCTO (ALMACEN_ID,PRODUCTO_ID,FECHA,TIPO_MOVIMIENTO_ID,CANTIDAD,COSTO,PRECIO,USUARIO_ID) VALUES(1,940,now(),30,12,14.317529,19.930000,'root');
INSERT INTO ALMACEN_PRODUCTO(ALMACEN_ID,PRODUCTO_ID,CANTIDAD_ACTUAL,PRECIO_VENTA) VALUES (1,940,12,19.930000);

INSERT INTO ALMACEN_PRODUCTO(ALMACEN_ID,PRODUCTO_ID,CANTIDAD_ACTUAL,PRECIO_VENTA) VALUES (2,940,0,0.000000);

INSERT INTO ALMACEN_PRODUCTO(ALMACEN_ID,PRODUCTO_ID,CANTIDAD_ACTUAL,PRECIO_VENTA) VALUES (3,940,12,18.900000);

INSERT INTO ALMACEN_PRODUCTO(ALMACEN_ID,PRODUCTO_ID,CANTIDAD_ACTUAL,PRECIO_VENTA) VALUES (4,940,0,0.000000);

INSERT INTO PROVEEDOR_PRODUCTO(PROVEEDOR_ID,PRODUCTO_ID,PRECIO_COMPRA) VALUES(13,940, 14.317529);

-- ===========PRODUCTO [941]
INSERT INTO PRODUCTO(ID,MARCA_ID,LINEA_ID,NOMBRE,PRESENTACION,CONTENIDO,UNIDADES_POR_CAJA,COSTO,COSTO_VENTA,PRECIO_BASE,UNIDAD_MEDIDA,CODIGO_BARRAS,ABREBIATURA) VALUES(941,45,4,'Obao Rollon Dama','Sweet Dreams',65.0,12.0,14.137931,14.137931,19.680000,'G','7501839114485','Obao R-o Sweet Dr 65g');

INSERT INTO MOVIMIENTO_HISTORICO_PRODUCTO (ALMACEN_ID,PRODUCTO_ID,FECHA,TIPO_MOVIMIENTO_ID,CANTIDAD,COSTO,PRECIO,USUARIO_ID) VALUES(1,941,now(),30,16,14.137931,19.680000,'root');
INSERT INTO ALMACEN_PRODUCTO(ALMACEN_ID,PRODUCTO_ID,CANTIDAD_ACTUAL,PRECIO_VENTA) VALUES (1,941,16,19.680000);

INSERT INTO ALMACEN_PRODUCTO(ALMACEN_ID,PRODUCTO_ID,CANTIDAD_ACTUAL,PRECIO_VENTA) VALUES (2,941,0,0.000000);

INSERT INTO ALMACEN_PRODUCTO(ALMACEN_ID,PRODUCTO_ID,CANTIDAD_ACTUAL,PRECIO_VENTA) VALUES (3,941,16,18.900000);

INSERT INTO ALMACEN_PRODUCTO(ALMACEN_ID,PRODUCTO_ID,CANTIDAD_ACTUAL,PRECIO_VENTA) VALUES (4,941,0,0.000000);

INSERT INTO PROVEEDOR_PRODUCTO(PROVEEDOR_ID,PRODUCTO_ID,PRECIO_COMPRA) VALUES(13,941, 14.137931);

-- ===========PRODUCTO [942]
INSERT INTO PRODUCTO(ID,MARCA_ID,LINEA_ID,NOMBRE,PRESENTACION,CONTENIDO,UNIDADES_POR_CAJA,COSTO,COSTO_VENTA,PRECIO_BASE,UNIDAD_MEDIDA,CODIGO_BARRAS,ABREBIATURA) VALUES(942,51,4,'Secret Rollon Dama','Manzana Radiante',50.0,12.0,0.000000,0.000000,0.000000,'ML','75020484','Secret R-o Mzna Rad 50');

INSERT INTO MOVIMIENTO_HISTORICO_PRODUCTO (ALMACEN_ID,PRODUCTO_ID,FECHA,TIPO_MOVIMIENTO_ID,CANTIDAD,COSTO,PRECIO,USUARIO_ID) VALUES(1,942,now(),30,7,0.000000,0.000000,'root');
INSERT INTO ALMACEN_PRODUCTO(ALMACEN_ID,PRODUCTO_ID,CANTIDAD_ACTUAL,PRECIO_VENTA) VALUES (1,942,7,0.000000);

INSERT INTO ALMACEN_PRODUCTO(ALMACEN_ID,PRODUCTO_ID,CANTIDAD_ACTUAL,PRECIO_VENTA) VALUES (2,942,0,0.000000);

INSERT INTO ALMACEN_PRODUCTO(ALMACEN_ID,PRODUCTO_ID,CANTIDAD_ACTUAL,PRECIO_VENTA) VALUES (3,942,7,0.000000);

INSERT INTO ALMACEN_PRODUCTO(ALMACEN_ID,PRODUCTO_ID,CANTIDAD_ACTUAL,PRECIO_VENTA) VALUES (4,942,0,0.000000);

INSERT INTO PROVEEDOR_PRODUCTO(PROVEEDOR_ID,PRODUCTO_ID,PRECIO_COMPRA) VALUES(10,942, 0.000000);

-- ===========PRODUCTO [943]
INSERT INTO PRODUCTO(ID,MARCA_ID,LINEA_ID,NOMBRE,PRESENTACION,CONTENIDO,UNIDADES_POR_CAJA,COSTO,COSTO_VENTA,PRECIO_BASE,UNIDAD_MEDIDA,CODIGO_BARRAS,ABREBIATURA) VALUES(943,67,7,'Curity Biberon Silicon','4 Meses',9.0,24.0,0.000000,0.000000,0.000000,'Oz','7509546012292','Curit Bib 4 Mes 9 Oz');

INSERT INTO MOVIMIENTO_HISTORICO_PRODUCTO (ALMACEN_ID,PRODUCTO_ID,FECHA,TIPO_MOVIMIENTO_ID,CANTIDAD,COSTO,PRECIO,USUARIO_ID) VALUES(1,943,now(),30,24,0.000000,0.000000,'root');
INSERT INTO ALMACEN_PRODUCTO(ALMACEN_ID,PRODUCTO_ID,CANTIDAD_ACTUAL,PRECIO_VENTA) VALUES (1,943,24,0.000000);

INSERT INTO ALMACEN_PRODUCTO(ALMACEN_ID,PRODUCTO_ID,CANTIDAD_ACTUAL,PRECIO_VENTA) VALUES (2,943,0,0.000000);

INSERT INTO ALMACEN_PRODUCTO(ALMACEN_ID,PRODUCTO_ID,CANTIDAD_ACTUAL,PRECIO_VENTA) VALUES (3,943,24,0.000000);

INSERT INTO ALMACEN_PRODUCTO(ALMACEN_ID,PRODUCTO_ID,CANTIDAD_ACTUAL,PRECIO_VENTA) VALUES (4,943,0,0.000000);

INSERT INTO PROVEEDOR_PRODUCTO(PROVEEDOR_ID,PRODUCTO_ID,PRECIO_COMPRA) VALUES(6,943, 0.000000);

-- ===========PRODUCTO [944]
INSERT INTO PRODUCTO(ID,MARCA_ID,LINEA_ID,NOMBRE,PRESENTACION,CONTENIDO,UNIDADES_POR_CAJA,COSTO,COSTO_VENTA,PRECIO_BASE,UNIDAD_MEDIDA,CODIGO_BARRAS,ABREBIATURA) VALUES(944,67,7,'Curity Mamila de Silicon','3 Meses',1.0,24.0,0.000000,0.000000,0.000000,'PZ','7509546024103','Cutit Mam 3 Mes 3Pz');

INSERT INTO MOVIMIENTO_HISTORICO_PRODUCTO (ALMACEN_ID,PRODUCTO_ID,FECHA,TIPO_MOVIMIENTO_ID,CANTIDAD,COSTO,PRECIO,USUARIO_ID) VALUES(1,944,now(),30,15,0.000000,0.000000,'root');
INSERT INTO ALMACEN_PRODUCTO(ALMACEN_ID,PRODUCTO_ID,CANTIDAD_ACTUAL,PRECIO_VENTA) VALUES (1,944,15,0.000000);

INSERT INTO ALMACEN_PRODUCTO(ALMACEN_ID,PRODUCTO_ID,CANTIDAD_ACTUAL,PRECIO_VENTA) VALUES (2,944,0,0.000000);

INSERT INTO ALMACEN_PRODUCTO(ALMACEN_ID,PRODUCTO_ID,CANTIDAD_ACTUAL,PRECIO_VENTA) VALUES (3,944,15,0.000000);

INSERT INTO ALMACEN_PRODUCTO(ALMACEN_ID,PRODUCTO_ID,CANTIDAD_ACTUAL,PRECIO_VENTA) VALUES (4,944,0,0.000000);

INSERT INTO PROVEEDOR_PRODUCTO(PROVEEDOR_ID,PRODUCTO_ID,PRECIO_COMPRA) VALUES(6,944, 0.000000);

-- ===========PRODUCTO [945]
INSERT INTO PRODUCTO(ID,MARCA_ID,LINEA_ID,NOMBRE,PRESENTACION,CONTENIDO,UNIDADES_POR_CAJA,COSTO,COSTO_VENTA,PRECIO_BASE,UNIDAD_MEDIDA,CODIGO_BARRAS,ABREBIATURA) VALUES(945,57,7,'Mennen Baby Magic Crema','Sonrisas y Abrazos',200.0,24.0,0.000000,0.000000,0.000000,'ML','7509546050379','Menn Cr Sonris 200ml');

INSERT INTO MOVIMIENTO_HISTORICO_PRODUCTO (ALMACEN_ID,PRODUCTO_ID,FECHA,TIPO_MOVIMIENTO_ID,CANTIDAD,COSTO,PRECIO,USUARIO_ID) VALUES(1,945,now(),30,22,0.000000,0.000000,'root');
INSERT INTO ALMACEN_PRODUCTO(ALMACEN_ID,PRODUCTO_ID,CANTIDAD_ACTUAL,PRECIO_VENTA) VALUES (1,945,22,0.000000);

INSERT INTO ALMACEN_PRODUCTO(ALMACEN_ID,PRODUCTO_ID,CANTIDAD_ACTUAL,PRECIO_VENTA) VALUES (2,945,1,0.000000);

INSERT INTO ALMACEN_PRODUCTO(ALMACEN_ID,PRODUCTO_ID,CANTIDAD_ACTUAL,PRECIO_VENTA) VALUES (3,945,22,0.000000);

INSERT INTO ALMACEN_PRODUCTO(ALMACEN_ID,PRODUCTO_ID,CANTIDAD_ACTUAL,PRECIO_VENTA) VALUES (4,945,1,0.000000);

INSERT INTO PROVEEDOR_PRODUCTO(PROVEEDOR_ID,PRODUCTO_ID,PRECIO_COMPRA) VALUES(6,945, 0.000000);

-- ===========PRODUCTO [947]
INSERT INTO PRODUCTO(ID,MARCA_ID,LINEA_ID,NOMBRE,PRESENTACION,CONTENIDO,UNIDADES_POR_CAJA,COSTO,COSTO_VENTA,PRECIO_BASE,UNIDAD_MEDIDA,CODIGO_BARRAS,ABREBIATURA) VALUES(947,57,7,'Mennen Baby Magic Crema','Hipoalergenico Nios',200.0,24.0,0.000000,0.000000,0.000000,'ML','7501035908192','Menn Cr Nios 200ml');

INSERT INTO MOVIMIENTO_HISTORICO_PRODUCTO (ALMACEN_ID,PRODUCTO_ID,FECHA,TIPO_MOVIMIENTO_ID,CANTIDAD,COSTO,PRECIO,USUARIO_ID) VALUES(1,947,now(),30,14,0.000000,0.000000,'root');
INSERT INTO ALMACEN_PRODUCTO(ALMACEN_ID,PRODUCTO_ID,CANTIDAD_ACTUAL,PRECIO_VENTA) VALUES (1,947,14,0.000000);

INSERT INTO ALMACEN_PRODUCTO(ALMACEN_ID,PRODUCTO_ID,CANTIDAD_ACTUAL,PRECIO_VENTA) VALUES (2,947,0,0.000000);

INSERT INTO ALMACEN_PRODUCTO(ALMACEN_ID,PRODUCTO_ID,CANTIDAD_ACTUAL,PRECIO_VENTA) VALUES (3,947,14,0.000000);

INSERT INTO ALMACEN_PRODUCTO(ALMACEN_ID,PRODUCTO_ID,CANTIDAD_ACTUAL,PRECIO_VENTA) VALUES (4,947,0,0.000000);

INSERT INTO PROVEEDOR_PRODUCTO(PROVEEDOR_ID,PRODUCTO_ID,PRECIO_COMPRA) VALUES(6,947, 0.000000);

-- ===========PRODUCTO [948]
INSERT INTO PRODUCTO(ID,MARCA_ID,LINEA_ID,NOMBRE,PRESENTACION,CONTENIDO,UNIDADES_POR_CAJA,COSTO,COSTO_VENTA,PRECIO_BASE,UNIDAD_MEDIDA,CODIGO_BARRAS,ABREBIATURA) VALUES(948,86,7,'Johnsons Baby Colonia','Antes de Dormir',200.0,12.0,0.000000,0.000000,0.000000,'ML','7702031142867','Johns Col Dormir 200m');

INSERT INTO MOVIMIENTO_HISTORICO_PRODUCTO (ALMACEN_ID,PRODUCTO_ID,FECHA,TIPO_MOVIMIENTO_ID,CANTIDAD,COSTO,PRECIO,USUARIO_ID) VALUES(1,948,now(),30,12,0.000000,0.000000,'root');
INSERT INTO ALMACEN_PRODUCTO(ALMACEN_ID,PRODUCTO_ID,CANTIDAD_ACTUAL,PRECIO_VENTA) VALUES (1,948,12,0.000000);

INSERT INTO ALMACEN_PRODUCTO(ALMACEN_ID,PRODUCTO_ID,CANTIDAD_ACTUAL,PRECIO_VENTA) VALUES (2,948,0,0.000000);

INSERT INTO ALMACEN_PRODUCTO(ALMACEN_ID,PRODUCTO_ID,CANTIDAD_ACTUAL,PRECIO_VENTA) VALUES (3,948,12,0.000000);

INSERT INTO ALMACEN_PRODUCTO(ALMACEN_ID,PRODUCTO_ID,CANTIDAD_ACTUAL,PRECIO_VENTA) VALUES (4,948,0,0.000000);

INSERT INTO PROVEEDOR_PRODUCTO(PROVEEDOR_ID,PRODUCTO_ID,PRECIO_COMPRA) VALUES(19,948, 0.000000);

-- ===========PRODUCTO [949]
INSERT INTO PRODUCTO(ID,MARCA_ID,LINEA_ID,NOMBRE,PRESENTACION,CONTENIDO,UNIDADES_POR_CAJA,COSTO,COSTO_VENTA,PRECIO_BASE,UNIDAD_MEDIDA,CODIGO_BARRAS,ABREBIATURA) VALUES(949,57,7,'Mennen Baby Magic Aceite','Sabila',200.0,24.0,0.000000,0.000000,0.000000,'ML','7501035908284','Menn Ace Sabila 200m');

INSERT INTO MOVIMIENTO_HISTORICO_PRODUCTO (ALMACEN_ID,PRODUCTO_ID,FECHA,TIPO_MOVIMIENTO_ID,CANTIDAD,COSTO,PRECIO,USUARIO_ID) VALUES(1,949,now(),30,24,0.000000,0.000000,'root');
INSERT INTO ALMACEN_PRODUCTO(ALMACEN_ID,PRODUCTO_ID,CANTIDAD_ACTUAL,PRECIO_VENTA) VALUES (1,949,24,0.000000);

INSERT INTO ALMACEN_PRODUCTO(ALMACEN_ID,PRODUCTO_ID,CANTIDAD_ACTUAL,PRECIO_VENTA) VALUES (2,949,0,0.000000);

INSERT INTO ALMACEN_PRODUCTO(ALMACEN_ID,PRODUCTO_ID,CANTIDAD_ACTUAL,PRECIO_VENTA) VALUES (3,949,24,0.000000);

INSERT INTO ALMACEN_PRODUCTO(ALMACEN_ID,PRODUCTO_ID,CANTIDAD_ACTUAL,PRECIO_VENTA) VALUES (4,949,0,0.000000);

INSERT INTO PROVEEDOR_PRODUCTO(PROVEEDOR_ID,PRODUCTO_ID,PRECIO_COMPRA) VALUES(6,949, 0.000000);

-- ===========PRODUCTO [950]
INSERT INTO PRODUCTO(ID,MARCA_ID,LINEA_ID,NOMBRE,PRESENTACION,CONTENIDO,UNIDADES_POR_CAJA,COSTO,COSTO_VENTA,PRECIO_BASE,UNIDAD_MEDIDA,CODIGO_BARRAS,ABREBIATURA) VALUES(950,57,7,'Mennen Baby Magic Jabn Solido','Hipoalergenico',90.0,96.0,0.000000,0.000000,0.000000,'G','7501035909236','Menn Jab Hipoa 90g');

INSERT INTO MOVIMIENTO_HISTORICO_PRODUCTO (ALMACEN_ID,PRODUCTO_ID,FECHA,TIPO_MOVIMIENTO_ID,CANTIDAD,COSTO,PRECIO,USUARIO_ID) VALUES(1,950,now(),30,94,0.000000,0.000000,'root');
INSERT INTO ALMACEN_PRODUCTO(ALMACEN_ID,PRODUCTO_ID,CANTIDAD_ACTUAL,PRECIO_VENTA) VALUES (1,950,94,0.000000);

INSERT INTO ALMACEN_PRODUCTO(ALMACEN_ID,PRODUCTO_ID,CANTIDAD_ACTUAL,PRECIO_VENTA) VALUES (2,950,0,0.000000);

INSERT INTO ALMACEN_PRODUCTO(ALMACEN_ID,PRODUCTO_ID,CANTIDAD_ACTUAL,PRECIO_VENTA) VALUES (3,950,94,0.000000);

INSERT INTO ALMACEN_PRODUCTO(ALMACEN_ID,PRODUCTO_ID,CANTIDAD_ACTUAL,PRECIO_VENTA) VALUES (4,950,0,0.000000);

INSERT INTO PROVEEDOR_PRODUCTO(PROVEEDOR_ID,PRODUCTO_ID,PRECIO_COMPRA) VALUES(6,950, 0.000000);

-- ===========PRODUCTO [951]
INSERT INTO PRODUCTO(ID,MARCA_ID,LINEA_ID,NOMBRE,PRESENTACION,CONTENIDO,UNIDADES_POR_CAJA,COSTO,COSTO_VENTA,PRECIO_BASE,UNIDAD_MEDIDA,CODIGO_BARRAS,ABREBIATURA) VALUES(951,12,4,'Ammens Talco Desodorante','Pies',150.0,12.0,12.751437,12.751437,17.750000,'G','7502221182112','Ammen Talc Pies 150');

INSERT INTO MOVIMIENTO_HISTORICO_PRODUCTO (ALMACEN_ID,PRODUCTO_ID,FECHA,TIPO_MOVIMIENTO_ID,CANTIDAD,COSTO,PRECIO,USUARIO_ID) VALUES(1,951,now(),30,3,12.751437,17.750000,'root');
INSERT INTO ALMACEN_PRODUCTO(ALMACEN_ID,PRODUCTO_ID,CANTIDAD_ACTUAL,PRECIO_VENTA) VALUES (1,951,3,17.750000);

INSERT INTO ALMACEN_PRODUCTO(ALMACEN_ID,PRODUCTO_ID,CANTIDAD_ACTUAL,PRECIO_VENTA) VALUES (2,951,0,0.000000);

INSERT INTO ALMACEN_PRODUCTO(ALMACEN_ID,PRODUCTO_ID,CANTIDAD_ACTUAL,PRECIO_VENTA) VALUES (3,951,3,16.500000);

INSERT INTO ALMACEN_PRODUCTO(ALMACEN_ID,PRODUCTO_ID,CANTIDAD_ACTUAL,PRECIO_VENTA) VALUES (4,951,0,0.000000);

INSERT INTO PROVEEDOR_PRODUCTO(PROVEEDOR_ID,PRODUCTO_ID,PRECIO_COMPRA) VALUES(18,951, 12.751437);

-- ===========PRODUCTO [952]
INSERT INTO PRODUCTO(ID,MARCA_ID,LINEA_ID,NOMBRE,PRESENTACION,CONTENIDO,UNIDADES_POR_CAJA,COSTO,COSTO_VENTA,PRECIO_BASE,UNIDAD_MEDIDA,CODIGO_BARRAS,ABREBIATURA) VALUES(952,12,4,'Ammens Talco Desodorante','Pies',250.0,12.0,20.725575,20.725575,28.850000,'G','7502221182198','Ammen Talc Pies 250g');

INSERT INTO MOVIMIENTO_HISTORICO_PRODUCTO (ALMACEN_ID,PRODUCTO_ID,FECHA,TIPO_MOVIMIENTO_ID,CANTIDAD,COSTO,PRECIO,USUARIO_ID) VALUES(1,952,now(),30,6,20.725575,28.850000,'root');
INSERT INTO ALMACEN_PRODUCTO(ALMACEN_ID,PRODUCTO_ID,CANTIDAD_ACTUAL,PRECIO_VENTA) VALUES (1,952,6,28.850000);

INSERT INTO ALMACEN_PRODUCTO(ALMACEN_ID,PRODUCTO_ID,CANTIDAD_ACTUAL,PRECIO_VENTA) VALUES (2,952,2,0.000000);

INSERT INTO ALMACEN_PRODUCTO(ALMACEN_ID,PRODUCTO_ID,CANTIDAD_ACTUAL,PRECIO_VENTA) VALUES (3,952,6,26.500000);

INSERT INTO ALMACEN_PRODUCTO(ALMACEN_ID,PRODUCTO_ID,CANTIDAD_ACTUAL,PRECIO_VENTA) VALUES (4,952,2,0.000000);

INSERT INTO PROVEEDOR_PRODUCTO(PROVEEDOR_ID,PRODUCTO_ID,PRECIO_COMPRA) VALUES(18,952, 20.725575);

-- ===========PRODUCTO [953]
INSERT INTO PRODUCTO(ID,MARCA_ID,LINEA_ID,NOMBRE,PRESENTACION,CONTENIDO,UNIDADES_POR_CAJA,COSTO,COSTO_VENTA,PRECIO_BASE,UNIDAD_MEDIDA,CODIGO_BARRAS,ABREBIATURA) VALUES(953,12,4,'Ammens Talco Desodorante','Original',250.0,12.0,20.725575,20.725575,28.850000,'G','7502221182136','Ammen Talc Orig 250g');

INSERT INTO MOVIMIENTO_HISTORICO_PRODUCTO (ALMACEN_ID,PRODUCTO_ID,FECHA,TIPO_MOVIMIENTO_ID,CANTIDAD,COSTO,PRECIO,USUARIO_ID) VALUES(1,953,now(),30,12,20.725575,28.850000,'root');
INSERT INTO ALMACEN_PRODUCTO(ALMACEN_ID,PRODUCTO_ID,CANTIDAD_ACTUAL,PRECIO_VENTA) VALUES (1,953,12,28.850000);

INSERT INTO ALMACEN_PRODUCTO(ALMACEN_ID,PRODUCTO_ID,CANTIDAD_ACTUAL,PRECIO_VENTA) VALUES (2,953,18,9.500000);

INSERT INTO ALMACEN_PRODUCTO(ALMACEN_ID,PRODUCTO_ID,CANTIDAD_ACTUAL,PRECIO_VENTA) VALUES (3,953,12,26.500000);

INSERT INTO ALMACEN_PRODUCTO(ALMACEN_ID,PRODUCTO_ID,CANTIDAD_ACTUAL,PRECIO_VENTA) VALUES (4,953,18,9.500000);

INSERT INTO PROVEEDOR_PRODUCTO(PROVEEDOR_ID,PRODUCTO_ID,PRECIO_COMPRA) VALUES(18,953, 20.725575);

-- ===========PRODUCTO [954]
INSERT INTO PRODUCTO(ID,MARCA_ID,LINEA_ID,NOMBRE,PRESENTACION,CONTENIDO,UNIDADES_POR_CAJA,COSTO,COSTO_VENTA,PRECIO_BASE,UNIDAD_MEDIDA,CODIGO_BARRAS,ABREBIATURA) VALUES(954,12,4,'Ammens Talco Desodorante','Fresco Aroma',250.0,12.0,20.725575,20.725575,28.850000,'G','7502221182150','Ammen Talc Fco Ar 250');

INSERT INTO MOVIMIENTO_HISTORICO_PRODUCTO (ALMACEN_ID,PRODUCTO_ID,FECHA,TIPO_MOVIMIENTO_ID,CANTIDAD,COSTO,PRECIO,USUARIO_ID) VALUES(1,954,now(),30,12,20.725575,28.850000,'root');
INSERT INTO ALMACEN_PRODUCTO(ALMACEN_ID,PRODUCTO_ID,CANTIDAD_ACTUAL,PRECIO_VENTA) VALUES (1,954,12,28.850000);

INSERT INTO ALMACEN_PRODUCTO(ALMACEN_ID,PRODUCTO_ID,CANTIDAD_ACTUAL,PRECIO_VENTA) VALUES (2,954,67,9.500000);

INSERT INTO ALMACEN_PRODUCTO(ALMACEN_ID,PRODUCTO_ID,CANTIDAD_ACTUAL,PRECIO_VENTA) VALUES (3,954,12,26.500000);

INSERT INTO ALMACEN_PRODUCTO(ALMACEN_ID,PRODUCTO_ID,CANTIDAD_ACTUAL,PRECIO_VENTA) VALUES (4,954,67,9.500000);

INSERT INTO PROVEEDOR_PRODUCTO(PROVEEDOR_ID,PRODUCTO_ID,PRECIO_COMPRA) VALUES(18,954, 20.725575);

-- ===========PRODUCTO [955]
INSERT INTO PRODUCTO(ID,MARCA_ID,LINEA_ID,NOMBRE,PRESENTACION,CONTENIDO,UNIDADES_POR_CAJA,COSTO,COSTO_VENTA,PRECIO_BASE,UNIDAD_MEDIDA,CODIGO_BARRAS,ABREBIATURA) VALUES(955,58,2,'Silk Hair Silica','Uva',60.0,35.0,0.000000,0.000000,0.000000,'ML','7502245720109','Silk Silica Uva 60ml');

INSERT INTO MOVIMIENTO_HISTORICO_PRODUCTO (ALMACEN_ID,PRODUCTO_ID,FECHA,TIPO_MOVIMIENTO_ID,CANTIDAD,COSTO,PRECIO,USUARIO_ID) VALUES(1,955,now(),30,5,0.000000,0.000000,'root');
INSERT INTO ALMACEN_PRODUCTO(ALMACEN_ID,PRODUCTO_ID,CANTIDAD_ACTUAL,PRECIO_VENTA) VALUES (1,955,5,0.000000);

INSERT INTO ALMACEN_PRODUCTO(ALMACEN_ID,PRODUCTO_ID,CANTIDAD_ACTUAL,PRECIO_VENTA) VALUES (2,955,0,0.000000);

INSERT INTO ALMACEN_PRODUCTO(ALMACEN_ID,PRODUCTO_ID,CANTIDAD_ACTUAL,PRECIO_VENTA) VALUES (3,955,5,0.000000);

INSERT INTO ALMACEN_PRODUCTO(ALMACEN_ID,PRODUCTO_ID,CANTIDAD_ACTUAL,PRECIO_VENTA) VALUES (4,955,0,0.000000);

INSERT INTO PROVEEDOR_PRODUCTO(PROVEEDOR_ID,PRODUCTO_ID,PRECIO_COMPRA) VALUES(27,955, 0.000000);

-- ===========PRODUCTO [956]
INSERT INTO PRODUCTO(ID,MARCA_ID,LINEA_ID,NOMBRE,PRESENTACION,CONTENIDO,UNIDADES_POR_CAJA,COSTO,COSTO_VENTA,PRECIO_BASE,UNIDAD_MEDIDA,CODIGO_BARRAS,ABREBIATURA) VALUES(956,87,13,'Maybelline Desmaquillante Bifsico','Ojos',125.0,2.0,0.000000,0.000000,0.000000,'ML','8024417183189','Maybell Desm Bif ojos');

INSERT INTO MOVIMIENTO_HISTORICO_PRODUCTO (ALMACEN_ID,PRODUCTO_ID,FECHA,TIPO_MOVIMIENTO_ID,CANTIDAD,COSTO,PRECIO,USUARIO_ID) VALUES(1,956,now(),30,12,0.000000,0.000000,'root');
INSERT INTO ALMACEN_PRODUCTO(ALMACEN_ID,PRODUCTO_ID,CANTIDAD_ACTUAL,PRECIO_VENTA) VALUES (1,956,12,0.000000);

INSERT INTO ALMACEN_PRODUCTO(ALMACEN_ID,PRODUCTO_ID,CANTIDAD_ACTUAL,PRECIO_VENTA) VALUES (2,956,0,0.000000);

INSERT INTO ALMACEN_PRODUCTO(ALMACEN_ID,PRODUCTO_ID,CANTIDAD_ACTUAL,PRECIO_VENTA) VALUES (3,956,12,0.000000);

INSERT INTO ALMACEN_PRODUCTO(ALMACEN_ID,PRODUCTO_ID,CANTIDAD_ACTUAL,PRECIO_VENTA) VALUES (4,956,0,0.000000);

INSERT INTO PROVEEDOR_PRODUCTO(PROVEEDOR_ID,PRODUCTO_ID,PRECIO_COMPRA) VALUES(14,956, 0.000000);

-- ===========PRODUCTO [957]
INSERT INTO PRODUCTO(ID,MARCA_ID,LINEA_ID,NOMBRE,PRESENTACION,CONTENIDO,UNIDADES_POR_CAJA,COSTO,COSTO_VENTA,PRECIO_BASE,UNIDAD_MEDIDA,CODIGO_BARRAS,ABREBIATURA) VALUES(957,14,14,'Fructis Garnier Shampoo','Sensitive',350.0,12.0,19.432471,19.432471,27.050000,'Ml','7501839129427','Fructis Sh Sstive 350ml');

INSERT INTO MOVIMIENTO_HISTORICO_PRODUCTO (ALMACEN_ID,PRODUCTO_ID,FECHA,TIPO_MOVIMIENTO_ID,CANTIDAD,COSTO,PRECIO,USUARIO_ID) VALUES(1,957,now(),30,12,19.432471,27.050000,'root');
INSERT INTO ALMACEN_PRODUCTO(ALMACEN_ID,PRODUCTO_ID,CANTIDAD_ACTUAL,PRECIO_VENTA) VALUES (1,957,12,27.050000);

INSERT INTO ALMACEN_PRODUCTO(ALMACEN_ID,PRODUCTO_ID,CANTIDAD_ACTUAL,PRECIO_VENTA) VALUES (2,957,0,0.000000);

INSERT INTO ALMACEN_PRODUCTO(ALMACEN_ID,PRODUCTO_ID,CANTIDAD_ACTUAL,PRECIO_VENTA) VALUES (3,957,12,25.900000);

INSERT INTO ALMACEN_PRODUCTO(ALMACEN_ID,PRODUCTO_ID,CANTIDAD_ACTUAL,PRECIO_VENTA) VALUES (4,957,0,0.000000);

INSERT INTO PROVEEDOR_PRODUCTO(PROVEEDOR_ID,PRODUCTO_ID,PRECIO_COMPRA) VALUES(13,957, 19.432471);

-- ===========PRODUCTO [958]
INSERT INTO PRODUCTO(ID,MARCA_ID,LINEA_ID,NOMBRE,PRESENTACION,CONTENIDO,UNIDADES_POR_CAJA,COSTO,COSTO_VENTA,PRECIO_BASE,UNIDAD_MEDIDA,CODIGO_BARRAS,ABREBIATURA) VALUES(958,14,14,'Fructis Garnier Shampoo','Liso absoluto alaciado',350.0,12.0,19.432471,19.432471,27.050000,'Ml','7506078965539','Fructis Sh Liso Abs 350');

INSERT INTO MOVIMIENTO_HISTORICO_PRODUCTO (ALMACEN_ID,PRODUCTO_ID,FECHA,TIPO_MOVIMIENTO_ID,CANTIDAD,COSTO,PRECIO,USUARIO_ID) VALUES(1,958,now(),30,12,19.432471,27.050000,'root');
INSERT INTO ALMACEN_PRODUCTO(ALMACEN_ID,PRODUCTO_ID,CANTIDAD_ACTUAL,PRECIO_VENTA) VALUES (1,958,12,27.050000);

INSERT INTO ALMACEN_PRODUCTO(ALMACEN_ID,PRODUCTO_ID,CANTIDAD_ACTUAL,PRECIO_VENTA) VALUES (2,958,0,0.000000);

INSERT INTO ALMACEN_PRODUCTO(ALMACEN_ID,PRODUCTO_ID,CANTIDAD_ACTUAL,PRECIO_VENTA) VALUES (3,958,12,25.900000);

INSERT INTO ALMACEN_PRODUCTO(ALMACEN_ID,PRODUCTO_ID,CANTIDAD_ACTUAL,PRECIO_VENTA) VALUES (4,958,0,0.000000);

INSERT INTO PROVEEDOR_PRODUCTO(PROVEEDOR_ID,PRODUCTO_ID,PRECIO_COMPRA) VALUES(13,958, 19.432471);

-- ===========PRODUCTO [959]
INSERT INTO PRODUCTO(ID,MARCA_ID,LINEA_ID,NOMBRE,PRESENTACION,CONTENIDO,UNIDADES_POR_CAJA,COSTO,COSTO_VENTA,PRECIO_BASE,UNIDAD_MEDIDA,CODIGO_BARRAS,ABREBIATURA) VALUES(959,14,14,'Fructis Garnier Shampoo','Normal',350.0,12.0,19.432471,19.432471,27.050000,'Ml','7501839105216','Fructis Sh Norm 350m');

INSERT INTO MOVIMIENTO_HISTORICO_PRODUCTO (ALMACEN_ID,PRODUCTO_ID,FECHA,TIPO_MOVIMIENTO_ID,CANTIDAD,COSTO,PRECIO,USUARIO_ID) VALUES(1,959,now(),30,12,19.432471,27.050000,'root');
INSERT INTO ALMACEN_PRODUCTO(ALMACEN_ID,PRODUCTO_ID,CANTIDAD_ACTUAL,PRECIO_VENTA) VALUES (1,959,12,27.050000);

INSERT INTO ALMACEN_PRODUCTO(ALMACEN_ID,PRODUCTO_ID,CANTIDAD_ACTUAL,PRECIO_VENTA) VALUES (2,959,0,0.000000);

INSERT INTO ALMACEN_PRODUCTO(ALMACEN_ID,PRODUCTO_ID,CANTIDAD_ACTUAL,PRECIO_VENTA) VALUES (3,959,12,25.900000);

INSERT INTO ALMACEN_PRODUCTO(ALMACEN_ID,PRODUCTO_ID,CANTIDAD_ACTUAL,PRECIO_VENTA) VALUES (4,959,0,0.000000);

INSERT INTO PROVEEDOR_PRODUCTO(PROVEEDOR_ID,PRODUCTO_ID,PRECIO_COMPRA) VALUES(13,959, 19.432471);

-- ===========PRODUCTO [960]
INSERT INTO PRODUCTO(ID,MARCA_ID,LINEA_ID,NOMBRE,PRESENTACION,CONTENIDO,UNIDADES_POR_CAJA,COSTO,COSTO_VENTA,PRECIO_BASE,UNIDAD_MEDIDA,CODIGO_BARRAS,ABREBIATURA) VALUES(960,14,14,'Fructis Garnier Shampoo','Hidra-Rizos',350.0,12.0,19.432471,19.432471,27.050000,'Ml','7501839105261','Fructis Sh Hid Riz 350m');

INSERT INTO MOVIMIENTO_HISTORICO_PRODUCTO (ALMACEN_ID,PRODUCTO_ID,FECHA,TIPO_MOVIMIENTO_ID,CANTIDAD,COSTO,PRECIO,USUARIO_ID) VALUES(1,960,now(),30,4,19.432471,27.050000,'root');
INSERT INTO ALMACEN_PRODUCTO(ALMACEN_ID,PRODUCTO_ID,CANTIDAD_ACTUAL,PRECIO_VENTA) VALUES (1,960,4,27.050000);

INSERT INTO ALMACEN_PRODUCTO(ALMACEN_ID,PRODUCTO_ID,CANTIDAD_ACTUAL,PRECIO_VENTA) VALUES (2,960,0,0.000000);

INSERT INTO ALMACEN_PRODUCTO(ALMACEN_ID,PRODUCTO_ID,CANTIDAD_ACTUAL,PRECIO_VENTA) VALUES (3,960,4,25.900000);

INSERT INTO ALMACEN_PRODUCTO(ALMACEN_ID,PRODUCTO_ID,CANTIDAD_ACTUAL,PRECIO_VENTA) VALUES (4,960,0,0.000000);

INSERT INTO PROVEEDOR_PRODUCTO(PROVEEDOR_ID,PRODUCTO_ID,PRECIO_COMPRA) VALUES(13,960, 19.432471);

-- ===========PRODUCTO [961]
INSERT INTO PRODUCTO(ID,MARCA_ID,LINEA_ID,NOMBRE,PRESENTACION,CONTENIDO,UNIDADES_POR_CAJA,COSTO,COSTO_VENTA,PRECIO_BASE,UNIDAD_MEDIDA,CODIGO_BARRAS,ABREBIATURA) VALUES(961,14,14,'Fructis Garnier Shampoo','Oil-Repair 2 en 1',350.0,12.0,19.432471,19.432471,27.050000,'Ml','7501839100817','Fructis Sh Oil R 2/1 350');

INSERT INTO MOVIMIENTO_HISTORICO_PRODUCTO (ALMACEN_ID,PRODUCTO_ID,FECHA,TIPO_MOVIMIENTO_ID,CANTIDAD,COSTO,PRECIO,USUARIO_ID) VALUES(1,961,now(),30,2,19.432471,27.050000,'root');
INSERT INTO ALMACEN_PRODUCTO(ALMACEN_ID,PRODUCTO_ID,CANTIDAD_ACTUAL,PRECIO_VENTA) VALUES (1,961,2,27.050000);

INSERT INTO ALMACEN_PRODUCTO(ALMACEN_ID,PRODUCTO_ID,CANTIDAD_ACTUAL,PRECIO_VENTA) VALUES (2,961,0,0.000000);

INSERT INTO ALMACEN_PRODUCTO(ALMACEN_ID,PRODUCTO_ID,CANTIDAD_ACTUAL,PRECIO_VENTA) VALUES (3,961,2,25.900000);

INSERT INTO ALMACEN_PRODUCTO(ALMACEN_ID,PRODUCTO_ID,CANTIDAD_ACTUAL,PRECIO_VENTA) VALUES (4,961,0,0.000000);

INSERT INTO PROVEEDOR_PRODUCTO(PROVEEDOR_ID,PRODUCTO_ID,PRECIO_COMPRA) VALUES(13,961, 19.432471);

-- ===========PRODUCTO [962]
INSERT INTO PRODUCTO(ID,MARCA_ID,LINEA_ID,NOMBRE,PRESENTACION,CONTENIDO,UNIDADES_POR_CAJA,COSTO,COSTO_VENTA,PRECIO_BASE,UNIDAD_MEDIDA,CODIGO_BARRAS,ABREBIATURA) VALUES(962,14,14,'Fructis Garnier Shampoo','Seco 2 en 1',350.0,12.0,19.432471,19.432471,27.050000,'Ml','7501839113990','Fructis Sh Seci 2/1 350');

INSERT INTO MOVIMIENTO_HISTORICO_PRODUCTO (ALMACEN_ID,PRODUCTO_ID,FECHA,TIPO_MOVIMIENTO_ID,CANTIDAD,COSTO,PRECIO,USUARIO_ID) VALUES(1,962,now(),30,8,19.432471,27.050000,'root');
INSERT INTO ALMACEN_PRODUCTO(ALMACEN_ID,PRODUCTO_ID,CANTIDAD_ACTUAL,PRECIO_VENTA) VALUES (1,962,8,27.050000);

INSERT INTO ALMACEN_PRODUCTO(ALMACEN_ID,PRODUCTO_ID,CANTIDAD_ACTUAL,PRECIO_VENTA) VALUES (2,962,0,0.000000);

INSERT INTO ALMACEN_PRODUCTO(ALMACEN_ID,PRODUCTO_ID,CANTIDAD_ACTUAL,PRECIO_VENTA) VALUES (3,962,8,25.900000);

INSERT INTO ALMACEN_PRODUCTO(ALMACEN_ID,PRODUCTO_ID,CANTIDAD_ACTUAL,PRECIO_VENTA) VALUES (4,962,0,0.000000);

INSERT INTO PROVEEDOR_PRODUCTO(PROVEEDOR_ID,PRODUCTO_ID,PRECIO_COMPRA) VALUES(13,962, 19.432471);

-- ===========PRODUCTO [963]
INSERT INTO PRODUCTO(ID,MARCA_ID,LINEA_ID,NOMBRE,PRESENTACION,CONTENIDO,UNIDADES_POR_CAJA,COSTO,COSTO_VENTA,PRECIO_BASE,UNIDAD_MEDIDA,CODIGO_BARRAS,ABREBIATURA) VALUES(963,14,14,'Fructis Garnier Shampoo','Liso-Absoluto',350.0,12.0,19.432471,19.432471,27.050000,'Ml','7501839105162','Fructis Sh Liso Abs 350');

INSERT INTO MOVIMIENTO_HISTORICO_PRODUCTO (ALMACEN_ID,PRODUCTO_ID,FECHA,TIPO_MOVIMIENTO_ID,CANTIDAD,COSTO,PRECIO,USUARIO_ID) VALUES(1,963,now(),30,15,19.432471,27.050000,'root');
INSERT INTO ALMACEN_PRODUCTO(ALMACEN_ID,PRODUCTO_ID,CANTIDAD_ACTUAL,PRECIO_VENTA) VALUES (1,963,15,27.050000);

INSERT INTO ALMACEN_PRODUCTO(ALMACEN_ID,PRODUCTO_ID,CANTIDAD_ACTUAL,PRECIO_VENTA) VALUES (2,963,0,0.000000);

INSERT INTO ALMACEN_PRODUCTO(ALMACEN_ID,PRODUCTO_ID,CANTIDAD_ACTUAL,PRECIO_VENTA) VALUES (3,963,15,25.900000);

INSERT INTO ALMACEN_PRODUCTO(ALMACEN_ID,PRODUCTO_ID,CANTIDAD_ACTUAL,PRECIO_VENTA) VALUES (4,963,0,0.000000);

INSERT INTO PROVEEDOR_PRODUCTO(PROVEEDOR_ID,PRODUCTO_ID,PRECIO_COMPRA) VALUES(13,963, 19.432471);

-- ===========PRODUCTO [964]
INSERT INTO PRODUCTO(ID,MARCA_ID,LINEA_ID,NOMBRE,PRESENTACION,CONTENIDO,UNIDADES_POR_CAJA,COSTO,COSTO_VENTA,PRECIO_BASE,UNIDAD_MEDIDA,CODIGO_BARRAS,ABREBIATURA) VALUES(964,14,14,'Fructis Garnier Shampoo','Oil-repair 3 Aceites',350.0,12.0,19.432471,19.432471,27.050000,'Ml','7501839105247','Fructis Sh Oil R 3Ac 350');

INSERT INTO MOVIMIENTO_HISTORICO_PRODUCTO (ALMACEN_ID,PRODUCTO_ID,FECHA,TIPO_MOVIMIENTO_ID,CANTIDAD,COSTO,PRECIO,USUARIO_ID) VALUES(1,964,now(),30,1,19.432471,27.050000,'root');
INSERT INTO ALMACEN_PRODUCTO(ALMACEN_ID,PRODUCTO_ID,CANTIDAD_ACTUAL,PRECIO_VENTA) VALUES (1,964,1,27.050000);

INSERT INTO ALMACEN_PRODUCTO(ALMACEN_ID,PRODUCTO_ID,CANTIDAD_ACTUAL,PRECIO_VENTA) VALUES (2,964,0,0.000000);

INSERT INTO ALMACEN_PRODUCTO(ALMACEN_ID,PRODUCTO_ID,CANTIDAD_ACTUAL,PRECIO_VENTA) VALUES (3,964,1,25.900000);

INSERT INTO ALMACEN_PRODUCTO(ALMACEN_ID,PRODUCTO_ID,CANTIDAD_ACTUAL,PRECIO_VENTA) VALUES (4,964,0,0.000000);

INSERT INTO PROVEEDOR_PRODUCTO(PROVEEDOR_ID,PRODUCTO_ID,PRECIO_COMPRA) VALUES(13,964, 19.432471);

-- ===========PRODUCTO [967]
INSERT INTO PRODUCTO(ID,MARCA_ID,LINEA_ID,NOMBRE,PRESENTACION,CONTENIDO,UNIDADES_POR_CAJA,COSTO,COSTO_VENTA,PRECIO_BASE,UNIDAD_MEDIDA,CODIGO_BARRAS,ABREBIATURA) VALUES(967,14,14,'Fructis Garnier Shampoo','Ondas Perfectas',350.0,12.0,19.432471,19.432471,27.050000,'Ml','7501839192254','Fructis Sh Ondas P 350');

INSERT INTO MOVIMIENTO_HISTORICO_PRODUCTO (ALMACEN_ID,PRODUCTO_ID,FECHA,TIPO_MOVIMIENTO_ID,CANTIDAD,COSTO,PRECIO,USUARIO_ID) VALUES(1,967,now(),30,11,19.432471,27.050000,'root');
INSERT INTO ALMACEN_PRODUCTO(ALMACEN_ID,PRODUCTO_ID,CANTIDAD_ACTUAL,PRECIO_VENTA) VALUES (1,967,11,27.050000);

INSERT INTO ALMACEN_PRODUCTO(ALMACEN_ID,PRODUCTO_ID,CANTIDAD_ACTUAL,PRECIO_VENTA) VALUES (2,967,0,0.000000);

INSERT INTO ALMACEN_PRODUCTO(ALMACEN_ID,PRODUCTO_ID,CANTIDAD_ACTUAL,PRECIO_VENTA) VALUES (3,967,11,25.900000);

INSERT INTO ALMACEN_PRODUCTO(ALMACEN_ID,PRODUCTO_ID,CANTIDAD_ACTUAL,PRECIO_VENTA) VALUES (4,967,0,0.000000);

INSERT INTO PROVEEDOR_PRODUCTO(PROVEEDOR_ID,PRODUCTO_ID,PRECIO_COMPRA) VALUES(13,967, 19.432471);

-- ===========PRODUCTO [968]
INSERT INTO PRODUCTO(ID,MARCA_ID,LINEA_ID,NOMBRE,PRESENTACION,CONTENIDO,UNIDADES_POR_CAJA,COSTO,COSTO_VENTA,PRECIO_BASE,UNIDAD_MEDIDA,CODIGO_BARRAS,ABREBIATURA) VALUES(968,14,14,'Fructis Garnier Shampoo','Hidra-Liso Extremo',750.0,6.0,32.593391,32.593391,45.370000,'Ml','7506078948709','Fructis Sh Liso Ext 350m');

INSERT INTO MOVIMIENTO_HISTORICO_PRODUCTO (ALMACEN_ID,PRODUCTO_ID,FECHA,TIPO_MOVIMIENTO_ID,CANTIDAD,COSTO,PRECIO,USUARIO_ID) VALUES(1,968,now(),30,3,32.593391,45.370000,'root');
INSERT INTO ALMACEN_PRODUCTO(ALMACEN_ID,PRODUCTO_ID,CANTIDAD_ACTUAL,PRECIO_VENTA) VALUES (1,968,3,45.370000);

INSERT INTO ALMACEN_PRODUCTO(ALMACEN_ID,PRODUCTO_ID,CANTIDAD_ACTUAL,PRECIO_VENTA) VALUES (2,968,0,0.000000);

INSERT INTO ALMACEN_PRODUCTO(ALMACEN_ID,PRODUCTO_ID,CANTIDAD_ACTUAL,PRECIO_VENTA) VALUES (3,968,3,43.900000);

INSERT INTO ALMACEN_PRODUCTO(ALMACEN_ID,PRODUCTO_ID,CANTIDAD_ACTUAL,PRECIO_VENTA) VALUES (4,968,0,0.000000);

INSERT INTO PROVEEDOR_PRODUCTO(PROVEEDOR_ID,PRODUCTO_ID,PRECIO_COMPRA) VALUES(13,968, 32.593391);

-- ===========PRODUCTO [969]
INSERT INTO PRODUCTO(ID,MARCA_ID,LINEA_ID,NOMBRE,PRESENTACION,CONTENIDO,UNIDADES_POR_CAJA,COSTO,COSTO_VENTA,PRECIO_BASE,UNIDAD_MEDIDA,CODIGO_BARRAS,ABREBIATURA) VALUES(969,14,14,'Fructis Garnier Shampoo','Hidra-Rizos',750.0,12.0,32.593391,32.593391,45.370000,'Ml','7506078948716','Fructis Sh Rizos 750ml');

INSERT INTO MOVIMIENTO_HISTORICO_PRODUCTO (ALMACEN_ID,PRODUCTO_ID,FECHA,TIPO_MOVIMIENTO_ID,CANTIDAD,COSTO,PRECIO,USUARIO_ID) VALUES(1,969,now(),30,1,32.593391,45.370000,'root');
INSERT INTO ALMACEN_PRODUCTO(ALMACEN_ID,PRODUCTO_ID,CANTIDAD_ACTUAL,PRECIO_VENTA) VALUES (1,969,1,45.370000);

INSERT INTO ALMACEN_PRODUCTO(ALMACEN_ID,PRODUCTO_ID,CANTIDAD_ACTUAL,PRECIO_VENTA) VALUES (2,969,0,0.000000);

INSERT INTO ALMACEN_PRODUCTO(ALMACEN_ID,PRODUCTO_ID,CANTIDAD_ACTUAL,PRECIO_VENTA) VALUES (3,969,1,43.900000);

INSERT INTO ALMACEN_PRODUCTO(ALMACEN_ID,PRODUCTO_ID,CANTIDAD_ACTUAL,PRECIO_VENTA) VALUES (4,969,0,0.000000);

INSERT INTO PROVEEDOR_PRODUCTO(PROVEEDOR_ID,PRODUCTO_ID,PRECIO_COMPRA) VALUES(13,969, 32.593391);

-- ===========PRODUCTO [970]
INSERT INTO PRODUCTO(ID,MARCA_ID,LINEA_ID,NOMBRE,PRESENTACION,CONTENIDO,UNIDADES_POR_CAJA,COSTO,COSTO_VENTA,PRECIO_BASE,UNIDAD_MEDIDA,CODIGO_BARRAS,ABREBIATURA) VALUES(970,14,14,'Fructis Garnier','Stop Caida 2 en 1',750.0,6.0,32.593391,32.593391,45.370000,'ML','7506078968301','Fructis Sh Stop 2/1 750');

INSERT INTO MOVIMIENTO_HISTORICO_PRODUCTO (ALMACEN_ID,PRODUCTO_ID,FECHA,TIPO_MOVIMIENTO_ID,CANTIDAD,COSTO,PRECIO,USUARIO_ID) VALUES(1,970,now(),30,6,32.593391,45.370000,'root');
INSERT INTO ALMACEN_PRODUCTO(ALMACEN_ID,PRODUCTO_ID,CANTIDAD_ACTUAL,PRECIO_VENTA) VALUES (1,970,6,45.370000);

INSERT INTO ALMACEN_PRODUCTO(ALMACEN_ID,PRODUCTO_ID,CANTIDAD_ACTUAL,PRECIO_VENTA) VALUES (2,970,0,0.000000);

INSERT INTO ALMACEN_PRODUCTO(ALMACEN_ID,PRODUCTO_ID,CANTIDAD_ACTUAL,PRECIO_VENTA) VALUES (3,970,6,43.900000);

INSERT INTO ALMACEN_PRODUCTO(ALMACEN_ID,PRODUCTO_ID,CANTIDAD_ACTUAL,PRECIO_VENTA) VALUES (4,970,0,0.000000);

INSERT INTO PROVEEDOR_PRODUCTO(PROVEEDOR_ID,PRODUCTO_ID,PRECIO_COMPRA) VALUES(13,970, 32.593391);

-- ===========PRODUCTO [971]
INSERT INTO PRODUCTO(ID,MARCA_ID,LINEA_ID,NOMBRE,PRESENTACION,CONTENIDO,UNIDADES_POR_CAJA,COSTO,COSTO_VENTA,PRECIO_BASE,UNIDAD_MEDIDA,CODIGO_BARRAS,ABREBIATURA) VALUES(971,14,14,'Fructis Garnier','Liso Absoluto Alaciado',750.0,6.0,32.593391,32.593391,45.370000,'ML','7506078965546','Fructis Sh Liso Abs 750');

INSERT INTO MOVIMIENTO_HISTORICO_PRODUCTO (ALMACEN_ID,PRODUCTO_ID,FECHA,TIPO_MOVIMIENTO_ID,CANTIDAD,COSTO,PRECIO,USUARIO_ID) VALUES(1,971,now(),30,6,32.593391,45.370000,'root');
INSERT INTO ALMACEN_PRODUCTO(ALMACEN_ID,PRODUCTO_ID,CANTIDAD_ACTUAL,PRECIO_VENTA) VALUES (1,971,6,45.370000);

INSERT INTO ALMACEN_PRODUCTO(ALMACEN_ID,PRODUCTO_ID,CANTIDAD_ACTUAL,PRECIO_VENTA) VALUES (2,971,0,0.000000);

INSERT INTO ALMACEN_PRODUCTO(ALMACEN_ID,PRODUCTO_ID,CANTIDAD_ACTUAL,PRECIO_VENTA) VALUES (3,971,6,43.900000);

INSERT INTO ALMACEN_PRODUCTO(ALMACEN_ID,PRODUCTO_ID,CANTIDAD_ACTUAL,PRECIO_VENTA) VALUES (4,971,0,0.000000);

INSERT INTO PROVEEDOR_PRODUCTO(PROVEEDOR_ID,PRODUCTO_ID,PRECIO_COMPRA) VALUES(13,971, 32.593391);

-- ===========PRODUCTO [972]
INSERT INTO PRODUCTO(ID,MARCA_ID,LINEA_ID,NOMBRE,PRESENTACION,CONTENIDO,UNIDADES_POR_CAJA,COSTO,COSTO_VENTA,PRECIO_BASE,UNIDAD_MEDIDA,CODIGO_BARRAS,ABREBIATURA) VALUES(972,59,16,'Barbie Jabn Nias','Frutas',3.0,72.0,9.339080,9.339080,13.000000,'Pz','8410225003397','Barb Jab Nias 3Pz');

INSERT INTO MOVIMIENTO_HISTORICO_PRODUCTO (ALMACEN_ID,PRODUCTO_ID,FECHA,TIPO_MOVIMIENTO_ID,CANTIDAD,COSTO,PRECIO,USUARIO_ID) VALUES(1,972,now(),30,36,9.339080,13.000000,'root');
INSERT INTO ALMACEN_PRODUCTO(ALMACEN_ID,PRODUCTO_ID,CANTIDAD_ACTUAL,PRECIO_VENTA) VALUES (1,972,36,13.000000);

INSERT INTO ALMACEN_PRODUCTO(ALMACEN_ID,PRODUCTO_ID,CANTIDAD_ACTUAL,PRECIO_VENTA) VALUES (2,972,0,0.000000);

INSERT INTO ALMACEN_PRODUCTO(ALMACEN_ID,PRODUCTO_ID,CANTIDAD_ACTUAL,PRECIO_VENTA) VALUES (3,972,36,19.900000);

INSERT INTO ALMACEN_PRODUCTO(ALMACEN_ID,PRODUCTO_ID,CANTIDAD_ACTUAL,PRECIO_VENTA) VALUES (4,972,0,0.000000);

INSERT INTO PROVEEDOR_PRODUCTO(PROVEEDOR_ID,PRODUCTO_ID,PRECIO_COMPRA) VALUES(13,972, 9.339080);

-- ===========PRODUCTO [973]
INSERT INTO PRODUCTO(ID,MARCA_ID,LINEA_ID,NOMBRE,PRESENTACION,CONTENIDO,UNIDADES_POR_CAJA,COSTO,COSTO_VENTA,PRECIO_BASE,UNIDAD_MEDIDA,CODIGO_BARRAS,ABREBIATURA) VALUES(973,68,9,'Suavitel Suavizante','Baby',850.0,12.0,0.000000,0.000000,0.000000,'ML','7509546043579','Suavitel Baby 850ml');

INSERT INTO MOVIMIENTO_HISTORICO_PRODUCTO (ALMACEN_ID,PRODUCTO_ID,FECHA,TIPO_MOVIMIENTO_ID,CANTIDAD,COSTO,PRECIO,USUARIO_ID) VALUES(1,973,now(),30,12,0.000000,0.000000,'root');
INSERT INTO ALMACEN_PRODUCTO(ALMACEN_ID,PRODUCTO_ID,CANTIDAD_ACTUAL,PRECIO_VENTA) VALUES (1,973,12,0.000000);

INSERT INTO ALMACEN_PRODUCTO(ALMACEN_ID,PRODUCTO_ID,CANTIDAD_ACTUAL,PRECIO_VENTA) VALUES (2,973,0,0.000000);

INSERT INTO ALMACEN_PRODUCTO(ALMACEN_ID,PRODUCTO_ID,CANTIDAD_ACTUAL,PRECIO_VENTA) VALUES (3,973,12,12.500000);

INSERT INTO ALMACEN_PRODUCTO(ALMACEN_ID,PRODUCTO_ID,CANTIDAD_ACTUAL,PRECIO_VENTA) VALUES (4,973,0,0.000000);

INSERT INTO PROVEEDOR_PRODUCTO(PROVEEDOR_ID,PRODUCTO_ID,PRECIO_COMPRA) VALUES(6,973, 0.000000);

-- ===========PRODUCTO [974]
INSERT INTO PRODUCTO(ID,MARCA_ID,LINEA_ID,NOMBRE,PRESENTACION,CONTENIDO,UNIDADES_POR_CAJA,COSTO,COSTO_VENTA,PRECIO_BASE,UNIDAD_MEDIDA,CODIGO_BARRAS,ABREBIATURA) VALUES(974,68,9,'Suavitel Suavizante','Fresca Primavera Sin Enjugue',850.0,12.0,0.000000,0.000000,0.000000,'ML','7509546044415','Suavi Primav Enj 850ml');

INSERT INTO MOVIMIENTO_HISTORICO_PRODUCTO (ALMACEN_ID,PRODUCTO_ID,FECHA,TIPO_MOVIMIENTO_ID,CANTIDAD,COSTO,PRECIO,USUARIO_ID) VALUES(1,974,now(),30,24,0.000000,0.000000,'root');
INSERT INTO ALMACEN_PRODUCTO(ALMACEN_ID,PRODUCTO_ID,CANTIDAD_ACTUAL,PRECIO_VENTA) VALUES (1,974,24,0.000000);

INSERT INTO ALMACEN_PRODUCTO(ALMACEN_ID,PRODUCTO_ID,CANTIDAD_ACTUAL,PRECIO_VENTA) VALUES (2,974,3,0.000000);

INSERT INTO ALMACEN_PRODUCTO(ALMACEN_ID,PRODUCTO_ID,CANTIDAD_ACTUAL,PRECIO_VENTA) VALUES (3,974,24,12.500000);

INSERT INTO ALMACEN_PRODUCTO(ALMACEN_ID,PRODUCTO_ID,CANTIDAD_ACTUAL,PRECIO_VENTA) VALUES (4,974,3,0.000000);

INSERT INTO PROVEEDOR_PRODUCTO(PROVEEDOR_ID,PRODUCTO_ID,PRECIO_COMPRA) VALUES(6,974, 0.000000);

-- ===========PRODUCTO [975]
INSERT INTO PRODUCTO(ID,MARCA_ID,LINEA_ID,NOMBRE,PRESENTACION,CONTENIDO,UNIDADES_POR_CAJA,COSTO,COSTO_VENTA,PRECIO_BASE,UNIDAD_MEDIDA,CODIGO_BARRAS,ABREBIATURA) VALUES(975,68,9,'Suavitel Suavizante','Acqua Sin Enjuague',850.0,12.0,0.000000,0.000000,0.000000,'ML','7509546044347','Suavit Acqua Enj 850ml');

INSERT INTO MOVIMIENTO_HISTORICO_PRODUCTO (ALMACEN_ID,PRODUCTO_ID,FECHA,TIPO_MOVIMIENTO_ID,CANTIDAD,COSTO,PRECIO,USUARIO_ID) VALUES(1,975,now(),30,24,0.000000,0.000000,'root');
INSERT INTO ALMACEN_PRODUCTO(ALMACEN_ID,PRODUCTO_ID,CANTIDAD_ACTUAL,PRECIO_VENTA) VALUES (1,975,24,0.000000);

INSERT INTO ALMACEN_PRODUCTO(ALMACEN_ID,PRODUCTO_ID,CANTIDAD_ACTUAL,PRECIO_VENTA) VALUES (2,975,1,0.000000);

INSERT INTO ALMACEN_PRODUCTO(ALMACEN_ID,PRODUCTO_ID,CANTIDAD_ACTUAL,PRECIO_VENTA) VALUES (3,975,24,12.500000);

INSERT INTO ALMACEN_PRODUCTO(ALMACEN_ID,PRODUCTO_ID,CANTIDAD_ACTUAL,PRECIO_VENTA) VALUES (4,975,1,0.000000);

INSERT INTO PROVEEDOR_PRODUCTO(PROVEEDOR_ID,PRODUCTO_ID,PRECIO_COMPRA) VALUES(6,975, 0.000000);

-- ===========PRODUCTO [976]
INSERT INTO PRODUCTO(ID,MARCA_ID,LINEA_ID,NOMBRE,PRESENTACION,CONTENIDO,UNIDADES_POR_CAJA,COSTO,COSTO_VENTA,PRECIO_BASE,UNIDAD_MEDIDA,CODIGO_BARRAS,ABREBIATURA) VALUES(976,68,9,'Suavitel Suavizante','Bouquet',850.0,12.0,0.000000,0.000000,0.000000,'ML','7509546044507','Suavit Bouquet 850ml');

INSERT INTO MOVIMIENTO_HISTORICO_PRODUCTO (ALMACEN_ID,PRODUCTO_ID,FECHA,TIPO_MOVIMIENTO_ID,CANTIDAD,COSTO,PRECIO,USUARIO_ID) VALUES(1,976,now(),30,12,0.000000,0.000000,'root');
INSERT INTO ALMACEN_PRODUCTO(ALMACEN_ID,PRODUCTO_ID,CANTIDAD_ACTUAL,PRECIO_VENTA) VALUES (1,976,12,0.000000);

INSERT INTO ALMACEN_PRODUCTO(ALMACEN_ID,PRODUCTO_ID,CANTIDAD_ACTUAL,PRECIO_VENTA) VALUES (2,976,0,0.000000);

INSERT INTO ALMACEN_PRODUCTO(ALMACEN_ID,PRODUCTO_ID,CANTIDAD_ACTUAL,PRECIO_VENTA) VALUES (3,976,12,12.500000);

INSERT INTO ALMACEN_PRODUCTO(ALMACEN_ID,PRODUCTO_ID,CANTIDAD_ACTUAL,PRECIO_VENTA) VALUES (4,976,0,0.000000);

INSERT INTO PROVEEDOR_PRODUCTO(PROVEEDOR_ID,PRODUCTO_ID,PRECIO_COMPRA) VALUES(6,976, 0.000000);

-- ===========PRODUCTO [977]
INSERT INTO PRODUCTO(ID,MARCA_ID,LINEA_ID,NOMBRE,PRESENTACION,CONTENIDO,UNIDADES_POR_CAJA,COSTO,COSTO_VENTA,PRECIO_BASE,UNIDAD_MEDIDA,CODIGO_BARRAS,ABREBIATURA) VALUES(977,68,9,'Suavitel Suavizante','Fresco Aroma de Sol Sin Enjuague',850.0,12.0,0.000000,0.000000,0.000000,'ML','7509546044453','Suavit Ar Sol Enj 850ml');

INSERT INTO MOVIMIENTO_HISTORICO_PRODUCTO (ALMACEN_ID,PRODUCTO_ID,FECHA,TIPO_MOVIMIENTO_ID,CANTIDAD,COSTO,PRECIO,USUARIO_ID) VALUES(1,977,now(),30,24,0.000000,0.000000,'root');
INSERT INTO ALMACEN_PRODUCTO(ALMACEN_ID,PRODUCTO_ID,CANTIDAD_ACTUAL,PRECIO_VENTA) VALUES (1,977,24,0.000000);

INSERT INTO ALMACEN_PRODUCTO(ALMACEN_ID,PRODUCTO_ID,CANTIDAD_ACTUAL,PRECIO_VENTA) VALUES (2,977,0,0.000000);

INSERT INTO ALMACEN_PRODUCTO(ALMACEN_ID,PRODUCTO_ID,CANTIDAD_ACTUAL,PRECIO_VENTA) VALUES (3,977,24,12.500000);

INSERT INTO ALMACEN_PRODUCTO(ALMACEN_ID,PRODUCTO_ID,CANTIDAD_ACTUAL,PRECIO_VENTA) VALUES (4,977,0,0.000000);

INSERT INTO PROVEEDOR_PRODUCTO(PROVEEDOR_ID,PRODUCTO_ID,PRECIO_COMPRA) VALUES(6,977, 0.000000);

-- ===========PRODUCTO [978]
INSERT INTO PRODUCTO(ID,MARCA_ID,LINEA_ID,NOMBRE,PRESENTACION,CONTENIDO,UNIDADES_POR_CAJA,COSTO,COSTO_VENTA,PRECIO_BASE,UNIDAD_MEDIDA,CODIGO_BARRAS,ABREBIATURA) VALUES(978,68,9,'Suavitel Suavizante','Fresca Primavera',850.0,12.0,0.000000,0.000000,0.000000,'ML','7509546016306','Suavite Primav 850ml');

INSERT INTO MOVIMIENTO_HISTORICO_PRODUCTO (ALMACEN_ID,PRODUCTO_ID,FECHA,TIPO_MOVIMIENTO_ID,CANTIDAD,COSTO,PRECIO,USUARIO_ID) VALUES(1,978,now(),30,12,0.000000,0.000000,'root');
INSERT INTO ALMACEN_PRODUCTO(ALMACEN_ID,PRODUCTO_ID,CANTIDAD_ACTUAL,PRECIO_VENTA) VALUES (1,978,12,0.000000);

INSERT INTO ALMACEN_PRODUCTO(ALMACEN_ID,PRODUCTO_ID,CANTIDAD_ACTUAL,PRECIO_VENTA) VALUES (2,978,3,0.000000);

INSERT INTO ALMACEN_PRODUCTO(ALMACEN_ID,PRODUCTO_ID,CANTIDAD_ACTUAL,PRECIO_VENTA) VALUES (3,978,12,12.500000);

INSERT INTO ALMACEN_PRODUCTO(ALMACEN_ID,PRODUCTO_ID,CANTIDAD_ACTUAL,PRECIO_VENTA) VALUES (4,978,3,0.000000);

INSERT INTO PROVEEDOR_PRODUCTO(PROVEEDOR_ID,PRODUCTO_ID,PRECIO_COMPRA) VALUES(6,978, 0.000000);

-- ===========PRODUCTO [979]
INSERT INTO PRODUCTO(ID,MARCA_ID,LINEA_ID,NOMBRE,PRESENTACION,CONTENIDO,UNIDADES_POR_CAJA,COSTO,COSTO_VENTA,PRECIO_BASE,UNIDAD_MEDIDA,CODIGO_BARRAS,ABREBIATURA) VALUES(979,68,9,'Suavitel Suavizante','Fresco Aroma de Sol',850.0,12.0,0.000000,0.000000,0.000000,'ML','7509546016313','Suavite Ar Sol 850ml');

INSERT INTO MOVIMIENTO_HISTORICO_PRODUCTO (ALMACEN_ID,PRODUCTO_ID,FECHA,TIPO_MOVIMIENTO_ID,CANTIDAD,COSTO,PRECIO,USUARIO_ID) VALUES(1,979,now(),30,12,0.000000,0.000000,'root');
INSERT INTO ALMACEN_PRODUCTO(ALMACEN_ID,PRODUCTO_ID,CANTIDAD_ACTUAL,PRECIO_VENTA) VALUES (1,979,12,0.000000);

INSERT INTO ALMACEN_PRODUCTO(ALMACEN_ID,PRODUCTO_ID,CANTIDAD_ACTUAL,PRECIO_VENTA) VALUES (2,979,0,0.000000);

INSERT INTO ALMACEN_PRODUCTO(ALMACEN_ID,PRODUCTO_ID,CANTIDAD_ACTUAL,PRECIO_VENTA) VALUES (3,979,12,12.500000);

INSERT INTO ALMACEN_PRODUCTO(ALMACEN_ID,PRODUCTO_ID,CANTIDAD_ACTUAL,PRECIO_VENTA) VALUES (4,979,0,0.000000);

INSERT INTO PROVEEDOR_PRODUCTO(PROVEEDOR_ID,PRODUCTO_ID,PRECIO_COMPRA) VALUES(6,979, 0.000000);

-- ===========PRODUCTO [980]
INSERT INTO PRODUCTO(ID,MARCA_ID,LINEA_ID,NOMBRE,PRESENTACION,CONTENIDO,UNIDADES_POR_CAJA,COSTO,COSTO_VENTA,PRECIO_BASE,UNIDAD_MEDIDA,CODIGO_BARRAS,ABREBIATURA) VALUES(980,68,9,'Suavitel Suavizante','Anochecer',850.0,12.0,0.000000,0.000000,0.000000,'ML','7509546050102','Suavit Anochec 850ml');

INSERT INTO MOVIMIENTO_HISTORICO_PRODUCTO (ALMACEN_ID,PRODUCTO_ID,FECHA,TIPO_MOVIMIENTO_ID,CANTIDAD,COSTO,PRECIO,USUARIO_ID) VALUES(1,980,now(),30,12,0.000000,0.000000,'root');
INSERT INTO ALMACEN_PRODUCTO(ALMACEN_ID,PRODUCTO_ID,CANTIDAD_ACTUAL,PRECIO_VENTA) VALUES (1,980,12,0.000000);

INSERT INTO ALMACEN_PRODUCTO(ALMACEN_ID,PRODUCTO_ID,CANTIDAD_ACTUAL,PRECIO_VENTA) VALUES (2,980,0,0.000000);

INSERT INTO ALMACEN_PRODUCTO(ALMACEN_ID,PRODUCTO_ID,CANTIDAD_ACTUAL,PRECIO_VENTA) VALUES (3,980,12,12.500000);

INSERT INTO ALMACEN_PRODUCTO(ALMACEN_ID,PRODUCTO_ID,CANTIDAD_ACTUAL,PRECIO_VENTA) VALUES (4,980,0,0.000000);

INSERT INTO PROVEEDOR_PRODUCTO(PROVEEDOR_ID,PRODUCTO_ID,PRECIO_COMPRA) VALUES(6,980, 0.000000);

-- ===========PRODUCTO [981]
INSERT INTO PRODUCTO(ID,MARCA_ID,LINEA_ID,NOMBRE,PRESENTACION,CONTENIDO,UNIDADES_POR_CAJA,COSTO,COSTO_VENTA,PRECIO_BASE,UNIDAD_MEDIDA,CODIGO_BARRAS,ABREBIATURA) VALUES(981,68,9,'Suavitel Suavizante','Acqua Sin Enjuague',3.0,4.0,0.000000,0.000000,0.000000,'L','7509546044361','Suavit Acqua 3Litros');

INSERT INTO MOVIMIENTO_HISTORICO_PRODUCTO (ALMACEN_ID,PRODUCTO_ID,FECHA,TIPO_MOVIMIENTO_ID,CANTIDAD,COSTO,PRECIO,USUARIO_ID) VALUES(1,981,now(),30,4,0.000000,0.000000,'root');
INSERT INTO ALMACEN_PRODUCTO(ALMACEN_ID,PRODUCTO_ID,CANTIDAD_ACTUAL,PRECIO_VENTA) VALUES (1,981,4,0.000000);

INSERT INTO ALMACEN_PRODUCTO(ALMACEN_ID,PRODUCTO_ID,CANTIDAD_ACTUAL,PRECIO_VENTA) VALUES (2,981,0,0.000000);

INSERT INTO ALMACEN_PRODUCTO(ALMACEN_ID,PRODUCTO_ID,CANTIDAD_ACTUAL,PRECIO_VENTA) VALUES (3,981,4,44.900000);

INSERT INTO ALMACEN_PRODUCTO(ALMACEN_ID,PRODUCTO_ID,CANTIDAD_ACTUAL,PRECIO_VENTA) VALUES (4,981,0,0.000000);

INSERT INTO PROVEEDOR_PRODUCTO(PROVEEDOR_ID,PRODUCTO_ID,PRECIO_COMPRA) VALUES(6,981, 0.000000);

-- ===========PRODUCTO [982]
INSERT INTO PRODUCTO(ID,MARCA_ID,LINEA_ID,NOMBRE,PRESENTACION,CONTENIDO,UNIDADES_POR_CAJA,COSTO,COSTO_VENTA,PRECIO_BASE,UNIDAD_MEDIDA,CODIGO_BARRAS,ABREBIATURA) VALUES(982,68,9,'Suavitel Suavizante','Fresca Primavera Sin Enjugue',3.0,4.0,0.000000,0.000000,0.000000,'L','7509546044439','Suavit Primav Enj 3Lt');

INSERT INTO MOVIMIENTO_HISTORICO_PRODUCTO (ALMACEN_ID,PRODUCTO_ID,FECHA,TIPO_MOVIMIENTO_ID,CANTIDAD,COSTO,PRECIO,USUARIO_ID) VALUES(1,982,now(),30,6,0.000000,0.000000,'root');
INSERT INTO ALMACEN_PRODUCTO(ALMACEN_ID,PRODUCTO_ID,CANTIDAD_ACTUAL,PRECIO_VENTA) VALUES (1,982,6,0.000000);

INSERT INTO ALMACEN_PRODUCTO(ALMACEN_ID,PRODUCTO_ID,CANTIDAD_ACTUAL,PRECIO_VENTA) VALUES (2,982,0,0.000000);

INSERT INTO ALMACEN_PRODUCTO(ALMACEN_ID,PRODUCTO_ID,CANTIDAD_ACTUAL,PRECIO_VENTA) VALUES (3,982,6,44.900000);

INSERT INTO ALMACEN_PRODUCTO(ALMACEN_ID,PRODUCTO_ID,CANTIDAD_ACTUAL,PRECIO_VENTA) VALUES (4,982,0,0.000000);

INSERT INTO PROVEEDOR_PRODUCTO(PROVEEDOR_ID,PRODUCTO_ID,PRECIO_COMPRA) VALUES(6,982, 0.000000);

-- ===========PRODUCTO [983]
INSERT INTO PRODUCTO(ID,MARCA_ID,LINEA_ID,NOMBRE,PRESENTACION,CONTENIDO,UNIDADES_POR_CAJA,COSTO,COSTO_VENTA,PRECIO_BASE,UNIDAD_MEDIDA,CODIGO_BARRAS,ABREBIATURA) VALUES(983,68,9,'Suavitel Suavizante','Fresca Primavera',450.0,12.0,0.000000,0.000000,0.000000,'ML','7509546017808','Suavitel Primav 450ml');

INSERT INTO MOVIMIENTO_HISTORICO_PRODUCTO (ALMACEN_ID,PRODUCTO_ID,FECHA,TIPO_MOVIMIENTO_ID,CANTIDAD,COSTO,PRECIO,USUARIO_ID) VALUES(1,983,now(),30,12,0.000000,0.000000,'root');
INSERT INTO ALMACEN_PRODUCTO(ALMACEN_ID,PRODUCTO_ID,CANTIDAD_ACTUAL,PRECIO_VENTA) VALUES (1,983,12,0.000000);

INSERT INTO ALMACEN_PRODUCTO(ALMACEN_ID,PRODUCTO_ID,CANTIDAD_ACTUAL,PRECIO_VENTA) VALUES (2,983,0,0.000000);

INSERT INTO ALMACEN_PRODUCTO(ALMACEN_ID,PRODUCTO_ID,CANTIDAD_ACTUAL,PRECIO_VENTA) VALUES (3,983,12,7.500000);

INSERT INTO ALMACEN_PRODUCTO(ALMACEN_ID,PRODUCTO_ID,CANTIDAD_ACTUAL,PRECIO_VENTA) VALUES (4,983,0,0.000000);

INSERT INTO PROVEEDOR_PRODUCTO(PROVEEDOR_ID,PRODUCTO_ID,PRECIO_COMPRA) VALUES(6,983, 0.000000);

-- ===========PRODUCTO [984]
INSERT INTO PRODUCTO(ID,MARCA_ID,LINEA_ID,NOMBRE,PRESENTACION,CONTENIDO,UNIDADES_POR_CAJA,COSTO,COSTO_VENTA,PRECIO_BASE,UNIDAD_MEDIDA,CODIGO_BARRAS,ABREBIATURA) VALUES(984,17,2,'Palmolive Spray','Fijacion, movimiento y Brillo',200.0,12.0,0.000000,0.000000,0.000000,'G','7501035907928','Palmol Spry Fija 200g');

INSERT INTO MOVIMIENTO_HISTORICO_PRODUCTO (ALMACEN_ID,PRODUCTO_ID,FECHA,TIPO_MOVIMIENTO_ID,CANTIDAD,COSTO,PRECIO,USUARIO_ID) VALUES(1,984,now(),30,12,0.000000,0.000000,'root');
INSERT INTO ALMACEN_PRODUCTO(ALMACEN_ID,PRODUCTO_ID,CANTIDAD_ACTUAL,PRECIO_VENTA) VALUES (1,984,12,0.000000);

INSERT INTO ALMACEN_PRODUCTO(ALMACEN_ID,PRODUCTO_ID,CANTIDAD_ACTUAL,PRECIO_VENTA) VALUES (2,984,1,0.000000);

INSERT INTO ALMACEN_PRODUCTO(ALMACEN_ID,PRODUCTO_ID,CANTIDAD_ACTUAL,PRECIO_VENTA) VALUES (3,984,12,0.000000);

INSERT INTO ALMACEN_PRODUCTO(ALMACEN_ID,PRODUCTO_ID,CANTIDAD_ACTUAL,PRECIO_VENTA) VALUES (4,984,1,0.000000);

INSERT INTO PROVEEDOR_PRODUCTO(PROVEEDOR_ID,PRODUCTO_ID,PRECIO_COMPRA) VALUES(6,984, 0.000000);

-- ===========PRODUCTO [985]
INSERT INTO PRODUCTO(ID,MARCA_ID,LINEA_ID,NOMBRE,PRESENTACION,CONTENIDO,UNIDADES_POR_CAJA,COSTO,COSTO_VENTA,PRECIO_BASE,UNIDAD_MEDIDA,CODIGO_BARRAS,ABREBIATURA) VALUES(985,49,1,'Stefano Colonia Caballero','Spazio',100.0,12.0,0.000000,0.000000,0.000000,'ML','7501035916579','Stef Colonia Spaz 100');

INSERT INTO MOVIMIENTO_HISTORICO_PRODUCTO (ALMACEN_ID,PRODUCTO_ID,FECHA,TIPO_MOVIMIENTO_ID,CANTIDAD,COSTO,PRECIO,USUARIO_ID) VALUES(1,985,now(),30,3,0.000000,0.000000,'root');
INSERT INTO ALMACEN_PRODUCTO(ALMACEN_ID,PRODUCTO_ID,CANTIDAD_ACTUAL,PRECIO_VENTA) VALUES (1,985,3,0.000000);

INSERT INTO ALMACEN_PRODUCTO(ALMACEN_ID,PRODUCTO_ID,CANTIDAD_ACTUAL,PRECIO_VENTA) VALUES (2,985,0,0.000000);

INSERT INTO ALMACEN_PRODUCTO(ALMACEN_ID,PRODUCTO_ID,CANTIDAD_ACTUAL,PRECIO_VENTA) VALUES (3,985,3,0.000000);

INSERT INTO ALMACEN_PRODUCTO(ALMACEN_ID,PRODUCTO_ID,CANTIDAD_ACTUAL,PRECIO_VENTA) VALUES (4,985,0,0.000000);

INSERT INTO PROVEEDOR_PRODUCTO(PROVEEDOR_ID,PRODUCTO_ID,PRECIO_COMPRA) VALUES(6,985, 0.000000);

-- ===========PRODUCTO [986]
INSERT INTO PRODUCTO(ID,MARCA_ID,LINEA_ID,NOMBRE,PRESENTACION,CONTENIDO,UNIDADES_POR_CAJA,COSTO,COSTO_VENTA,PRECIO_BASE,UNIDAD_MEDIDA,CODIGO_BARRAS,ABREBIATURA) VALUES(986,49,1,'Stefano Colonia Caballero','Black',100.0,12.0,0.000000,0.000000,0.000000,'ML','7501035916159','Stef Colonia Black 100');

INSERT INTO MOVIMIENTO_HISTORICO_PRODUCTO (ALMACEN_ID,PRODUCTO_ID,FECHA,TIPO_MOVIMIENTO_ID,CANTIDAD,COSTO,PRECIO,USUARIO_ID) VALUES(1,986,now(),30,5,0.000000,0.000000,'root');
INSERT INTO ALMACEN_PRODUCTO(ALMACEN_ID,PRODUCTO_ID,CANTIDAD_ACTUAL,PRECIO_VENTA) VALUES (1,986,5,0.000000);

INSERT INTO ALMACEN_PRODUCTO(ALMACEN_ID,PRODUCTO_ID,CANTIDAD_ACTUAL,PRECIO_VENTA) VALUES (2,986,0,0.000000);

INSERT INTO ALMACEN_PRODUCTO(ALMACEN_ID,PRODUCTO_ID,CANTIDAD_ACTUAL,PRECIO_VENTA) VALUES (3,986,5,0.000000);

INSERT INTO ALMACEN_PRODUCTO(ALMACEN_ID,PRODUCTO_ID,CANTIDAD_ACTUAL,PRECIO_VENTA) VALUES (4,986,0,0.000000);

INSERT INTO PROVEEDOR_PRODUCTO(PROVEEDOR_ID,PRODUCTO_ID,PRECIO_COMPRA) VALUES(6,986, 0.000000);

-- ===========PRODUCTO [990]
INSERT INTO PRODUCTO(ID,MARCA_ID,LINEA_ID,NOMBRE,PRESENTACION,CONTENIDO,UNIDADES_POR_CAJA,COSTO,COSTO_VENTA,PRECIO_BASE,UNIDAD_MEDIDA,CODIGO_BARRAS,ABREBIATURA) VALUES(990,83,2,'Wildroot Gel Fijador','Fijacion Extrema',400.0,12.0,0.000000,0.000000,0.000000,'G','7509546012957','Wildrot Gel Fij 400g');

INSERT INTO MOVIMIENTO_HISTORICO_PRODUCTO (ALMACEN_ID,PRODUCTO_ID,FECHA,TIPO_MOVIMIENTO_ID,CANTIDAD,COSTO,PRECIO,USUARIO_ID) VALUES(1,990,now(),30,10,0.000000,0.000000,'root');
INSERT INTO ALMACEN_PRODUCTO(ALMACEN_ID,PRODUCTO_ID,CANTIDAD_ACTUAL,PRECIO_VENTA) VALUES (1,990,10,0.000000);

INSERT INTO ALMACEN_PRODUCTO(ALMACEN_ID,PRODUCTO_ID,CANTIDAD_ACTUAL,PRECIO_VENTA) VALUES (2,990,0,0.000000);

INSERT INTO ALMACEN_PRODUCTO(ALMACEN_ID,PRODUCTO_ID,CANTIDAD_ACTUAL,PRECIO_VENTA) VALUES (3,990,10,0.000000);

INSERT INTO ALMACEN_PRODUCTO(ALMACEN_ID,PRODUCTO_ID,CANTIDAD_ACTUAL,PRECIO_VENTA) VALUES (4,990,0,0.000000);

INSERT INTO PROVEEDOR_PRODUCTO(PROVEEDOR_ID,PRODUCTO_ID,PRECIO_COMPRA) VALUES(6,990, 0.000000);

-- ===========PRODUCTO [991]
INSERT INTO PRODUCTO(ID,MARCA_ID,LINEA_ID,NOMBRE,PRESENTACION,CONTENIDO,UNIDADES_POR_CAJA,COSTO,COSTO_VENTA,PRECIO_BASE,UNIDAD_MEDIDA,CODIGO_BARRAS,ABREBIATURA) VALUES(991,57,7,'Menen Shampoo Bebe','Proteina',500.0,12.0,0.000000,0.000000,0.000000,'ML','7501035906839','Menn Sh Prote 500ml');

INSERT INTO MOVIMIENTO_HISTORICO_PRODUCTO (ALMACEN_ID,PRODUCTO_ID,FECHA,TIPO_MOVIMIENTO_ID,CANTIDAD,COSTO,PRECIO,USUARIO_ID) VALUES(1,991,now(),30,13,0.000000,0.000000,'root');
INSERT INTO ALMACEN_PRODUCTO(ALMACEN_ID,PRODUCTO_ID,CANTIDAD_ACTUAL,PRECIO_VENTA) VALUES (1,991,13,0.000000);

INSERT INTO ALMACEN_PRODUCTO(ALMACEN_ID,PRODUCTO_ID,CANTIDAD_ACTUAL,PRECIO_VENTA) VALUES (2,991,0,0.000000);

INSERT INTO ALMACEN_PRODUCTO(ALMACEN_ID,PRODUCTO_ID,CANTIDAD_ACTUAL,PRECIO_VENTA) VALUES (3,991,13,0.000000);

INSERT INTO ALMACEN_PRODUCTO(ALMACEN_ID,PRODUCTO_ID,CANTIDAD_ACTUAL,PRECIO_VENTA) VALUES (4,991,0,0.000000);

INSERT INTO PROVEEDOR_PRODUCTO(PROVEEDOR_ID,PRODUCTO_ID,PRECIO_COMPRA) VALUES(6,991, 0.000000);

-- ===========PRODUCTO [993]
INSERT INTO PRODUCTO(ID,MARCA_ID,LINEA_ID,NOMBRE,PRESENTACION,CONTENIDO,UNIDADES_POR_CAJA,COSTO,COSTO_VENTA,PRECIO_BASE,UNIDAD_MEDIDA,CODIGO_BARRAS,ABREBIATURA) VALUES(993,36,14,'Caprice Shampoo','Herbal',800.0,12.0,17.600575,17.600575,24.500000,'ML','7509546026961','Capric Sh Herbal 800m');

INSERT INTO MOVIMIENTO_HISTORICO_PRODUCTO (ALMACEN_ID,PRODUCTO_ID,FECHA,TIPO_MOVIMIENTO_ID,CANTIDAD,COSTO,PRECIO,USUARIO_ID) VALUES(1,993,now(),30,11,17.600575,24.500000,'root');
INSERT INTO ALMACEN_PRODUCTO(ALMACEN_ID,PRODUCTO_ID,CANTIDAD_ACTUAL,PRECIO_VENTA) VALUES (1,993,11,24.500000);

INSERT INTO ALMACEN_PRODUCTO(ALMACEN_ID,PRODUCTO_ID,CANTIDAD_ACTUAL,PRECIO_VENTA) VALUES (2,993,0,0.000000);

INSERT INTO ALMACEN_PRODUCTO(ALMACEN_ID,PRODUCTO_ID,CANTIDAD_ACTUAL,PRECIO_VENTA) VALUES (3,993,11,23.500000);

INSERT INTO ALMACEN_PRODUCTO(ALMACEN_ID,PRODUCTO_ID,CANTIDAD_ACTUAL,PRECIO_VENTA) VALUES (4,993,0,0.000000);

INSERT INTO PROVEEDOR_PRODUCTO(PROVEEDOR_ID,PRODUCTO_ID,PRECIO_COMPRA) VALUES(6,993, 17.600575);

-- ===========PRODUCTO [994]
INSERT INTO PRODUCTO(ID,MARCA_ID,LINEA_ID,NOMBRE,PRESENTACION,CONTENIDO,UNIDADES_POR_CAJA,COSTO,COSTO_VENTA,PRECIO_BASE,UNIDAD_MEDIDA,CODIGO_BARRAS,ABREBIATURA) VALUES(994,20,11,'Colgate Plax Enjuague Bucal','Whitening',60.0,72.0,0.000000,0.000000,0.000000,'ML','7891024136461','Plax Whitening 60ml');

INSERT INTO MOVIMIENTO_HISTORICO_PRODUCTO (ALMACEN_ID,PRODUCTO_ID,FECHA,TIPO_MOVIMIENTO_ID,CANTIDAD,COSTO,PRECIO,USUARIO_ID) VALUES(1,994,now(),30,18,0.000000,0.000000,'root');
INSERT INTO ALMACEN_PRODUCTO(ALMACEN_ID,PRODUCTO_ID,CANTIDAD_ACTUAL,PRECIO_VENTA) VALUES (1,994,18,0.000000);

INSERT INTO ALMACEN_PRODUCTO(ALMACEN_ID,PRODUCTO_ID,CANTIDAD_ACTUAL,PRECIO_VENTA) VALUES (2,994,3,0.000000);

INSERT INTO ALMACEN_PRODUCTO(ALMACEN_ID,PRODUCTO_ID,CANTIDAD_ACTUAL,PRECIO_VENTA) VALUES (3,994,18,0.000000);

INSERT INTO ALMACEN_PRODUCTO(ALMACEN_ID,PRODUCTO_ID,CANTIDAD_ACTUAL,PRECIO_VENTA) VALUES (4,994,3,0.000000);

INSERT INTO PROVEEDOR_PRODUCTO(PROVEEDOR_ID,PRODUCTO_ID,PRECIO_COMPRA) VALUES(6,994, 0.000000);

-- ===========PRODUCTO [995]
INSERT INTO PRODUCTO(ID,MARCA_ID,LINEA_ID,NOMBRE,PRESENTACION,CONTENIDO,UNIDADES_POR_CAJA,COSTO,COSTO_VENTA,PRECIO_BASE,UNIDAD_MEDIDA,CODIGO_BARRAS,ABREBIATURA) VALUES(995,20,11,'Colgate Plax Enjuague Bucal','Whitening Sarro',60.0,72.0,0.000000,0.000000,0.000000,'ML','7891024179642','Plax Whiten Sarr 60ml');

INSERT INTO MOVIMIENTO_HISTORICO_PRODUCTO (ALMACEN_ID,PRODUCTO_ID,FECHA,TIPO_MOVIMIENTO_ID,CANTIDAD,COSTO,PRECIO,USUARIO_ID) VALUES(1,995,now(),30,18,0.000000,0.000000,'root');
INSERT INTO ALMACEN_PRODUCTO(ALMACEN_ID,PRODUCTO_ID,CANTIDAD_ACTUAL,PRECIO_VENTA) VALUES (1,995,18,0.000000);

INSERT INTO ALMACEN_PRODUCTO(ALMACEN_ID,PRODUCTO_ID,CANTIDAD_ACTUAL,PRECIO_VENTA) VALUES (2,995,0,0.000000);

INSERT INTO ALMACEN_PRODUCTO(ALMACEN_ID,PRODUCTO_ID,CANTIDAD_ACTUAL,PRECIO_VENTA) VALUES (3,995,18,0.000000);

INSERT INTO ALMACEN_PRODUCTO(ALMACEN_ID,PRODUCTO_ID,CANTIDAD_ACTUAL,PRECIO_VENTA) VALUES (4,995,0,0.000000);

INSERT INTO PROVEEDOR_PRODUCTO(PROVEEDOR_ID,PRODUCTO_ID,PRECIO_COMPRA) VALUES(6,995, 0.000000);

-- ===========PRODUCTO [996]
INSERT INTO PRODUCTO(ID,MARCA_ID,LINEA_ID,NOMBRE,PRESENTACION,CONTENIDO,UNIDADES_POR_CAJA,COSTO,COSTO_VENTA,PRECIO_BASE,UNIDAD_MEDIDA,CODIGO_BARRAS,ABREBIATURA) VALUES(996,17,15,'Palmolive Naturals','Balanceado y Suave',130.0,96.0,0.000000,0.000000,0.000000,'G','7509546032245','Palm Jab Balanc 130g');

INSERT INTO MOVIMIENTO_HISTORICO_PRODUCTO (ALMACEN_ID,PRODUCTO_ID,FECHA,TIPO_MOVIMIENTO_ID,CANTIDAD,COSTO,PRECIO,USUARIO_ID) VALUES(1,996,now(),30,96,0.000000,0.000000,'root');
INSERT INTO ALMACEN_PRODUCTO(ALMACEN_ID,PRODUCTO_ID,CANTIDAD_ACTUAL,PRECIO_VENTA) VALUES (1,996,96,0.000000);

INSERT INTO ALMACEN_PRODUCTO(ALMACEN_ID,PRODUCTO_ID,CANTIDAD_ACTUAL,PRECIO_VENTA) VALUES (2,996,0,0.000000);

INSERT INTO ALMACEN_PRODUCTO(ALMACEN_ID,PRODUCTO_ID,CANTIDAD_ACTUAL,PRECIO_VENTA) VALUES (3,996,96,0.000000);

INSERT INTO ALMACEN_PRODUCTO(ALMACEN_ID,PRODUCTO_ID,CANTIDAD_ACTUAL,PRECIO_VENTA) VALUES (4,996,0,0.000000);

INSERT INTO PROVEEDOR_PRODUCTO(PROVEEDOR_ID,PRODUCTO_ID,PRECIO_COMPRA) VALUES(6,996, 0.000000);

-- ===========PRODUCTO [997]
INSERT INTO PRODUCTO(ID,MARCA_ID,LINEA_ID,NOMBRE,PRESENTACION,CONTENIDO,UNIDADES_POR_CAJA,COSTO,COSTO_VENTA,PRECIO_BASE,UNIDAD_MEDIDA,CODIGO_BARRAS,ABREBIATURA) VALUES(997,36,2,'Caprice Fijador Spray Profesional','Colageno y Aloe Vera',372.0,12.0,18.728448,18.728448,26.070000,'ML','7509546051307','Capric Spry Colag 372');

INSERT INTO MOVIMIENTO_HISTORICO_PRODUCTO (ALMACEN_ID,PRODUCTO_ID,FECHA,TIPO_MOVIMIENTO_ID,CANTIDAD,COSTO,PRECIO,USUARIO_ID) VALUES(1,997,now(),30,24,18.728448,26.070000,'root');
INSERT INTO ALMACEN_PRODUCTO(ALMACEN_ID,PRODUCTO_ID,CANTIDAD_ACTUAL,PRECIO_VENTA) VALUES (1,997,24,26.070000);

INSERT INTO ALMACEN_PRODUCTO(ALMACEN_ID,PRODUCTO_ID,CANTIDAD_ACTUAL,PRECIO_VENTA) VALUES (2,997,3,0.000000);

INSERT INTO ALMACEN_PRODUCTO(ALMACEN_ID,PRODUCTO_ID,CANTIDAD_ACTUAL,PRECIO_VENTA) VALUES (3,997,24,23.900000);

INSERT INTO ALMACEN_PRODUCTO(ALMACEN_ID,PRODUCTO_ID,CANTIDAD_ACTUAL,PRECIO_VENTA) VALUES (4,997,3,0.000000);

INSERT INTO PROVEEDOR_PRODUCTO(PROVEEDOR_ID,PRODUCTO_ID,PRECIO_COMPRA) VALUES(6,997, 18.728448);

-- ===========PRODUCTO [999]
INSERT INTO PRODUCTO(ID,MARCA_ID,LINEA_ID,NOMBRE,PRESENTACION,CONTENIDO,UNIDADES_POR_CAJA,COSTO,COSTO_VENTA,PRECIO_BASE,UNIDAD_MEDIDA,CODIGO_BARRAS,ABREBIATURA) VALUES(999,82,9,'Fabuloso Limpiador','Beb',1.0,12.0,0.000000,0.000000,0.000000,'L','7509546006437','Fabuloso Bebe 1lto');

INSERT INTO MOVIMIENTO_HISTORICO_PRODUCTO (ALMACEN_ID,PRODUCTO_ID,FECHA,TIPO_MOVIMIENTO_ID,CANTIDAD,COSTO,PRECIO,USUARIO_ID) VALUES(1,999,now(),30,12,0.000000,0.000000,'root');
INSERT INTO ALMACEN_PRODUCTO(ALMACEN_ID,PRODUCTO_ID,CANTIDAD_ACTUAL,PRECIO_VENTA) VALUES (1,999,12,0.000000);

INSERT INTO ALMACEN_PRODUCTO(ALMACEN_ID,PRODUCTO_ID,CANTIDAD_ACTUAL,PRECIO_VENTA) VALUES (2,999,0,0.000000);

INSERT INTO ALMACEN_PRODUCTO(ALMACEN_ID,PRODUCTO_ID,CANTIDAD_ACTUAL,PRECIO_VENTA) VALUES (3,999,12,12.900000);

INSERT INTO ALMACEN_PRODUCTO(ALMACEN_ID,PRODUCTO_ID,CANTIDAD_ACTUAL,PRECIO_VENTA) VALUES (4,999,0,0.000000);

INSERT INTO PROVEEDOR_PRODUCTO(PROVEEDOR_ID,PRODUCTO_ID,PRECIO_COMPRA) VALUES(6,999, 0.000000);

-- ===========PRODUCTO [1000]
INSERT INTO PRODUCTO(ID,MARCA_ID,LINEA_ID,NOMBRE,PRESENTACION,CONTENIDO,UNIDADES_POR_CAJA,COSTO,COSTO_VENTA,PRECIO_BASE,UNIDAD_MEDIDA,CODIGO_BARRAS,ABREBIATURA) VALUES(1000,36,14,'Caprice Shampoo','Pro Vitamina',800.0,12.0,17.600575,17.600575,24.500000,'ML','7509546026886','Capric Sh ProVitam 800');

INSERT INTO MOVIMIENTO_HISTORICO_PRODUCTO (ALMACEN_ID,PRODUCTO_ID,FECHA,TIPO_MOVIMIENTO_ID,CANTIDAD,COSTO,PRECIO,USUARIO_ID) VALUES(1,1000,now(),30,18,17.600575,24.500000,'root');
INSERT INTO ALMACEN_PRODUCTO(ALMACEN_ID,PRODUCTO_ID,CANTIDAD_ACTUAL,PRECIO_VENTA) VALUES (1,1000,18,24.500000);

INSERT INTO ALMACEN_PRODUCTO(ALMACEN_ID,PRODUCTO_ID,CANTIDAD_ACTUAL,PRECIO_VENTA) VALUES (2,1000,0,0.000000);

INSERT INTO ALMACEN_PRODUCTO(ALMACEN_ID,PRODUCTO_ID,CANTIDAD_ACTUAL,PRECIO_VENTA) VALUES (3,1000,18,23.500000);

INSERT INTO ALMACEN_PRODUCTO(ALMACEN_ID,PRODUCTO_ID,CANTIDAD_ACTUAL,PRECIO_VENTA) VALUES (4,1000,0,0.000000);

INSERT INTO PROVEEDOR_PRODUCTO(PROVEEDOR_ID,PRODUCTO_ID,PRECIO_COMPRA) VALUES(6,1000, 17.600575);

-- ===========PRODUCTO [1002]
INSERT INTO PRODUCTO(ID,MARCA_ID,LINEA_ID,NOMBRE,PRESENTACION,CONTENIDO,UNIDADES_POR_CAJA,COSTO,COSTO_VENTA,PRECIO_BASE,UNIDAD_MEDIDA,CODIGO_BARRAS,ABREBIATURA) VALUES(1002,36,14,'Caprice Shampoo','Extracto de Mamey y Zing',800.0,12.0,17.600575,17.600575,24.500000,'ML','7509546043197','Capric Sh Mamey 800ml');

INSERT INTO MOVIMIENTO_HISTORICO_PRODUCTO (ALMACEN_ID,PRODUCTO_ID,FECHA,TIPO_MOVIMIENTO_ID,CANTIDAD,COSTO,PRECIO,USUARIO_ID) VALUES(1,1002,now(),30,13,17.600575,24.500000,'root');
INSERT INTO ALMACEN_PRODUCTO(ALMACEN_ID,PRODUCTO_ID,CANTIDAD_ACTUAL,PRECIO_VENTA) VALUES (1,1002,13,24.500000);

INSERT INTO ALMACEN_PRODUCTO(ALMACEN_ID,PRODUCTO_ID,CANTIDAD_ACTUAL,PRECIO_VENTA) VALUES (2,1002,0,0.000000);

INSERT INTO ALMACEN_PRODUCTO(ALMACEN_ID,PRODUCTO_ID,CANTIDAD_ACTUAL,PRECIO_VENTA) VALUES (3,1002,13,23.500000);

INSERT INTO ALMACEN_PRODUCTO(ALMACEN_ID,PRODUCTO_ID,CANTIDAD_ACTUAL,PRECIO_VENTA) VALUES (4,1002,0,0.000000);

INSERT INTO PROVEEDOR_PRODUCTO(PROVEEDOR_ID,PRODUCTO_ID,PRECIO_COMPRA) VALUES(6,1002, 17.600575);

-- ===========PRODUCTO [1004]
INSERT INTO PRODUCTO(ID,MARCA_ID,LINEA_ID,NOMBRE,PRESENTACION,CONTENIDO,UNIDADES_POR_CAJA,COSTO,COSTO_VENTA,PRECIO_BASE,UNIDAD_MEDIDA,CODIGO_BARRAS,ABREBIATURA) VALUES(1004,36,14,'Caprice Shampoo','Colageno y Aloe Vera',800.0,12.0,17.600575,17.600575,24.500000,'ML','7509546026930','Capric Sh Colag 800ml');

INSERT INTO MOVIMIENTO_HISTORICO_PRODUCTO (ALMACEN_ID,PRODUCTO_ID,FECHA,TIPO_MOVIMIENTO_ID,CANTIDAD,COSTO,PRECIO,USUARIO_ID) VALUES(1,1004,now(),30,12,17.600575,24.500000,'root');
INSERT INTO ALMACEN_PRODUCTO(ALMACEN_ID,PRODUCTO_ID,CANTIDAD_ACTUAL,PRECIO_VENTA) VALUES (1,1004,12,24.500000);

INSERT INTO ALMACEN_PRODUCTO(ALMACEN_ID,PRODUCTO_ID,CANTIDAD_ACTUAL,PRECIO_VENTA) VALUES (2,1004,0,0.000000);

INSERT INTO ALMACEN_PRODUCTO(ALMACEN_ID,PRODUCTO_ID,CANTIDAD_ACTUAL,PRECIO_VENTA) VALUES (3,1004,12,23.500000);

INSERT INTO ALMACEN_PRODUCTO(ALMACEN_ID,PRODUCTO_ID,CANTIDAD_ACTUAL,PRECIO_VENTA) VALUES (4,1004,0,0.000000);

INSERT INTO PROVEEDOR_PRODUCTO(PROVEEDOR_ID,PRODUCTO_ID,PRECIO_COMPRA) VALUES(6,1004, 17.600575);

-- ===========PRODUCTO [1005]
INSERT INTO PRODUCTO(ID,MARCA_ID,LINEA_ID,NOMBRE,PRESENTACION,CONTENIDO,UNIDADES_POR_CAJA,COSTO,COSTO_VENTA,PRECIO_BASE,UNIDAD_MEDIDA,CODIGO_BARRAS,ABREBIATURA) VALUES(1005,36,14,'Caprice Shampoo','Eucalipto y Zing',800.0,12.0,17.600575,17.600575,24.500000,'ML','7509546026893','Capric Sh Zing 800ml');

INSERT INTO MOVIMIENTO_HISTORICO_PRODUCTO (ALMACEN_ID,PRODUCTO_ID,FECHA,TIPO_MOVIMIENTO_ID,CANTIDAD,COSTO,PRECIO,USUARIO_ID) VALUES(1,1005,now(),30,12,17.600575,24.500000,'root');
INSERT INTO ALMACEN_PRODUCTO(ALMACEN_ID,PRODUCTO_ID,CANTIDAD_ACTUAL,PRECIO_VENTA) VALUES (1,1005,12,24.500000);

INSERT INTO ALMACEN_PRODUCTO(ALMACEN_ID,PRODUCTO_ID,CANTIDAD_ACTUAL,PRECIO_VENTA) VALUES (2,1005,1,0.000000);

INSERT INTO ALMACEN_PRODUCTO(ALMACEN_ID,PRODUCTO_ID,CANTIDAD_ACTUAL,PRECIO_VENTA) VALUES (3,1005,12,23.500000);

INSERT INTO ALMACEN_PRODUCTO(ALMACEN_ID,PRODUCTO_ID,CANTIDAD_ACTUAL,PRECIO_VENTA) VALUES (4,1005,1,0.000000);

INSERT INTO PROVEEDOR_PRODUCTO(PROVEEDOR_ID,PRODUCTO_ID,PRECIO_COMPRA) VALUES(6,1005, 17.600575);

-- ===========PRODUCTO [1006]
INSERT INTO PRODUCTO(ID,MARCA_ID,LINEA_ID,NOMBRE,PRESENTACION,CONTENIDO,UNIDADES_POR_CAJA,COSTO,COSTO_VENTA,PRECIO_BASE,UNIDAD_MEDIDA,CODIGO_BARRAS,ABREBIATURA) VALUES(1006,36,14,'Caprice Acondicionador','Extracto de Rosas',800.0,12.0,0.000000,0.000000,0.000000,'ML','7509546026695','Capric Ac Ext Rosa 800');

INSERT INTO MOVIMIENTO_HISTORICO_PRODUCTO (ALMACEN_ID,PRODUCTO_ID,FECHA,TIPO_MOVIMIENTO_ID,CANTIDAD,COSTO,PRECIO,USUARIO_ID) VALUES(1,1006,now(),30,5,0.000000,0.000000,'root');
INSERT INTO ALMACEN_PRODUCTO(ALMACEN_ID,PRODUCTO_ID,CANTIDAD_ACTUAL,PRECIO_VENTA) VALUES (1,1006,5,0.000000);

INSERT INTO ALMACEN_PRODUCTO(ALMACEN_ID,PRODUCTO_ID,CANTIDAD_ACTUAL,PRECIO_VENTA) VALUES (2,1006,0,0.000000);

INSERT INTO ALMACEN_PRODUCTO(ALMACEN_ID,PRODUCTO_ID,CANTIDAD_ACTUAL,PRECIO_VENTA) VALUES (3,1006,5,0.000000);

INSERT INTO ALMACEN_PRODUCTO(ALMACEN_ID,PRODUCTO_ID,CANTIDAD_ACTUAL,PRECIO_VENTA) VALUES (4,1006,0,0.000000);

INSERT INTO PROVEEDOR_PRODUCTO(PROVEEDOR_ID,PRODUCTO_ID,PRECIO_COMPRA) VALUES(6,1006, 0.000000);

-- ===========PRODUCTO [1007]
INSERT INTO PRODUCTO(ID,MARCA_ID,LINEA_ID,NOMBRE,PRESENTACION,CONTENIDO,UNIDADES_POR_CAJA,COSTO,COSTO_VENTA,PRECIO_BASE,UNIDAD_MEDIDA,CODIGO_BARRAS,ABREBIATURA) VALUES(1007,36,14,'Caprice Acondicionador','Extracto de Mamey y Silicona',800.0,12.0,0.000000,0.000000,0.000000,'ML','7509546026541','Capric Ac Mamey 800m');

INSERT INTO MOVIMIENTO_HISTORICO_PRODUCTO (ALMACEN_ID,PRODUCTO_ID,FECHA,TIPO_MOVIMIENTO_ID,CANTIDAD,COSTO,PRECIO,USUARIO_ID) VALUES(1,1007,now(),30,5,0.000000,0.000000,'root');
INSERT INTO ALMACEN_PRODUCTO(ALMACEN_ID,PRODUCTO_ID,CANTIDAD_ACTUAL,PRECIO_VENTA) VALUES (1,1007,5,0.000000);

INSERT INTO ALMACEN_PRODUCTO(ALMACEN_ID,PRODUCTO_ID,CANTIDAD_ACTUAL,PRECIO_VENTA) VALUES (2,1007,0,0.000000);

INSERT INTO ALMACEN_PRODUCTO(ALMACEN_ID,PRODUCTO_ID,CANTIDAD_ACTUAL,PRECIO_VENTA) VALUES (3,1007,5,0.000000);

INSERT INTO ALMACEN_PRODUCTO(ALMACEN_ID,PRODUCTO_ID,CANTIDAD_ACTUAL,PRECIO_VENTA) VALUES (4,1007,0,0.000000);

INSERT INTO PROVEEDOR_PRODUCTO(PROVEEDOR_ID,PRODUCTO_ID,PRECIO_COMPRA) VALUES(6,1007, 0.000000);

-- ===========PRODUCTO [1010]
INSERT INTO PRODUCTO(ID,MARCA_ID,LINEA_ID,NOMBRE,PRESENTACION,CONTENIDO,UNIDADES_POR_CAJA,COSTO,COSTO_VENTA,PRECIO_BASE,UNIDAD_MEDIDA,CODIGO_BARRAS,ABREBIATURA) VALUES(1010,36,14,'Caprice Shampoo','Proteina',800.0,12.0,17.600575,17.600575,24.500000,'ML','7509546026978','Capric Ac Protein 800m');

INSERT INTO MOVIMIENTO_HISTORICO_PRODUCTO (ALMACEN_ID,PRODUCTO_ID,FECHA,TIPO_MOVIMIENTO_ID,CANTIDAD,COSTO,PRECIO,USUARIO_ID) VALUES(1,1010,now(),30,12,17.600575,24.500000,'root');
INSERT INTO ALMACEN_PRODUCTO(ALMACEN_ID,PRODUCTO_ID,CANTIDAD_ACTUAL,PRECIO_VENTA) VALUES (1,1010,12,24.500000);

INSERT INTO ALMACEN_PRODUCTO(ALMACEN_ID,PRODUCTO_ID,CANTIDAD_ACTUAL,PRECIO_VENTA) VALUES (2,1010,0,0.000000);

INSERT INTO ALMACEN_PRODUCTO(ALMACEN_ID,PRODUCTO_ID,CANTIDAD_ACTUAL,PRECIO_VENTA) VALUES (3,1010,12,23.500000);

INSERT INTO ALMACEN_PRODUCTO(ALMACEN_ID,PRODUCTO_ID,CANTIDAD_ACTUAL,PRECIO_VENTA) VALUES (4,1010,0,0.000000);

INSERT INTO PROVEEDOR_PRODUCTO(PROVEEDOR_ID,PRODUCTO_ID,PRECIO_COMPRA) VALUES(6,1010, 17.600575);

-- ===========PRODUCTO [1011]
INSERT INTO PRODUCTO(ID,MARCA_ID,LINEA_ID,NOMBRE,PRESENTACION,CONTENIDO,UNIDADES_POR_CAJA,COSTO,COSTO_VENTA,PRECIO_BASE,UNIDAD_MEDIDA,CODIGO_BARRAS,ABREBIATURA) VALUES(1011,36,14,'Caprice Shampoo','Extracto de Mamey y Silicona',1000.0,12.0,18.318966,18.318966,25.500000,'ML','7509546042305','Capric Sh Mamey 1Lto');

INSERT INTO MOVIMIENTO_HISTORICO_PRODUCTO (ALMACEN_ID,PRODUCTO_ID,FECHA,TIPO_MOVIMIENTO_ID,CANTIDAD,COSTO,PRECIO,USUARIO_ID) VALUES(1,1011,now(),30,12,18.318966,25.500000,'root');
INSERT INTO ALMACEN_PRODUCTO(ALMACEN_ID,PRODUCTO_ID,CANTIDAD_ACTUAL,PRECIO_VENTA) VALUES (1,1011,12,25.500000);

INSERT INTO ALMACEN_PRODUCTO(ALMACEN_ID,PRODUCTO_ID,CANTIDAD_ACTUAL,PRECIO_VENTA) VALUES (2,1011,0,0.000000);

INSERT INTO ALMACEN_PRODUCTO(ALMACEN_ID,PRODUCTO_ID,CANTIDAD_ACTUAL,PRECIO_VENTA) VALUES (3,1011,12,24.900000);

INSERT INTO ALMACEN_PRODUCTO(ALMACEN_ID,PRODUCTO_ID,CANTIDAD_ACTUAL,PRECIO_VENTA) VALUES (4,1011,0,0.000000);

INSERT INTO PROVEEDOR_PRODUCTO(PROVEEDOR_ID,PRODUCTO_ID,PRECIO_COMPRA) VALUES(6,1011, 18.318966);

-- ===========PRODUCTO [1012]
INSERT INTO PRODUCTO(ID,MARCA_ID,LINEA_ID,NOMBRE,PRESENTACION,CONTENIDO,UNIDADES_POR_CAJA,COSTO,COSTO_VENTA,PRECIO_BASE,UNIDAD_MEDIDA,CODIGO_BARRAS,ABREBIATURA) VALUES(1012,36,14,'Caprice Shampoo','Miel y Germen de Trigo',800.0,24.0,17.600575,17.600575,24.500000,'ML','7509546026916','Capric Sh Germen 800m');

INSERT INTO MOVIMIENTO_HISTORICO_PRODUCTO (ALMACEN_ID,PRODUCTO_ID,FECHA,TIPO_MOVIMIENTO_ID,CANTIDAD,COSTO,PRECIO,USUARIO_ID) VALUES(1,1012,now(),30,12,17.600575,24.500000,'root');
INSERT INTO ALMACEN_PRODUCTO(ALMACEN_ID,PRODUCTO_ID,CANTIDAD_ACTUAL,PRECIO_VENTA) VALUES (1,1012,12,24.500000);

INSERT INTO ALMACEN_PRODUCTO(ALMACEN_ID,PRODUCTO_ID,CANTIDAD_ACTUAL,PRECIO_VENTA) VALUES (2,1012,0,0.000000);

INSERT INTO ALMACEN_PRODUCTO(ALMACEN_ID,PRODUCTO_ID,CANTIDAD_ACTUAL,PRECIO_VENTA) VALUES (3,1012,12,23.500000);

INSERT INTO ALMACEN_PRODUCTO(ALMACEN_ID,PRODUCTO_ID,CANTIDAD_ACTUAL,PRECIO_VENTA) VALUES (4,1012,0,0.000000);

INSERT INTO PROVEEDOR_PRODUCTO(PROVEEDOR_ID,PRODUCTO_ID,PRECIO_COMPRA) VALUES(6,1012, 17.600575);

-- ===========PRODUCTO [1013]
INSERT INTO PRODUCTO(ID,MARCA_ID,LINEA_ID,NOMBRE,PRESENTACION,CONTENIDO,UNIDADES_POR_CAJA,COSTO,COSTO_VENTA,PRECIO_BASE,UNIDAD_MEDIDA,CODIGO_BARRAS,ABREBIATURA) VALUES(1013,68,9,'Suavitel Suavizante','Acqua Sin Enjuague',450.0,12.0,0.000000,0.000000,0.000000,'ML','7509546044330','Suavitel Acqua 450ml');

INSERT INTO MOVIMIENTO_HISTORICO_PRODUCTO (ALMACEN_ID,PRODUCTO_ID,FECHA,TIPO_MOVIMIENTO_ID,CANTIDAD,COSTO,PRECIO,USUARIO_ID) VALUES(1,1013,now(),30,12,0.000000,0.000000,'root');
INSERT INTO ALMACEN_PRODUCTO(ALMACEN_ID,PRODUCTO_ID,CANTIDAD_ACTUAL,PRECIO_VENTA) VALUES (1,1013,12,0.000000);

INSERT INTO ALMACEN_PRODUCTO(ALMACEN_ID,PRODUCTO_ID,CANTIDAD_ACTUAL,PRECIO_VENTA) VALUES (2,1013,0,0.000000);

INSERT INTO ALMACEN_PRODUCTO(ALMACEN_ID,PRODUCTO_ID,CANTIDAD_ACTUAL,PRECIO_VENTA) VALUES (3,1013,12,7.500000);

INSERT INTO ALMACEN_PRODUCTO(ALMACEN_ID,PRODUCTO_ID,CANTIDAD_ACTUAL,PRECIO_VENTA) VALUES (4,1013,0,0.000000);

INSERT INTO PROVEEDOR_PRODUCTO(PROVEEDOR_ID,PRODUCTO_ID,PRECIO_COMPRA) VALUES(6,1013, 0.000000);

-- ===========PRODUCTO [1014]
INSERT INTO PRODUCTO(ID,MARCA_ID,LINEA_ID,NOMBRE,PRESENTACION,CONTENIDO,UNIDADES_POR_CAJA,COSTO,COSTO_VENTA,PRECIO_BASE,UNIDAD_MEDIDA,CODIGO_BARRAS,ABREBIATURA) VALUES(1014,69,9,'Axion Detergente Liquido','Limon',900.0,12.0,0.000000,0.000000,0.000000,'ML','7509546052977','Axion Liq Limon 900ml');

INSERT INTO MOVIMIENTO_HISTORICO_PRODUCTO (ALMACEN_ID,PRODUCTO_ID,FECHA,TIPO_MOVIMIENTO_ID,CANTIDAD,COSTO,PRECIO,USUARIO_ID) VALUES(1,1014,now(),30,12,0.000000,0.000000,'root');
INSERT INTO ALMACEN_PRODUCTO(ALMACEN_ID,PRODUCTO_ID,CANTIDAD_ACTUAL,PRECIO_VENTA) VALUES (1,1014,12,0.000000);

INSERT INTO ALMACEN_PRODUCTO(ALMACEN_ID,PRODUCTO_ID,CANTIDAD_ACTUAL,PRECIO_VENTA) VALUES (2,1014,0,0.000000);

INSERT INTO ALMACEN_PRODUCTO(ALMACEN_ID,PRODUCTO_ID,CANTIDAD_ACTUAL,PRECIO_VENTA) VALUES (3,1014,12,18.900000);

INSERT INTO ALMACEN_PRODUCTO(ALMACEN_ID,PRODUCTO_ID,CANTIDAD_ACTUAL,PRECIO_VENTA) VALUES (4,1014,0,0.000000);

INSERT INTO PROVEEDOR_PRODUCTO(PROVEEDOR_ID,PRODUCTO_ID,PRECIO_COMPRA) VALUES(6,1014, 0.000000);

-- ===========PRODUCTO [1016]
INSERT INTO PRODUCTO(ID,MARCA_ID,LINEA_ID,NOMBRE,PRESENTACION,CONTENIDO,UNIDADES_POR_CAJA,COSTO,COSTO_VENTA,PRECIO_BASE,UNIDAD_MEDIDA,CODIGO_BARRAS,ABREBIATURA) VALUES(1016,82,9,'Fabuloso Limpiador','Mar Fresco',2000.0,6.0,0.000000,0.000000,0.000000,'ML','7501035905368','Fabuloso Fresco 2Lto');

INSERT INTO MOVIMIENTO_HISTORICO_PRODUCTO (ALMACEN_ID,PRODUCTO_ID,FECHA,TIPO_MOVIMIENTO_ID,CANTIDAD,COSTO,PRECIO,USUARIO_ID) VALUES(1,1016,now(),30,6,0.000000,0.000000,'root');
INSERT INTO ALMACEN_PRODUCTO(ALMACEN_ID,PRODUCTO_ID,CANTIDAD_ACTUAL,PRECIO_VENTA) VALUES (1,1016,6,0.000000);

INSERT INTO ALMACEN_PRODUCTO(ALMACEN_ID,PRODUCTO_ID,CANTIDAD_ACTUAL,PRECIO_VENTA) VALUES (2,1016,0,0.000000);

INSERT INTO ALMACEN_PRODUCTO(ALMACEN_ID,PRODUCTO_ID,CANTIDAD_ACTUAL,PRECIO_VENTA) VALUES (3,1016,6,21.900000);

INSERT INTO ALMACEN_PRODUCTO(ALMACEN_ID,PRODUCTO_ID,CANTIDAD_ACTUAL,PRECIO_VENTA) VALUES (4,1016,0,0.000000);

INSERT INTO PROVEEDOR_PRODUCTO(PROVEEDOR_ID,PRODUCTO_ID,PRECIO_COMPRA) VALUES(6,1016, 0.000000);

-- ===========PRODUCTO [1017]
INSERT INTO PRODUCTO(ID,MARCA_ID,LINEA_ID,NOMBRE,PRESENTACION,CONTENIDO,UNIDADES_POR_CAJA,COSTO,COSTO_VENTA,PRECIO_BASE,UNIDAD_MEDIDA,CODIGO_BARRAS,ABREBIATURA) VALUES(1017,69,9,'Axion Detergente Liquido','Aloe',400.0,12.0,7.370690,7.370690,10.260000,'ML','7509546038889','Axion Liq Aloe 400m');

INSERT INTO MOVIMIENTO_HISTORICO_PRODUCTO (ALMACEN_ID,PRODUCTO_ID,FECHA,TIPO_MOVIMIENTO_ID,CANTIDAD,COSTO,PRECIO,USUARIO_ID) VALUES(1,1017,now(),30,12,7.370690,10.260000,'root');
INSERT INTO ALMACEN_PRODUCTO(ALMACEN_ID,PRODUCTO_ID,CANTIDAD_ACTUAL,PRECIO_VENTA) VALUES (1,1017,12,10.260000);

INSERT INTO ALMACEN_PRODUCTO(ALMACEN_ID,PRODUCTO_ID,CANTIDAD_ACTUAL,PRECIO_VENTA) VALUES (2,1017,0,0.000000);

INSERT INTO ALMACEN_PRODUCTO(ALMACEN_ID,PRODUCTO_ID,CANTIDAD_ACTUAL,PRECIO_VENTA) VALUES (3,1017,12,10.900000);

INSERT INTO ALMACEN_PRODUCTO(ALMACEN_ID,PRODUCTO_ID,CANTIDAD_ACTUAL,PRECIO_VENTA) VALUES (4,1017,0,0.000000);

INSERT INTO PROVEEDOR_PRODUCTO(PROVEEDOR_ID,PRODUCTO_ID,PRECIO_COMPRA) VALUES(6,1017, 7.370690);

-- ===========PRODUCTO [1018]
INSERT INTO PRODUCTO(ID,MARCA_ID,LINEA_ID,NOMBRE,PRESENTACION,CONTENIDO,UNIDADES_POR_CAJA,COSTO,COSTO_VENTA,PRECIO_BASE,UNIDAD_MEDIDA,CODIGO_BARRAS,ABREBIATURA) VALUES(1018,27,9,'Vel Rosita Shampoo Ropa','Delicada',1.0,12.0,0.000000,0.000000,0.000000,'L','7501035904071','Vel Rosita Delic 1Lto');

INSERT INTO MOVIMIENTO_HISTORICO_PRODUCTO (ALMACEN_ID,PRODUCTO_ID,FECHA,TIPO_MOVIMIENTO_ID,CANTIDAD,COSTO,PRECIO,USUARIO_ID) VALUES(1,1018,now(),30,12,0.000000,0.000000,'root');
INSERT INTO ALMACEN_PRODUCTO(ALMACEN_ID,PRODUCTO_ID,CANTIDAD_ACTUAL,PRECIO_VENTA) VALUES (1,1018,12,0.000000);

INSERT INTO ALMACEN_PRODUCTO(ALMACEN_ID,PRODUCTO_ID,CANTIDAD_ACTUAL,PRECIO_VENTA) VALUES (2,1018,0,0.000000);

INSERT INTO ALMACEN_PRODUCTO(ALMACEN_ID,PRODUCTO_ID,CANTIDAD_ACTUAL,PRECIO_VENTA) VALUES (3,1018,12,0.000000);

INSERT INTO ALMACEN_PRODUCTO(ALMACEN_ID,PRODUCTO_ID,CANTIDAD_ACTUAL,PRECIO_VENTA) VALUES (4,1018,0,0.000000);

INSERT INTO PROVEEDOR_PRODUCTO(PROVEEDOR_ID,PRODUCTO_ID,PRECIO_COMPRA) VALUES(6,1018, 0.000000);

-- ===========PRODUCTO [1019]
INSERT INTO PRODUCTO(ID,MARCA_ID,LINEA_ID,NOMBRE,PRESENTACION,CONTENIDO,UNIDADES_POR_CAJA,COSTO,COSTO_VENTA,PRECIO_BASE,UNIDAD_MEDIDA,CODIGO_BARRAS,ABREBIATURA) VALUES(1019,82,9,'Fabuloso Limpiador','Fresco Amanecer',1.0,12.0,0.000000,0.000000,0.000000,'L','7501035910096','Fabuloso Fco Aman 1Lt');

INSERT INTO MOVIMIENTO_HISTORICO_PRODUCTO (ALMACEN_ID,PRODUCTO_ID,FECHA,TIPO_MOVIMIENTO_ID,CANTIDAD,COSTO,PRECIO,USUARIO_ID) VALUES(1,1019,now(),30,12,0.000000,0.000000,'root');
INSERT INTO ALMACEN_PRODUCTO(ALMACEN_ID,PRODUCTO_ID,CANTIDAD_ACTUAL,PRECIO_VENTA) VALUES (1,1019,12,0.000000);

INSERT INTO ALMACEN_PRODUCTO(ALMACEN_ID,PRODUCTO_ID,CANTIDAD_ACTUAL,PRECIO_VENTA) VALUES (2,1019,0,0.000000);

INSERT INTO ALMACEN_PRODUCTO(ALMACEN_ID,PRODUCTO_ID,CANTIDAD_ACTUAL,PRECIO_VENTA) VALUES (3,1019,12,12.900000);

INSERT INTO ALMACEN_PRODUCTO(ALMACEN_ID,PRODUCTO_ID,CANTIDAD_ACTUAL,PRECIO_VENTA) VALUES (4,1019,0,0.000000);

INSERT INTO PROVEEDOR_PRODUCTO(PROVEEDOR_ID,PRODUCTO_ID,PRECIO_COMPRA) VALUES(6,1019, 0.000000);

-- ===========PRODUCTO [1020]
INSERT INTO PRODUCTO(ID,MARCA_ID,LINEA_ID,NOMBRE,PRESENTACION,CONTENIDO,UNIDADES_POR_CAJA,COSTO,COSTO_VENTA,PRECIO_BASE,UNIDAD_MEDIDA,CODIGO_BARRAS,ABREBIATURA) VALUES(1020,82,9,'Fabuloso Limpiador','Mar Fresco',1.2,12.0,0.000000,0.000000,0.000000,'L','7509546009889','Fabuloso Mar Fco 1.2L');

INSERT INTO MOVIMIENTO_HISTORICO_PRODUCTO (ALMACEN_ID,PRODUCTO_ID,FECHA,TIPO_MOVIMIENTO_ID,CANTIDAD,COSTO,PRECIO,USUARIO_ID) VALUES(1,1020,now(),30,24,0.000000,0.000000,'root');
INSERT INTO ALMACEN_PRODUCTO(ALMACEN_ID,PRODUCTO_ID,CANTIDAD_ACTUAL,PRECIO_VENTA) VALUES (1,1020,24,0.000000);

INSERT INTO ALMACEN_PRODUCTO(ALMACEN_ID,PRODUCTO_ID,CANTIDAD_ACTUAL,PRECIO_VENTA) VALUES (2,1020,0,0.000000);

INSERT INTO ALMACEN_PRODUCTO(ALMACEN_ID,PRODUCTO_ID,CANTIDAD_ACTUAL,PRECIO_VENTA) VALUES (3,1020,24,13.500000);

INSERT INTO ALMACEN_PRODUCTO(ALMACEN_ID,PRODUCTO_ID,CANTIDAD_ACTUAL,PRECIO_VENTA) VALUES (4,1020,0,0.000000);

INSERT INTO PROVEEDOR_PRODUCTO(PROVEEDOR_ID,PRODUCTO_ID,PRECIO_COMPRA) VALUES(6,1020, 0.000000);

-- ===========PRODUCTO [1021]
INSERT INTO PRODUCTO(ID,MARCA_ID,LINEA_ID,NOMBRE,PRESENTACION,CONTENIDO,UNIDADES_POR_CAJA,COSTO,COSTO_VENTA,PRECIO_BASE,UNIDAD_MEDIDA,CODIGO_BARRAS,ABREBIATURA) VALUES(1021,82,9,'Fabuloso Limpiador','Fresca Lavanda',1.2,12.0,0.000000,0.000000,0.000000,'L','7509546009872','Fabuloso Fca Lavnd 1.2L');

INSERT INTO MOVIMIENTO_HISTORICO_PRODUCTO (ALMACEN_ID,PRODUCTO_ID,FECHA,TIPO_MOVIMIENTO_ID,CANTIDAD,COSTO,PRECIO,USUARIO_ID) VALUES(1,1021,now(),30,12,0.000000,0.000000,'root');
INSERT INTO ALMACEN_PRODUCTO(ALMACEN_ID,PRODUCTO_ID,CANTIDAD_ACTUAL,PRECIO_VENTA) VALUES (1,1021,12,0.000000);

INSERT INTO ALMACEN_PRODUCTO(ALMACEN_ID,PRODUCTO_ID,CANTIDAD_ACTUAL,PRECIO_VENTA) VALUES (2,1021,0,0.000000);

INSERT INTO ALMACEN_PRODUCTO(ALMACEN_ID,PRODUCTO_ID,CANTIDAD_ACTUAL,PRECIO_VENTA) VALUES (3,1021,12,13.500000);

INSERT INTO ALMACEN_PRODUCTO(ALMACEN_ID,PRODUCTO_ID,CANTIDAD_ACTUAL,PRECIO_VENTA) VALUES (4,1021,0,0.000000);

INSERT INTO PROVEEDOR_PRODUCTO(PROVEEDOR_ID,PRODUCTO_ID,PRECIO_COMPRA) VALUES(6,1021, 0.000000);

-- ===========PRODUCTO [1022]
INSERT INTO PRODUCTO(ID,MARCA_ID,LINEA_ID,NOMBRE,PRESENTACION,CONTENIDO,UNIDADES_POR_CAJA,COSTO,COSTO_VENTA,PRECIO_BASE,UNIDAD_MEDIDA,CODIGO_BARRAS,ABREBIATURA) VALUES(1022,82,9,'Fabuloso Limpiador','Oxy Pino',828.0,12.0,0.000000,0.000000,0.000000,'ML','7509546032658','Fabuloso Oxy Pino 828');

INSERT INTO MOVIMIENTO_HISTORICO_PRODUCTO (ALMACEN_ID,PRODUCTO_ID,FECHA,TIPO_MOVIMIENTO_ID,CANTIDAD,COSTO,PRECIO,USUARIO_ID) VALUES(1,1022,now(),30,12,0.000000,0.000000,'root');
INSERT INTO ALMACEN_PRODUCTO(ALMACEN_ID,PRODUCTO_ID,CANTIDAD_ACTUAL,PRECIO_VENTA) VALUES (1,1022,12,0.000000);

INSERT INTO ALMACEN_PRODUCTO(ALMACEN_ID,PRODUCTO_ID,CANTIDAD_ACTUAL,PRECIO_VENTA) VALUES (2,1022,0,0.000000);

INSERT INTO ALMACEN_PRODUCTO(ALMACEN_ID,PRODUCTO_ID,CANTIDAD_ACTUAL,PRECIO_VENTA) VALUES (3,1022,12,12.500000);

INSERT INTO ALMACEN_PRODUCTO(ALMACEN_ID,PRODUCTO_ID,CANTIDAD_ACTUAL,PRECIO_VENTA) VALUES (4,1022,0,0.000000);

INSERT INTO PROVEEDOR_PRODUCTO(PROVEEDOR_ID,PRODUCTO_ID,PRECIO_COMPRA) VALUES(6,1022, 0.000000);

-- ===========PRODUCTO [1023]
INSERT INTO PRODUCTO(ID,MARCA_ID,LINEA_ID,NOMBRE,PRESENTACION,CONTENIDO,UNIDADES_POR_CAJA,COSTO,COSTO_VENTA,PRECIO_BASE,UNIDAD_MEDIDA,CODIGO_BARRAS,ABREBIATURA) VALUES(1023,82,9,'Fabuloso Limpiador','Fresca Lavanda',500.0,24.0,0.000000,0.000000,0.000000,'ML','75001162','Fabuloso Lavnda 500m');

INSERT INTO MOVIMIENTO_HISTORICO_PRODUCTO (ALMACEN_ID,PRODUCTO_ID,FECHA,TIPO_MOVIMIENTO_ID,CANTIDAD,COSTO,PRECIO,USUARIO_ID) VALUES(1,1023,now(),30,31,0.000000,0.000000,'root');
INSERT INTO ALMACEN_PRODUCTO(ALMACEN_ID,PRODUCTO_ID,CANTIDAD_ACTUAL,PRECIO_VENTA) VALUES (1,1023,31,0.000000);

INSERT INTO ALMACEN_PRODUCTO(ALMACEN_ID,PRODUCTO_ID,CANTIDAD_ACTUAL,PRECIO_VENTA) VALUES (2,1023,0,0.000000);

INSERT INTO ALMACEN_PRODUCTO(ALMACEN_ID,PRODUCTO_ID,CANTIDAD_ACTUAL,PRECIO_VENTA) VALUES (3,1023,31,6.900000);

INSERT INTO ALMACEN_PRODUCTO(ALMACEN_ID,PRODUCTO_ID,CANTIDAD_ACTUAL,PRECIO_VENTA) VALUES (4,1023,0,0.000000);

INSERT INTO PROVEEDOR_PRODUCTO(PROVEEDOR_ID,PRODUCTO_ID,PRECIO_COMPRA) VALUES(6,1023, 0.000000);

-- ===========PRODUCTO [1024]
INSERT INTO PRODUCTO(ID,MARCA_ID,LINEA_ID,NOMBRE,PRESENTACION,CONTENIDO,UNIDADES_POR_CAJA,COSTO,COSTO_VENTA,PRECIO_BASE,UNIDAD_MEDIDA,CODIGO_BARRAS,ABREBIATURA) VALUES(1024,82,9,'Fabuloso Limpiador','Mar Fresco',500.0,24.0,0.000000,0.000000,0.000000,'ML','75001186','Fabuloso Mr Fco 500m');

INSERT INTO MOVIMIENTO_HISTORICO_PRODUCTO (ALMACEN_ID,PRODUCTO_ID,FECHA,TIPO_MOVIMIENTO_ID,CANTIDAD,COSTO,PRECIO,USUARIO_ID) VALUES(1,1024,now(),30,31,0.000000,0.000000,'root');
INSERT INTO ALMACEN_PRODUCTO(ALMACEN_ID,PRODUCTO_ID,CANTIDAD_ACTUAL,PRECIO_VENTA) VALUES (1,1024,31,0.000000);

INSERT INTO ALMACEN_PRODUCTO(ALMACEN_ID,PRODUCTO_ID,CANTIDAD_ACTUAL,PRECIO_VENTA) VALUES (2,1024,0,0.000000);

INSERT INTO ALMACEN_PRODUCTO(ALMACEN_ID,PRODUCTO_ID,CANTIDAD_ACTUAL,PRECIO_VENTA) VALUES (3,1024,31,6.900000);

INSERT INTO ALMACEN_PRODUCTO(ALMACEN_ID,PRODUCTO_ID,CANTIDAD_ACTUAL,PRECIO_VENTA) VALUES (4,1024,0,0.000000);

INSERT INTO PROVEEDOR_PRODUCTO(PROVEEDOR_ID,PRODUCTO_ID,PRECIO_COMPRA) VALUES(6,1024, 0.000000);

-- ===========PRODUCTO [1025]
INSERT INTO PRODUCTO(ID,MARCA_ID,LINEA_ID,NOMBRE,PRESENTACION,CONTENIDO,UNIDADES_POR_CAJA,COSTO,COSTO_VENTA,PRECIO_BASE,UNIDAD_MEDIDA,CODIGO_BARRAS,ABREBIATURA) VALUES(1025,82,9,'Fabuloso Limpiador','Fresco Amanecer',500.0,24.0,0.000000,0.000000,0.000000,'ML','7501035906464','Fabuloso Amanc 500m');

INSERT INTO MOVIMIENTO_HISTORICO_PRODUCTO (ALMACEN_ID,PRODUCTO_ID,FECHA,TIPO_MOVIMIENTO_ID,CANTIDAD,COSTO,PRECIO,USUARIO_ID) VALUES(1,1025,now(),30,24,0.000000,0.000000,'root');
INSERT INTO ALMACEN_PRODUCTO(ALMACEN_ID,PRODUCTO_ID,CANTIDAD_ACTUAL,PRECIO_VENTA) VALUES (1,1025,24,0.000000);

INSERT INTO ALMACEN_PRODUCTO(ALMACEN_ID,PRODUCTO_ID,CANTIDAD_ACTUAL,PRECIO_VENTA) VALUES (2,1025,0,0.000000);

INSERT INTO ALMACEN_PRODUCTO(ALMACEN_ID,PRODUCTO_ID,CANTIDAD_ACTUAL,PRECIO_VENTA) VALUES (3,1025,24,6.900000);

INSERT INTO ALMACEN_PRODUCTO(ALMACEN_ID,PRODUCTO_ID,CANTIDAD_ACTUAL,PRECIO_VENTA) VALUES (4,1025,0,0.000000);

INSERT INTO PROVEEDOR_PRODUCTO(PROVEEDOR_ID,PRODUCTO_ID,PRECIO_COMPRA) VALUES(6,1025, 0.000000);

-- ===========PRODUCTO [1026]
INSERT INTO PRODUCTO(ID,MARCA_ID,LINEA_ID,NOMBRE,PRESENTACION,CONTENIDO,UNIDADES_POR_CAJA,COSTO,COSTO_VENTA,PRECIO_BASE,UNIDAD_MEDIDA,CODIGO_BARRAS,ABREBIATURA) VALUES(1026,82,9,'Fabuloso Limpiador','Alt Cloro Fresca Primavera',1.0,12.0,0.000000,0.000000,0.000000,'L','7509546051956','Fabuloso Alt Clor 1lto');

INSERT INTO MOVIMIENTO_HISTORICO_PRODUCTO (ALMACEN_ID,PRODUCTO_ID,FECHA,TIPO_MOVIMIENTO_ID,CANTIDAD,COSTO,PRECIO,USUARIO_ID) VALUES(1,1026,now(),30,12,0.000000,0.000000,'root');
INSERT INTO ALMACEN_PRODUCTO(ALMACEN_ID,PRODUCTO_ID,CANTIDAD_ACTUAL,PRECIO_VENTA) VALUES (1,1026,12,0.000000);

INSERT INTO ALMACEN_PRODUCTO(ALMACEN_ID,PRODUCTO_ID,CANTIDAD_ACTUAL,PRECIO_VENTA) VALUES (2,1026,0,0.000000);

INSERT INTO ALMACEN_PRODUCTO(ALMACEN_ID,PRODUCTO_ID,CANTIDAD_ACTUAL,PRECIO_VENTA) VALUES (3,1026,12,12.900000);

INSERT INTO ALMACEN_PRODUCTO(ALMACEN_ID,PRODUCTO_ID,CANTIDAD_ACTUAL,PRECIO_VENTA) VALUES (4,1026,0,0.000000);

INSERT INTO PROVEEDOR_PRODUCTO(PROVEEDOR_ID,PRODUCTO_ID,PRECIO_COMPRA) VALUES(6,1026, 0.000000);

-- ===========PRODUCTO [1027]
INSERT INTO PRODUCTO(ID,MARCA_ID,LINEA_ID,NOMBRE,PRESENTACION,CONTENIDO,UNIDADES_POR_CAJA,COSTO,COSTO_VENTA,PRECIO_BASE,UNIDAD_MEDIDA,CODIGO_BARRAS,ABREBIATURA) VALUES(1027,82,9,'Fabuloso Limpiador','Floral',1.0,12.0,0.000000,0.000000,0.000000,'L','7509546048208','Fabuloso Floral 1lto');

INSERT INTO MOVIMIENTO_HISTORICO_PRODUCTO (ALMACEN_ID,PRODUCTO_ID,FECHA,TIPO_MOVIMIENTO_ID,CANTIDAD,COSTO,PRECIO,USUARIO_ID) VALUES(1,1027,now(),30,12,0.000000,0.000000,'root');
INSERT INTO ALMACEN_PRODUCTO(ALMACEN_ID,PRODUCTO_ID,CANTIDAD_ACTUAL,PRECIO_VENTA) VALUES (1,1027,12,0.000000);

INSERT INTO ALMACEN_PRODUCTO(ALMACEN_ID,PRODUCTO_ID,CANTIDAD_ACTUAL,PRECIO_VENTA) VALUES (2,1027,0,0.000000);

INSERT INTO ALMACEN_PRODUCTO(ALMACEN_ID,PRODUCTO_ID,CANTIDAD_ACTUAL,PRECIO_VENTA) VALUES (3,1027,12,12.900000);

INSERT INTO ALMACEN_PRODUCTO(ALMACEN_ID,PRODUCTO_ID,CANTIDAD_ACTUAL,PRECIO_VENTA) VALUES (4,1027,0,0.000000);

INSERT INTO PROVEEDOR_PRODUCTO(PROVEEDOR_ID,PRODUCTO_ID,PRECIO_COMPRA) VALUES(6,1027, 0.000000);

-- ===========PRODUCTO [1028]
INSERT INTO PRODUCTO(ID,MARCA_ID,LINEA_ID,NOMBRE,PRESENTACION,CONTENIDO,UNIDADES_POR_CAJA,COSTO,COSTO_VENTA,PRECIO_BASE,UNIDAD_MEDIDA,CODIGO_BARRAS,ABREBIATURA) VALUES(1028,82,9,'Fabuloso Limpiador','Energia Naranja',1.0,12.0,0.000000,0.000000,0.000000,'L','7509546008202','Fabuloso Narnj 1lto');

INSERT INTO MOVIMIENTO_HISTORICO_PRODUCTO (ALMACEN_ID,PRODUCTO_ID,FECHA,TIPO_MOVIMIENTO_ID,CANTIDAD,COSTO,PRECIO,USUARIO_ID) VALUES(1,1028,now(),30,12,0.000000,0.000000,'root');
INSERT INTO ALMACEN_PRODUCTO(ALMACEN_ID,PRODUCTO_ID,CANTIDAD_ACTUAL,PRECIO_VENTA) VALUES (1,1028,12,0.000000);

INSERT INTO ALMACEN_PRODUCTO(ALMACEN_ID,PRODUCTO_ID,CANTIDAD_ACTUAL,PRECIO_VENTA) VALUES (2,1028,0,0.000000);

INSERT INTO ALMACEN_PRODUCTO(ALMACEN_ID,PRODUCTO_ID,CANTIDAD_ACTUAL,PRECIO_VENTA) VALUES (3,1028,12,12.900000);

INSERT INTO ALMACEN_PRODUCTO(ALMACEN_ID,PRODUCTO_ID,CANTIDAD_ACTUAL,PRECIO_VENTA) VALUES (4,1028,0,0.000000);

INSERT INTO PROVEEDOR_PRODUCTO(PROVEEDOR_ID,PRODUCTO_ID,PRECIO_COMPRA) VALUES(6,1028, 0.000000);

-- ===========PRODUCTO [1029]
INSERT INTO PRODUCTO(ID,MARCA_ID,LINEA_ID,NOMBRE,PRESENTACION,CONTENIDO,UNIDADES_POR_CAJA,COSTO,COSTO_VENTA,PRECIO_BASE,UNIDAD_MEDIDA,CODIGO_BARRAS,ABREBIATURA) VALUES(1029,82,9,'Fabuloso Limpiador','Pasion de Frutas',1.0,12.0,0.000000,0.000000,0.000000,'L','7509546008295','Fabuloso Pas Frut 1Lto');

INSERT INTO MOVIMIENTO_HISTORICO_PRODUCTO (ALMACEN_ID,PRODUCTO_ID,FECHA,TIPO_MOVIMIENTO_ID,CANTIDAD,COSTO,PRECIO,USUARIO_ID) VALUES(1,1029,now(),30,3,0.000000,0.000000,'root');
INSERT INTO ALMACEN_PRODUCTO(ALMACEN_ID,PRODUCTO_ID,CANTIDAD_ACTUAL,PRECIO_VENTA) VALUES (1,1029,3,0.000000);

INSERT INTO ALMACEN_PRODUCTO(ALMACEN_ID,PRODUCTO_ID,CANTIDAD_ACTUAL,PRECIO_VENTA) VALUES (2,1029,0,0.000000);

INSERT INTO ALMACEN_PRODUCTO(ALMACEN_ID,PRODUCTO_ID,CANTIDAD_ACTUAL,PRECIO_VENTA) VALUES (3,1029,3,12.900000);

INSERT INTO ALMACEN_PRODUCTO(ALMACEN_ID,PRODUCTO_ID,CANTIDAD_ACTUAL,PRECIO_VENTA) VALUES (4,1029,0,0.000000);

INSERT INTO PROVEEDOR_PRODUCTO(PROVEEDOR_ID,PRODUCTO_ID,PRECIO_COMPRA) VALUES(6,1029, 0.000000);

-- ===========PRODUCTO [1030]
INSERT INTO PRODUCTO(ID,MARCA_ID,LINEA_ID,NOMBRE,PRESENTACION,CONTENIDO,UNIDADES_POR_CAJA,COSTO,COSTO_VENTA,PRECIO_BASE,UNIDAD_MEDIDA,CODIGO_BARRAS,ABREBIATURA) VALUES(1030,82,9,'Fabuloso Limpiador','Pasion de Frutas',1.2,12.0,0.000000,0.000000,0.000000,'L','7509546041001','Fabuloso Pas Frut 1.2');

INSERT INTO MOVIMIENTO_HISTORICO_PRODUCTO (ALMACEN_ID,PRODUCTO_ID,FECHA,TIPO_MOVIMIENTO_ID,CANTIDAD,COSTO,PRECIO,USUARIO_ID) VALUES(1,1030,now(),30,9,0.000000,0.000000,'root');
INSERT INTO ALMACEN_PRODUCTO(ALMACEN_ID,PRODUCTO_ID,CANTIDAD_ACTUAL,PRECIO_VENTA) VALUES (1,1030,9,0.000000);

INSERT INTO ALMACEN_PRODUCTO(ALMACEN_ID,PRODUCTO_ID,CANTIDAD_ACTUAL,PRECIO_VENTA) VALUES (2,1030,0,0.000000);

INSERT INTO ALMACEN_PRODUCTO(ALMACEN_ID,PRODUCTO_ID,CANTIDAD_ACTUAL,PRECIO_VENTA) VALUES (3,1030,9,13.500000);

INSERT INTO ALMACEN_PRODUCTO(ALMACEN_ID,PRODUCTO_ID,CANTIDAD_ACTUAL,PRECIO_VENTA) VALUES (4,1030,0,0.000000);

INSERT INTO PROVEEDOR_PRODUCTO(PROVEEDOR_ID,PRODUCTO_ID,PRECIO_COMPRA) VALUES(6,1030, 0.000000);

-- ===========PRODUCTO [1031]
INSERT INTO PRODUCTO(ID,MARCA_ID,LINEA_ID,NOMBRE,PRESENTACION,CONTENIDO,UNIDADES_POR_CAJA,COSTO,COSTO_VENTA,PRECIO_BASE,UNIDAD_MEDIDA,CODIGO_BARRAS,ABREBIATURA) VALUES(1031,86,7,'Johnsons Baby Toallitas Humedas','Skin Care',72.0,12.0,0.000000,0.000000,0.000000,'Pz','7891010047313','Johns Toall Hum 72Pz');

INSERT INTO MOVIMIENTO_HISTORICO_PRODUCTO (ALMACEN_ID,PRODUCTO_ID,FECHA,TIPO_MOVIMIENTO_ID,CANTIDAD,COSTO,PRECIO,USUARIO_ID) VALUES(1,1031,now(),30,24,0.000000,0.000000,'root');
INSERT INTO ALMACEN_PRODUCTO(ALMACEN_ID,PRODUCTO_ID,CANTIDAD_ACTUAL,PRECIO_VENTA) VALUES (1,1031,24,0.000000);

INSERT INTO ALMACEN_PRODUCTO(ALMACEN_ID,PRODUCTO_ID,CANTIDAD_ACTUAL,PRECIO_VENTA) VALUES (2,1031,0,0.000000);

INSERT INTO ALMACEN_PRODUCTO(ALMACEN_ID,PRODUCTO_ID,CANTIDAD_ACTUAL,PRECIO_VENTA) VALUES (3,1031,24,0.000000);

INSERT INTO ALMACEN_PRODUCTO(ALMACEN_ID,PRODUCTO_ID,CANTIDAD_ACTUAL,PRECIO_VENTA) VALUES (4,1031,0,0.000000);

INSERT INTO PROVEEDOR_PRODUCTO(PROVEEDOR_ID,PRODUCTO_ID,PRECIO_COMPRA) VALUES(19,1031, 0.000000);

-- ===========PRODUCTO [1032]
INSERT INTO PRODUCTO(ID,MARCA_ID,LINEA_ID,NOMBRE,PRESENTACION,CONTENIDO,UNIDADES_POR_CAJA,COSTO,COSTO_VENTA,PRECIO_BASE,UNIDAD_MEDIDA,CODIGO_BARRAS,ABREBIATURA) VALUES(1032,11,4,'Brut Aerosol Caballero','Original Fragance',140.0,12.0,0.000000,0.000000,0.000000,'G','7502221183904','Brut Aer Orig Frag 140');

INSERT INTO MOVIMIENTO_HISTORICO_PRODUCTO (ALMACEN_ID,PRODUCTO_ID,FECHA,TIPO_MOVIMIENTO_ID,CANTIDAD,COSTO,PRECIO,USUARIO_ID) VALUES(1,1032,now(),30,5,0.000000,0.000000,'root');
INSERT INTO ALMACEN_PRODUCTO(ALMACEN_ID,PRODUCTO_ID,CANTIDAD_ACTUAL,PRECIO_VENTA) VALUES (1,1032,5,0.000000);

INSERT INTO ALMACEN_PRODUCTO(ALMACEN_ID,PRODUCTO_ID,CANTIDAD_ACTUAL,PRECIO_VENTA) VALUES (2,1032,0,0.000000);

INSERT INTO ALMACEN_PRODUCTO(ALMACEN_ID,PRODUCTO_ID,CANTIDAD_ACTUAL,PRECIO_VENTA) VALUES (3,1032,5,0.000000);

INSERT INTO ALMACEN_PRODUCTO(ALMACEN_ID,PRODUCTO_ID,CANTIDAD_ACTUAL,PRECIO_VENTA) VALUES (4,1032,0,0.000000);

INSERT INTO PROVEEDOR_PRODUCTO(PROVEEDOR_ID,PRODUCTO_ID,PRECIO_COMPRA) VALUES(18,1032, 0.000000);

-- ===========PRODUCTO [1033]
INSERT INTO PRODUCTO(ID,MARCA_ID,LINEA_ID,NOMBRE,PRESENTACION,CONTENIDO,UNIDADES_POR_CAJA,COSTO,COSTO_VENTA,PRECIO_BASE,UNIDAD_MEDIDA,CODIGO_BARRAS,ABREBIATURA) VALUES(1033,2,4,'Adidas Aerosol Caballero','Game Spirit',150.0,12.0,22.212644,22.212644,30.920000,'ML','7501737408761','Adidas Aer Game 150');

INSERT INTO MOVIMIENTO_HISTORICO_PRODUCTO (ALMACEN_ID,PRODUCTO_ID,FECHA,TIPO_MOVIMIENTO_ID,CANTIDAD,COSTO,PRECIO,USUARIO_ID) VALUES(1,1033,now(),30,1,22.212644,30.920000,'root');
INSERT INTO ALMACEN_PRODUCTO(ALMACEN_ID,PRODUCTO_ID,CANTIDAD_ACTUAL,PRECIO_VENTA) VALUES (1,1033,1,30.920000);

INSERT INTO ALMACEN_PRODUCTO(ALMACEN_ID,PRODUCTO_ID,CANTIDAD_ACTUAL,PRECIO_VENTA) VALUES (2,1033,0,0.000000);

INSERT INTO ALMACEN_PRODUCTO(ALMACEN_ID,PRODUCTO_ID,CANTIDAD_ACTUAL,PRECIO_VENTA) VALUES (3,1033,1,29.900000);

INSERT INTO ALMACEN_PRODUCTO(ALMACEN_ID,PRODUCTO_ID,CANTIDAD_ACTUAL,PRECIO_VENTA) VALUES (4,1033,0,0.000000);

INSERT INTO PROVEEDOR_PRODUCTO(PROVEEDOR_ID,PRODUCTO_ID,PRECIO_COMPRA) VALUES(13,1033, 22.212644);

-- ===========PRODUCTO [1034]
INSERT INTO PRODUCTO(ID,MARCA_ID,LINEA_ID,NOMBRE,PRESENTACION,CONTENIDO,UNIDADES_POR_CAJA,COSTO,COSTO_VENTA,PRECIO_BASE,UNIDAD_MEDIDA,CODIGO_BARRAS,ABREBIATURA) VALUES(1034,88,2,'Maxy Gel Brillos','Rosa',250.0,12.0,0.000000,0.000000,0.000000,'G','7501822402933','Maxy Gel Brillos 250');

INSERT INTO MOVIMIENTO_HISTORICO_PRODUCTO (ALMACEN_ID,PRODUCTO_ID,FECHA,TIPO_MOVIMIENTO_ID,CANTIDAD,COSTO,PRECIO,USUARIO_ID) VALUES(1,1034,now(),30,10,0.000000,0.000000,'root');
INSERT INTO ALMACEN_PRODUCTO(ALMACEN_ID,PRODUCTO_ID,CANTIDAD_ACTUAL,PRECIO_VENTA) VALUES (1,1034,10,0.000000);

INSERT INTO ALMACEN_PRODUCTO(ALMACEN_ID,PRODUCTO_ID,CANTIDAD_ACTUAL,PRECIO_VENTA) VALUES (2,1034,0,0.000000);

INSERT INTO ALMACEN_PRODUCTO(ALMACEN_ID,PRODUCTO_ID,CANTIDAD_ACTUAL,PRECIO_VENTA) VALUES (3,1034,10,0.000000);

INSERT INTO ALMACEN_PRODUCTO(ALMACEN_ID,PRODUCTO_ID,CANTIDAD_ACTUAL,PRECIO_VENTA) VALUES (4,1034,0,0.000000);

INSERT INTO PROVEEDOR_PRODUCTO(PROVEEDOR_ID,PRODUCTO_ID,PRECIO_COMPRA) VALUES(8,1034, 0.000000);

-- ===========PRODUCTO [1036]
INSERT INTO PRODUCTO(ID,MARCA_ID,LINEA_ID,NOMBRE,PRESENTACION,CONTENIDO,UNIDADES_POR_CAJA,COSTO,COSTO_VENTA,PRECIO_BASE,UNIDAD_MEDIDA,CODIGO_BARRAS,ABREBIATURA) VALUES(1036,28,10,'Garnier Crema Liquida','Body Clarify',250.0,12.0,0.000000,0.000000,0.000000,'ML','7501839129335','Garnier Body Clarif 250');

INSERT INTO MOVIMIENTO_HISTORICO_PRODUCTO (ALMACEN_ID,PRODUCTO_ID,FECHA,TIPO_MOVIMIENTO_ID,CANTIDAD,COSTO,PRECIO,USUARIO_ID) VALUES(1,1036,now(),30,12,0.000000,0.000000,'root');
INSERT INTO ALMACEN_PRODUCTO(ALMACEN_ID,PRODUCTO_ID,CANTIDAD_ACTUAL,PRECIO_VENTA) VALUES (1,1036,12,0.000000);

INSERT INTO ALMACEN_PRODUCTO(ALMACEN_ID,PRODUCTO_ID,CANTIDAD_ACTUAL,PRECIO_VENTA) VALUES (2,1036,0,0.000000);

INSERT INTO ALMACEN_PRODUCTO(ALMACEN_ID,PRODUCTO_ID,CANTIDAD_ACTUAL,PRECIO_VENTA) VALUES (3,1036,12,0.000000);

INSERT INTO ALMACEN_PRODUCTO(ALMACEN_ID,PRODUCTO_ID,CANTIDAD_ACTUAL,PRECIO_VENTA) VALUES (4,1036,0,0.000000);

INSERT INTO PROVEEDOR_PRODUCTO(PROVEEDOR_ID,PRODUCTO_ID,PRECIO_COMPRA) VALUES(10,1036, 0.000000);

-- ===========PRODUCTO [1037]
INSERT INTO PRODUCTO(ID,MARCA_ID,LINEA_ID,NOMBRE,PRESENTACION,CONTENIDO,UNIDADES_POR_CAJA,COSTO,COSTO_VENTA,PRECIO_BASE,UNIDAD_MEDIDA,CODIGO_BARRAS,ABREBIATURA) VALUES(1037,28,10,'Garnier Desmaquillante Liquido','Agua de Uva',200.0,12.0,0.000000,0.000000,0.000000,'ML','7506078965508','Garni Desm Uva 200ml');

INSERT INTO MOVIMIENTO_HISTORICO_PRODUCTO (ALMACEN_ID,PRODUCTO_ID,FECHA,TIPO_MOVIMIENTO_ID,CANTIDAD,COSTO,PRECIO,USUARIO_ID) VALUES(1,1037,now(),30,10,0.000000,0.000000,'root');
INSERT INTO ALMACEN_PRODUCTO(ALMACEN_ID,PRODUCTO_ID,CANTIDAD_ACTUAL,PRECIO_VENTA) VALUES (1,1037,10,0.000000);

INSERT INTO ALMACEN_PRODUCTO(ALMACEN_ID,PRODUCTO_ID,CANTIDAD_ACTUAL,PRECIO_VENTA) VALUES (2,1037,0,0.000000);

INSERT INTO ALMACEN_PRODUCTO(ALMACEN_ID,PRODUCTO_ID,CANTIDAD_ACTUAL,PRECIO_VENTA) VALUES (3,1037,10,0.000000);

INSERT INTO ALMACEN_PRODUCTO(ALMACEN_ID,PRODUCTO_ID,CANTIDAD_ACTUAL,PRECIO_VENTA) VALUES (4,1037,0,0.000000);

INSERT INTO PROVEEDOR_PRODUCTO(PROVEEDOR_ID,PRODUCTO_ID,PRECIO_COMPRA) VALUES(10,1037, 0.000000);

-- ===========PRODUCTO [1038]
INSERT INTO PRODUCTO(ID,MARCA_ID,LINEA_ID,NOMBRE,PRESENTACION,CONTENIDO,UNIDADES_POR_CAJA,COSTO,COSTO_VENTA,PRECIO_BASE,UNIDAD_MEDIDA,CODIGO_BARRAS,ABREBIATURA) VALUES(1038,89,3,'Dalux Aplicador','Caja',200.0,24.0,0.000000,0.000000,0.000000,'PZ','7501192600953','Dalux Aplic Caja 200Pz');

INSERT INTO MOVIMIENTO_HISTORICO_PRODUCTO (ALMACEN_ID,PRODUCTO_ID,FECHA,TIPO_MOVIMIENTO_ID,CANTIDAD,COSTO,PRECIO,USUARIO_ID) VALUES(1,1038,now(),30,48,0.000000,0.000000,'root');
INSERT INTO ALMACEN_PRODUCTO(ALMACEN_ID,PRODUCTO_ID,CANTIDAD_ACTUAL,PRECIO_VENTA) VALUES (1,1038,48,0.000000);

INSERT INTO ALMACEN_PRODUCTO(ALMACEN_ID,PRODUCTO_ID,CANTIDAD_ACTUAL,PRECIO_VENTA) VALUES (2,1038,0,0.000000);

INSERT INTO ALMACEN_PRODUCTO(ALMACEN_ID,PRODUCTO_ID,CANTIDAD_ACTUAL,PRECIO_VENTA) VALUES (3,1038,48,0.000000);

INSERT INTO ALMACEN_PRODUCTO(ALMACEN_ID,PRODUCTO_ID,CANTIDAD_ACTUAL,PRECIO_VENTA) VALUES (4,1038,0,0.000000);

INSERT INTO PROVEEDOR_PRODUCTO(PROVEEDOR_ID,PRODUCTO_ID,PRECIO_COMPRA) VALUES(9,1038, 0.000000);

-- ===========PRODUCTO [1039]
INSERT INTO PRODUCTO(ID,MARCA_ID,LINEA_ID,NOMBRE,PRESENTACION,CONTENIDO,UNIDADES_POR_CAJA,COSTO,COSTO_VENTA,PRECIO_BASE,UNIDAD_MEDIDA,CODIGO_BARRAS,ABREBIATURA) VALUES(1039,90,7,'Fresh Care Toallitas Beb','Extra Suaves',80.0,24.0,0.000000,0.000000,0.000000,'PZ','7501192600908','Fresh Care Toall 80pz');

INSERT INTO MOVIMIENTO_HISTORICO_PRODUCTO (ALMACEN_ID,PRODUCTO_ID,FECHA,TIPO_MOVIMIENTO_ID,CANTIDAD,COSTO,PRECIO,USUARIO_ID) VALUES(1,1039,now(),30,24,0.000000,0.000000,'root');
INSERT INTO ALMACEN_PRODUCTO(ALMACEN_ID,PRODUCTO_ID,CANTIDAD_ACTUAL,PRECIO_VENTA) VALUES (1,1039,24,0.000000);

INSERT INTO ALMACEN_PRODUCTO(ALMACEN_ID,PRODUCTO_ID,CANTIDAD_ACTUAL,PRECIO_VENTA) VALUES (2,1039,0,0.000000);

INSERT INTO ALMACEN_PRODUCTO(ALMACEN_ID,PRODUCTO_ID,CANTIDAD_ACTUAL,PRECIO_VENTA) VALUES (3,1039,24,0.000000);

INSERT INTO ALMACEN_PRODUCTO(ALMACEN_ID,PRODUCTO_ID,CANTIDAD_ACTUAL,PRECIO_VENTA) VALUES (4,1039,0,0.000000);

INSERT INTO PROVEEDOR_PRODUCTO(PROVEEDOR_ID,PRODUCTO_ID,PRECIO_COMPRA) VALUES(9,1039, 0.000000);

-- ===========PRODUCTO [1040]
INSERT INTO PRODUCTO(ID,MARCA_ID,LINEA_ID,NOMBRE,PRESENTACION,CONTENIDO,UNIDADES_POR_CAJA,COSTO,COSTO_VENTA,PRECIO_BASE,UNIDAD_MEDIDA,CODIGO_BARRAS,ABREBIATURA) VALUES(1040,89,3,'Dalux Toallitas Desmaquillantes','Manzanilla',25.0,24.0,0.000000,0.000000,0.000000,'pz','7501192601806','Dalux Toall Manz 25P');

INSERT INTO MOVIMIENTO_HISTORICO_PRODUCTO (ALMACEN_ID,PRODUCTO_ID,FECHA,TIPO_MOVIMIENTO_ID,CANTIDAD,COSTO,PRECIO,USUARIO_ID) VALUES(1,1040,now(),30,24,0.000000,0.000000,'root');
INSERT INTO ALMACEN_PRODUCTO(ALMACEN_ID,PRODUCTO_ID,CANTIDAD_ACTUAL,PRECIO_VENTA) VALUES (1,1040,24,0.000000);

INSERT INTO ALMACEN_PRODUCTO(ALMACEN_ID,PRODUCTO_ID,CANTIDAD_ACTUAL,PRECIO_VENTA) VALUES (2,1040,0,0.000000);

INSERT INTO ALMACEN_PRODUCTO(ALMACEN_ID,PRODUCTO_ID,CANTIDAD_ACTUAL,PRECIO_VENTA) VALUES (3,1040,24,0.000000);

INSERT INTO ALMACEN_PRODUCTO(ALMACEN_ID,PRODUCTO_ID,CANTIDAD_ACTUAL,PRECIO_VENTA) VALUES (4,1040,0,0.000000);

INSERT INTO PROVEEDOR_PRODUCTO(PROVEEDOR_ID,PRODUCTO_ID,PRECIO_COMPRA) VALUES(9,1040, 0.000000);

-- ===========PRODUCTO [1041]
INSERT INTO PRODUCTO(ID,MARCA_ID,LINEA_ID,NOMBRE,PRESENTACION,CONTENIDO,UNIDADES_POR_CAJA,COSTO,COSTO_VENTA,PRECIO_BASE,UNIDAD_MEDIDA,CODIGO_BARRAS,ABREBIATURA) VALUES(1041,91,3,'Cometa Almohadilla Facial','Redonda',100.0,48.0,0.000000,0.000000,0.000000,'G','7501192601394','Cometa Almoh 100g');

INSERT INTO MOVIMIENTO_HISTORICO_PRODUCTO (ALMACEN_ID,PRODUCTO_ID,FECHA,TIPO_MOVIMIENTO_ID,CANTIDAD,COSTO,PRECIO,USUARIO_ID) VALUES(1,1041,now(),30,48,0.000000,0.000000,'root');
INSERT INTO ALMACEN_PRODUCTO(ALMACEN_ID,PRODUCTO_ID,CANTIDAD_ACTUAL,PRECIO_VENTA) VALUES (1,1041,48,0.000000);

INSERT INTO ALMACEN_PRODUCTO(ALMACEN_ID,PRODUCTO_ID,CANTIDAD_ACTUAL,PRECIO_VENTA) VALUES (2,1041,0,0.000000);

INSERT INTO ALMACEN_PRODUCTO(ALMACEN_ID,PRODUCTO_ID,CANTIDAD_ACTUAL,PRECIO_VENTA) VALUES (3,1041,48,0.000000);

INSERT INTO ALMACEN_PRODUCTO(ALMACEN_ID,PRODUCTO_ID,CANTIDAD_ACTUAL,PRECIO_VENTA) VALUES (4,1041,0,0.000000);

INSERT INTO PROVEEDOR_PRODUCTO(PROVEEDOR_ID,PRODUCTO_ID,PRECIO_COMPRA) VALUES(9,1041, 0.000000);

-- ===========PRODUCTO [1042]
INSERT INTO PRODUCTO(ID,MARCA_ID,LINEA_ID,NOMBRE,PRESENTACION,CONTENIDO,UNIDADES_POR_CAJA,COSTO,COSTO_VENTA,PRECIO_BASE,UNIDAD_MEDIDA,CODIGO_BARRAS,ABREBIATURA) VALUES(1042,89,3,'Dalux Aplicador','Ziploc',525.0,24.0,0.000000,0.000000,0.000000,'PZ','7501192601233','Dalux Aplic Zip 525Pz');

INSERT INTO MOVIMIENTO_HISTORICO_PRODUCTO (ALMACEN_ID,PRODUCTO_ID,FECHA,TIPO_MOVIMIENTO_ID,CANTIDAD,COSTO,PRECIO,USUARIO_ID) VALUES(1,1042,now(),30,10,0.000000,0.000000,'root');
INSERT INTO ALMACEN_PRODUCTO(ALMACEN_ID,PRODUCTO_ID,CANTIDAD_ACTUAL,PRECIO_VENTA) VALUES (1,1042,10,0.000000);

INSERT INTO ALMACEN_PRODUCTO(ALMACEN_ID,PRODUCTO_ID,CANTIDAD_ACTUAL,PRECIO_VENTA) VALUES (2,1042,0,0.000000);

INSERT INTO ALMACEN_PRODUCTO(ALMACEN_ID,PRODUCTO_ID,CANTIDAD_ACTUAL,PRECIO_VENTA) VALUES (3,1042,10,0.000000);

INSERT INTO ALMACEN_PRODUCTO(ALMACEN_ID,PRODUCTO_ID,CANTIDAD_ACTUAL,PRECIO_VENTA) VALUES (4,1042,0,0.000000);

INSERT INTO PROVEEDOR_PRODUCTO(PROVEEDOR_ID,PRODUCTO_ID,PRECIO_COMPRA) VALUES(9,1042, 0.000000);

-- ===========PRODUCTO [1043]
INSERT INTO PRODUCTO(ID,MARCA_ID,LINEA_ID,NOMBRE,PRESENTACION,CONTENIDO,UNIDADES_POR_CAJA,COSTO,COSTO_VENTA,PRECIO_BASE,UNIDAD_MEDIDA,CODIGO_BARRAS,ABREBIATURA) VALUES(1043,89,3,'Dalux Almohadilla Facial','Redonda',100.0,48.0,0.000000,0.000000,0.000000,'G','7501192600366','Dalux Almoh 100g');

INSERT INTO MOVIMIENTO_HISTORICO_PRODUCTO (ALMACEN_ID,PRODUCTO_ID,FECHA,TIPO_MOVIMIENTO_ID,CANTIDAD,COSTO,PRECIO,USUARIO_ID) VALUES(1,1043,now(),30,25,0.000000,0.000000,'root');
INSERT INTO ALMACEN_PRODUCTO(ALMACEN_ID,PRODUCTO_ID,CANTIDAD_ACTUAL,PRECIO_VENTA) VALUES (1,1043,25,0.000000);

INSERT INTO ALMACEN_PRODUCTO(ALMACEN_ID,PRODUCTO_ID,CANTIDAD_ACTUAL,PRECIO_VENTA) VALUES (2,1043,0,0.000000);

INSERT INTO ALMACEN_PRODUCTO(ALMACEN_ID,PRODUCTO_ID,CANTIDAD_ACTUAL,PRECIO_VENTA) VALUES (3,1043,25,0.000000);

INSERT INTO ALMACEN_PRODUCTO(ALMACEN_ID,PRODUCTO_ID,CANTIDAD_ACTUAL,PRECIO_VENTA) VALUES (4,1043,0,0.000000);

INSERT INTO PROVEEDOR_PRODUCTO(PROVEEDOR_ID,PRODUCTO_ID,PRECIO_COMPRA) VALUES(9,1043, 0.000000);

-- ===========PRODUCTO [1044]
INSERT INTO PRODUCTO(ID,MARCA_ID,LINEA_ID,NOMBRE,PRESENTACION,CONTENIDO,UNIDADES_POR_CAJA,COSTO,COSTO_VENTA,PRECIO_BASE,UNIDAD_MEDIDA,CODIGO_BARRAS,ABREBIATURA) VALUES(1044,21,14,'Elvive Loreal','Anticaspa Normal a Graso',400.0,12.0,0.000000,0.000000,0.000000,'ML','7506078932869','Elviv Sh N/Graso 400m');

INSERT INTO MOVIMIENTO_HISTORICO_PRODUCTO (ALMACEN_ID,PRODUCTO_ID,FECHA,TIPO_MOVIMIENTO_ID,CANTIDAD,COSTO,PRECIO,USUARIO_ID) VALUES(1,1044,now(),30,11,0.000000,0.000000,'root');
INSERT INTO ALMACEN_PRODUCTO(ALMACEN_ID,PRODUCTO_ID,CANTIDAD_ACTUAL,PRECIO_VENTA) VALUES (1,1044,11,0.000000);

INSERT INTO ALMACEN_PRODUCTO(ALMACEN_ID,PRODUCTO_ID,CANTIDAD_ACTUAL,PRECIO_VENTA) VALUES (2,1044,0,0.000000);

INSERT INTO ALMACEN_PRODUCTO(ALMACEN_ID,PRODUCTO_ID,CANTIDAD_ACTUAL,PRECIO_VENTA) VALUES (3,1044,11,0.000000);

INSERT INTO ALMACEN_PRODUCTO(ALMACEN_ID,PRODUCTO_ID,CANTIDAD_ACTUAL,PRECIO_VENTA) VALUES (4,1044,0,0.000000);

INSERT INTO PROVEEDOR_PRODUCTO(PROVEEDOR_ID,PRODUCTO_ID,PRECIO_COMPRA) VALUES(13,1044, 0.000000);

-- ===========PRODUCTO [1045]
INSERT INTO PRODUCTO(ID,MARCA_ID,LINEA_ID,NOMBRE,PRESENTACION,CONTENIDO,UNIDADES_POR_CAJA,COSTO,COSTO_VENTA,PRECIO_BASE,UNIDAD_MEDIDA,CODIGO_BARRAS,ABREBIATURA) VALUES(1045,21,14,'Elvive Loreal','Volume Control',400.0,12.0,0.000000,0.000000,0.000000,'ML','7506078927995','Elviv Sh Volumen 400');

INSERT INTO MOVIMIENTO_HISTORICO_PRODUCTO (ALMACEN_ID,PRODUCTO_ID,FECHA,TIPO_MOVIMIENTO_ID,CANTIDAD,COSTO,PRECIO,USUARIO_ID) VALUES(1,1045,now(),30,9,0.000000,0.000000,'root');
INSERT INTO ALMACEN_PRODUCTO(ALMACEN_ID,PRODUCTO_ID,CANTIDAD_ACTUAL,PRECIO_VENTA) VALUES (1,1045,9,0.000000);

INSERT INTO ALMACEN_PRODUCTO(ALMACEN_ID,PRODUCTO_ID,CANTIDAD_ACTUAL,PRECIO_VENTA) VALUES (2,1045,0,0.000000);

INSERT INTO ALMACEN_PRODUCTO(ALMACEN_ID,PRODUCTO_ID,CANTIDAD_ACTUAL,PRECIO_VENTA) VALUES (3,1045,9,0.000000);

INSERT INTO ALMACEN_PRODUCTO(ALMACEN_ID,PRODUCTO_ID,CANTIDAD_ACTUAL,PRECIO_VENTA) VALUES (4,1045,0,0.000000);

INSERT INTO PROVEEDOR_PRODUCTO(PROVEEDOR_ID,PRODUCTO_ID,PRECIO_COMPRA) VALUES(13,1045, 0.000000);

-- ===========PRODUCTO [1046]
INSERT INTO PRODUCTO(ID,MARCA_ID,LINEA_ID,NOMBRE,PRESENTACION,CONTENIDO,UNIDADES_POR_CAJA,COSTO,COSTO_VENTA,PRECIO_BASE,UNIDAD_MEDIDA,CODIGO_BARRAS,ABREBIATURA) VALUES(1046,21,14,'Elvive Loreal','Anticaspa Graso',400.0,12.0,0.000000,0.000000,0.000000,'ML','7506078911420','Elvive Sh Ant/Gso 400');

INSERT INTO MOVIMIENTO_HISTORICO_PRODUCTO (ALMACEN_ID,PRODUCTO_ID,FECHA,TIPO_MOVIMIENTO_ID,CANTIDAD,COSTO,PRECIO,USUARIO_ID) VALUES(1,1046,now(),30,13,0.000000,0.000000,'root');
INSERT INTO ALMACEN_PRODUCTO(ALMACEN_ID,PRODUCTO_ID,CANTIDAD_ACTUAL,PRECIO_VENTA) VALUES (1,1046,13,0.000000);

INSERT INTO ALMACEN_PRODUCTO(ALMACEN_ID,PRODUCTO_ID,CANTIDAD_ACTUAL,PRECIO_VENTA) VALUES (2,1046,0,0.000000);

INSERT INTO ALMACEN_PRODUCTO(ALMACEN_ID,PRODUCTO_ID,CANTIDAD_ACTUAL,PRECIO_VENTA) VALUES (3,1046,13,0.000000);

INSERT INTO ALMACEN_PRODUCTO(ALMACEN_ID,PRODUCTO_ID,CANTIDAD_ACTUAL,PRECIO_VENTA) VALUES (4,1046,0,0.000000);

INSERT INTO PROVEEDOR_PRODUCTO(PROVEEDOR_ID,PRODUCTO_ID,PRECIO_COMPRA) VALUES(13,1046, 0.000000);

-- ===========PRODUCTO [1047]
INSERT INTO PRODUCTO(ID,MARCA_ID,LINEA_ID,NOMBRE,PRESENTACION,CONTENIDO,UNIDADES_POR_CAJA,COSTO,COSTO_VENTA,PRECIO_BASE,UNIDAD_MEDIDA,CODIGO_BARRAS,ABREBIATURA) VALUES(1047,21,14,'Elvive Loreal','Color Vive',400.0,12.0,0.000000,0.000000,0.000000,'ML','7506078926912','Elviv Sh Color Viv 400');

INSERT INTO MOVIMIENTO_HISTORICO_PRODUCTO (ALMACEN_ID,PRODUCTO_ID,FECHA,TIPO_MOVIMIENTO_ID,CANTIDAD,COSTO,PRECIO,USUARIO_ID) VALUES(1,1047,now(),30,12,0.000000,0.000000,'root');
INSERT INTO ALMACEN_PRODUCTO(ALMACEN_ID,PRODUCTO_ID,CANTIDAD_ACTUAL,PRECIO_VENTA) VALUES (1,1047,12,0.000000);

INSERT INTO ALMACEN_PRODUCTO(ALMACEN_ID,PRODUCTO_ID,CANTIDAD_ACTUAL,PRECIO_VENTA) VALUES (2,1047,0,0.000000);

INSERT INTO ALMACEN_PRODUCTO(ALMACEN_ID,PRODUCTO_ID,CANTIDAD_ACTUAL,PRECIO_VENTA) VALUES (3,1047,12,0.000000);

INSERT INTO ALMACEN_PRODUCTO(ALMACEN_ID,PRODUCTO_ID,CANTIDAD_ACTUAL,PRECIO_VENTA) VALUES (4,1047,0,0.000000);

INSERT INTO PROVEEDOR_PRODUCTO(PROVEEDOR_ID,PRODUCTO_ID,PRECIO_COMPRA) VALUES(13,1047, 0.000000);

-- ===========PRODUCTO [1048]
INSERT INTO PRODUCTO(ID,MARCA_ID,LINEA_ID,NOMBRE,PRESENTACION,CONTENIDO,UNIDADES_POR_CAJA,COSTO,COSTO_VENTA,PRECIO_BASE,UNIDAD_MEDIDA,CODIGO_BARRAS,ABREBIATURA) VALUES(1048,21,14,'Elvive Loreal','Renutricion',400.0,12.0,0.000000,0.000000,0.000000,'ML','7506078934603','Elviv Sh Renutric 400m');

INSERT INTO MOVIMIENTO_HISTORICO_PRODUCTO (ALMACEN_ID,PRODUCTO_ID,FECHA,TIPO_MOVIMIENTO_ID,CANTIDAD,COSTO,PRECIO,USUARIO_ID) VALUES(1,1048,now(),30,4,0.000000,0.000000,'root');
INSERT INTO ALMACEN_PRODUCTO(ALMACEN_ID,PRODUCTO_ID,CANTIDAD_ACTUAL,PRECIO_VENTA) VALUES (1,1048,4,0.000000);

INSERT INTO ALMACEN_PRODUCTO(ALMACEN_ID,PRODUCTO_ID,CANTIDAD_ACTUAL,PRECIO_VENTA) VALUES (2,1048,0,0.000000);

INSERT INTO ALMACEN_PRODUCTO(ALMACEN_ID,PRODUCTO_ID,CANTIDAD_ACTUAL,PRECIO_VENTA) VALUES (3,1048,4,0.000000);

INSERT INTO ALMACEN_PRODUCTO(ALMACEN_ID,PRODUCTO_ID,CANTIDAD_ACTUAL,PRECIO_VENTA) VALUES (4,1048,0,0.000000);

INSERT INTO PROVEEDOR_PRODUCTO(PROVEEDOR_ID,PRODUCTO_ID,PRECIO_COMPRA) VALUES(13,1048, 0.000000);

-- ===========PRODUCTO [1049]
INSERT INTO PRODUCTO(ID,MARCA_ID,LINEA_ID,NOMBRE,PRESENTACION,CONTENIDO,UNIDADES_POR_CAJA,COSTO,COSTO_VENTA,PRECIO_BASE,UNIDAD_MEDIDA,CODIGO_BARRAS,ABREBIATURA) VALUES(1049,21,14,'Elvive Paq Sh 750ml + Trat 350g + Spray 150ml','Rizos Hidratados colageno',3.0,6.0,0.000000,0.000000,0.000000,'PZ','7506078997233','Elviv Pck Rizos Colg 3pz');

INSERT INTO MOVIMIENTO_HISTORICO_PRODUCTO (ALMACEN_ID,PRODUCTO_ID,FECHA,TIPO_MOVIMIENTO_ID,CANTIDAD,COSTO,PRECIO,USUARIO_ID) VALUES(1,1049,now(),30,6,0.000000,0.000000,'root');
INSERT INTO ALMACEN_PRODUCTO(ALMACEN_ID,PRODUCTO_ID,CANTIDAD_ACTUAL,PRECIO_VENTA) VALUES (1,1049,6,0.000000);

INSERT INTO ALMACEN_PRODUCTO(ALMACEN_ID,PRODUCTO_ID,CANTIDAD_ACTUAL,PRECIO_VENTA) VALUES (2,1049,0,0.000000);

INSERT INTO ALMACEN_PRODUCTO(ALMACEN_ID,PRODUCTO_ID,CANTIDAD_ACTUAL,PRECIO_VENTA) VALUES (3,1049,6,0.000000);

INSERT INTO ALMACEN_PRODUCTO(ALMACEN_ID,PRODUCTO_ID,CANTIDAD_ACTUAL,PRECIO_VENTA) VALUES (4,1049,0,0.000000);

INSERT INTO PROVEEDOR_PRODUCTO(PROVEEDOR_ID,PRODUCTO_ID,PRECIO_COMPRA) VALUES(13,1049, 0.000000);

-- ===========PRODUCTO [1050]
INSERT INTO PRODUCTO(ID,MARCA_ID,LINEA_ID,NOMBRE,PRESENTACION,CONTENIDO,UNIDADES_POR_CAJA,COSTO,COSTO_VENTA,PRECIO_BASE,UNIDAD_MEDIDA,CODIGO_BARRAS,ABREBIATURA) VALUES(1050,46,4,'Dove Aerosol Dama','Fresh Touch',169.0,12.0,0.000000,0.000000,0.000000,'ML','7791293008134','Dove Aer Frsh Tch 169');

INSERT INTO MOVIMIENTO_HISTORICO_PRODUCTO (ALMACEN_ID,PRODUCTO_ID,FECHA,TIPO_MOVIMIENTO_ID,CANTIDAD,COSTO,PRECIO,USUARIO_ID) VALUES(1,1050,now(),30,12,0.000000,0.000000,'root');
INSERT INTO ALMACEN_PRODUCTO(ALMACEN_ID,PRODUCTO_ID,CANTIDAD_ACTUAL,PRECIO_VENTA) VALUES (1,1050,12,0.000000);

INSERT INTO ALMACEN_PRODUCTO(ALMACEN_ID,PRODUCTO_ID,CANTIDAD_ACTUAL,PRECIO_VENTA) VALUES (2,1050,0,0.000000);

INSERT INTO ALMACEN_PRODUCTO(ALMACEN_ID,PRODUCTO_ID,CANTIDAD_ACTUAL,PRECIO_VENTA) VALUES (3,1050,12,0.000000);

INSERT INTO ALMACEN_PRODUCTO(ALMACEN_ID,PRODUCTO_ID,CANTIDAD_ACTUAL,PRECIO_VENTA) VALUES (4,1050,0,0.000000);

INSERT INTO PROVEEDOR_PRODUCTO(PROVEEDOR_ID,PRODUCTO_ID,PRECIO_COMPRA) VALUES(19,1050, 0.000000);

-- ===========PRODUCTO [1051]
INSERT INTO PRODUCTO(ID,MARCA_ID,LINEA_ID,NOMBRE,PRESENTACION,CONTENIDO,UNIDADES_POR_CAJA,COSTO,COSTO_VENTA,PRECIO_BASE,UNIDAD_MEDIDA,CODIGO_BARRAS,ABREBIATURA) VALUES(1051,46,4,'Dove Aerosol Dama','Dermo Aclarant',169.0,12.0,0.000000,0.000000,0.000000,'ML','7791293998619','Dove Aer Derm Acl 169');

INSERT INTO MOVIMIENTO_HISTORICO_PRODUCTO (ALMACEN_ID,PRODUCTO_ID,FECHA,TIPO_MOVIMIENTO_ID,CANTIDAD,COSTO,PRECIO,USUARIO_ID) VALUES(1,1051,now(),30,13,0.000000,0.000000,'root');
INSERT INTO ALMACEN_PRODUCTO(ALMACEN_ID,PRODUCTO_ID,CANTIDAD_ACTUAL,PRECIO_VENTA) VALUES (1,1051,13,0.000000);

INSERT INTO ALMACEN_PRODUCTO(ALMACEN_ID,PRODUCTO_ID,CANTIDAD_ACTUAL,PRECIO_VENTA) VALUES (2,1051,0,0.000000);

INSERT INTO ALMACEN_PRODUCTO(ALMACEN_ID,PRODUCTO_ID,CANTIDAD_ACTUAL,PRECIO_VENTA) VALUES (3,1051,13,0.000000);

INSERT INTO ALMACEN_PRODUCTO(ALMACEN_ID,PRODUCTO_ID,CANTIDAD_ACTUAL,PRECIO_VENTA) VALUES (4,1051,0,0.000000);

INSERT INTO PROVEEDOR_PRODUCTO(PROVEEDOR_ID,PRODUCTO_ID,PRECIO_COMPRA) VALUES(19,1051, 0.000000);

-- ===========PRODUCTO [1052]
INSERT INTO PRODUCTO(ID,MARCA_ID,LINEA_ID,NOMBRE,PRESENTACION,CONTENIDO,UNIDADES_POR_CAJA,COSTO,COSTO_VENTA,PRECIO_BASE,UNIDAD_MEDIDA,CODIGO_BARRAS,ABREBIATURA) VALUES(1052,19,4,'Rexona Aerosol Dama','Bamboo',175.0,12.0,0.000000,0.000000,0.000000,'ML','7791293884592','Rexon Aer Bamboo 175');

INSERT INTO MOVIMIENTO_HISTORICO_PRODUCTO (ALMACEN_ID,PRODUCTO_ID,FECHA,TIPO_MOVIMIENTO_ID,CANTIDAD,COSTO,PRECIO,USUARIO_ID) VALUES(1,1052,now(),30,14,0.000000,0.000000,'root');
INSERT INTO ALMACEN_PRODUCTO(ALMACEN_ID,PRODUCTO_ID,CANTIDAD_ACTUAL,PRECIO_VENTA) VALUES (1,1052,14,0.000000);

INSERT INTO ALMACEN_PRODUCTO(ALMACEN_ID,PRODUCTO_ID,CANTIDAD_ACTUAL,PRECIO_VENTA) VALUES (2,1052,0,0.000000);

INSERT INTO ALMACEN_PRODUCTO(ALMACEN_ID,PRODUCTO_ID,CANTIDAD_ACTUAL,PRECIO_VENTA) VALUES (3,1052,14,0.000000);

INSERT INTO ALMACEN_PRODUCTO(ALMACEN_ID,PRODUCTO_ID,CANTIDAD_ACTUAL,PRECIO_VENTA) VALUES (4,1052,0,0.000000);

INSERT INTO PROVEEDOR_PRODUCTO(PROVEEDOR_ID,PRODUCTO_ID,PRECIO_COMPRA) VALUES(19,1052, 0.000000);

-- ===========PRODUCTO [1053]
INSERT INTO PRODUCTO(ID,MARCA_ID,LINEA_ID,NOMBRE,PRESENTACION,CONTENIDO,UNIDADES_POR_CAJA,COSTO,COSTO_VENTA,PRECIO_BASE,UNIDAD_MEDIDA,CODIGO_BARRAS,ABREBIATURA) VALUES(1053,19,4,'Rexona Aerosol Dama','Organics',175.0,12.0,0.000000,0.000000,0.000000,'ML','7791293005348','Rexon Aer Organ 175ml');

INSERT INTO MOVIMIENTO_HISTORICO_PRODUCTO (ALMACEN_ID,PRODUCTO_ID,FECHA,TIPO_MOVIMIENTO_ID,CANTIDAD,COSTO,PRECIO,USUARIO_ID) VALUES(1,1053,now(),30,5,0.000000,0.000000,'root');
INSERT INTO ALMACEN_PRODUCTO(ALMACEN_ID,PRODUCTO_ID,CANTIDAD_ACTUAL,PRECIO_VENTA) VALUES (1,1053,5,0.000000);

INSERT INTO ALMACEN_PRODUCTO(ALMACEN_ID,PRODUCTO_ID,CANTIDAD_ACTUAL,PRECIO_VENTA) VALUES (2,1053,0,0.000000);

INSERT INTO ALMACEN_PRODUCTO(ALMACEN_ID,PRODUCTO_ID,CANTIDAD_ACTUAL,PRECIO_VENTA) VALUES (3,1053,5,0.000000);

INSERT INTO ALMACEN_PRODUCTO(ALMACEN_ID,PRODUCTO_ID,CANTIDAD_ACTUAL,PRECIO_VENTA) VALUES (4,1053,0,0.000000);

INSERT INTO PROVEEDOR_PRODUCTO(PROVEEDOR_ID,PRODUCTO_ID,PRECIO_COMPRA) VALUES(19,1053, 0.000000);

-- ===========PRODUCTO [1054]
INSERT INTO PRODUCTO(ID,MARCA_ID,LINEA_ID,NOMBRE,PRESENTACION,CONTENIDO,UNIDADES_POR_CAJA,COSTO,COSTO_VENTA,PRECIO_BASE,UNIDAD_MEDIDA,CODIGO_BARRAS,ABREBIATURA) VALUES(1054,19,4,'Rexona Aerosol Caballero','Tuning V8',175.0,12.0,26.939655,26.939655,37.500000,'ML','7791293990637','Rexon Aer Tun v8 175m');

INSERT INTO MOVIMIENTO_HISTORICO_PRODUCTO (ALMACEN_ID,PRODUCTO_ID,FECHA,TIPO_MOVIMIENTO_ID,CANTIDAD,COSTO,PRECIO,USUARIO_ID) VALUES(1,1054,now(),30,12,26.939655,37.500000,'root');
INSERT INTO ALMACEN_PRODUCTO(ALMACEN_ID,PRODUCTO_ID,CANTIDAD_ACTUAL,PRECIO_VENTA) VALUES (1,1054,12,37.500000);

INSERT INTO ALMACEN_PRODUCTO(ALMACEN_ID,PRODUCTO_ID,CANTIDAD_ACTUAL,PRECIO_VENTA) VALUES (2,1054,0,0.000000);

INSERT INTO ALMACEN_PRODUCTO(ALMACEN_ID,PRODUCTO_ID,CANTIDAD_ACTUAL,PRECIO_VENTA) VALUES (3,1054,12,37.900000);

INSERT INTO ALMACEN_PRODUCTO(ALMACEN_ID,PRODUCTO_ID,CANTIDAD_ACTUAL,PRECIO_VENTA) VALUES (4,1054,0,0.000000);

INSERT INTO PROVEEDOR_PRODUCTO(PROVEEDOR_ID,PRODUCTO_ID,PRECIO_COMPRA) VALUES(19,1054, 26.939655);

-- ===========PRODUCTO [1055]
INSERT INTO PRODUCTO(ID,MARCA_ID,LINEA_ID,NOMBRE,PRESENTACION,CONTENIDO,UNIDADES_POR_CAJA,COSTO,COSTO_VENTA,PRECIO_BASE,UNIDAD_MEDIDA,CODIGO_BARRAS,ABREBIATURA) VALUES(1055,19,4,'Rexona Aerosol Caballero','Active',175.0,12.0,26.939655,26.939655,37.500000,'ML','7791293990569','Rexon Aer Activ 175ml');

INSERT INTO MOVIMIENTO_HISTORICO_PRODUCTO (ALMACEN_ID,PRODUCTO_ID,FECHA,TIPO_MOVIMIENTO_ID,CANTIDAD,COSTO,PRECIO,USUARIO_ID) VALUES(1,1055,now(),30,12,26.939655,37.500000,'root');
INSERT INTO ALMACEN_PRODUCTO(ALMACEN_ID,PRODUCTO_ID,CANTIDAD_ACTUAL,PRECIO_VENTA) VALUES (1,1055,12,37.500000);

INSERT INTO ALMACEN_PRODUCTO(ALMACEN_ID,PRODUCTO_ID,CANTIDAD_ACTUAL,PRECIO_VENTA) VALUES (2,1055,0,0.000000);

INSERT INTO ALMACEN_PRODUCTO(ALMACEN_ID,PRODUCTO_ID,CANTIDAD_ACTUAL,PRECIO_VENTA) VALUES (3,1055,12,37.900000);

INSERT INTO ALMACEN_PRODUCTO(ALMACEN_ID,PRODUCTO_ID,CANTIDAD_ACTUAL,PRECIO_VENTA) VALUES (4,1055,0,0.000000);

INSERT INTO PROVEEDOR_PRODUCTO(PROVEEDOR_ID,PRODUCTO_ID,PRECIO_COMPRA) VALUES(19,1055, 26.939655);

-- ===========PRODUCTO [1056]
INSERT INTO PRODUCTO(ID,MARCA_ID,LINEA_ID,NOMBRE,PRESENTACION,CONTENIDO,UNIDADES_POR_CAJA,COSTO,COSTO_VENTA,PRECIO_BASE,UNIDAD_MEDIDA,CODIGO_BARRAS,ABREBIATURA) VALUES(1056,19,4,'Rexona Aerosol Caballero','Extreme',175.0,12.0,26.939655,26.939655,37.500000,'ML','7791293990583','Rexon Aer Extrem 175m');

INSERT INTO MOVIMIENTO_HISTORICO_PRODUCTO (ALMACEN_ID,PRODUCTO_ID,FECHA,TIPO_MOVIMIENTO_ID,CANTIDAD,COSTO,PRECIO,USUARIO_ID) VALUES(1,1056,now(),30,12,26.939655,37.500000,'root');
INSERT INTO ALMACEN_PRODUCTO(ALMACEN_ID,PRODUCTO_ID,CANTIDAD_ACTUAL,PRECIO_VENTA) VALUES (1,1056,12,37.500000);

INSERT INTO ALMACEN_PRODUCTO(ALMACEN_ID,PRODUCTO_ID,CANTIDAD_ACTUAL,PRECIO_VENTA) VALUES (2,1056,0,0.000000);

INSERT INTO ALMACEN_PRODUCTO(ALMACEN_ID,PRODUCTO_ID,CANTIDAD_ACTUAL,PRECIO_VENTA) VALUES (3,1056,12,37.900000);

INSERT INTO ALMACEN_PRODUCTO(ALMACEN_ID,PRODUCTO_ID,CANTIDAD_ACTUAL,PRECIO_VENTA) VALUES (4,1056,0,0.000000);

INSERT INTO PROVEEDOR_PRODUCTO(PROVEEDOR_ID,PRODUCTO_ID,PRECIO_COMPRA) VALUES(19,1056, 26.939655);

-- ===========PRODUCTO [1057]
INSERT INTO PRODUCTO(ID,MARCA_ID,LINEA_ID,NOMBRE,PRESENTACION,CONTENIDO,UNIDADES_POR_CAJA,COSTO,COSTO_VENTA,PRECIO_BASE,UNIDAD_MEDIDA,CODIGO_BARRAS,ABREBIATURA) VALUES(1057,42,4,'English Leather Aerosol','Clasico',250.0,12.0,0.000000,0.000000,0.000000,'ML','7501956509133','Eng Leat Aer Clas 250m');

INSERT INTO MOVIMIENTO_HISTORICO_PRODUCTO (ALMACEN_ID,PRODUCTO_ID,FECHA,TIPO_MOVIMIENTO_ID,CANTIDAD,COSTO,PRECIO,USUARIO_ID) VALUES(1,1057,now(),30,5,0.000000,0.000000,'root');
INSERT INTO ALMACEN_PRODUCTO(ALMACEN_ID,PRODUCTO_ID,CANTIDAD_ACTUAL,PRECIO_VENTA) VALUES (1,1057,5,0.000000);

INSERT INTO ALMACEN_PRODUCTO(ALMACEN_ID,PRODUCTO_ID,CANTIDAD_ACTUAL,PRECIO_VENTA) VALUES (2,1057,0,0.000000);

INSERT INTO ALMACEN_PRODUCTO(ALMACEN_ID,PRODUCTO_ID,CANTIDAD_ACTUAL,PRECIO_VENTA) VALUES (3,1057,5,0.000000);

INSERT INTO ALMACEN_PRODUCTO(ALMACEN_ID,PRODUCTO_ID,CANTIDAD_ACTUAL,PRECIO_VENTA) VALUES (4,1057,0,0.000000);

INSERT INTO PROVEEDOR_PRODUCTO(PROVEEDOR_ID,PRODUCTO_ID,PRECIO_COMPRA) VALUES(13,1057, 0.000000);

-- ===========PRODUCTO [1058]
INSERT INTO PRODUCTO(ID,MARCA_ID,LINEA_ID,NOMBRE,PRESENTACION,CONTENIDO,UNIDADES_POR_CAJA,COSTO,COSTO_VENTA,PRECIO_BASE,UNIDAD_MEDIDA,CODIGO_BARRAS,ABREBIATURA) VALUES(1058,14,2,'Fructis Crema Peinar','Hidra Liso',300.0,12.0,0.000000,0.000000,0.000000,'ML','7501839108903','Fructis Pein Liso 300m');

INSERT INTO MOVIMIENTO_HISTORICO_PRODUCTO (ALMACEN_ID,PRODUCTO_ID,FECHA,TIPO_MOVIMIENTO_ID,CANTIDAD,COSTO,PRECIO,USUARIO_ID) VALUES(1,1058,now(),30,2,0.000000,0.000000,'root');
INSERT INTO ALMACEN_PRODUCTO(ALMACEN_ID,PRODUCTO_ID,CANTIDAD_ACTUAL,PRECIO_VENTA) VALUES (1,1058,2,0.000000);

INSERT INTO ALMACEN_PRODUCTO(ALMACEN_ID,PRODUCTO_ID,CANTIDAD_ACTUAL,PRECIO_VENTA) VALUES (2,1058,0,0.000000);

INSERT INTO ALMACEN_PRODUCTO(ALMACEN_ID,PRODUCTO_ID,CANTIDAD_ACTUAL,PRECIO_VENTA) VALUES (3,1058,2,0.000000);

INSERT INTO ALMACEN_PRODUCTO(ALMACEN_ID,PRODUCTO_ID,CANTIDAD_ACTUAL,PRECIO_VENTA) VALUES (4,1058,0,0.000000);

INSERT INTO PROVEEDOR_PRODUCTO(PROVEEDOR_ID,PRODUCTO_ID,PRECIO_COMPRA) VALUES(13,1058, 0.000000);

-- ===========PRODUCTO [1059]
INSERT INTO PRODUCTO(ID,MARCA_ID,LINEA_ID,NOMBRE,PRESENTACION,CONTENIDO,UNIDADES_POR_CAJA,COSTO,COSTO_VENTA,PRECIO_BASE,UNIDAD_MEDIDA,CODIGO_BARRAS,ABREBIATURA) VALUES(1059,46,4,'Dove Stick Dama','Original',50.0,12.0,0.000000,0.000000,0.000000,'G','75027513','Dove Stk Original 50g');

INSERT INTO MOVIMIENTO_HISTORICO_PRODUCTO (ALMACEN_ID,PRODUCTO_ID,FECHA,TIPO_MOVIMIENTO_ID,CANTIDAD,COSTO,PRECIO,USUARIO_ID) VALUES(1,1059,now(),30,4,0.000000,0.000000,'root');
INSERT INTO ALMACEN_PRODUCTO(ALMACEN_ID,PRODUCTO_ID,CANTIDAD_ACTUAL,PRECIO_VENTA) VALUES (1,1059,4,0.000000);

INSERT INTO ALMACEN_PRODUCTO(ALMACEN_ID,PRODUCTO_ID,CANTIDAD_ACTUAL,PRECIO_VENTA) VALUES (2,1059,0,0.000000);

INSERT INTO ALMACEN_PRODUCTO(ALMACEN_ID,PRODUCTO_ID,CANTIDAD_ACTUAL,PRECIO_VENTA) VALUES (3,1059,4,0.000000);

INSERT INTO ALMACEN_PRODUCTO(ALMACEN_ID,PRODUCTO_ID,CANTIDAD_ACTUAL,PRECIO_VENTA) VALUES (4,1059,0,0.000000);

INSERT INTO PROVEEDOR_PRODUCTO(PROVEEDOR_ID,PRODUCTO_ID,PRECIO_COMPRA) VALUES(17,1059, 0.000000);

-- ===========PRODUCTO [1060]
INSERT INTO PRODUCTO(ID,MARCA_ID,LINEA_ID,NOMBRE,PRESENTACION,CONTENIDO,UNIDADES_POR_CAJA,COSTO,COSTO_VENTA,PRECIO_BASE,UNIDAD_MEDIDA,CODIGO_BARRAS,ABREBIATURA) VALUES(1060,78,2,'Fija Max','Extremo',1000.0,6.0,0.000000,0.000000,0.000000,'G','7501822402216','Fija Max Gel Ext 1000g');

INSERT INTO MOVIMIENTO_HISTORICO_PRODUCTO (ALMACEN_ID,PRODUCTO_ID,FECHA,TIPO_MOVIMIENTO_ID,CANTIDAD,COSTO,PRECIO,USUARIO_ID) VALUES(1,1060,now(),30,12,0.000000,0.000000,'root');
INSERT INTO ALMACEN_PRODUCTO(ALMACEN_ID,PRODUCTO_ID,CANTIDAD_ACTUAL,PRECIO_VENTA) VALUES (1,1060,12,0.000000);

INSERT INTO ALMACEN_PRODUCTO(ALMACEN_ID,PRODUCTO_ID,CANTIDAD_ACTUAL,PRECIO_VENTA) VALUES (2,1060,0,0.000000);

INSERT INTO ALMACEN_PRODUCTO(ALMACEN_ID,PRODUCTO_ID,CANTIDAD_ACTUAL,PRECIO_VENTA) VALUES (3,1060,12,0.000000);

INSERT INTO ALMACEN_PRODUCTO(ALMACEN_ID,PRODUCTO_ID,CANTIDAD_ACTUAL,PRECIO_VENTA) VALUES (4,1060,0,0.000000);

INSERT INTO PROVEEDOR_PRODUCTO(PROVEEDOR_ID,PRODUCTO_ID,PRECIO_COMPRA) VALUES(8,1060, 0.000000);

-- ===========PRODUCTO [1061]
INSERT INTO PRODUCTO(ID,MARCA_ID,LINEA_ID,NOMBRE,PRESENTACION,CONTENIDO,UNIDADES_POR_CAJA,COSTO,COSTO_VENTA,PRECIO_BASE,UNIDAD_MEDIDA,CODIGO_BARRAS,ABREBIATURA) VALUES(1061,91,3,'Cometa Aplicador','Bolsa',1000.0,30.0,0.000000,0.000000,0.000000,'PZ','7501192601240','Comet Aplic bols 1000');

INSERT INTO MOVIMIENTO_HISTORICO_PRODUCTO (ALMACEN_ID,PRODUCTO_ID,FECHA,TIPO_MOVIMIENTO_ID,CANTIDAD,COSTO,PRECIO,USUARIO_ID) VALUES(1,1061,now(),30,21,0.000000,0.000000,'root');
INSERT INTO ALMACEN_PRODUCTO(ALMACEN_ID,PRODUCTO_ID,CANTIDAD_ACTUAL,PRECIO_VENTA) VALUES (1,1061,21,0.000000);

INSERT INTO ALMACEN_PRODUCTO(ALMACEN_ID,PRODUCTO_ID,CANTIDAD_ACTUAL,PRECIO_VENTA) VALUES (2,1061,0,0.000000);

INSERT INTO ALMACEN_PRODUCTO(ALMACEN_ID,PRODUCTO_ID,CANTIDAD_ACTUAL,PRECIO_VENTA) VALUES (3,1061,21,0.000000);

INSERT INTO ALMACEN_PRODUCTO(ALMACEN_ID,PRODUCTO_ID,CANTIDAD_ACTUAL,PRECIO_VENTA) VALUES (4,1061,0,0.000000);

INSERT INTO PROVEEDOR_PRODUCTO(PROVEEDOR_ID,PRODUCTO_ID,PRECIO_COMPRA) VALUES(9,1061, 0.000000);

-- ===========PRODUCTO [1062]
INSERT INTO PRODUCTO(ID,MARCA_ID,LINEA_ID,NOMBRE,PRESENTACION,CONTENIDO,UNIDADES_POR_CAJA,COSTO,COSTO_VENTA,PRECIO_BASE,UNIDAD_MEDIDA,CODIGO_BARRAS,ABREBIATURA) VALUES(1062,89,3,'Dalux Algodn','Plisado y Recortado',50.0,100.0,0.000000,0.000000,0.000000,'G','7501192600298','Dalux Algod 50g');

INSERT INTO MOVIMIENTO_HISTORICO_PRODUCTO (ALMACEN_ID,PRODUCTO_ID,FECHA,TIPO_MOVIMIENTO_ID,CANTIDAD,COSTO,PRECIO,USUARIO_ID) VALUES(1,1062,now(),30,36,0.000000,0.000000,'root');
INSERT INTO ALMACEN_PRODUCTO(ALMACEN_ID,PRODUCTO_ID,CANTIDAD_ACTUAL,PRECIO_VENTA) VALUES (1,1062,36,0.000000);

INSERT INTO ALMACEN_PRODUCTO(ALMACEN_ID,PRODUCTO_ID,CANTIDAD_ACTUAL,PRECIO_VENTA) VALUES (2,1062,0,0.000000);

INSERT INTO ALMACEN_PRODUCTO(ALMACEN_ID,PRODUCTO_ID,CANTIDAD_ACTUAL,PRECIO_VENTA) VALUES (3,1062,36,0.000000);

INSERT INTO ALMACEN_PRODUCTO(ALMACEN_ID,PRODUCTO_ID,CANTIDAD_ACTUAL,PRECIO_VENTA) VALUES (4,1062,0,0.000000);

INSERT INTO PROVEEDOR_PRODUCTO(PROVEEDOR_ID,PRODUCTO_ID,PRECIO_COMPRA) VALUES(9,1062, 0.000000);

-- ===========PRODUCTO [1063]
INSERT INTO PRODUCTO(ID,MARCA_ID,LINEA_ID,NOMBRE,PRESENTACION,CONTENIDO,UNIDADES_POR_CAJA,COSTO,COSTO_VENTA,PRECIO_BASE,UNIDAD_MEDIDA,CODIGO_BARRAS,ABREBIATURA) VALUES(1063,17,10,'Palmolive Hydra Natura','Manos Perfectas',100.0,24.0,0.000000,0.000000,0.000000,'G','7509546019567','Palmol Mans Perf 100');

INSERT INTO MOVIMIENTO_HISTORICO_PRODUCTO (ALMACEN_ID,PRODUCTO_ID,FECHA,TIPO_MOVIMIENTO_ID,CANTIDAD,COSTO,PRECIO,USUARIO_ID) VALUES(1,1063,now(),30,24,0.000000,0.000000,'root');
INSERT INTO ALMACEN_PRODUCTO(ALMACEN_ID,PRODUCTO_ID,CANTIDAD_ACTUAL,PRECIO_VENTA) VALUES (1,1063,24,0.000000);

INSERT INTO ALMACEN_PRODUCTO(ALMACEN_ID,PRODUCTO_ID,CANTIDAD_ACTUAL,PRECIO_VENTA) VALUES (2,1063,0,0.000000);

INSERT INTO ALMACEN_PRODUCTO(ALMACEN_ID,PRODUCTO_ID,CANTIDAD_ACTUAL,PRECIO_VENTA) VALUES (3,1063,24,0.000000);

INSERT INTO ALMACEN_PRODUCTO(ALMACEN_ID,PRODUCTO_ID,CANTIDAD_ACTUAL,PRECIO_VENTA) VALUES (4,1063,0,0.000000);

INSERT INTO PROVEEDOR_PRODUCTO(PROVEEDOR_ID,PRODUCTO_ID,PRECIO_COMPRA) VALUES(6,1063, 0.000000);

-- ===========PRODUCTO [1064]
INSERT INTO PRODUCTO(ID,MARCA_ID,LINEA_ID,NOMBRE,PRESENTACION,CONTENIDO,UNIDADES_POR_CAJA,COSTO,COSTO_VENTA,PRECIO_BASE,UNIDAD_MEDIDA,CODIGO_BARRAS,ABREBIATURA) VALUES(1064,17,15,'Palmolive Naturals','Suavidad Radiante',50.0,150.0,0.000000,0.000000,0.000000,'G','7509546048284','Palmol Jab Radiant 50');

INSERT INTO MOVIMIENTO_HISTORICO_PRODUCTO (ALMACEN_ID,PRODUCTO_ID,FECHA,TIPO_MOVIMIENTO_ID,CANTIDAD,COSTO,PRECIO,USUARIO_ID) VALUES(1,1064,now(),30,140,0.000000,0.000000,'root');
INSERT INTO ALMACEN_PRODUCTO(ALMACEN_ID,PRODUCTO_ID,CANTIDAD_ACTUAL,PRECIO_VENTA) VALUES (1,1064,140,0.000000);

INSERT INTO ALMACEN_PRODUCTO(ALMACEN_ID,PRODUCTO_ID,CANTIDAD_ACTUAL,PRECIO_VENTA) VALUES (2,1064,0,0.000000);

INSERT INTO ALMACEN_PRODUCTO(ALMACEN_ID,PRODUCTO_ID,CANTIDAD_ACTUAL,PRECIO_VENTA) VALUES (3,1064,140,0.000000);

INSERT INTO ALMACEN_PRODUCTO(ALMACEN_ID,PRODUCTO_ID,CANTIDAD_ACTUAL,PRECIO_VENTA) VALUES (4,1064,0,0.000000);

INSERT INTO PROVEEDOR_PRODUCTO(PROVEEDOR_ID,PRODUCTO_ID,PRECIO_COMPRA) VALUES(6,1064, 0.000000);

-- ===========PRODUCTO [1065]
INSERT INTO PRODUCTO(ID,MARCA_ID,LINEA_ID,NOMBRE,PRESENTACION,CONTENIDO,UNIDADES_POR_CAJA,COSTO,COSTO_VENTA,PRECIO_BASE,UNIDAD_MEDIDA,CODIGO_BARRAS,ABREBIATURA) VALUES(1065,17,15,'Palmolive Naturals','Suavidad Radiante',110.0,96.0,0.000000,0.000000,0.000000,'G','7509546052342','Palmol Jab Radian 100');

INSERT INTO MOVIMIENTO_HISTORICO_PRODUCTO (ALMACEN_ID,PRODUCTO_ID,FECHA,TIPO_MOVIMIENTO_ID,CANTIDAD,COSTO,PRECIO,USUARIO_ID) VALUES(1,1065,now(),30,96,0.000000,0.000000,'root');
INSERT INTO ALMACEN_PRODUCTO(ALMACEN_ID,PRODUCTO_ID,CANTIDAD_ACTUAL,PRECIO_VENTA) VALUES (1,1065,96,0.000000);

INSERT INTO ALMACEN_PRODUCTO(ALMACEN_ID,PRODUCTO_ID,CANTIDAD_ACTUAL,PRECIO_VENTA) VALUES (2,1065,0,0.000000);

INSERT INTO ALMACEN_PRODUCTO(ALMACEN_ID,PRODUCTO_ID,CANTIDAD_ACTUAL,PRECIO_VENTA) VALUES (3,1065,96,0.000000);

INSERT INTO ALMACEN_PRODUCTO(ALMACEN_ID,PRODUCTO_ID,CANTIDAD_ACTUAL,PRECIO_VENTA) VALUES (4,1065,0,0.000000);

INSERT INTO PROVEEDOR_PRODUCTO(PROVEEDOR_ID,PRODUCTO_ID,PRECIO_COMPRA) VALUES(6,1065, 0.000000);

-- ===========PRODUCTO [1066]
INSERT INTO PRODUCTO(ID,MARCA_ID,LINEA_ID,NOMBRE,PRESENTACION,CONTENIDO,UNIDADES_POR_CAJA,COSTO,COSTO_VENTA,PRECIO_BASE,UNIDAD_MEDIDA,CODIGO_BARRAS,ABREBIATURA) VALUES(1066,17,15,'Palmolive Naturals','Balanceado y Suave',180.0,72.0,0.000000,0.000000,0.000000,'G','7509546032252','Palmol Jab Balanc 180');

INSERT INTO MOVIMIENTO_HISTORICO_PRODUCTO (ALMACEN_ID,PRODUCTO_ID,FECHA,TIPO_MOVIMIENTO_ID,CANTIDAD,COSTO,PRECIO,USUARIO_ID) VALUES(1,1066,now(),30,72,0.000000,0.000000,'root');
INSERT INTO ALMACEN_PRODUCTO(ALMACEN_ID,PRODUCTO_ID,CANTIDAD_ACTUAL,PRECIO_VENTA) VALUES (1,1066,72,0.000000);

INSERT INTO ALMACEN_PRODUCTO(ALMACEN_ID,PRODUCTO_ID,CANTIDAD_ACTUAL,PRECIO_VENTA) VALUES (2,1066,0,0.000000);

INSERT INTO ALMACEN_PRODUCTO(ALMACEN_ID,PRODUCTO_ID,CANTIDAD_ACTUAL,PRECIO_VENTA) VALUES (3,1066,72,0.000000);

INSERT INTO ALMACEN_PRODUCTO(ALMACEN_ID,PRODUCTO_ID,CANTIDAD_ACTUAL,PRECIO_VENTA) VALUES (4,1066,0,0.000000);

INSERT INTO PROVEEDOR_PRODUCTO(PROVEEDOR_ID,PRODUCTO_ID,PRECIO_COMPRA) VALUES(6,1066, 0.000000);

-- ===========PRODUCTO [1067]
INSERT INTO PRODUCTO(ID,MARCA_ID,LINEA_ID,NOMBRE,PRESENTACION,CONTENIDO,UNIDADES_POR_CAJA,COSTO,COSTO_VENTA,PRECIO_BASE,UNIDAD_MEDIDA,CODIGO_BARRAS,ABREBIATURA) VALUES(1067,32,15,'Protex Jabon Solido','Fresh',180.0,72.0,0.000000,0.000000,0.000000,'G','7509546044972','Protx Jab Fresh 180g');

INSERT INTO MOVIMIENTO_HISTORICO_PRODUCTO (ALMACEN_ID,PRODUCTO_ID,FECHA,TIPO_MOVIMIENTO_ID,CANTIDAD,COSTO,PRECIO,USUARIO_ID) VALUES(1,1067,now(),30,72,0.000000,0.000000,'root');
INSERT INTO ALMACEN_PRODUCTO(ALMACEN_ID,PRODUCTO_ID,CANTIDAD_ACTUAL,PRECIO_VENTA) VALUES (1,1067,72,0.000000);

INSERT INTO ALMACEN_PRODUCTO(ALMACEN_ID,PRODUCTO_ID,CANTIDAD_ACTUAL,PRECIO_VENTA) VALUES (2,1067,0,0.000000);

INSERT INTO ALMACEN_PRODUCTO(ALMACEN_ID,PRODUCTO_ID,CANTIDAD_ACTUAL,PRECIO_VENTA) VALUES (3,1067,72,0.000000);

INSERT INTO ALMACEN_PRODUCTO(ALMACEN_ID,PRODUCTO_ID,CANTIDAD_ACTUAL,PRECIO_VENTA) VALUES (4,1067,0,0.000000);

INSERT INTO PROVEEDOR_PRODUCTO(PROVEEDOR_ID,PRODUCTO_ID,PRECIO_COMPRA) VALUES(6,1067, 0.000000);

-- ===========PRODUCTO [1068]
INSERT INTO PRODUCTO(ID,MARCA_ID,LINEA_ID,NOMBRE,PRESENTACION,CONTENIDO,UNIDADES_POR_CAJA,COSTO,COSTO_VENTA,PRECIO_BASE,UNIDAD_MEDIDA,CODIGO_BARRAS,ABREBIATURA) VALUES(1068,23,12,'SoftSoap Crema Liquida','Heavenly Vanilla',443.0,6.0,0.000000,0.000000,0.000000,'ML','7509546056487','SoftSo Jab Vainilla 443');

INSERT INTO MOVIMIENTO_HISTORICO_PRODUCTO (ALMACEN_ID,PRODUCTO_ID,FECHA,TIPO_MOVIMIENTO_ID,CANTIDAD,COSTO,PRECIO,USUARIO_ID) VALUES(1,1068,now(),30,12,0.000000,0.000000,'root');
INSERT INTO ALMACEN_PRODUCTO(ALMACEN_ID,PRODUCTO_ID,CANTIDAD_ACTUAL,PRECIO_VENTA) VALUES (1,1068,12,0.000000);

INSERT INTO ALMACEN_PRODUCTO(ALMACEN_ID,PRODUCTO_ID,CANTIDAD_ACTUAL,PRECIO_VENTA) VALUES (2,1068,0,0.000000);

INSERT INTO ALMACEN_PRODUCTO(ALMACEN_ID,PRODUCTO_ID,CANTIDAD_ACTUAL,PRECIO_VENTA) VALUES (3,1068,12,0.000000);

INSERT INTO ALMACEN_PRODUCTO(ALMACEN_ID,PRODUCTO_ID,CANTIDAD_ACTUAL,PRECIO_VENTA) VALUES (4,1068,0,0.000000);

INSERT INTO PROVEEDOR_PRODUCTO(PROVEEDOR_ID,PRODUCTO_ID,PRECIO_COMPRA) VALUES(6,1068, 0.000000);

-- ===========PRODUCTO [1069]
INSERT INTO PRODUCTO(ID,MARCA_ID,LINEA_ID,NOMBRE,PRESENTACION,CONTENIDO,UNIDADES_POR_CAJA,COSTO,COSTO_VENTA,PRECIO_BASE,UNIDAD_MEDIDA,CODIGO_BARRAS,ABREBIATURA) VALUES(1069,92,6,'Fresh Go Talco Braner','Pies',200.0,12.0,0.000000,0.000000,0.000000,'G','7506038316029','Fresh Go Talc Pies 200');

INSERT INTO MOVIMIENTO_HISTORICO_PRODUCTO (ALMACEN_ID,PRODUCTO_ID,FECHA,TIPO_MOVIMIENTO_ID,CANTIDAD,COSTO,PRECIO,USUARIO_ID) VALUES(1,1069,now(),30,12,0.000000,0.000000,'root');
INSERT INTO ALMACEN_PRODUCTO(ALMACEN_ID,PRODUCTO_ID,CANTIDAD_ACTUAL,PRECIO_VENTA) VALUES (1,1069,12,0.000000);

INSERT INTO ALMACEN_PRODUCTO(ALMACEN_ID,PRODUCTO_ID,CANTIDAD_ACTUAL,PRECIO_VENTA) VALUES (2,1069,0,0.000000);

INSERT INTO ALMACEN_PRODUCTO(ALMACEN_ID,PRODUCTO_ID,CANTIDAD_ACTUAL,PRECIO_VENTA) VALUES (3,1069,12,0.000000);

INSERT INTO ALMACEN_PRODUCTO(ALMACEN_ID,PRODUCTO_ID,CANTIDAD_ACTUAL,PRECIO_VENTA) VALUES (4,1069,0,0.000000);

INSERT INTO PROVEEDOR_PRODUCTO(PROVEEDOR_ID,PRODUCTO_ID,PRECIO_COMPRA) VALUES(17,1069, 0.000000);

-- ===========PRODUCTO [1070]
INSERT INTO PRODUCTO(ID,MARCA_ID,LINEA_ID,NOMBRE,PRESENTACION,CONTENIDO,UNIDADES_POR_CAJA,COSTO,COSTO_VENTA,PRECIO_BASE,UNIDAD_MEDIDA,CODIGO_BARRAS,ABREBIATURA) VALUES(1070,93,2,'Xtrim Fixx Gel Fijador','Control Maximo',500.0,12.0,0.000000,0.000000,0.000000,'G','7501438326579','Xtrim Gel 500g');

INSERT INTO MOVIMIENTO_HISTORICO_PRODUCTO (ALMACEN_ID,PRODUCTO_ID,FECHA,TIPO_MOVIMIENTO_ID,CANTIDAD,COSTO,PRECIO,USUARIO_ID) VALUES(1,1070,now(),30,15,0.000000,0.000000,'root');
INSERT INTO ALMACEN_PRODUCTO(ALMACEN_ID,PRODUCTO_ID,CANTIDAD_ACTUAL,PRECIO_VENTA) VALUES (1,1070,15,0.000000);

INSERT INTO ALMACEN_PRODUCTO(ALMACEN_ID,PRODUCTO_ID,CANTIDAD_ACTUAL,PRECIO_VENTA) VALUES (2,1070,0,0.000000);

INSERT INTO ALMACEN_PRODUCTO(ALMACEN_ID,PRODUCTO_ID,CANTIDAD_ACTUAL,PRECIO_VENTA) VALUES (3,1070,15,0.000000);

INSERT INTO ALMACEN_PRODUCTO(ALMACEN_ID,PRODUCTO_ID,CANTIDAD_ACTUAL,PRECIO_VENTA) VALUES (4,1070,0,0.000000);

INSERT INTO PROVEEDOR_PRODUCTO(PROVEEDOR_ID,PRODUCTO_ID,PRECIO_COMPRA) VALUES(22,1070, 0.000000);

-- ===========PRODUCTO [1071]
INSERT INTO PRODUCTO(ID,MARCA_ID,LINEA_ID,NOMBRE,PRESENTACION,CONTENIDO,UNIDADES_POR_CAJA,COSTO,COSTO_VENTA,PRECIO_BASE,UNIDAD_MEDIDA,CODIGO_BARRAS,ABREBIATURA) VALUES(1071,60,15,'Bustillos Jabon','Concha Nacar',100.0,24.0,0.000000,0.000000,0.000000,'G','7501185730193','Bustill Jab C Nacar 100');

INSERT INTO MOVIMIENTO_HISTORICO_PRODUCTO (ALMACEN_ID,PRODUCTO_ID,FECHA,TIPO_MOVIMIENTO_ID,CANTIDAD,COSTO,PRECIO,USUARIO_ID) VALUES(1,1071,now(),30,1,0.000000,0.000000,'root');
INSERT INTO ALMACEN_PRODUCTO(ALMACEN_ID,PRODUCTO_ID,CANTIDAD_ACTUAL,PRECIO_VENTA) VALUES (1,1071,1,0.000000);

INSERT INTO ALMACEN_PRODUCTO(ALMACEN_ID,PRODUCTO_ID,CANTIDAD_ACTUAL,PRECIO_VENTA) VALUES (2,1071,0,0.000000);

INSERT INTO ALMACEN_PRODUCTO(ALMACEN_ID,PRODUCTO_ID,CANTIDAD_ACTUAL,PRECIO_VENTA) VALUES (3,1071,1,0.000000);

INSERT INTO ALMACEN_PRODUCTO(ALMACEN_ID,PRODUCTO_ID,CANTIDAD_ACTUAL,PRECIO_VENTA) VALUES (4,1071,0,0.000000);

INSERT INTO PROVEEDOR_PRODUCTO(PROVEEDOR_ID,PRODUCTO_ID,PRECIO_COMPRA) VALUES(20,1071, 0.000000);

-- ===========PRODUCTO [1072]
INSERT INTO PRODUCTO(ID,MARCA_ID,LINEA_ID,NOMBRE,PRESENTACION,CONTENIDO,UNIDADES_POR_CAJA,COSTO,COSTO_VENTA,PRECIO_BASE,UNIDAD_MEDIDA,CODIGO_BARRAS,ABREBIATURA) VALUES(1072,60,10,'Bustillos Crema','Concha Nacar',150.0,24.0,0.000000,0.000000,0.000000,'G','7501185730551','Bustill Cr C Nacar 150g');

INSERT INTO MOVIMIENTO_HISTORICO_PRODUCTO (ALMACEN_ID,PRODUCTO_ID,FECHA,TIPO_MOVIMIENTO_ID,CANTIDAD,COSTO,PRECIO,USUARIO_ID) VALUES(1,1072,now(),30,12,0.000000,0.000000,'root');
INSERT INTO ALMACEN_PRODUCTO(ALMACEN_ID,PRODUCTO_ID,CANTIDAD_ACTUAL,PRECIO_VENTA) VALUES (1,1072,12,0.000000);

INSERT INTO ALMACEN_PRODUCTO(ALMACEN_ID,PRODUCTO_ID,CANTIDAD_ACTUAL,PRECIO_VENTA) VALUES (2,1072,0,0.000000);

INSERT INTO ALMACEN_PRODUCTO(ALMACEN_ID,PRODUCTO_ID,CANTIDAD_ACTUAL,PRECIO_VENTA) VALUES (3,1072,12,0.000000);

INSERT INTO ALMACEN_PRODUCTO(ALMACEN_ID,PRODUCTO_ID,CANTIDAD_ACTUAL,PRECIO_VENTA) VALUES (4,1072,0,0.000000);

INSERT INTO PROVEEDOR_PRODUCTO(PROVEEDOR_ID,PRODUCTO_ID,PRECIO_COMPRA) VALUES(20,1072, 0.000000);

-- ===========PRODUCTO [1073]
INSERT INTO PRODUCTO(ID,MARCA_ID,LINEA_ID,NOMBRE,PRESENTACION,CONTENIDO,UNIDADES_POR_CAJA,COSTO,COSTO_VENTA,PRECIO_BASE,UNIDAD_MEDIDA,CODIGO_BARRAS,ABREBIATURA) VALUES(1073,70,3,'Alby Almohadilla Facial','Absorbentes',100.0,100.0,16.457435,16.457435,22.908750,'Pz','7503010569060','Alby Almohad 100g');

INSERT INTO MOVIMIENTO_HISTORICO_PRODUCTO (ALMACEN_ID,PRODUCTO_ID,FECHA,TIPO_MOVIMIENTO_ID,CANTIDAD,COSTO,PRECIO,USUARIO_ID) VALUES(1,1073,now(),30,25,16.457435,22.908750,'root');
INSERT INTO ALMACEN_PRODUCTO(ALMACEN_ID,PRODUCTO_ID,CANTIDAD_ACTUAL,PRECIO_VENTA) VALUES (1,1073,25,22.908750);

INSERT INTO ALMACEN_PRODUCTO(ALMACEN_ID,PRODUCTO_ID,CANTIDAD_ACTUAL,PRECIO_VENTA) VALUES (2,1073,0,0.000000);

INSERT INTO ALMACEN_PRODUCTO(ALMACEN_ID,PRODUCTO_ID,CANTIDAD_ACTUAL,PRECIO_VENTA) VALUES (3,1073,25,23.500000);

INSERT INTO ALMACEN_PRODUCTO(ALMACEN_ID,PRODUCTO_ID,CANTIDAD_ACTUAL,PRECIO_VENTA) VALUES (4,1073,0,0.000000);

INSERT INTO PROVEEDOR_PRODUCTO(PROVEEDOR_ID,PRODUCTO_ID,PRECIO_COMPRA) VALUES(3,1073, 16.457435);

-- ===========PRODUCTO [1074]
INSERT INTO PRODUCTO(ID,MARCA_ID,LINEA_ID,NOMBRE,PRESENTACION,CONTENIDO,UNIDADES_POR_CAJA,COSTO,COSTO_VENTA,PRECIO_BASE,UNIDAD_MEDIDA,CODIGO_BARRAS,ABREBIATURA) VALUES(1074,54,14,'Real Shampoo','Acondicionador',900.0,12.0,0.000000,0.000000,0.000000,'ML','7501039701102','Real Sh Enj Rosa 900');

INSERT INTO MOVIMIENTO_HISTORICO_PRODUCTO (ALMACEN_ID,PRODUCTO_ID,FECHA,TIPO_MOVIMIENTO_ID,CANTIDAD,COSTO,PRECIO,USUARIO_ID) VALUES(1,1074,now(),30,12,0.000000,0.000000,'root');
INSERT INTO ALMACEN_PRODUCTO(ALMACEN_ID,PRODUCTO_ID,CANTIDAD_ACTUAL,PRECIO_VENTA) VALUES (1,1074,12,0.000000);

INSERT INTO ALMACEN_PRODUCTO(ALMACEN_ID,PRODUCTO_ID,CANTIDAD_ACTUAL,PRECIO_VENTA) VALUES (2,1074,1,0.000000);

INSERT INTO ALMACEN_PRODUCTO(ALMACEN_ID,PRODUCTO_ID,CANTIDAD_ACTUAL,PRECIO_VENTA) VALUES (3,1074,12,0.000000);

INSERT INTO ALMACEN_PRODUCTO(ALMACEN_ID,PRODUCTO_ID,CANTIDAD_ACTUAL,PRECIO_VENTA) VALUES (4,1074,1,0.000000);

INSERT INTO PROVEEDOR_PRODUCTO(PROVEEDOR_ID,PRODUCTO_ID,PRECIO_COMPRA) VALUES(26,1074, 0.000000);

-- ===========PRODUCTO [1075]
INSERT INTO PRODUCTO(ID,MARCA_ID,LINEA_ID,NOMBRE,PRESENTACION,CONTENIDO,UNIDADES_POR_CAJA,COSTO,COSTO_VENTA,PRECIO_BASE,UNIDAD_MEDIDA,CODIGO_BARRAS,ABREBIATURA) VALUES(1075,61,2,'Moco de Gorila Squizz Pack','Galan',2.0,6.0,0.000000,0.000000,0.000000,'Pz','7501438301668','M Gori Pck Gala 2-340');

INSERT INTO MOVIMIENTO_HISTORICO_PRODUCTO (ALMACEN_ID,PRODUCTO_ID,FECHA,TIPO_MOVIMIENTO_ID,CANTIDAD,COSTO,PRECIO,USUARIO_ID) VALUES(1,1075,now(),30,6,0.000000,0.000000,'root');
INSERT INTO ALMACEN_PRODUCTO(ALMACEN_ID,PRODUCTO_ID,CANTIDAD_ACTUAL,PRECIO_VENTA) VALUES (1,1075,6,0.000000);

INSERT INTO ALMACEN_PRODUCTO(ALMACEN_ID,PRODUCTO_ID,CANTIDAD_ACTUAL,PRECIO_VENTA) VALUES (2,1075,0,0.000000);

INSERT INTO ALMACEN_PRODUCTO(ALMACEN_ID,PRODUCTO_ID,CANTIDAD_ACTUAL,PRECIO_VENTA) VALUES (3,1075,6,34.900000);

INSERT INTO ALMACEN_PRODUCTO(ALMACEN_ID,PRODUCTO_ID,CANTIDAD_ACTUAL,PRECIO_VENTA) VALUES (4,1075,0,0.000000);

INSERT INTO PROVEEDOR_PRODUCTO(PROVEEDOR_ID,PRODUCTO_ID,PRECIO_COMPRA) VALUES(22,1075, 0.000000);

-- ===========PRODUCTO [1076]
INSERT INTO PRODUCTO(ID,MARCA_ID,LINEA_ID,NOMBRE,PRESENTACION,CONTENIDO,UNIDADES_POR_CAJA,COSTO,COSTO_VENTA,PRECIO_BASE,UNIDAD_MEDIDA,CODIGO_BARRAS,ABREBIATURA) VALUES(1076,61,2,'Moco de Gorila Squizz Pack','Rockero',2.0,6.0,0.000000,0.000000,0.000000,'Pz','7501438301651','M Gori Pck Rock 2-340');

INSERT INTO MOVIMIENTO_HISTORICO_PRODUCTO (ALMACEN_ID,PRODUCTO_ID,FECHA,TIPO_MOVIMIENTO_ID,CANTIDAD,COSTO,PRECIO,USUARIO_ID) VALUES(1,1076,now(),30,6,0.000000,0.000000,'root');
INSERT INTO ALMACEN_PRODUCTO(ALMACEN_ID,PRODUCTO_ID,CANTIDAD_ACTUAL,PRECIO_VENTA) VALUES (1,1076,6,0.000000);

INSERT INTO ALMACEN_PRODUCTO(ALMACEN_ID,PRODUCTO_ID,CANTIDAD_ACTUAL,PRECIO_VENTA) VALUES (2,1076,0,0.000000);

INSERT INTO ALMACEN_PRODUCTO(ALMACEN_ID,PRODUCTO_ID,CANTIDAD_ACTUAL,PRECIO_VENTA) VALUES (3,1076,6,34.900000);

INSERT INTO ALMACEN_PRODUCTO(ALMACEN_ID,PRODUCTO_ID,CANTIDAD_ACTUAL,PRECIO_VENTA) VALUES (4,1076,0,0.000000);

INSERT INTO PROVEEDOR_PRODUCTO(PROVEEDOR_ID,PRODUCTO_ID,PRECIO_COMPRA) VALUES(22,1076, 0.000000);

-- ===========PRODUCTO [1077]
INSERT INTO PRODUCTO(ID,MARCA_ID,LINEA_ID,NOMBRE,PRESENTACION,CONTENIDO,UNIDADES_POR_CAJA,COSTO,COSTO_VENTA,PRECIO_BASE,UNIDAD_MEDIDA,CODIGO_BARRAS,ABREBIATURA) VALUES(1077,61,2,'Moco de Gorila Squizz Pack','Punk',2.0,6.0,0.000000,0.000000,0.000000,'Pz','7501438301644','M Gori Pck Punk 2-340');

INSERT INTO MOVIMIENTO_HISTORICO_PRODUCTO (ALMACEN_ID,PRODUCTO_ID,FECHA,TIPO_MOVIMIENTO_ID,CANTIDAD,COSTO,PRECIO,USUARIO_ID) VALUES(1,1077,now(),30,6,0.000000,0.000000,'root');
INSERT INTO ALMACEN_PRODUCTO(ALMACEN_ID,PRODUCTO_ID,CANTIDAD_ACTUAL,PRECIO_VENTA) VALUES (1,1077,6,0.000000);

INSERT INTO ALMACEN_PRODUCTO(ALMACEN_ID,PRODUCTO_ID,CANTIDAD_ACTUAL,PRECIO_VENTA) VALUES (2,1077,0,0.000000);

INSERT INTO ALMACEN_PRODUCTO(ALMACEN_ID,PRODUCTO_ID,CANTIDAD_ACTUAL,PRECIO_VENTA) VALUES (3,1077,6,34.900000);

INSERT INTO ALMACEN_PRODUCTO(ALMACEN_ID,PRODUCTO_ID,CANTIDAD_ACTUAL,PRECIO_VENTA) VALUES (4,1077,0,0.000000);

INSERT INTO PROVEEDOR_PRODUCTO(PROVEEDOR_ID,PRODUCTO_ID,PRECIO_COMPRA) VALUES(22,1077, 0.000000);

-- ===========PRODUCTO [1078]
INSERT INTO PRODUCTO(ID,MARCA_ID,LINEA_ID,NOMBRE,PRESENTACION,CONTENIDO,UNIDADES_POR_CAJA,COSTO,COSTO_VENTA,PRECIO_BASE,UNIDAD_MEDIDA,CODIGO_BARRAS,ABREBIATURA) VALUES(1078,52,11,'4 Today Cepillo Dental','T 686A',1.0,12.0,5.645953,5.645953,7.859167,'Pz','6926360986867','4 Today Cep T686 2Pz');

INSERT INTO MOVIMIENTO_HISTORICO_PRODUCTO (ALMACEN_ID,PRODUCTO_ID,FECHA,TIPO_MOVIMIENTO_ID,CANTIDAD,COSTO,PRECIO,USUARIO_ID) VALUES(1,1078,now(),30,12,5.645953,7.859167,'root');
INSERT INTO ALMACEN_PRODUCTO(ALMACEN_ID,PRODUCTO_ID,CANTIDAD_ACTUAL,PRECIO_VENTA) VALUES (1,1078,12,7.859167);

INSERT INTO ALMACEN_PRODUCTO(ALMACEN_ID,PRODUCTO_ID,CANTIDAD_ACTUAL,PRECIO_VENTA) VALUES (2,1078,0,0.000000);

INSERT INTO ALMACEN_PRODUCTO(ALMACEN_ID,PRODUCTO_ID,CANTIDAD_ACTUAL,PRECIO_VENTA) VALUES (3,1078,12,6.500000);

INSERT INTO ALMACEN_PRODUCTO(ALMACEN_ID,PRODUCTO_ID,CANTIDAD_ACTUAL,PRECIO_VENTA) VALUES (4,1078,0,0.000000);

INSERT INTO PROVEEDOR_PRODUCTO(PROVEEDOR_ID,PRODUCTO_ID,PRECIO_COMPRA) VALUES(7,1078, 5.645953);

-- ===========PRODUCTO [1079]
INSERT INTO PRODUCTO(ID,MARCA_ID,LINEA_ID,NOMBRE,PRESENTACION,CONTENIDO,UNIDADES_POR_CAJA,COSTO,COSTO_VENTA,PRECIO_BASE,UNIDAD_MEDIDA,CODIGO_BARRAS,ABREBIATURA) VALUES(1079,52,11,'4 Today Cepillo Dental Exhibidor','T 686A',12.0,12.0,67.751437,67.751437,94.310000,'Pz','6926360987031','4 Today Cep Ex T686/12');

INSERT INTO MOVIMIENTO_HISTORICO_PRODUCTO (ALMACEN_ID,PRODUCTO_ID,FECHA,TIPO_MOVIMIENTO_ID,CANTIDAD,COSTO,PRECIO,USUARIO_ID) VALUES(1,1079,now(),30,2,67.751437,94.310000,'root');
INSERT INTO ALMACEN_PRODUCTO(ALMACEN_ID,PRODUCTO_ID,CANTIDAD_ACTUAL,PRECIO_VENTA) VALUES (1,1079,2,94.310000);

INSERT INTO ALMACEN_PRODUCTO(ALMACEN_ID,PRODUCTO_ID,CANTIDAD_ACTUAL,PRECIO_VENTA) VALUES (2,1079,0,0.000000);

INSERT INTO ALMACEN_PRODUCTO(ALMACEN_ID,PRODUCTO_ID,CANTIDAD_ACTUAL,PRECIO_VENTA) VALUES (3,1079,2,72.000000);

INSERT INTO ALMACEN_PRODUCTO(ALMACEN_ID,PRODUCTO_ID,CANTIDAD_ACTUAL,PRECIO_VENTA) VALUES (4,1079,0,0.000000);

INSERT INTO PROVEEDOR_PRODUCTO(PROVEEDOR_ID,PRODUCTO_ID,PRECIO_COMPRA) VALUES(7,1079, 67.751437);

-- ===========PRODUCTO [1080]
INSERT INTO PRODUCTO(ID,MARCA_ID,LINEA_ID,NOMBRE,PRESENTACION,CONTENIDO,UNIDADES_POR_CAJA,COSTO,COSTO_VENTA,PRECIO_BASE,UNIDAD_MEDIDA,CODIGO_BARRAS,ABREBIATURA) VALUES(1080,67,7,'Curity Mamila Latex','Evita Colicos',1.0,36.0,0.000000,0.000000,0.000000,'PZ','75001131','Curity Mam Latex 3Pz');

INSERT INTO MOVIMIENTO_HISTORICO_PRODUCTO (ALMACEN_ID,PRODUCTO_ID,FECHA,TIPO_MOVIMIENTO_ID,CANTIDAD,COSTO,PRECIO,USUARIO_ID) VALUES(1,1080,now(),30,36,0.000000,0.000000,'root');
INSERT INTO ALMACEN_PRODUCTO(ALMACEN_ID,PRODUCTO_ID,CANTIDAD_ACTUAL,PRECIO_VENTA) VALUES (1,1080,36,0.000000);

INSERT INTO ALMACEN_PRODUCTO(ALMACEN_ID,PRODUCTO_ID,CANTIDAD_ACTUAL,PRECIO_VENTA) VALUES (2,1080,0,0.000000);

INSERT INTO ALMACEN_PRODUCTO(ALMACEN_ID,PRODUCTO_ID,CANTIDAD_ACTUAL,PRECIO_VENTA) VALUES (3,1080,36,0.000000);

INSERT INTO ALMACEN_PRODUCTO(ALMACEN_ID,PRODUCTO_ID,CANTIDAD_ACTUAL,PRECIO_VENTA) VALUES (4,1080,0,0.000000);

INSERT INTO PROVEEDOR_PRODUCTO(PROVEEDOR_ID,PRODUCTO_ID,PRECIO_COMPRA) VALUES(6,1080, 0.000000);

-- ===========PRODUCTO [1081]
INSERT INTO PRODUCTO(ID,MARCA_ID,LINEA_ID,NOMBRE,PRESENTACION,CONTENIDO,UNIDADES_POR_CAJA,COSTO,COSTO_VENTA,PRECIO_BASE,UNIDAD_MEDIDA,CODIGO_BARRAS,ABREBIATURA) VALUES(1081,26,4,'Speed Stick Rollon','Cool Night',30.0,48.0,0.000000,0.000000,0.000000,'ML','75036508','Speed S R-o C Nigh 30');

INSERT INTO MOVIMIENTO_HISTORICO_PRODUCTO (ALMACEN_ID,PRODUCTO_ID,FECHA,TIPO_MOVIMIENTO_ID,CANTIDAD,COSTO,PRECIO,USUARIO_ID) VALUES(1,1081,now(),30,46,0.000000,0.000000,'root');
INSERT INTO ALMACEN_PRODUCTO(ALMACEN_ID,PRODUCTO_ID,CANTIDAD_ACTUAL,PRECIO_VENTA) VALUES (1,1081,46,0.000000);

INSERT INTO ALMACEN_PRODUCTO(ALMACEN_ID,PRODUCTO_ID,CANTIDAD_ACTUAL,PRECIO_VENTA) VALUES (2,1081,0,0.000000);

INSERT INTO ALMACEN_PRODUCTO(ALMACEN_ID,PRODUCTO_ID,CANTIDAD_ACTUAL,PRECIO_VENTA) VALUES (3,1081,46,0.000000);

INSERT INTO ALMACEN_PRODUCTO(ALMACEN_ID,PRODUCTO_ID,CANTIDAD_ACTUAL,PRECIO_VENTA) VALUES (4,1081,0,0.000000);

INSERT INTO PROVEEDOR_PRODUCTO(PROVEEDOR_ID,PRODUCTO_ID,PRECIO_COMPRA) VALUES(6,1081, 0.000000);

-- ===========PRODUCTO [1082]
INSERT INTO PRODUCTO(ID,MARCA_ID,LINEA_ID,NOMBRE,PRESENTACION,CONTENIDO,UNIDADES_POR_CAJA,COSTO,COSTO_VENTA,PRECIO_BASE,UNIDAD_MEDIDA,CODIGO_BARRAS,ABREBIATURA) VALUES(1082,69,9,'Axion Detergente en Pasta','Lima Limon',425.0,60.0,11.522989,11.522989,16.040000,'G','99176263982','Axion Pasta Lim 425g');

INSERT INTO MOVIMIENTO_HISTORICO_PRODUCTO (ALMACEN_ID,PRODUCTO_ID,FECHA,TIPO_MOVIMIENTO_ID,CANTIDAD,COSTO,PRECIO,USUARIO_ID) VALUES(1,1082,now(),30,24,11.522989,16.040000,'root');
INSERT INTO ALMACEN_PRODUCTO(ALMACEN_ID,PRODUCTO_ID,CANTIDAD_ACTUAL,PRECIO_VENTA) VALUES (1,1082,24,16.040000);

INSERT INTO ALMACEN_PRODUCTO(ALMACEN_ID,PRODUCTO_ID,CANTIDAD_ACTUAL,PRECIO_VENTA) VALUES (2,1082,0,0.000000);

INSERT INTO ALMACEN_PRODUCTO(ALMACEN_ID,PRODUCTO_ID,CANTIDAD_ACTUAL,PRECIO_VENTA) VALUES (3,1082,24,16.900000);

INSERT INTO ALMACEN_PRODUCTO(ALMACEN_ID,PRODUCTO_ID,CANTIDAD_ACTUAL,PRECIO_VENTA) VALUES (4,1082,0,0.000000);

INSERT INTO PROVEEDOR_PRODUCTO(PROVEEDOR_ID,PRODUCTO_ID,PRECIO_COMPRA) VALUES(6,1082, 11.522989);

-- ===========PRODUCTO [1083]
INSERT INTO PRODUCTO(ID,MARCA_ID,LINEA_ID,NOMBRE,PRESENTACION,CONTENIDO,UNIDADES_POR_CAJA,COSTO,COSTO_VENTA,PRECIO_BASE,UNIDAD_MEDIDA,CODIGO_BARRAS,ABREBIATURA) VALUES(1083,82,9,'Fabuloso Limpiador','Fresca Lavanda',2.0,6.0,0.000000,0.000000,0.000000,'Lt','7501035905344','Fabuloso Lvnda 2Lt');

INSERT INTO MOVIMIENTO_HISTORICO_PRODUCTO (ALMACEN_ID,PRODUCTO_ID,FECHA,TIPO_MOVIMIENTO_ID,CANTIDAD,COSTO,PRECIO,USUARIO_ID) VALUES(1,1083,now(),30,6,0.000000,0.000000,'root');
INSERT INTO ALMACEN_PRODUCTO(ALMACEN_ID,PRODUCTO_ID,CANTIDAD_ACTUAL,PRECIO_VENTA) VALUES (1,1083,6,0.000000);

INSERT INTO ALMACEN_PRODUCTO(ALMACEN_ID,PRODUCTO_ID,CANTIDAD_ACTUAL,PRECIO_VENTA) VALUES (2,1083,0,0.000000);

INSERT INTO ALMACEN_PRODUCTO(ALMACEN_ID,PRODUCTO_ID,CANTIDAD_ACTUAL,PRECIO_VENTA) VALUES (3,1083,6,21.900000);

INSERT INTO ALMACEN_PRODUCTO(ALMACEN_ID,PRODUCTO_ID,CANTIDAD_ACTUAL,PRECIO_VENTA) VALUES (4,1083,0,0.000000);

INSERT INTO PROVEEDOR_PRODUCTO(PROVEEDOR_ID,PRODUCTO_ID,PRECIO_COMPRA) VALUES(6,1083, 0.000000);

-- ===========PRODUCTO [1084]
INSERT INTO PRODUCTO(ID,MARCA_ID,LINEA_ID,NOMBRE,PRESENTACION,CONTENIDO,UNIDADES_POR_CAJA,COSTO,COSTO_VENTA,PRECIO_BASE,UNIDAD_MEDIDA,CODIGO_BARRAS,ABREBIATURA) VALUES(1084,82,9,'FABULOSO FRESCURA PROFUNDA','FRESCA LAVANDA',1.0,12.0,0.000000,0.000000,0.000000,'L','7501035910034','Fabuloso Fca Lavn 1lt');

INSERT INTO MOVIMIENTO_HISTORICO_PRODUCTO (ALMACEN_ID,PRODUCTO_ID,FECHA,TIPO_MOVIMIENTO_ID,CANTIDAD,COSTO,PRECIO,USUARIO_ID) VALUES(1,1084,now(),30,12,0.000000,0.000000,'root');
INSERT INTO ALMACEN_PRODUCTO(ALMACEN_ID,PRODUCTO_ID,CANTIDAD_ACTUAL,PRECIO_VENTA) VALUES (1,1084,12,0.000000);

INSERT INTO ALMACEN_PRODUCTO(ALMACEN_ID,PRODUCTO_ID,CANTIDAD_ACTUAL,PRECIO_VENTA) VALUES (2,1084,0,0.000000);

INSERT INTO ALMACEN_PRODUCTO(ALMACEN_ID,PRODUCTO_ID,CANTIDAD_ACTUAL,PRECIO_VENTA) VALUES (3,1084,12,12.900000);

INSERT INTO ALMACEN_PRODUCTO(ALMACEN_ID,PRODUCTO_ID,CANTIDAD_ACTUAL,PRECIO_VENTA) VALUES (4,1084,0,0.000000);

INSERT INTO PROVEEDOR_PRODUCTO(PROVEEDOR_ID,PRODUCTO_ID,PRECIO_COMPRA) VALUES(6,1084, 0.000000);

-- ===========PRODUCTO [1085]
INSERT INTO PRODUCTO(ID,MARCA_ID,LINEA_ID,NOMBRE,PRESENTACION,CONTENIDO,UNIDADES_POR_CAJA,COSTO,COSTO_VENTA,PRECIO_BASE,UNIDAD_MEDIDA,CODIGO_BARRAS,ABREBIATURA) VALUES(1085,16,9,'Ajax Bicloro Limpiador en Polvo','Bicloro',582.0,24.0,0.000000,0.000000,0.000000,'g','7501035910089','Ajax Bicloro 582g');

INSERT INTO MOVIMIENTO_HISTORICO_PRODUCTO (ALMACEN_ID,PRODUCTO_ID,FECHA,TIPO_MOVIMIENTO_ID,CANTIDAD,COSTO,PRECIO,USUARIO_ID) VALUES(1,1085,now(),30,24,0.000000,0.000000,'root');
INSERT INTO ALMACEN_PRODUCTO(ALMACEN_ID,PRODUCTO_ID,CANTIDAD_ACTUAL,PRECIO_VENTA) VALUES (1,1085,24,0.000000);

INSERT INTO ALMACEN_PRODUCTO(ALMACEN_ID,PRODUCTO_ID,CANTIDAD_ACTUAL,PRECIO_VENTA) VALUES (2,1085,12,8.000000);

INSERT INTO ALMACEN_PRODUCTO(ALMACEN_ID,PRODUCTO_ID,CANTIDAD_ACTUAL,PRECIO_VENTA) VALUES (3,1085,24,0.000000);

INSERT INTO ALMACEN_PRODUCTO(ALMACEN_ID,PRODUCTO_ID,CANTIDAD_ACTUAL,PRECIO_VENTA) VALUES (4,1085,12,8.000000);

INSERT INTO PROVEEDOR_PRODUCTO(PROVEEDOR_ID,PRODUCTO_ID,PRECIO_COMPRA) VALUES(6,1085, 0.000000);

-- ===========PRODUCTO [1086]
INSERT INTO PRODUCTO(ID,MARCA_ID,LINEA_ID,NOMBRE,PRESENTACION,CONTENIDO,UNIDADES_POR_CAJA,COSTO,COSTO_VENTA,PRECIO_BASE,UNIDAD_MEDIDA,CODIGO_BARRAS,ABREBIATURA) VALUES(1086,16,9,'Ajax Limpiador Liquido','Expel',1.0,12.0,11.896552,11.896552,16.560000,'Lt','7509546001371','Ajax Liq Expel 1Lt');

INSERT INTO MOVIMIENTO_HISTORICO_PRODUCTO (ALMACEN_ID,PRODUCTO_ID,FECHA,TIPO_MOVIMIENTO_ID,CANTIDAD,COSTO,PRECIO,USUARIO_ID) VALUES(1,1086,now(),30,12,11.896552,16.560000,'root');
INSERT INTO ALMACEN_PRODUCTO(ALMACEN_ID,PRODUCTO_ID,CANTIDAD_ACTUAL,PRECIO_VENTA) VALUES (1,1086,12,16.560000);

INSERT INTO ALMACEN_PRODUCTO(ALMACEN_ID,PRODUCTO_ID,CANTIDAD_ACTUAL,PRECIO_VENTA) VALUES (2,1086,2,0.000000);

INSERT INTO ALMACEN_PRODUCTO(ALMACEN_ID,PRODUCTO_ID,CANTIDAD_ACTUAL,PRECIO_VENTA) VALUES (3,1086,12,17.900000);

INSERT INTO ALMACEN_PRODUCTO(ALMACEN_ID,PRODUCTO_ID,CANTIDAD_ACTUAL,PRECIO_VENTA) VALUES (4,1086,2,0.000000);

INSERT INTO PROVEEDOR_PRODUCTO(PROVEEDOR_ID,PRODUCTO_ID,PRECIO_COMPRA) VALUES(6,1086, 11.896552);

-- ===========PRODUCTO [1087]
INSERT INTO PRODUCTO(ID,MARCA_ID,LINEA_ID,NOMBRE,PRESENTACION,CONTENIDO,UNIDADES_POR_CAJA,COSTO,COSTO_VENTA,PRECIO_BASE,UNIDAD_MEDIDA,CODIGO_BARRAS,ABREBIATURA) VALUES(1087,16,9,'Ajax Limpiador Liquido','Expel',2.0,6.0,20.510057,20.510057,28.550000,'Lt','7509546007335','Ajax Liq Expel 2Lt');

INSERT INTO MOVIMIENTO_HISTORICO_PRODUCTO (ALMACEN_ID,PRODUCTO_ID,FECHA,TIPO_MOVIMIENTO_ID,CANTIDAD,COSTO,PRECIO,USUARIO_ID) VALUES(1,1087,now(),30,6,20.510057,28.550000,'root');
INSERT INTO ALMACEN_PRODUCTO(ALMACEN_ID,PRODUCTO_ID,CANTIDAD_ACTUAL,PRECIO_VENTA) VALUES (1,1087,6,28.550000);

INSERT INTO ALMACEN_PRODUCTO(ALMACEN_ID,PRODUCTO_ID,CANTIDAD_ACTUAL,PRECIO_VENTA) VALUES (2,1087,0,0.000000);

INSERT INTO ALMACEN_PRODUCTO(ALMACEN_ID,PRODUCTO_ID,CANTIDAD_ACTUAL,PRECIO_VENTA) VALUES (3,1087,6,29.900000);

INSERT INTO ALMACEN_PRODUCTO(ALMACEN_ID,PRODUCTO_ID,CANTIDAD_ACTUAL,PRECIO_VENTA) VALUES (4,1087,0,0.000000);

INSERT INTO PROVEEDOR_PRODUCTO(PROVEEDOR_ID,PRODUCTO_ID,PRECIO_COMPRA) VALUES(6,1087, 20.510057);

-- ===========PRODUCTO [1088]
INSERT INTO PRODUCTO(ID,MARCA_ID,LINEA_ID,NOMBRE,PRESENTACION,CONTENIDO,UNIDADES_POR_CAJA,COSTO,COSTO_VENTA,PRECIO_BASE,UNIDAD_MEDIDA,CODIGO_BARRAS,ABREBIATURA) VALUES(1088,36,14,'Caprice Acondicionador','Extracto de Perla',400.0,12.0,0.000000,0.000000,0.000000,'ML','7509546026527','Capric Ac Perla 400ml');

INSERT INTO MOVIMIENTO_HISTORICO_PRODUCTO (ALMACEN_ID,PRODUCTO_ID,FECHA,TIPO_MOVIMIENTO_ID,CANTIDAD,COSTO,PRECIO,USUARIO_ID) VALUES(1,1088,now(),30,11,0.000000,0.000000,'root');
INSERT INTO ALMACEN_PRODUCTO(ALMACEN_ID,PRODUCTO_ID,CANTIDAD_ACTUAL,PRECIO_VENTA) VALUES (1,1088,11,0.000000);

INSERT INTO ALMACEN_PRODUCTO(ALMACEN_ID,PRODUCTO_ID,CANTIDAD_ACTUAL,PRECIO_VENTA) VALUES (2,1088,0,0.000000);

INSERT INTO ALMACEN_PRODUCTO(ALMACEN_ID,PRODUCTO_ID,CANTIDAD_ACTUAL,PRECIO_VENTA) VALUES (3,1088,11,0.000000);

INSERT INTO ALMACEN_PRODUCTO(ALMACEN_ID,PRODUCTO_ID,CANTIDAD_ACTUAL,PRECIO_VENTA) VALUES (4,1088,0,0.000000);

INSERT INTO PROVEEDOR_PRODUCTO(PROVEEDOR_ID,PRODUCTO_ID,PRECIO_COMPRA) VALUES(6,1088, 0.000000);

-- ===========PRODUCTO [1089]
INSERT INTO PRODUCTO(ID,MARCA_ID,LINEA_ID,NOMBRE,PRESENTACION,CONTENIDO,UNIDADES_POR_CAJA,COSTO,COSTO_VENTA,PRECIO_BASE,UNIDAD_MEDIDA,CODIGO_BARRAS,ABREBIATURA) VALUES(1089,36,14,'Caprice Acondicionador','Mamey y Silicona',400.0,12.0,0.000000,0.000000,0.000000,'ML','7509546026558','Capric Ac Mamey 400m');

INSERT INTO MOVIMIENTO_HISTORICO_PRODUCTO (ALMACEN_ID,PRODUCTO_ID,FECHA,TIPO_MOVIMIENTO_ID,CANTIDAD,COSTO,PRECIO,USUARIO_ID) VALUES(1,1089,now(),30,10,0.000000,0.000000,'root');
INSERT INTO ALMACEN_PRODUCTO(ALMACEN_ID,PRODUCTO_ID,CANTIDAD_ACTUAL,PRECIO_VENTA) VALUES (1,1089,10,0.000000);

INSERT INTO ALMACEN_PRODUCTO(ALMACEN_ID,PRODUCTO_ID,CANTIDAD_ACTUAL,PRECIO_VENTA) VALUES (2,1089,0,0.000000);

INSERT INTO ALMACEN_PRODUCTO(ALMACEN_ID,PRODUCTO_ID,CANTIDAD_ACTUAL,PRECIO_VENTA) VALUES (3,1089,10,0.000000);

INSERT INTO ALMACEN_PRODUCTO(ALMACEN_ID,PRODUCTO_ID,CANTIDAD_ACTUAL,PRECIO_VENTA) VALUES (4,1089,0,0.000000);

INSERT INTO PROVEEDOR_PRODUCTO(PROVEEDOR_ID,PRODUCTO_ID,PRECIO_COMPRA) VALUES(6,1089, 0.000000);

-- ===========PRODUCTO [1090]
INSERT INTO PRODUCTO(ID,MARCA_ID,LINEA_ID,NOMBRE,PRESENTACION,CONTENIDO,UNIDADES_POR_CAJA,COSTO,COSTO_VENTA,PRECIO_BASE,UNIDAD_MEDIDA,CODIGO_BARRAS,ABREBIATURA) VALUES(1090,36,14,'Caprice Shampoo','Extracto de Perla',800.0,12.0,17.600575,17.600575,24.500000,'ML','7509546026763','Capric Sh Perla 800ml');

INSERT INTO MOVIMIENTO_HISTORICO_PRODUCTO (ALMACEN_ID,PRODUCTO_ID,FECHA,TIPO_MOVIMIENTO_ID,CANTIDAD,COSTO,PRECIO,USUARIO_ID) VALUES(1,1090,now(),30,12,17.600575,24.500000,'root');
INSERT INTO ALMACEN_PRODUCTO(ALMACEN_ID,PRODUCTO_ID,CANTIDAD_ACTUAL,PRECIO_VENTA) VALUES (1,1090,12,24.500000);

INSERT INTO ALMACEN_PRODUCTO(ALMACEN_ID,PRODUCTO_ID,CANTIDAD_ACTUAL,PRECIO_VENTA) VALUES (2,1090,0,0.000000);

INSERT INTO ALMACEN_PRODUCTO(ALMACEN_ID,PRODUCTO_ID,CANTIDAD_ACTUAL,PRECIO_VENTA) VALUES (3,1090,12,23.500000);

INSERT INTO ALMACEN_PRODUCTO(ALMACEN_ID,PRODUCTO_ID,CANTIDAD_ACTUAL,PRECIO_VENTA) VALUES (4,1090,0,0.000000);

INSERT INTO PROVEEDOR_PRODUCTO(PROVEEDOR_ID,PRODUCTO_ID,PRECIO_COMPRA) VALUES(6,1090, 17.600575);

-- ===========PRODUCTO [1091]
INSERT INTO PRODUCTO(ID,MARCA_ID,LINEA_ID,NOMBRE,PRESENTACION,CONTENIDO,UNIDADES_POR_CAJA,COSTO,COSTO_VENTA,PRECIO_BASE,UNIDAD_MEDIDA,CODIGO_BARRAS,ABREBIATURA) VALUES(1091,36,14,'Caprice Shampoo','Mango Tentacion',800.0,12.0,17.600575,17.600575,24.500000,'ML','7509546026787','Capric Sh Mango 800m');

INSERT INTO MOVIMIENTO_HISTORICO_PRODUCTO (ALMACEN_ID,PRODUCTO_ID,FECHA,TIPO_MOVIMIENTO_ID,CANTIDAD,COSTO,PRECIO,USUARIO_ID) VALUES(1,1091,now(),30,12,17.600575,24.500000,'root');
INSERT INTO ALMACEN_PRODUCTO(ALMACEN_ID,PRODUCTO_ID,CANTIDAD_ACTUAL,PRECIO_VENTA) VALUES (1,1091,12,24.500000);

INSERT INTO ALMACEN_PRODUCTO(ALMACEN_ID,PRODUCTO_ID,CANTIDAD_ACTUAL,PRECIO_VENTA) VALUES (2,1091,0,0.000000);

INSERT INTO ALMACEN_PRODUCTO(ALMACEN_ID,PRODUCTO_ID,CANTIDAD_ACTUAL,PRECIO_VENTA) VALUES (3,1091,12,23.500000);

INSERT INTO ALMACEN_PRODUCTO(ALMACEN_ID,PRODUCTO_ID,CANTIDAD_ACTUAL,PRECIO_VENTA) VALUES (4,1091,0,0.000000);

INSERT INTO PROVEEDOR_PRODUCTO(PROVEEDOR_ID,PRODUCTO_ID,PRECIO_COMPRA) VALUES(6,1091, 17.600575);

-- ===========PRODUCTO [1092]
INSERT INTO PRODUCTO(ID,MARCA_ID,LINEA_ID,NOMBRE,PRESENTACION,CONTENIDO,UNIDADES_POR_CAJA,COSTO,COSTO_VENTA,PRECIO_BASE,UNIDAD_MEDIDA,CODIGO_BARRAS,ABREBIATURA) VALUES(1092,36,14,'Caprice Shampoo','Acti Ceramidas',800.0,12.0,17.600575,17.600575,24.500000,'ML','7509546026879','Capric Sh Ceram 800ml');

INSERT INTO MOVIMIENTO_HISTORICO_PRODUCTO (ALMACEN_ID,PRODUCTO_ID,FECHA,TIPO_MOVIMIENTO_ID,CANTIDAD,COSTO,PRECIO,USUARIO_ID) VALUES(1,1092,now(),30,12,17.600575,24.500000,'root');
INSERT INTO ALMACEN_PRODUCTO(ALMACEN_ID,PRODUCTO_ID,CANTIDAD_ACTUAL,PRECIO_VENTA) VALUES (1,1092,12,24.500000);

INSERT INTO ALMACEN_PRODUCTO(ALMACEN_ID,PRODUCTO_ID,CANTIDAD_ACTUAL,PRECIO_VENTA) VALUES (2,1092,0,0.000000);

INSERT INTO ALMACEN_PRODUCTO(ALMACEN_ID,PRODUCTO_ID,CANTIDAD_ACTUAL,PRECIO_VENTA) VALUES (3,1092,12,23.500000);

INSERT INTO ALMACEN_PRODUCTO(ALMACEN_ID,PRODUCTO_ID,CANTIDAD_ACTUAL,PRECIO_VENTA) VALUES (4,1092,0,0.000000);

INSERT INTO PROVEEDOR_PRODUCTO(PROVEEDOR_ID,PRODUCTO_ID,PRECIO_COMPRA) VALUES(6,1092, 17.600575);

-- ===========PRODUCTO [1093]
INSERT INTO PRODUCTO(ID,MARCA_ID,LINEA_ID,NOMBRE,PRESENTACION,CONTENIDO,UNIDADES_POR_CAJA,COSTO,COSTO_VENTA,PRECIO_BASE,UNIDAD_MEDIDA,CODIGO_BARRAS,ABREBIATURA) VALUES(1093,36,14,'Caprice Shampoo','Extracto de Frutas',800.0,12.0,17.600575,17.600575,24.500000,'ML','7509546026985','Capric Sh Frutas 800m');

INSERT INTO MOVIMIENTO_HISTORICO_PRODUCTO (ALMACEN_ID,PRODUCTO_ID,FECHA,TIPO_MOVIMIENTO_ID,CANTIDAD,COSTO,PRECIO,USUARIO_ID) VALUES(1,1093,now(),30,12,17.600575,24.500000,'root');
INSERT INTO ALMACEN_PRODUCTO(ALMACEN_ID,PRODUCTO_ID,CANTIDAD_ACTUAL,PRECIO_VENTA) VALUES (1,1093,12,24.500000);

INSERT INTO ALMACEN_PRODUCTO(ALMACEN_ID,PRODUCTO_ID,CANTIDAD_ACTUAL,PRECIO_VENTA) VALUES (2,1093,0,0.000000);

INSERT INTO ALMACEN_PRODUCTO(ALMACEN_ID,PRODUCTO_ID,CANTIDAD_ACTUAL,PRECIO_VENTA) VALUES (3,1093,12,23.500000);

INSERT INTO ALMACEN_PRODUCTO(ALMACEN_ID,PRODUCTO_ID,CANTIDAD_ACTUAL,PRECIO_VENTA) VALUES (4,1093,0,0.000000);

INSERT INTO PROVEEDOR_PRODUCTO(PROVEEDOR_ID,PRODUCTO_ID,PRECIO_COMPRA) VALUES(6,1093, 17.600575);

-- ===========PRODUCTO [1094]
INSERT INTO PRODUCTO(ID,MARCA_ID,LINEA_ID,NOMBRE,PRESENTACION,CONTENIDO,UNIDADES_POR_CAJA,COSTO,COSTO_VENTA,PRECIO_BASE,UNIDAD_MEDIDA,CODIGO_BARRAS,ABREBIATURA) VALUES(1094,82,9,'Fabuloso Limpiador','Pasion de Frutas',2000.0,6.0,0.000000,0.000000,0.000000,'ML','7509546028378','Fabuloso Frutas 2Lt');

INSERT INTO MOVIMIENTO_HISTORICO_PRODUCTO (ALMACEN_ID,PRODUCTO_ID,FECHA,TIPO_MOVIMIENTO_ID,CANTIDAD,COSTO,PRECIO,USUARIO_ID) VALUES(1,1094,now(),30,6,0.000000,0.000000,'root');
INSERT INTO ALMACEN_PRODUCTO(ALMACEN_ID,PRODUCTO_ID,CANTIDAD_ACTUAL,PRECIO_VENTA) VALUES (1,1094,6,0.000000);

INSERT INTO ALMACEN_PRODUCTO(ALMACEN_ID,PRODUCTO_ID,CANTIDAD_ACTUAL,PRECIO_VENTA) VALUES (2,1094,0,0.000000);

INSERT INTO ALMACEN_PRODUCTO(ALMACEN_ID,PRODUCTO_ID,CANTIDAD_ACTUAL,PRECIO_VENTA) VALUES (3,1094,6,21.900000);

INSERT INTO ALMACEN_PRODUCTO(ALMACEN_ID,PRODUCTO_ID,CANTIDAD_ACTUAL,PRECIO_VENTA) VALUES (4,1094,0,0.000000);

INSERT INTO PROVEEDOR_PRODUCTO(PROVEEDOR_ID,PRODUCTO_ID,PRECIO_COMPRA) VALUES(6,1094, 0.000000);

-- ===========PRODUCTO [1095]
INSERT INTO PRODUCTO(ID,MARCA_ID,LINEA_ID,NOMBRE,PRESENTACION,CONTENIDO,UNIDADES_POR_CAJA,COSTO,COSTO_VENTA,PRECIO_BASE,UNIDAD_MEDIDA,CODIGO_BARRAS,ABREBIATURA) VALUES(1095,82,9,'Fabuloso Limpiador','Oxy Fresco',828.0,12.0,0.000000,0.000000,0.000000,'ML','7509546032634','Fabuloso Oxy Fsco 828');

INSERT INTO MOVIMIENTO_HISTORICO_PRODUCTO (ALMACEN_ID,PRODUCTO_ID,FECHA,TIPO_MOVIMIENTO_ID,CANTIDAD,COSTO,PRECIO,USUARIO_ID) VALUES(1,1095,now(),30,12,0.000000,0.000000,'root');
INSERT INTO ALMACEN_PRODUCTO(ALMACEN_ID,PRODUCTO_ID,CANTIDAD_ACTUAL,PRECIO_VENTA) VALUES (1,1095,12,0.000000);

INSERT INTO ALMACEN_PRODUCTO(ALMACEN_ID,PRODUCTO_ID,CANTIDAD_ACTUAL,PRECIO_VENTA) VALUES (2,1095,0,0.000000);

INSERT INTO ALMACEN_PRODUCTO(ALMACEN_ID,PRODUCTO_ID,CANTIDAD_ACTUAL,PRECIO_VENTA) VALUES (3,1095,12,12.500000);

INSERT INTO ALMACEN_PRODUCTO(ALMACEN_ID,PRODUCTO_ID,CANTIDAD_ACTUAL,PRECIO_VENTA) VALUES (4,1095,0,0.000000);

INSERT INTO PROVEEDOR_PRODUCTO(PROVEEDOR_ID,PRODUCTO_ID,PRECIO_COMPRA) VALUES(6,1095, 0.000000);

-- ===========PRODUCTO [1096]
INSERT INTO PRODUCTO(ID,MARCA_ID,LINEA_ID,NOMBRE,PRESENTACION,CONTENIDO,UNIDADES_POR_CAJA,COSTO,COSTO_VENTA,PRECIO_BASE,UNIDAD_MEDIDA,CODIGO_BARRAS,ABREBIATURA) VALUES(1096,36,14,'Caprice Shampoo','Citricos y Zing',800.0,12.0,17.600575,17.600575,24.500000,'ML','7509546036045','Capric Sh Citr Zing 800');

INSERT INTO MOVIMIENTO_HISTORICO_PRODUCTO (ALMACEN_ID,PRODUCTO_ID,FECHA,TIPO_MOVIMIENTO_ID,CANTIDAD,COSTO,PRECIO,USUARIO_ID) VALUES(1,1096,now(),30,11,17.600575,24.500000,'root');
INSERT INTO ALMACEN_PRODUCTO(ALMACEN_ID,PRODUCTO_ID,CANTIDAD_ACTUAL,PRECIO_VENTA) VALUES (1,1096,11,24.500000);

INSERT INTO ALMACEN_PRODUCTO(ALMACEN_ID,PRODUCTO_ID,CANTIDAD_ACTUAL,PRECIO_VENTA) VALUES (2,1096,0,0.000000);

INSERT INTO ALMACEN_PRODUCTO(ALMACEN_ID,PRODUCTO_ID,CANTIDAD_ACTUAL,PRECIO_VENTA) VALUES (3,1096,11,23.500000);

INSERT INTO ALMACEN_PRODUCTO(ALMACEN_ID,PRODUCTO_ID,CANTIDAD_ACTUAL,PRECIO_VENTA) VALUES (4,1096,0,0.000000);

INSERT INTO PROVEEDOR_PRODUCTO(PROVEEDOR_ID,PRODUCTO_ID,PRECIO_COMPRA) VALUES(6,1096, 17.600575);

-- ===========PRODUCTO [1097]
INSERT INTO PRODUCTO(ID,MARCA_ID,LINEA_ID,NOMBRE,PRESENTACION,CONTENIDO,UNIDADES_POR_CAJA,COSTO,COSTO_VENTA,PRECIO_BASE,UNIDAD_MEDIDA,CODIGO_BARRAS,ABREBIATURA) VALUES(1097,82,9,'Fabuloso Limpiador','Oxy Lavanda',828.0,12.0,0.000000,0.000000,0.000000,'ML','7509546041803','Fabuloso Oxy Lvnd 828');

INSERT INTO MOVIMIENTO_HISTORICO_PRODUCTO (ALMACEN_ID,PRODUCTO_ID,FECHA,TIPO_MOVIMIENTO_ID,CANTIDAD,COSTO,PRECIO,USUARIO_ID) VALUES(1,1097,now(),30,12,0.000000,0.000000,'root');
INSERT INTO ALMACEN_PRODUCTO(ALMACEN_ID,PRODUCTO_ID,CANTIDAD_ACTUAL,PRECIO_VENTA) VALUES (1,1097,12,0.000000);

INSERT INTO ALMACEN_PRODUCTO(ALMACEN_ID,PRODUCTO_ID,CANTIDAD_ACTUAL,PRECIO_VENTA) VALUES (2,1097,0,0.000000);

INSERT INTO ALMACEN_PRODUCTO(ALMACEN_ID,PRODUCTO_ID,CANTIDAD_ACTUAL,PRECIO_VENTA) VALUES (3,1097,12,12.500000);

INSERT INTO ALMACEN_PRODUCTO(ALMACEN_ID,PRODUCTO_ID,CANTIDAD_ACTUAL,PRECIO_VENTA) VALUES (4,1097,0,0.000000);

INSERT INTO PROVEEDOR_PRODUCTO(PROVEEDOR_ID,PRODUCTO_ID,PRECIO_COMPRA) VALUES(6,1097, 0.000000);

-- ===========PRODUCTO [1098]
INSERT INTO PRODUCTO(ID,MARCA_ID,LINEA_ID,NOMBRE,PRESENTACION,CONTENIDO,UNIDADES_POR_CAJA,COSTO,COSTO_VENTA,PRECIO_BASE,UNIDAD_MEDIDA,CODIGO_BARRAS,ABREBIATURA) VALUES(1098,36,14,'Caprice Shampoo','Acti Ceramidas',1.0,12.0,18.318966,18.318966,25.500000,'Lt','7509546042312','Capric Sh Ceramid 1Lt');

INSERT INTO MOVIMIENTO_HISTORICO_PRODUCTO (ALMACEN_ID,PRODUCTO_ID,FECHA,TIPO_MOVIMIENTO_ID,CANTIDAD,COSTO,PRECIO,USUARIO_ID) VALUES(1,1098,now(),30,11,18.318966,25.500000,'root');
INSERT INTO ALMACEN_PRODUCTO(ALMACEN_ID,PRODUCTO_ID,CANTIDAD_ACTUAL,PRECIO_VENTA) VALUES (1,1098,11,25.500000);

INSERT INTO ALMACEN_PRODUCTO(ALMACEN_ID,PRODUCTO_ID,CANTIDAD_ACTUAL,PRECIO_VENTA) VALUES (2,1098,0,0.000000);

INSERT INTO ALMACEN_PRODUCTO(ALMACEN_ID,PRODUCTO_ID,CANTIDAD_ACTUAL,PRECIO_VENTA) VALUES (3,1098,11,24.900000);

INSERT INTO ALMACEN_PRODUCTO(ALMACEN_ID,PRODUCTO_ID,CANTIDAD_ACTUAL,PRECIO_VENTA) VALUES (4,1098,0,0.000000);

INSERT INTO PROVEEDOR_PRODUCTO(PROVEEDOR_ID,PRODUCTO_ID,PRECIO_COMPRA) VALUES(6,1098, 18.318966);

-- ===========PRODUCTO [1099]
INSERT INTO PRODUCTO(ID,MARCA_ID,LINEA_ID,NOMBRE,PRESENTACION,CONTENIDO,UNIDADES_POR_CAJA,COSTO,COSTO_VENTA,PRECIO_BASE,UNIDAD_MEDIDA,CODIGO_BARRAS,ABREBIATURA) VALUES(1099,36,14,'Caprice Shampoo','Complejo Proteinas',800.0,12.0,17.600575,17.600575,24.500000,'ML','7509546043159','Capric Sh Compl Pr 800');

INSERT INTO MOVIMIENTO_HISTORICO_PRODUCTO (ALMACEN_ID,PRODUCTO_ID,FECHA,TIPO_MOVIMIENTO_ID,CANTIDAD,COSTO,PRECIO,USUARIO_ID) VALUES(1,1099,now(),30,11,17.600575,24.500000,'root');
INSERT INTO ALMACEN_PRODUCTO(ALMACEN_ID,PRODUCTO_ID,CANTIDAD_ACTUAL,PRECIO_VENTA) VALUES (1,1099,11,24.500000);

INSERT INTO ALMACEN_PRODUCTO(ALMACEN_ID,PRODUCTO_ID,CANTIDAD_ACTUAL,PRECIO_VENTA) VALUES (2,1099,0,0.000000);

INSERT INTO ALMACEN_PRODUCTO(ALMACEN_ID,PRODUCTO_ID,CANTIDAD_ACTUAL,PRECIO_VENTA) VALUES (3,1099,11,23.500000);

INSERT INTO ALMACEN_PRODUCTO(ALMACEN_ID,PRODUCTO_ID,CANTIDAD_ACTUAL,PRECIO_VENTA) VALUES (4,1099,0,0.000000);

INSERT INTO PROVEEDOR_PRODUCTO(PROVEEDOR_ID,PRODUCTO_ID,PRECIO_COMPRA) VALUES(6,1099, 17.600575);

-- ===========PRODUCTO [1100]
INSERT INTO PRODUCTO(ID,MARCA_ID,LINEA_ID,NOMBRE,PRESENTACION,CONTENIDO,UNIDADES_POR_CAJA,COSTO,COSTO_VENTA,PRECIO_BASE,UNIDAD_MEDIDA,CODIGO_BARRAS,ABREBIATURA) VALUES(1100,68,9,'Suavitel Liquido','Baby',1.7,8.0,18.728448,18.728448,26.070000,'Lt','7509546043586','Suavitel Baby 1.7Lt');

INSERT INTO MOVIMIENTO_HISTORICO_PRODUCTO (ALMACEN_ID,PRODUCTO_ID,FECHA,TIPO_MOVIMIENTO_ID,CANTIDAD,COSTO,PRECIO,USUARIO_ID) VALUES(1,1100,now(),30,8,18.728448,26.070000,'root');
INSERT INTO ALMACEN_PRODUCTO(ALMACEN_ID,PRODUCTO_ID,CANTIDAD_ACTUAL,PRECIO_VENTA) VALUES (1,1100,8,26.070000);

INSERT INTO ALMACEN_PRODUCTO(ALMACEN_ID,PRODUCTO_ID,CANTIDAD_ACTUAL,PRECIO_VENTA) VALUES (2,1100,2,0.000000);

INSERT INTO ALMACEN_PRODUCTO(ALMACEN_ID,PRODUCTO_ID,CANTIDAD_ACTUAL,PRECIO_VENTA) VALUES (3,1100,8,23.500000);

INSERT INTO ALMACEN_PRODUCTO(ALMACEN_ID,PRODUCTO_ID,CANTIDAD_ACTUAL,PRECIO_VENTA) VALUES (4,1100,2,0.000000);

INSERT INTO PROVEEDOR_PRODUCTO(PROVEEDOR_ID,PRODUCTO_ID,PRECIO_COMPRA) VALUES(6,1100, 18.728448);

-- ===========PRODUCTO [1101]
INSERT INTO PRODUCTO(ID,MARCA_ID,LINEA_ID,NOMBRE,PRESENTACION,CONTENIDO,UNIDADES_POR_CAJA,COSTO,COSTO_VENTA,PRECIO_BASE,UNIDAD_MEDIDA,CODIGO_BARRAS,ABREBIATURA) VALUES(1101,82,9,'Fabuloso Limpiador','Fresca Menta',1.0,12.0,0.000000,0.000000,0.000000,'Lt','7509546044903','Fabuloso Fca Mta 1Lt');

INSERT INTO MOVIMIENTO_HISTORICO_PRODUCTO (ALMACEN_ID,PRODUCTO_ID,FECHA,TIPO_MOVIMIENTO_ID,CANTIDAD,COSTO,PRECIO,USUARIO_ID) VALUES(1,1101,now(),30,12,0.000000,0.000000,'root');
INSERT INTO ALMACEN_PRODUCTO(ALMACEN_ID,PRODUCTO_ID,CANTIDAD_ACTUAL,PRECIO_VENTA) VALUES (1,1101,12,0.000000);

INSERT INTO ALMACEN_PRODUCTO(ALMACEN_ID,PRODUCTO_ID,CANTIDAD_ACTUAL,PRECIO_VENTA) VALUES (2,1101,0,0.000000);

INSERT INTO ALMACEN_PRODUCTO(ALMACEN_ID,PRODUCTO_ID,CANTIDAD_ACTUAL,PRECIO_VENTA) VALUES (3,1101,12,12.900000);

INSERT INTO ALMACEN_PRODUCTO(ALMACEN_ID,PRODUCTO_ID,CANTIDAD_ACTUAL,PRECIO_VENTA) VALUES (4,1101,0,0.000000);

INSERT INTO PROVEEDOR_PRODUCTO(PROVEEDOR_ID,PRODUCTO_ID,PRECIO_COMPRA) VALUES(6,1101, 0.000000);

-- ===========PRODUCTO [1102]
INSERT INTO PRODUCTO(ID,MARCA_ID,LINEA_ID,NOMBRE,PRESENTACION,CONTENIDO,UNIDADES_POR_CAJA,COSTO,COSTO_VENTA,PRECIO_BASE,UNIDAD_MEDIDA,CODIGO_BARRAS,ABREBIATURA) VALUES(1102,36,14,'Caprice Shampoo','Nectar de Miel',800.0,12.0,17.600575,17.600575,24.500000,'ML','7509546045139','Capric Sh Nect Miel 800');

INSERT INTO MOVIMIENTO_HISTORICO_PRODUCTO (ALMACEN_ID,PRODUCTO_ID,FECHA,TIPO_MOVIMIENTO_ID,CANTIDAD,COSTO,PRECIO,USUARIO_ID) VALUES(1,1102,now(),30,12,17.600575,24.500000,'root');
INSERT INTO ALMACEN_PRODUCTO(ALMACEN_ID,PRODUCTO_ID,CANTIDAD_ACTUAL,PRECIO_VENTA) VALUES (1,1102,12,24.500000);

INSERT INTO ALMACEN_PRODUCTO(ALMACEN_ID,PRODUCTO_ID,CANTIDAD_ACTUAL,PRECIO_VENTA) VALUES (2,1102,0,0.000000);

INSERT INTO ALMACEN_PRODUCTO(ALMACEN_ID,PRODUCTO_ID,CANTIDAD_ACTUAL,PRECIO_VENTA) VALUES (3,1102,12,23.500000);

INSERT INTO ALMACEN_PRODUCTO(ALMACEN_ID,PRODUCTO_ID,CANTIDAD_ACTUAL,PRECIO_VENTA) VALUES (4,1102,0,0.000000);

INSERT INTO PROVEEDOR_PRODUCTO(PROVEEDOR_ID,PRODUCTO_ID,PRECIO_COMPRA) VALUES(6,1102, 17.600575);

-- ===========PRODUCTO [1103]
INSERT INTO PRODUCTO(ID,MARCA_ID,LINEA_ID,NOMBRE,PRESENTACION,CONTENIDO,UNIDADES_POR_CAJA,COSTO,COSTO_VENTA,PRECIO_BASE,UNIDAD_MEDIDA,CODIGO_BARRAS,ABREBIATURA) VALUES(1103,36,14,'Caprice Shampoo','Granada + Filtro UV',800.0,12.0,17.600575,17.600575,24.500000,'ML','7509546045801','Capric Sh Granda 800m');

INSERT INTO MOVIMIENTO_HISTORICO_PRODUCTO (ALMACEN_ID,PRODUCTO_ID,FECHA,TIPO_MOVIMIENTO_ID,CANTIDAD,COSTO,PRECIO,USUARIO_ID) VALUES(1,1103,now(),30,12,17.600575,24.500000,'root');
INSERT INTO ALMACEN_PRODUCTO(ALMACEN_ID,PRODUCTO_ID,CANTIDAD_ACTUAL,PRECIO_VENTA) VALUES (1,1103,12,24.500000);

INSERT INTO ALMACEN_PRODUCTO(ALMACEN_ID,PRODUCTO_ID,CANTIDAD_ACTUAL,PRECIO_VENTA) VALUES (2,1103,0,0.000000);

INSERT INTO ALMACEN_PRODUCTO(ALMACEN_ID,PRODUCTO_ID,CANTIDAD_ACTUAL,PRECIO_VENTA) VALUES (3,1103,12,23.500000);

INSERT INTO ALMACEN_PRODUCTO(ALMACEN_ID,PRODUCTO_ID,CANTIDAD_ACTUAL,PRECIO_VENTA) VALUES (4,1103,0,0.000000);

INSERT INTO PROVEEDOR_PRODUCTO(PROVEEDOR_ID,PRODUCTO_ID,PRECIO_COMPRA) VALUES(6,1103, 17.600575);

-- ===========PRODUCTO [1104]
INSERT INTO PRODUCTO(ID,MARCA_ID,LINEA_ID,NOMBRE,PRESENTACION,CONTENIDO,UNIDADES_POR_CAJA,COSTO,COSTO_VENTA,PRECIO_BASE,UNIDAD_MEDIDA,CODIGO_BARRAS,ABREBIATURA) VALUES(1104,69,9,'Axion Liquido','Oxy Plus',750.0,12.0,0.000000,0.000000,0.000000,'ML','7509546048123','Axion Liq Oxy Plus 750');

INSERT INTO MOVIMIENTO_HISTORICO_PRODUCTO (ALMACEN_ID,PRODUCTO_ID,FECHA,TIPO_MOVIMIENTO_ID,CANTIDAD,COSTO,PRECIO,USUARIO_ID) VALUES(1,1104,now(),30,11,0.000000,0.000000,'root');
INSERT INTO ALMACEN_PRODUCTO(ALMACEN_ID,PRODUCTO_ID,CANTIDAD_ACTUAL,PRECIO_VENTA) VALUES (1,1104,11,0.000000);

INSERT INTO ALMACEN_PRODUCTO(ALMACEN_ID,PRODUCTO_ID,CANTIDAD_ACTUAL,PRECIO_VENTA) VALUES (2,1104,0,0.000000);

INSERT INTO ALMACEN_PRODUCTO(ALMACEN_ID,PRODUCTO_ID,CANTIDAD_ACTUAL,PRECIO_VENTA) VALUES (3,1104,11,19.900000);

INSERT INTO ALMACEN_PRODUCTO(ALMACEN_ID,PRODUCTO_ID,CANTIDAD_ACTUAL,PRECIO_VENTA) VALUES (4,1104,0,0.000000);

INSERT INTO PROVEEDOR_PRODUCTO(PROVEEDOR_ID,PRODUCTO_ID,PRECIO_COMPRA) VALUES(6,1104, 0.000000);

-- ===========PRODUCTO [1105]
INSERT INTO PRODUCTO(ID,MARCA_ID,LINEA_ID,NOMBRE,PRESENTACION,CONTENIDO,UNIDADES_POR_CAJA,COSTO,COSTO_VENTA,PRECIO_BASE,UNIDAD_MEDIDA,CODIGO_BARRAS,ABREBIATURA) VALUES(1105,35,11,'Colgate Cepillo Dental','zigzag Antibacterial',1.0,12.0,0.000000,0.000000,0.000000,'PZ','7509546048475','Colgte Cep Zigz Antib 1');

INSERT INTO MOVIMIENTO_HISTORICO_PRODUCTO (ALMACEN_ID,PRODUCTO_ID,FECHA,TIPO_MOVIMIENTO_ID,CANTIDAD,COSTO,PRECIO,USUARIO_ID) VALUES(1,1105,now(),30,11,0.000000,0.000000,'root');
INSERT INTO ALMACEN_PRODUCTO(ALMACEN_ID,PRODUCTO_ID,CANTIDAD_ACTUAL,PRECIO_VENTA) VALUES (1,1105,11,0.000000);

INSERT INTO ALMACEN_PRODUCTO(ALMACEN_ID,PRODUCTO_ID,CANTIDAD_ACTUAL,PRECIO_VENTA) VALUES (2,1105,0,0.000000);

INSERT INTO ALMACEN_PRODUCTO(ALMACEN_ID,PRODUCTO_ID,CANTIDAD_ACTUAL,PRECIO_VENTA) VALUES (3,1105,11,0.000000);

INSERT INTO ALMACEN_PRODUCTO(ALMACEN_ID,PRODUCTO_ID,CANTIDAD_ACTUAL,PRECIO_VENTA) VALUES (4,1105,0,0.000000);

INSERT INTO PROVEEDOR_PRODUCTO(PROVEEDOR_ID,PRODUCTO_ID,PRECIO_COMPRA) VALUES(6,1105, 0.000000);

-- ===========PRODUCTO [1106]
INSERT INTO PRODUCTO(ID,MARCA_ID,LINEA_ID,NOMBRE,PRESENTACION,CONTENIDO,UNIDADES_POR_CAJA,COSTO,COSTO_VENTA,PRECIO_BASE,UNIDAD_MEDIDA,CODIGO_BARRAS,ABREBIATURA) VALUES(1106,68,9,'Suavitel','Fresco Aroma de Sol',1.0,12.0,0.000000,0.000000,0.000000,'Lt','7509546049083','Suavitel Arom Sol 1Lt');

INSERT INTO MOVIMIENTO_HISTORICO_PRODUCTO (ALMACEN_ID,PRODUCTO_ID,FECHA,TIPO_MOVIMIENTO_ID,CANTIDAD,COSTO,PRECIO,USUARIO_ID) VALUES(1,1106,now(),30,12,0.000000,0.000000,'root');
INSERT INTO ALMACEN_PRODUCTO(ALMACEN_ID,PRODUCTO_ID,CANTIDAD_ACTUAL,PRECIO_VENTA) VALUES (1,1106,12,0.000000);

INSERT INTO ALMACEN_PRODUCTO(ALMACEN_ID,PRODUCTO_ID,CANTIDAD_ACTUAL,PRECIO_VENTA) VALUES (2,1106,0,0.000000);

INSERT INTO ALMACEN_PRODUCTO(ALMACEN_ID,PRODUCTO_ID,CANTIDAD_ACTUAL,PRECIO_VENTA) VALUES (3,1106,12,17.500000);

INSERT INTO ALMACEN_PRODUCTO(ALMACEN_ID,PRODUCTO_ID,CANTIDAD_ACTUAL,PRECIO_VENTA) VALUES (4,1106,0,0.000000);

INSERT INTO PROVEEDOR_PRODUCTO(PROVEEDOR_ID,PRODUCTO_ID,PRECIO_COMPRA) VALUES(6,1106, 0.000000);

-- ===========PRODUCTO [1107]
INSERT INTO PRODUCTO(ID,MARCA_ID,LINEA_ID,NOMBRE,PRESENTACION,CONTENIDO,UNIDADES_POR_CAJA,COSTO,COSTO_VENTA,PRECIO_BASE,UNIDAD_MEDIDA,CODIGO_BARRAS,ABREBIATURA) VALUES(1107,36,14,'Caprice Shampoo','Nectar de Miel',1.0,12.0,18.318966,18.318966,25.500000,'Lt','7509546049519','Capric Sh Nect Miel 1Lt');

INSERT INTO MOVIMIENTO_HISTORICO_PRODUCTO (ALMACEN_ID,PRODUCTO_ID,FECHA,TIPO_MOVIMIENTO_ID,CANTIDAD,COSTO,PRECIO,USUARIO_ID) VALUES(1,1107,now(),30,11,18.318966,25.500000,'root');
INSERT INTO ALMACEN_PRODUCTO(ALMACEN_ID,PRODUCTO_ID,CANTIDAD_ACTUAL,PRECIO_VENTA) VALUES (1,1107,11,25.500000);

INSERT INTO ALMACEN_PRODUCTO(ALMACEN_ID,PRODUCTO_ID,CANTIDAD_ACTUAL,PRECIO_VENTA) VALUES (2,1107,0,0.000000);

INSERT INTO ALMACEN_PRODUCTO(ALMACEN_ID,PRODUCTO_ID,CANTIDAD_ACTUAL,PRECIO_VENTA) VALUES (3,1107,11,24.900000);

INSERT INTO ALMACEN_PRODUCTO(ALMACEN_ID,PRODUCTO_ID,CANTIDAD_ACTUAL,PRECIO_VENTA) VALUES (4,1107,0,0.000000);

INSERT INTO PROVEEDOR_PRODUCTO(PROVEEDOR_ID,PRODUCTO_ID,PRECIO_COMPRA) VALUES(6,1107, 18.318966);

-- ===========PRODUCTO [1108]
INSERT INTO PRODUCTO(ID,MARCA_ID,LINEA_ID,NOMBRE,PRESENTACION,CONTENIDO,UNIDADES_POR_CAJA,COSTO,COSTO_VENTA,PRECIO_BASE,UNIDAD_MEDIDA,CODIGO_BARRAS,ABREBIATURA) VALUES(1108,68,9,'Suavitel Liquido','Anochecer',1.7,8.0,18.728448,18.728448,26.070000,'Lt','7509546050126','Suavitel Anoch 1.7Lt');

INSERT INTO MOVIMIENTO_HISTORICO_PRODUCTO (ALMACEN_ID,PRODUCTO_ID,FECHA,TIPO_MOVIMIENTO_ID,CANTIDAD,COSTO,PRECIO,USUARIO_ID) VALUES(1,1108,now(),30,7,18.728448,26.070000,'root');
INSERT INTO ALMACEN_PRODUCTO(ALMACEN_ID,PRODUCTO_ID,CANTIDAD_ACTUAL,PRECIO_VENTA) VALUES (1,1108,7,26.070000);

INSERT INTO ALMACEN_PRODUCTO(ALMACEN_ID,PRODUCTO_ID,CANTIDAD_ACTUAL,PRECIO_VENTA) VALUES (2,1108,0,0.000000);

INSERT INTO ALMACEN_PRODUCTO(ALMACEN_ID,PRODUCTO_ID,CANTIDAD_ACTUAL,PRECIO_VENTA) VALUES (3,1108,7,23.500000);

INSERT INTO ALMACEN_PRODUCTO(ALMACEN_ID,PRODUCTO_ID,CANTIDAD_ACTUAL,PRECIO_VENTA) VALUES (4,1108,0,0.000000);

INSERT INTO PROVEEDOR_PRODUCTO(PROVEEDOR_ID,PRODUCTO_ID,PRECIO_COMPRA) VALUES(6,1108, 18.728448);

-- ===========PRODUCTO [1109]
INSERT INTO PRODUCTO(ID,MARCA_ID,LINEA_ID,NOMBRE,PRESENTACION,CONTENIDO,UNIDADES_POR_CAJA,COSTO,COSTO_VENTA,PRECIO_BASE,UNIDAD_MEDIDA,CODIGO_BARRAS,ABREBIATURA) VALUES(1109,27,9,'Vel Rosita Shampoo Ropa','Color',1.0,12.0,0.000000,0.000000,0.000000,'Lt','7509546051482','Vel Rosita Color 1Lto');

INSERT INTO MOVIMIENTO_HISTORICO_PRODUCTO (ALMACEN_ID,PRODUCTO_ID,FECHA,TIPO_MOVIMIENTO_ID,CANTIDAD,COSTO,PRECIO,USUARIO_ID) VALUES(1,1109,now(),30,12,0.000000,0.000000,'root');
INSERT INTO ALMACEN_PRODUCTO(ALMACEN_ID,PRODUCTO_ID,CANTIDAD_ACTUAL,PRECIO_VENTA) VALUES (1,1109,12,0.000000);

INSERT INTO ALMACEN_PRODUCTO(ALMACEN_ID,PRODUCTO_ID,CANTIDAD_ACTUAL,PRECIO_VENTA) VALUES (2,1109,1,0.000000);

INSERT INTO ALMACEN_PRODUCTO(ALMACEN_ID,PRODUCTO_ID,CANTIDAD_ACTUAL,PRECIO_VENTA) VALUES (3,1109,12,0.000000);

INSERT INTO ALMACEN_PRODUCTO(ALMACEN_ID,PRODUCTO_ID,CANTIDAD_ACTUAL,PRECIO_VENTA) VALUES (4,1109,1,0.000000);

INSERT INTO PROVEEDOR_PRODUCTO(PROVEEDOR_ID,PRODUCTO_ID,PRECIO_COMPRA) VALUES(6,1109, 0.000000);

-- ===========PRODUCTO [1110]
INSERT INTO PRODUCTO(ID,MARCA_ID,LINEA_ID,NOMBRE,PRESENTACION,CONTENIDO,UNIDADES_POR_CAJA,COSTO,COSTO_VENTA,PRECIO_BASE,UNIDAD_MEDIDA,CODIGO_BARRAS,ABREBIATURA) VALUES(1110,82,9,'Fabuloso Limpiador','Fresco Amanecer',1.2,12.0,0.000000,0.000000,0.000000,'L','7509546051611','Fabuloso Amanc 1.2');

INSERT INTO MOVIMIENTO_HISTORICO_PRODUCTO (ALMACEN_ID,PRODUCTO_ID,FECHA,TIPO_MOVIMIENTO_ID,CANTIDAD,COSTO,PRECIO,USUARIO_ID) VALUES(1,1110,now(),30,11,0.000000,0.000000,'root');
INSERT INTO ALMACEN_PRODUCTO(ALMACEN_ID,PRODUCTO_ID,CANTIDAD_ACTUAL,PRECIO_VENTA) VALUES (1,1110,11,0.000000);

INSERT INTO ALMACEN_PRODUCTO(ALMACEN_ID,PRODUCTO_ID,CANTIDAD_ACTUAL,PRECIO_VENTA) VALUES (2,1110,0,0.000000);

INSERT INTO ALMACEN_PRODUCTO(ALMACEN_ID,PRODUCTO_ID,CANTIDAD_ACTUAL,PRECIO_VENTA) VALUES (3,1110,11,13.500000);

INSERT INTO ALMACEN_PRODUCTO(ALMACEN_ID,PRODUCTO_ID,CANTIDAD_ACTUAL,PRECIO_VENTA) VALUES (4,1110,0,0.000000);

INSERT INTO PROVEEDOR_PRODUCTO(PROVEEDOR_ID,PRODUCTO_ID,PRECIO_COMPRA) VALUES(6,1110, 0.000000);

-- ===========PRODUCTO [1111]
INSERT INTO PRODUCTO(ID,MARCA_ID,LINEA_ID,NOMBRE,PRESENTACION,CONTENIDO,UNIDADES_POR_CAJA,COSTO,COSTO_VENTA,PRECIO_BASE,UNIDAD_MEDIDA,CODIGO_BARRAS,ABREBIATURA) VALUES(1111,82,9,'Fabuloso Limpiador','Esencias Citricas',828.0,12.0,0.000000,0.000000,0.000000,'ML','7509546055084','Fabuloso Citric 828ml');

INSERT INTO MOVIMIENTO_HISTORICO_PRODUCTO (ALMACEN_ID,PRODUCTO_ID,FECHA,TIPO_MOVIMIENTO_ID,CANTIDAD,COSTO,PRECIO,USUARIO_ID) VALUES(1,1111,now(),30,12,0.000000,0.000000,'root');
INSERT INTO ALMACEN_PRODUCTO(ALMACEN_ID,PRODUCTO_ID,CANTIDAD_ACTUAL,PRECIO_VENTA) VALUES (1,1111,12,0.000000);

INSERT INTO ALMACEN_PRODUCTO(ALMACEN_ID,PRODUCTO_ID,CANTIDAD_ACTUAL,PRECIO_VENTA) VALUES (2,1111,0,0.000000);

INSERT INTO ALMACEN_PRODUCTO(ALMACEN_ID,PRODUCTO_ID,CANTIDAD_ACTUAL,PRECIO_VENTA) VALUES (3,1111,12,12.500000);

INSERT INTO ALMACEN_PRODUCTO(ALMACEN_ID,PRODUCTO_ID,CANTIDAD_ACTUAL,PRECIO_VENTA) VALUES (4,1111,0,0.000000);

INSERT INTO PROVEEDOR_PRODUCTO(PROVEEDOR_ID,PRODUCTO_ID,PRECIO_COMPRA) VALUES(6,1111, 0.000000);

-- ===========PRODUCTO [1112]
INSERT INTO PRODUCTO(ID,MARCA_ID,LINEA_ID,NOMBRE,PRESENTACION,CONTENIDO,UNIDADES_POR_CAJA,COSTO,COSTO_VENTA,PRECIO_BASE,UNIDAD_MEDIDA,CODIGO_BARRAS,ABREBIATURA) VALUES(1112,15,4,'Lady Speed Stick Barra','Naturals & Protect',20.0,24.0,0.000000,0.000000,0.000000,'g','7509546055435','Lady SS Bar Nat & Pr 20g');

INSERT INTO MOVIMIENTO_HISTORICO_PRODUCTO (ALMACEN_ID,PRODUCTO_ID,FECHA,TIPO_MOVIMIENTO_ID,CANTIDAD,COSTO,PRECIO,USUARIO_ID) VALUES(1,1112,now(),30,24,0.000000,0.000000,'root');
INSERT INTO ALMACEN_PRODUCTO(ALMACEN_ID,PRODUCTO_ID,CANTIDAD_ACTUAL,PRECIO_VENTA) VALUES (1,1112,24,0.000000);

INSERT INTO ALMACEN_PRODUCTO(ALMACEN_ID,PRODUCTO_ID,CANTIDAD_ACTUAL,PRECIO_VENTA) VALUES (2,1112,0,0.000000);

INSERT INTO ALMACEN_PRODUCTO(ALMACEN_ID,PRODUCTO_ID,CANTIDAD_ACTUAL,PRECIO_VENTA) VALUES (3,1112,24,0.000000);

INSERT INTO ALMACEN_PRODUCTO(ALMACEN_ID,PRODUCTO_ID,CANTIDAD_ACTUAL,PRECIO_VENTA) VALUES (4,1112,0,0.000000);

INSERT INTO PROVEEDOR_PRODUCTO(PROVEEDOR_ID,PRODUCTO_ID,PRECIO_COMPRA) VALUES(6,1112, 0.000000);

-- ===========PRODUCTO [1113]
INSERT INTO PRODUCTO(ID,MARCA_ID,LINEA_ID,NOMBRE,PRESENTACION,CONTENIDO,UNIDADES_POR_CAJA,COSTO,COSTO_VENTA,PRECIO_BASE,UNIDAD_MEDIDA,CODIGO_BARRAS,ABREBIATURA) VALUES(1113,68,9,'Suavitel Adios al Planchado','Orquideas Blancas',850.0,12.0,0.000000,0.000000,0.000000,'ML','7509546056005','Suavit Orquideas 850m');

INSERT INTO MOVIMIENTO_HISTORICO_PRODUCTO (ALMACEN_ID,PRODUCTO_ID,FECHA,TIPO_MOVIMIENTO_ID,CANTIDAD,COSTO,PRECIO,USUARIO_ID) VALUES(1,1113,now(),30,12,0.000000,0.000000,'root');
INSERT INTO ALMACEN_PRODUCTO(ALMACEN_ID,PRODUCTO_ID,CANTIDAD_ACTUAL,PRECIO_VENTA) VALUES (1,1113,12,0.000000);

INSERT INTO ALMACEN_PRODUCTO(ALMACEN_ID,PRODUCTO_ID,CANTIDAD_ACTUAL,PRECIO_VENTA) VALUES (2,1113,0,0.000000);

INSERT INTO ALMACEN_PRODUCTO(ALMACEN_ID,PRODUCTO_ID,CANTIDAD_ACTUAL,PRECIO_VENTA) VALUES (3,1113,12,13.900000);

INSERT INTO ALMACEN_PRODUCTO(ALMACEN_ID,PRODUCTO_ID,CANTIDAD_ACTUAL,PRECIO_VENTA) VALUES (4,1113,0,0.000000);

INSERT INTO PROVEEDOR_PRODUCTO(PROVEEDOR_ID,PRODUCTO_ID,PRECIO_COMPRA) VALUES(6,1113, 0.000000);

-- ===========PRODUCTO [1114]
INSERT INTO PRODUCTO(ID,MARCA_ID,LINEA_ID,NOMBRE,PRESENTACION,CONTENIDO,UNIDADES_POR_CAJA,COSTO,COSTO_VENTA,PRECIO_BASE,UNIDAD_MEDIDA,CODIGO_BARRAS,ABREBIATURA) VALUES(1114,36,14,'Caprice Shampoo','Mango Seduccin',220.0,15.0,0.000000,0.000000,0.000000,'ML','7509546056241','Palm Jab Corp Mang 220');

INSERT INTO MOVIMIENTO_HISTORICO_PRODUCTO (ALMACEN_ID,PRODUCTO_ID,FECHA,TIPO_MOVIMIENTO_ID,CANTIDAD,COSTO,PRECIO,USUARIO_ID) VALUES(1,1114,now(),30,15,0.000000,0.000000,'root');
INSERT INTO ALMACEN_PRODUCTO(ALMACEN_ID,PRODUCTO_ID,CANTIDAD_ACTUAL,PRECIO_VENTA) VALUES (1,1114,15,0.000000);

INSERT INTO ALMACEN_PRODUCTO(ALMACEN_ID,PRODUCTO_ID,CANTIDAD_ACTUAL,PRECIO_VENTA) VALUES (2,1114,0,0.000000);

INSERT INTO ALMACEN_PRODUCTO(ALMACEN_ID,PRODUCTO_ID,CANTIDAD_ACTUAL,PRECIO_VENTA) VALUES (3,1114,15,0.000000);

INSERT INTO ALMACEN_PRODUCTO(ALMACEN_ID,PRODUCTO_ID,CANTIDAD_ACTUAL,PRECIO_VENTA) VALUES (4,1114,0,0.000000);

INSERT INTO PROVEEDOR_PRODUCTO(PROVEEDOR_ID,PRODUCTO_ID,PRECIO_COMPRA) VALUES(6,1114, 0.000000);

-- ===========PRODUCTO [1115]
INSERT INTO PRODUCTO(ID,MARCA_ID,LINEA_ID,NOMBRE,PRESENTACION,CONTENIDO,UNIDADES_POR_CAJA,COSTO,COSTO_VENTA,PRECIO_BASE,UNIDAD_MEDIDA,CODIGO_BARRAS,ABREBIATURA) VALUES(1115,36,14,'Caprice Shampoo','Passion Berries',220.0,15.0,0.000000,0.000000,0.000000,'ml','7509546056265','Palm Jab Corp Pass 220');

INSERT INTO MOVIMIENTO_HISTORICO_PRODUCTO (ALMACEN_ID,PRODUCTO_ID,FECHA,TIPO_MOVIMIENTO_ID,CANTIDAD,COSTO,PRECIO,USUARIO_ID) VALUES(1,1115,now(),30,15,0.000000,0.000000,'root');
INSERT INTO ALMACEN_PRODUCTO(ALMACEN_ID,PRODUCTO_ID,CANTIDAD_ACTUAL,PRECIO_VENTA) VALUES (1,1115,15,0.000000);

INSERT INTO ALMACEN_PRODUCTO(ALMACEN_ID,PRODUCTO_ID,CANTIDAD_ACTUAL,PRECIO_VENTA) VALUES (2,1115,0,0.000000);

INSERT INTO ALMACEN_PRODUCTO(ALMACEN_ID,PRODUCTO_ID,CANTIDAD_ACTUAL,PRECIO_VENTA) VALUES (3,1115,15,0.000000);

INSERT INTO ALMACEN_PRODUCTO(ALMACEN_ID,PRODUCTO_ID,CANTIDAD_ACTUAL,PRECIO_VENTA) VALUES (4,1115,0,0.000000);

INSERT INTO PROVEEDOR_PRODUCTO(PROVEEDOR_ID,PRODUCTO_ID,PRECIO_COMPRA) VALUES(6,1115, 0.000000);

-- ===========PRODUCTO [1116]
INSERT INTO PRODUCTO(ID,MARCA_ID,LINEA_ID,NOMBRE,PRESENTACION,CONTENIDO,UNIDADES_POR_CAJA,COSTO,COSTO_VENTA,PRECIO_BASE,UNIDAD_MEDIDA,CODIGO_BARRAS,ABREBIATURA) VALUES(1116,69,9,'Axion Detergente Liquido','Lavanda',750.0,12.0,0.000000,0.000000,0.000000,'ML','7509546056289','Axion Liq Lvnda 750ml');

INSERT INTO MOVIMIENTO_HISTORICO_PRODUCTO (ALMACEN_ID,PRODUCTO_ID,FECHA,TIPO_MOVIMIENTO_ID,CANTIDAD,COSTO,PRECIO,USUARIO_ID) VALUES(1,1116,now(),30,12,0.000000,0.000000,'root');
INSERT INTO ALMACEN_PRODUCTO(ALMACEN_ID,PRODUCTO_ID,CANTIDAD_ACTUAL,PRECIO_VENTA) VALUES (1,1116,12,0.000000);

INSERT INTO ALMACEN_PRODUCTO(ALMACEN_ID,PRODUCTO_ID,CANTIDAD_ACTUAL,PRECIO_VENTA) VALUES (2,1116,0,0.000000);

INSERT INTO ALMACEN_PRODUCTO(ALMACEN_ID,PRODUCTO_ID,CANTIDAD_ACTUAL,PRECIO_VENTA) VALUES (3,1116,12,19.900000);

INSERT INTO ALMACEN_PRODUCTO(ALMACEN_ID,PRODUCTO_ID,CANTIDAD_ACTUAL,PRECIO_VENTA) VALUES (4,1116,0,0.000000);

INSERT INTO PROVEEDOR_PRODUCTO(PROVEEDOR_ID,PRODUCTO_ID,PRECIO_COMPRA) VALUES(6,1116, 0.000000);

-- ===========PRODUCTO [1117]
INSERT INTO PRODUCTO(ID,MARCA_ID,LINEA_ID,NOMBRE,PRESENTACION,CONTENIDO,UNIDADES_POR_CAJA,COSTO,COSTO_VENTA,PRECIO_BASE,UNIDAD_MEDIDA,CODIGO_BARRAS,ABREBIATURA) VALUES(1117,49,4,'Stefano Stick Caballero','Gladius',60.0,12.0,0.000000,0.000000,0.000000,'G','7509546056883','Stef Bar Gladius 60g');

INSERT INTO MOVIMIENTO_HISTORICO_PRODUCTO (ALMACEN_ID,PRODUCTO_ID,FECHA,TIPO_MOVIMIENTO_ID,CANTIDAD,COSTO,PRECIO,USUARIO_ID) VALUES(1,1117,now(),30,12,0.000000,0.000000,'root');
INSERT INTO ALMACEN_PRODUCTO(ALMACEN_ID,PRODUCTO_ID,CANTIDAD_ACTUAL,PRECIO_VENTA) VALUES (1,1117,12,0.000000);

INSERT INTO ALMACEN_PRODUCTO(ALMACEN_ID,PRODUCTO_ID,CANTIDAD_ACTUAL,PRECIO_VENTA) VALUES (2,1117,0,0.000000);

INSERT INTO ALMACEN_PRODUCTO(ALMACEN_ID,PRODUCTO_ID,CANTIDAD_ACTUAL,PRECIO_VENTA) VALUES (3,1117,12,0.000000);

INSERT INTO ALMACEN_PRODUCTO(ALMACEN_ID,PRODUCTO_ID,CANTIDAD_ACTUAL,PRECIO_VENTA) VALUES (4,1117,0,0.000000);

INSERT INTO PROVEEDOR_PRODUCTO(PROVEEDOR_ID,PRODUCTO_ID,PRECIO_COMPRA) VALUES(6,1117, 0.000000);

-- ===========PRODUCTO [1118]
INSERT INTO PRODUCTO(ID,MARCA_ID,LINEA_ID,NOMBRE,PRESENTACION,CONTENIDO,UNIDADES_POR_CAJA,COSTO,COSTO_VENTA,PRECIO_BASE,UNIDAD_MEDIDA,CODIGO_BARRAS,ABREBIATURA) VALUES(1118,35,11,'Colgate Cepillo Pack','360 Surround',2.0,12.0,0.000000,0.000000,0.000000,'PZ','7702010130496','Clgte Cep Pck 360 Surro');

INSERT INTO MOVIMIENTO_HISTORICO_PRODUCTO (ALMACEN_ID,PRODUCTO_ID,FECHA,TIPO_MOVIMIENTO_ID,CANTIDAD,COSTO,PRECIO,USUARIO_ID) VALUES(1,1118,now(),30,11,0.000000,0.000000,'root');
INSERT INTO ALMACEN_PRODUCTO(ALMACEN_ID,PRODUCTO_ID,CANTIDAD_ACTUAL,PRECIO_VENTA) VALUES (1,1118,11,0.000000);

INSERT INTO ALMACEN_PRODUCTO(ALMACEN_ID,PRODUCTO_ID,CANTIDAD_ACTUAL,PRECIO_VENTA) VALUES (2,1118,0,0.000000);

INSERT INTO ALMACEN_PRODUCTO(ALMACEN_ID,PRODUCTO_ID,CANTIDAD_ACTUAL,PRECIO_VENTA) VALUES (3,1118,11,0.000000);

INSERT INTO ALMACEN_PRODUCTO(ALMACEN_ID,PRODUCTO_ID,CANTIDAD_ACTUAL,PRECIO_VENTA) VALUES (4,1118,0,0.000000);

INSERT INTO PROVEEDOR_PRODUCTO(PROVEEDOR_ID,PRODUCTO_ID,PRECIO_COMPRA) VALUES(6,1118, 0.000000);

-- ===========PRODUCTO [1119]
INSERT INTO PRODUCTO(ID,MARCA_ID,LINEA_ID,NOMBRE,PRESENTACION,CONTENIDO,UNIDADES_POR_CAJA,COSTO,COSTO_VENTA,PRECIO_BASE,UNIDAD_MEDIDA,CODIGO_BARRAS,ABREBIATURA) VALUES(1119,35,11,'Colgate Hilo Dental','Total 12',100.0,24.0,0.000000,0.000000,0.000000,'M','7891024183281','Clgte Hilo Dental 100M');

INSERT INTO MOVIMIENTO_HISTORICO_PRODUCTO (ALMACEN_ID,PRODUCTO_ID,FECHA,TIPO_MOVIMIENTO_ID,CANTIDAD,COSTO,PRECIO,USUARIO_ID) VALUES(1,1119,now(),30,24,0.000000,0.000000,'root');
INSERT INTO ALMACEN_PRODUCTO(ALMACEN_ID,PRODUCTO_ID,CANTIDAD_ACTUAL,PRECIO_VENTA) VALUES (1,1119,24,0.000000);

INSERT INTO ALMACEN_PRODUCTO(ALMACEN_ID,PRODUCTO_ID,CANTIDAD_ACTUAL,PRECIO_VENTA) VALUES (2,1119,0,0.000000);

INSERT INTO ALMACEN_PRODUCTO(ALMACEN_ID,PRODUCTO_ID,CANTIDAD_ACTUAL,PRECIO_VENTA) VALUES (3,1119,24,0.000000);

INSERT INTO ALMACEN_PRODUCTO(ALMACEN_ID,PRODUCTO_ID,CANTIDAD_ACTUAL,PRECIO_VENTA) VALUES (4,1119,0,0.000000);

INSERT INTO PROVEEDOR_PRODUCTO(PROVEEDOR_ID,PRODUCTO_ID,PRECIO_COMPRA) VALUES(6,1119, 0.000000);

-- ===========PRODUCTO [1120]
INSERT INTO PRODUCTO(ID,MARCA_ID,LINEA_ID,NOMBRE,PRESENTACION,CONTENIDO,UNIDADES_POR_CAJA,COSTO,COSTO_VENTA,PRECIO_BASE,UNIDAD_MEDIDA,CODIGO_BARRAS,ABREBIATURA) VALUES(1120,35,11,'Colgate Cepillo Pack','Limpieza Completa 360',2.0,12.0,0.000000,0.000000,0.000000,'PZ','7891024316191','Clgte Cep Pck 360 Lmpza');

INSERT INTO MOVIMIENTO_HISTORICO_PRODUCTO (ALMACEN_ID,PRODUCTO_ID,FECHA,TIPO_MOVIMIENTO_ID,CANTIDAD,COSTO,PRECIO,USUARIO_ID) VALUES(1,1120,now(),30,12,0.000000,0.000000,'root');
INSERT INTO ALMACEN_PRODUCTO(ALMACEN_ID,PRODUCTO_ID,CANTIDAD_ACTUAL,PRECIO_VENTA) VALUES (1,1120,12,0.000000);

INSERT INTO ALMACEN_PRODUCTO(ALMACEN_ID,PRODUCTO_ID,CANTIDAD_ACTUAL,PRECIO_VENTA) VALUES (2,1120,0,0.000000);

INSERT INTO ALMACEN_PRODUCTO(ALMACEN_ID,PRODUCTO_ID,CANTIDAD_ACTUAL,PRECIO_VENTA) VALUES (3,1120,12,0.000000);

INSERT INTO ALMACEN_PRODUCTO(ALMACEN_ID,PRODUCTO_ID,CANTIDAD_ACTUAL,PRECIO_VENTA) VALUES (4,1120,0,0.000000);

INSERT INTO PROVEEDOR_PRODUCTO(PROVEEDOR_ID,PRODUCTO_ID,PRECIO_COMPRA) VALUES(6,1120, 0.000000);

-- ===========PRODUCTO [1121]
INSERT INTO PRODUCTO(ID,MARCA_ID,LINEA_ID,NOMBRE,PRESENTACION,CONTENIDO,UNIDADES_POR_CAJA,COSTO,COSTO_VENTA,PRECIO_BASE,UNIDAD_MEDIDA,CODIGO_BARRAS,ABREBIATURA) VALUES(1121,21,14,'Elvive Pack Sh + Acond 400ml','Nutri Gloss',2.0,6.0,0.000000,0.000000,0.000000,'Pz','7506078934146','Elviv Pck Nutriglss 2Pz');

INSERT INTO MOVIMIENTO_HISTORICO_PRODUCTO (ALMACEN_ID,PRODUCTO_ID,FECHA,TIPO_MOVIMIENTO_ID,CANTIDAD,COSTO,PRECIO,USUARIO_ID) VALUES(1,1121,now(),30,7,0.000000,0.000000,'root');
INSERT INTO ALMACEN_PRODUCTO(ALMACEN_ID,PRODUCTO_ID,CANTIDAD_ACTUAL,PRECIO_VENTA) VALUES (1,1121,7,0.000000);

INSERT INTO ALMACEN_PRODUCTO(ALMACEN_ID,PRODUCTO_ID,CANTIDAD_ACTUAL,PRECIO_VENTA) VALUES (2,1121,0,0.000000);

INSERT INTO ALMACEN_PRODUCTO(ALMACEN_ID,PRODUCTO_ID,CANTIDAD_ACTUAL,PRECIO_VENTA) VALUES (3,1121,7,0.000000);

INSERT INTO ALMACEN_PRODUCTO(ALMACEN_ID,PRODUCTO_ID,CANTIDAD_ACTUAL,PRECIO_VENTA) VALUES (4,1121,0,0.000000);

INSERT INTO PROVEEDOR_PRODUCTO(PROVEEDOR_ID,PRODUCTO_ID,PRECIO_COMPRA) VALUES(10,1121, 0.000000);

-- ===========PRODUCTO [1122]
INSERT INTO PRODUCTO(ID,MARCA_ID,LINEA_ID,NOMBRE,PRESENTACION,CONTENIDO,UNIDADES_POR_CAJA,COSTO,COSTO_VENTA,PRECIO_BASE,UNIDAD_MEDIDA,CODIGO_BARRAS,ABREBIATURA) VALUES(1122,21,14,'Elvive Pack Sh + Acond 400ml','Nutri Gloss',2.0,6.0,0.000000,0.000000,0.000000,'Pz','7506078946439','Elviv Pck Nutriglss 2Pz');

INSERT INTO MOVIMIENTO_HISTORICO_PRODUCTO (ALMACEN_ID,PRODUCTO_ID,FECHA,TIPO_MOVIMIENTO_ID,CANTIDAD,COSTO,PRECIO,USUARIO_ID) VALUES(1,1122,now(),30,5,0.000000,0.000000,'root');
INSERT INTO ALMACEN_PRODUCTO(ALMACEN_ID,PRODUCTO_ID,CANTIDAD_ACTUAL,PRECIO_VENTA) VALUES (1,1122,5,0.000000);

INSERT INTO ALMACEN_PRODUCTO(ALMACEN_ID,PRODUCTO_ID,CANTIDAD_ACTUAL,PRECIO_VENTA) VALUES (2,1122,0,0.000000);

INSERT INTO ALMACEN_PRODUCTO(ALMACEN_ID,PRODUCTO_ID,CANTIDAD_ACTUAL,PRECIO_VENTA) VALUES (3,1122,5,0.000000);

INSERT INTO ALMACEN_PRODUCTO(ALMACEN_ID,PRODUCTO_ID,CANTIDAD_ACTUAL,PRECIO_VENTA) VALUES (4,1122,0,0.000000);

INSERT INTO PROVEEDOR_PRODUCTO(PROVEEDOR_ID,PRODUCTO_ID,PRECIO_COMPRA) VALUES(10,1122, 0.000000);

-- ===========PRODUCTO [1123]
INSERT INTO PRODUCTO(ID,MARCA_ID,LINEA_ID,NOMBRE,PRESENTACION,CONTENIDO,UNIDADES_POR_CAJA,COSTO,COSTO_VENTA,PRECIO_BASE,UNIDAD_MEDIDA,CODIGO_BARRAS,ABREBIATURA) VALUES(1123,86,7,'Johnsons Baby Aceite','Antes de Dormir',400.0,12.0,0.000000,0.000000,0.000000,'ML','381370033165','Johns Aceit Dormir 400');

INSERT INTO MOVIMIENTO_HISTORICO_PRODUCTO (ALMACEN_ID,PRODUCTO_ID,FECHA,TIPO_MOVIMIENTO_ID,CANTIDAD,COSTO,PRECIO,USUARIO_ID) VALUES(1,1123,now(),30,1,0.000000,0.000000,'root');
INSERT INTO ALMACEN_PRODUCTO(ALMACEN_ID,PRODUCTO_ID,CANTIDAD_ACTUAL,PRECIO_VENTA) VALUES (1,1123,1,0.000000);

INSERT INTO ALMACEN_PRODUCTO(ALMACEN_ID,PRODUCTO_ID,CANTIDAD_ACTUAL,PRECIO_VENTA) VALUES (2,1123,0,0.000000);

INSERT INTO ALMACEN_PRODUCTO(ALMACEN_ID,PRODUCTO_ID,CANTIDAD_ACTUAL,PRECIO_VENTA) VALUES (3,1123,1,0.000000);

INSERT INTO ALMACEN_PRODUCTO(ALMACEN_ID,PRODUCTO_ID,CANTIDAD_ACTUAL,PRECIO_VENTA) VALUES (4,1123,0,0.000000);

INSERT INTO PROVEEDOR_PRODUCTO(PROVEEDOR_ID,PRODUCTO_ID,PRECIO_COMPRA) VALUES(19,1123, 0.000000);

-- ===========PRODUCTO [1124]
INSERT INTO PRODUCTO(ID,MARCA_ID,LINEA_ID,NOMBRE,PRESENTACION,CONTENIDO,UNIDADES_POR_CAJA,COSTO,COSTO_VENTA,PRECIO_BASE,UNIDAD_MEDIDA,CODIGO_BARRAS,ABREBIATURA) VALUES(1124,22,13,'Loreal Color Juice Gloss','850.0',15.0,12.0,0.000000,0.000000,0.000000,'ML','71249054635','Loreal Gloss Color');

INSERT INTO MOVIMIENTO_HISTORICO_PRODUCTO (ALMACEN_ID,PRODUCTO_ID,FECHA,TIPO_MOVIMIENTO_ID,CANTIDAD,COSTO,PRECIO,USUARIO_ID) VALUES(1,1124,now(),30,8,0.000000,0.000000,'root');
INSERT INTO ALMACEN_PRODUCTO(ALMACEN_ID,PRODUCTO_ID,CANTIDAD_ACTUAL,PRECIO_VENTA) VALUES (1,1124,8,0.000000);

INSERT INTO ALMACEN_PRODUCTO(ALMACEN_ID,PRODUCTO_ID,CANTIDAD_ACTUAL,PRECIO_VENTA) VALUES (2,1124,0,0.000000);

INSERT INTO ALMACEN_PRODUCTO(ALMACEN_ID,PRODUCTO_ID,CANTIDAD_ACTUAL,PRECIO_VENTA) VALUES (3,1124,8,0.000000);

INSERT INTO ALMACEN_PRODUCTO(ALMACEN_ID,PRODUCTO_ID,CANTIDAD_ACTUAL,PRECIO_VENTA) VALUES (4,1124,0,0.000000);

INSERT INTO PROVEEDOR_PRODUCTO(PROVEEDOR_ID,PRODUCTO_ID,PRECIO_COMPRA) VALUES(13,1124, 0.000000);

-- ===========PRODUCTO [1125]
INSERT INTO PRODUCTO(ID,MARCA_ID,LINEA_ID,NOMBRE,PRESENTACION,CONTENIDO,UNIDADES_POR_CAJA,COSTO,COSTO_VENTA,PRECIO_BASE,UNIDAD_MEDIDA,CODIGO_BARRAS,ABREBIATURA) VALUES(1125,29,10,'Skin Milk Crema Liquida','Hand Cream',100.0,12.0,0.000000,0.000000,0.000000,'ML','7502221182068','Skin Milk Hnd Cr 100m');

INSERT INTO MOVIMIENTO_HISTORICO_PRODUCTO (ALMACEN_ID,PRODUCTO_ID,FECHA,TIPO_MOVIMIENTO_ID,CANTIDAD,COSTO,PRECIO,USUARIO_ID) VALUES(1,1125,now(),30,2,0.000000,0.000000,'root');
INSERT INTO ALMACEN_PRODUCTO(ALMACEN_ID,PRODUCTO_ID,CANTIDAD_ACTUAL,PRECIO_VENTA) VALUES (1,1125,2,0.000000);

INSERT INTO ALMACEN_PRODUCTO(ALMACEN_ID,PRODUCTO_ID,CANTIDAD_ACTUAL,PRECIO_VENTA) VALUES (2,1125,0,0.000000);

INSERT INTO ALMACEN_PRODUCTO(ALMACEN_ID,PRODUCTO_ID,CANTIDAD_ACTUAL,PRECIO_VENTA) VALUES (3,1125,2,0.000000);

INSERT INTO ALMACEN_PRODUCTO(ALMACEN_ID,PRODUCTO_ID,CANTIDAD_ACTUAL,PRECIO_VENTA) VALUES (4,1125,0,0.000000);

INSERT INTO PROVEEDOR_PRODUCTO(PROVEEDOR_ID,PRODUCTO_ID,PRECIO_COMPRA) VALUES(18,1125, 0.000000);

-- ===========PRODUCTO [1126]
INSERT INTO PRODUCTO(ID,MARCA_ID,LINEA_ID,NOMBRE,PRESENTACION,CONTENIDO,UNIDADES_POR_CAJA,COSTO,COSTO_VENTA,PRECIO_BASE,UNIDAD_MEDIDA,CODIGO_BARRAS,ABREBIATURA) VALUES(1126,94,10,'Lubriderm Liquida','Piel Seca',300.0,12.0,0.000000,0.000000,0.000000,'ML','52800322103','Lubrid Seca 300ml');

INSERT INTO MOVIMIENTO_HISTORICO_PRODUCTO (ALMACEN_ID,PRODUCTO_ID,FECHA,TIPO_MOVIMIENTO_ID,CANTIDAD,COSTO,PRECIO,USUARIO_ID) VALUES(1,1126,now(),30,6,0.000000,0.000000,'root');
INSERT INTO ALMACEN_PRODUCTO(ALMACEN_ID,PRODUCTO_ID,CANTIDAD_ACTUAL,PRECIO_VENTA) VALUES (1,1126,6,0.000000);

INSERT INTO ALMACEN_PRODUCTO(ALMACEN_ID,PRODUCTO_ID,CANTIDAD_ACTUAL,PRECIO_VENTA) VALUES (2,1126,0,0.000000);

INSERT INTO ALMACEN_PRODUCTO(ALMACEN_ID,PRODUCTO_ID,CANTIDAD_ACTUAL,PRECIO_VENTA) VALUES (3,1126,6,0.000000);

INSERT INTO ALMACEN_PRODUCTO(ALMACEN_ID,PRODUCTO_ID,CANTIDAD_ACTUAL,PRECIO_VENTA) VALUES (4,1126,0,0.000000);

INSERT INTO PROVEEDOR_PRODUCTO(PROVEEDOR_ID,PRODUCTO_ID,PRECIO_COMPRA) VALUES(19,1126, 0.000000);

-- ===========PRODUCTO [1127]
INSERT INTO PRODUCTO(ID,MARCA_ID,LINEA_ID,NOMBRE,PRESENTACION,CONTENIDO,UNIDADES_POR_CAJA,COSTO,COSTO_VENTA,PRECIO_BASE,UNIDAD_MEDIDA,CODIGO_BARRAS,ABREBIATURA) VALUES(1127,94,10,'Lubriderm Liquida','Algas Marinas',480.0,12.0,0.000000,0.000000,0.000000,'ML','7501057006234','Lubrid Algas 480ml');

INSERT INTO MOVIMIENTO_HISTORICO_PRODUCTO (ALMACEN_ID,PRODUCTO_ID,FECHA,TIPO_MOVIMIENTO_ID,CANTIDAD,COSTO,PRECIO,USUARIO_ID) VALUES(1,1127,now(),30,2,0.000000,0.000000,'root');
INSERT INTO ALMACEN_PRODUCTO(ALMACEN_ID,PRODUCTO_ID,CANTIDAD_ACTUAL,PRECIO_VENTA) VALUES (1,1127,2,0.000000);

INSERT INTO ALMACEN_PRODUCTO(ALMACEN_ID,PRODUCTO_ID,CANTIDAD_ACTUAL,PRECIO_VENTA) VALUES (2,1127,0,0.000000);

INSERT INTO ALMACEN_PRODUCTO(ALMACEN_ID,PRODUCTO_ID,CANTIDAD_ACTUAL,PRECIO_VENTA) VALUES (3,1127,2,0.000000);

INSERT INTO ALMACEN_PRODUCTO(ALMACEN_ID,PRODUCTO_ID,CANTIDAD_ACTUAL,PRECIO_VENTA) VALUES (4,1127,0,0.000000);

INSERT INTO PROVEEDOR_PRODUCTO(PROVEEDOR_ID,PRODUCTO_ID,PRECIO_COMPRA) VALUES(19,1127, 0.000000);

-- ===========PRODUCTO [1128]
INSERT INTO PRODUCTO(ID,MARCA_ID,LINEA_ID,NOMBRE,PRESENTACION,CONTENIDO,UNIDADES_POR_CAJA,COSTO,COSTO_VENTA,PRECIO_BASE,UNIDAD_MEDIDA,CODIGO_BARRAS,ABREBIATURA) VALUES(1128,22,16,'Loreal Kids Crema Peinar','Fresa Cremosa',300.0,12.0,0.000000,0.000000,0.000000,'ML','7506078945227','Lor Kids Peina Fres 300');

INSERT INTO MOVIMIENTO_HISTORICO_PRODUCTO (ALMACEN_ID,PRODUCTO_ID,FECHA,TIPO_MOVIMIENTO_ID,CANTIDAD,COSTO,PRECIO,USUARIO_ID) VALUES(1,1128,now(),30,1,0.000000,0.000000,'root');
INSERT INTO ALMACEN_PRODUCTO(ALMACEN_ID,PRODUCTO_ID,CANTIDAD_ACTUAL,PRECIO_VENTA) VALUES (1,1128,1,0.000000);

INSERT INTO ALMACEN_PRODUCTO(ALMACEN_ID,PRODUCTO_ID,CANTIDAD_ACTUAL,PRECIO_VENTA) VALUES (2,1128,0,0.000000);

INSERT INTO ALMACEN_PRODUCTO(ALMACEN_ID,PRODUCTO_ID,CANTIDAD_ACTUAL,PRECIO_VENTA) VALUES (3,1128,1,0.000000);

INSERT INTO ALMACEN_PRODUCTO(ALMACEN_ID,PRODUCTO_ID,CANTIDAD_ACTUAL,PRECIO_VENTA) VALUES (4,1128,0,0.000000);

INSERT INTO PROVEEDOR_PRODUCTO(PROVEEDOR_ID,PRODUCTO_ID,PRECIO_COMPRA) VALUES(13,1128, 0.000000);

-- ===========PRODUCTO [1129]
INSERT INTO PRODUCTO(ID,MARCA_ID,LINEA_ID,NOMBRE,PRESENTACION,CONTENIDO,UNIDADES_POR_CAJA,COSTO,COSTO_VENTA,PRECIO_BASE,UNIDAD_MEDIDA,CODIGO_BARRAS,ABREBIATURA) VALUES(1129,22,16,'Loreal Kids Crema Peinar','Manzanilla',300.0,12.0,0.000000,0.000000,0.000000,'ML','7506078945210','Lor Kids Peina Manz 300');

INSERT INTO MOVIMIENTO_HISTORICO_PRODUCTO (ALMACEN_ID,PRODUCTO_ID,FECHA,TIPO_MOVIMIENTO_ID,CANTIDAD,COSTO,PRECIO,USUARIO_ID) VALUES(1,1129,now(),30,2,0.000000,0.000000,'root');
INSERT INTO ALMACEN_PRODUCTO(ALMACEN_ID,PRODUCTO_ID,CANTIDAD_ACTUAL,PRECIO_VENTA) VALUES (1,1129,2,0.000000);

INSERT INTO ALMACEN_PRODUCTO(ALMACEN_ID,PRODUCTO_ID,CANTIDAD_ACTUAL,PRECIO_VENTA) VALUES (2,1129,0,0.000000);

INSERT INTO ALMACEN_PRODUCTO(ALMACEN_ID,PRODUCTO_ID,CANTIDAD_ACTUAL,PRECIO_VENTA) VALUES (3,1129,2,0.000000);

INSERT INTO ALMACEN_PRODUCTO(ALMACEN_ID,PRODUCTO_ID,CANTIDAD_ACTUAL,PRECIO_VENTA) VALUES (4,1129,0,0.000000);

INSERT INTO PROVEEDOR_PRODUCTO(PROVEEDOR_ID,PRODUCTO_ID,PRECIO_COMPRA) VALUES(13,1129, 0.000000);

-- ===========PRODUCTO [1130]
INSERT INTO PRODUCTO(ID,MARCA_ID,LINEA_ID,NOMBRE,PRESENTACION,CONTENIDO,UNIDADES_POR_CAJA,COSTO,COSTO_VENTA,PRECIO_BASE,UNIDAD_MEDIDA,CODIGO_BARRAS,ABREBIATURA) VALUES(1130,89,3,'Dalux Alcohol','96 G.L.',1000.0,12.0,0.000000,0.000000,0.000000,'ML','7501192600649','Dalux Alcohol 96 1Lt');

INSERT INTO MOVIMIENTO_HISTORICO_PRODUCTO (ALMACEN_ID,PRODUCTO_ID,FECHA,TIPO_MOVIMIENTO_ID,CANTIDAD,COSTO,PRECIO,USUARIO_ID) VALUES(1,1130,now(),30,1,0.000000,0.000000,'root');
INSERT INTO ALMACEN_PRODUCTO(ALMACEN_ID,PRODUCTO_ID,CANTIDAD_ACTUAL,PRECIO_VENTA) VALUES (1,1130,1,0.000000);

INSERT INTO ALMACEN_PRODUCTO(ALMACEN_ID,PRODUCTO_ID,CANTIDAD_ACTUAL,PRECIO_VENTA) VALUES (2,1130,0,0.000000);

INSERT INTO ALMACEN_PRODUCTO(ALMACEN_ID,PRODUCTO_ID,CANTIDAD_ACTUAL,PRECIO_VENTA) VALUES (3,1130,1,0.000000);

INSERT INTO ALMACEN_PRODUCTO(ALMACEN_ID,PRODUCTO_ID,CANTIDAD_ACTUAL,PRECIO_VENTA) VALUES (4,1130,0,0.000000);

INSERT INTO PROVEEDOR_PRODUCTO(PROVEEDOR_ID,PRODUCTO_ID,PRECIO_COMPRA) VALUES(9,1130, 0.000000);

-- ===========PRODUCTO [1131]
INSERT INTO PRODUCTO(ID,MARCA_ID,LINEA_ID,NOMBRE,PRESENTACION,CONTENIDO,UNIDADES_POR_CAJA,COSTO,COSTO_VENTA,PRECIO_BASE,UNIDAD_MEDIDA,CODIGO_BARRAS,ABREBIATURA) VALUES(1131,30,10,'Ponds Solida','Rejuveness',165.0,24.0,0.000000,0.000000,0.000000,'G','7501056326050','Ponds Rejuven 165g');

INSERT INTO MOVIMIENTO_HISTORICO_PRODUCTO (ALMACEN_ID,PRODUCTO_ID,FECHA,TIPO_MOVIMIENTO_ID,CANTIDAD,COSTO,PRECIO,USUARIO_ID) VALUES(1,1131,now(),30,5,0.000000,0.000000,'root');
INSERT INTO ALMACEN_PRODUCTO(ALMACEN_ID,PRODUCTO_ID,CANTIDAD_ACTUAL,PRECIO_VENTA) VALUES (1,1131,5,0.000000);

INSERT INTO ALMACEN_PRODUCTO(ALMACEN_ID,PRODUCTO_ID,CANTIDAD_ACTUAL,PRECIO_VENTA) VALUES (2,1131,0,0.000000);

INSERT INTO ALMACEN_PRODUCTO(ALMACEN_ID,PRODUCTO_ID,CANTIDAD_ACTUAL,PRECIO_VENTA) VALUES (3,1131,5,0.000000);

INSERT INTO ALMACEN_PRODUCTO(ALMACEN_ID,PRODUCTO_ID,CANTIDAD_ACTUAL,PRECIO_VENTA) VALUES (4,1131,0,0.000000);

INSERT INTO PROVEEDOR_PRODUCTO(PROVEEDOR_ID,PRODUCTO_ID,PRECIO_COMPRA) VALUES(17,1131, 0.000000);

-- ===========PRODUCTO [1132]
INSERT INTO PRODUCTO(ID,MARCA_ID,LINEA_ID,NOMBRE,PRESENTACION,CONTENIDO,UNIDADES_POR_CAJA,COSTO,COSTO_VENTA,PRECIO_BASE,UNIDAD_MEDIDA,CODIGO_BARRAS,ABREBIATURA) VALUES(1132,30,10,'Ponds Solida','Rejuveness',300.0,12.0,0.000000,0.000000,0.000000,'G','7501056326067','Ponds Rejuven 300g');

INSERT INTO MOVIMIENTO_HISTORICO_PRODUCTO (ALMACEN_ID,PRODUCTO_ID,FECHA,TIPO_MOVIMIENTO_ID,CANTIDAD,COSTO,PRECIO,USUARIO_ID) VALUES(1,1132,now(),30,1,0.000000,0.000000,'root');
INSERT INTO ALMACEN_PRODUCTO(ALMACEN_ID,PRODUCTO_ID,CANTIDAD_ACTUAL,PRECIO_VENTA) VALUES (1,1132,1,0.000000);

INSERT INTO ALMACEN_PRODUCTO(ALMACEN_ID,PRODUCTO_ID,CANTIDAD_ACTUAL,PRECIO_VENTA) VALUES (2,1132,0,0.000000);

INSERT INTO ALMACEN_PRODUCTO(ALMACEN_ID,PRODUCTO_ID,CANTIDAD_ACTUAL,PRECIO_VENTA) VALUES (3,1132,1,0.000000);

INSERT INTO ALMACEN_PRODUCTO(ALMACEN_ID,PRODUCTO_ID,CANTIDAD_ACTUAL,PRECIO_VENTA) VALUES (4,1132,0,0.000000);

INSERT INTO PROVEEDOR_PRODUCTO(PROVEEDOR_ID,PRODUCTO_ID,PRECIO_COMPRA) VALUES(17,1132, 0.000000);

-- ===========PRODUCTO [1133]
INSERT INTO PRODUCTO(ID,MARCA_ID,LINEA_ID,NOMBRE,PRESENTACION,CONTENIDO,UNIDADES_POR_CAJA,COSTO,COSTO_VENTA,PRECIO_BASE,UNIDAD_MEDIDA,CODIGO_BARRAS,ABREBIATURA) VALUES(1133,30,10,'Ponds Liquida','Byo Hydratante SPF 15',120.0,12.0,0.000000,0.000000,0.000000,'ML','7501056325657','Ponds Bio SPF15 120ml');

INSERT INTO MOVIMIENTO_HISTORICO_PRODUCTO (ALMACEN_ID,PRODUCTO_ID,FECHA,TIPO_MOVIMIENTO_ID,CANTIDAD,COSTO,PRECIO,USUARIO_ID) VALUES(1,1133,now(),30,1,0.000000,0.000000,'root');
INSERT INTO ALMACEN_PRODUCTO(ALMACEN_ID,PRODUCTO_ID,CANTIDAD_ACTUAL,PRECIO_VENTA) VALUES (1,1133,1,0.000000);

INSERT INTO ALMACEN_PRODUCTO(ALMACEN_ID,PRODUCTO_ID,CANTIDAD_ACTUAL,PRECIO_VENTA) VALUES (2,1133,0,0.000000);

INSERT INTO ALMACEN_PRODUCTO(ALMACEN_ID,PRODUCTO_ID,CANTIDAD_ACTUAL,PRECIO_VENTA) VALUES (3,1133,1,0.000000);

INSERT INTO ALMACEN_PRODUCTO(ALMACEN_ID,PRODUCTO_ID,CANTIDAD_ACTUAL,PRECIO_VENTA) VALUES (4,1133,0,0.000000);

INSERT INTO PROVEEDOR_PRODUCTO(PROVEEDOR_ID,PRODUCTO_ID,PRECIO_COMPRA) VALUES(17,1133, 0.000000);

-- ===========PRODUCTO [1134]
INSERT INTO PRODUCTO(ID,MARCA_ID,LINEA_ID,NOMBRE,PRESENTACION,CONTENIDO,UNIDADES_POR_CAJA,COSTO,COSTO_VENTA,PRECIO_BASE,UNIDAD_MEDIDA,CODIGO_BARRAS,ABREBIATURA) VALUES(1134,35,11,'Colgate Pasta Dental','Max Fresh Cool Mint',22.0,144.0,0.000000,0.000000,0.000000,'ML','7509546013527','Colgte Max Cool M 22m');

INSERT INTO MOVIMIENTO_HISTORICO_PRODUCTO (ALMACEN_ID,PRODUCTO_ID,FECHA,TIPO_MOVIMIENTO_ID,CANTIDAD,COSTO,PRECIO,USUARIO_ID) VALUES(1,1134,now(),30,1,0.000000,0.000000,'root');
INSERT INTO ALMACEN_PRODUCTO(ALMACEN_ID,PRODUCTO_ID,CANTIDAD_ACTUAL,PRECIO_VENTA) VALUES (1,1134,1,0.000000);

INSERT INTO ALMACEN_PRODUCTO(ALMACEN_ID,PRODUCTO_ID,CANTIDAD_ACTUAL,PRECIO_VENTA) VALUES (2,1134,0,0.000000);

INSERT INTO ALMACEN_PRODUCTO(ALMACEN_ID,PRODUCTO_ID,CANTIDAD_ACTUAL,PRECIO_VENTA) VALUES (3,1134,1,0.000000);

INSERT INTO ALMACEN_PRODUCTO(ALMACEN_ID,PRODUCTO_ID,CANTIDAD_ACTUAL,PRECIO_VENTA) VALUES (4,1134,0,0.000000);

INSERT INTO PROVEEDOR_PRODUCTO(PROVEEDOR_ID,PRODUCTO_ID,PRECIO_COMPRA) VALUES(6,1134, 0.000000);

-- ===========PRODUCTO [1135]
INSERT INTO PRODUCTO(ID,MARCA_ID,LINEA_ID,NOMBRE,PRESENTACION,CONTENIDO,UNIDADES_POR_CAJA,COSTO,COSTO_VENTA,PRECIO_BASE,UNIDAD_MEDIDA,CODIGO_BARRAS,ABREBIATURA) VALUES(1135,21,14,'Elvive Shampoo','Color Vive',200.0,12.0,0.000000,0.000000,0.000000,'ML','7506078959033','Elviv Sh Color Viv 200m');

INSERT INTO MOVIMIENTO_HISTORICO_PRODUCTO (ALMACEN_ID,PRODUCTO_ID,FECHA,TIPO_MOVIMIENTO_ID,CANTIDAD,COSTO,PRECIO,USUARIO_ID) VALUES(1,1135,now(),30,8,0.000000,0.000000,'root');
INSERT INTO ALMACEN_PRODUCTO(ALMACEN_ID,PRODUCTO_ID,CANTIDAD_ACTUAL,PRECIO_VENTA) VALUES (1,1135,8,0.000000);

INSERT INTO ALMACEN_PRODUCTO(ALMACEN_ID,PRODUCTO_ID,CANTIDAD_ACTUAL,PRECIO_VENTA) VALUES (2,1135,0,0.000000);

INSERT INTO ALMACEN_PRODUCTO(ALMACEN_ID,PRODUCTO_ID,CANTIDAD_ACTUAL,PRECIO_VENTA) VALUES (3,1135,8,0.000000);

INSERT INTO ALMACEN_PRODUCTO(ALMACEN_ID,PRODUCTO_ID,CANTIDAD_ACTUAL,PRECIO_VENTA) VALUES (4,1135,0,0.000000);

INSERT INTO PROVEEDOR_PRODUCTO(PROVEEDOR_ID,PRODUCTO_ID,PRECIO_COMPRA) VALUES(10,1135, 0.000000);

-- ===========PRODUCTO [1136]
INSERT INTO PRODUCTO(ID,MARCA_ID,LINEA_ID,NOMBRE,PRESENTACION,CONTENIDO,UNIDADES_POR_CAJA,COSTO,COSTO_VENTA,PRECIO_BASE,UNIDAD_MEDIDA,CODIGO_BARRAS,ABREBIATURA) VALUES(1136,21,14,'Elvive Shampoo','Reparacion Total 5',200.0,12.0,0.000000,0.000000,0.000000,'ML','7506078959057','Elviv Sh Repar 5 200ml');

INSERT INTO MOVIMIENTO_HISTORICO_PRODUCTO (ALMACEN_ID,PRODUCTO_ID,FECHA,TIPO_MOVIMIENTO_ID,CANTIDAD,COSTO,PRECIO,USUARIO_ID) VALUES(1,1136,now(),30,11,0.000000,0.000000,'root');
INSERT INTO ALMACEN_PRODUCTO(ALMACEN_ID,PRODUCTO_ID,CANTIDAD_ACTUAL,PRECIO_VENTA) VALUES (1,1136,11,0.000000);

INSERT INTO ALMACEN_PRODUCTO(ALMACEN_ID,PRODUCTO_ID,CANTIDAD_ACTUAL,PRECIO_VENTA) VALUES (2,1136,0,0.000000);

INSERT INTO ALMACEN_PRODUCTO(ALMACEN_ID,PRODUCTO_ID,CANTIDAD_ACTUAL,PRECIO_VENTA) VALUES (3,1136,11,0.000000);

INSERT INTO ALMACEN_PRODUCTO(ALMACEN_ID,PRODUCTO_ID,CANTIDAD_ACTUAL,PRECIO_VENTA) VALUES (4,1136,0,0.000000);

INSERT INTO PROVEEDOR_PRODUCTO(PROVEEDOR_ID,PRODUCTO_ID,PRECIO_COMPRA) VALUES(10,1136, 0.000000);

-- ===========PRODUCTO [1139]
INSERT INTO PRODUCTO(ID,MARCA_ID,LINEA_ID,NOMBRE,PRESENTACION,CONTENIDO,UNIDADES_POR_CAJA,COSTO,COSTO_VENTA,PRECIO_BASE,UNIDAD_MEDIDA,CODIGO_BARRAS,ABREBIATURA) VALUES(1139,9,1,'Coty Body Fresh Locion','Sexy',236.0,12.0,0.000000,0.000000,0.000000,'ML','7501737404374','Coty Loc Sexy 236ml');

INSERT INTO MOVIMIENTO_HISTORICO_PRODUCTO (ALMACEN_ID,PRODUCTO_ID,FECHA,TIPO_MOVIMIENTO_ID,CANTIDAD,COSTO,PRECIO,USUARIO_ID) VALUES(1,1139,now(),30,1,0.000000,0.000000,'root');
INSERT INTO ALMACEN_PRODUCTO(ALMACEN_ID,PRODUCTO_ID,CANTIDAD_ACTUAL,PRECIO_VENTA) VALUES (1,1139,1,0.000000);

INSERT INTO ALMACEN_PRODUCTO(ALMACEN_ID,PRODUCTO_ID,CANTIDAD_ACTUAL,PRECIO_VENTA) VALUES (2,1139,0,0.000000);

INSERT INTO ALMACEN_PRODUCTO(ALMACEN_ID,PRODUCTO_ID,CANTIDAD_ACTUAL,PRECIO_VENTA) VALUES (3,1139,1,0.000000);

INSERT INTO ALMACEN_PRODUCTO(ALMACEN_ID,PRODUCTO_ID,CANTIDAD_ACTUAL,PRECIO_VENTA) VALUES (4,1139,0,0.000000);

INSERT INTO PROVEEDOR_PRODUCTO(PROVEEDOR_ID,PRODUCTO_ID,PRECIO_COMPRA) VALUES(13,1139, 0.000000);

-- ===========PRODUCTO [1140]
INSERT INTO PRODUCTO(ID,MARCA_ID,LINEA_ID,NOMBRE,PRESENTACION,CONTENIDO,UNIDADES_POR_CAJA,COSTO,COSTO_VENTA,PRECIO_BASE,UNIDAD_MEDIDA,CODIGO_BARRAS,ABREBIATURA) VALUES(1140,14,14,'Fructis Garnier Shampoo','Liso Absoluto Alaciado',975.0,6.0,0.000000,0.000000,0.000000,'ML','7506078994966','Fructis Sh Liso Ab 975m');

INSERT INTO MOVIMIENTO_HISTORICO_PRODUCTO (ALMACEN_ID,PRODUCTO_ID,FECHA,TIPO_MOVIMIENTO_ID,CANTIDAD,COSTO,PRECIO,USUARIO_ID) VALUES(1,1140,now(),30,3,0.000000,0.000000,'root');
INSERT INTO ALMACEN_PRODUCTO(ALMACEN_ID,PRODUCTO_ID,CANTIDAD_ACTUAL,PRECIO_VENTA) VALUES (1,1140,3,0.000000);

INSERT INTO ALMACEN_PRODUCTO(ALMACEN_ID,PRODUCTO_ID,CANTIDAD_ACTUAL,PRECIO_VENTA) VALUES (2,1140,0,0.000000);

INSERT INTO ALMACEN_PRODUCTO(ALMACEN_ID,PRODUCTO_ID,CANTIDAD_ACTUAL,PRECIO_VENTA) VALUES (3,1140,3,0.000000);

INSERT INTO ALMACEN_PRODUCTO(ALMACEN_ID,PRODUCTO_ID,CANTIDAD_ACTUAL,PRECIO_VENTA) VALUES (4,1140,0,0.000000);

INSERT INTO PROVEEDOR_PRODUCTO(PROVEEDOR_ID,PRODUCTO_ID,PRECIO_COMPRA) VALUES(13,1140, 0.000000);

-- ===========PRODUCTO [1141]
INSERT INTO PRODUCTO(ID,MARCA_ID,LINEA_ID,NOMBRE,PRESENTACION,CONTENIDO,UNIDADES_POR_CAJA,COSTO,COSTO_VENTA,PRECIO_BASE,UNIDAD_MEDIDA,CODIGO_BARRAS,ABREBIATURA) VALUES(1141,21,14,'Elvive Shampoo','Nutri Gloss',400.0,12.0,0.000000,0.000000,0.000000,'ML','7506078909540','Elviv Sh Nutr Gloss 400');

INSERT INTO MOVIMIENTO_HISTORICO_PRODUCTO (ALMACEN_ID,PRODUCTO_ID,FECHA,TIPO_MOVIMIENTO_ID,CANTIDAD,COSTO,PRECIO,USUARIO_ID) VALUES(1,1141,now(),30,2,0.000000,0.000000,'root');
INSERT INTO ALMACEN_PRODUCTO(ALMACEN_ID,PRODUCTO_ID,CANTIDAD_ACTUAL,PRECIO_VENTA) VALUES (1,1141,2,0.000000);

INSERT INTO ALMACEN_PRODUCTO(ALMACEN_ID,PRODUCTO_ID,CANTIDAD_ACTUAL,PRECIO_VENTA) VALUES (2,1141,2,0.000000);

INSERT INTO ALMACEN_PRODUCTO(ALMACEN_ID,PRODUCTO_ID,CANTIDAD_ACTUAL,PRECIO_VENTA) VALUES (3,1141,2,0.000000);

INSERT INTO ALMACEN_PRODUCTO(ALMACEN_ID,PRODUCTO_ID,CANTIDAD_ACTUAL,PRECIO_VENTA) VALUES (4,1141,2,0.000000);

INSERT INTO PROVEEDOR_PRODUCTO(PROVEEDOR_ID,PRODUCTO_ID,PRECIO_COMPRA) VALUES(10,1141, 0.000000);

-- ===========PRODUCTO [1142]
INSERT INTO PRODUCTO(ID,MARCA_ID,LINEA_ID,NOMBRE,PRESENTACION,CONTENIDO,UNIDADES_POR_CAJA,COSTO,COSTO_VENTA,PRECIO_BASE,UNIDAD_MEDIDA,CODIGO_BARRAS,ABREBIATURA) VALUES(1142,21,14,'Elvive Acondicionador','Nutri Gloss',400.0,12.0,0.000000,0.000000,0.000000,'ML','7506078909557','Alviv Ac Nutri Glss 400');

INSERT INTO MOVIMIENTO_HISTORICO_PRODUCTO (ALMACEN_ID,PRODUCTO_ID,FECHA,TIPO_MOVIMIENTO_ID,CANTIDAD,COSTO,PRECIO,USUARIO_ID) VALUES(1,1142,now(),30,11,0.000000,0.000000,'root');
INSERT INTO ALMACEN_PRODUCTO(ALMACEN_ID,PRODUCTO_ID,CANTIDAD_ACTUAL,PRECIO_VENTA) VALUES (1,1142,11,0.000000);

INSERT INTO ALMACEN_PRODUCTO(ALMACEN_ID,PRODUCTO_ID,CANTIDAD_ACTUAL,PRECIO_VENTA) VALUES (2,1142,1,0.000000);

INSERT INTO ALMACEN_PRODUCTO(ALMACEN_ID,PRODUCTO_ID,CANTIDAD_ACTUAL,PRECIO_VENTA) VALUES (3,1142,11,0.000000);

INSERT INTO ALMACEN_PRODUCTO(ALMACEN_ID,PRODUCTO_ID,CANTIDAD_ACTUAL,PRECIO_VENTA) VALUES (4,1142,1,0.000000);

INSERT INTO PROVEEDOR_PRODUCTO(PROVEEDOR_ID,PRODUCTO_ID,PRECIO_COMPRA) VALUES(10,1142, 0.000000);

-- ===========PRODUCTO [1143]
INSERT INTO PRODUCTO(ID,MARCA_ID,LINEA_ID,NOMBRE,PRESENTACION,CONTENIDO,UNIDADES_POR_CAJA,COSTO,COSTO_VENTA,PRECIO_BASE,UNIDAD_MEDIDA,CODIGO_BARRAS,ABREBIATURA) VALUES(1143,22,16,'Loreal Kids Crema Shampoo','Explosin de Coco',265.0,12.0,0.000000,0.000000,0.000000,'ML','7506078941762','Lor Kids Sh Coco 265ml');

INSERT INTO MOVIMIENTO_HISTORICO_PRODUCTO (ALMACEN_ID,PRODUCTO_ID,FECHA,TIPO_MOVIMIENTO_ID,CANTIDAD,COSTO,PRECIO,USUARIO_ID) VALUES(1,1143,now(),30,4,0.000000,0.000000,'root');
INSERT INTO ALMACEN_PRODUCTO(ALMACEN_ID,PRODUCTO_ID,CANTIDAD_ACTUAL,PRECIO_VENTA) VALUES (1,1143,4,0.000000);

INSERT INTO ALMACEN_PRODUCTO(ALMACEN_ID,PRODUCTO_ID,CANTIDAD_ACTUAL,PRECIO_VENTA) VALUES (2,1143,0,0.000000);

INSERT INTO ALMACEN_PRODUCTO(ALMACEN_ID,PRODUCTO_ID,CANTIDAD_ACTUAL,PRECIO_VENTA) VALUES (3,1143,4,0.000000);

INSERT INTO ALMACEN_PRODUCTO(ALMACEN_ID,PRODUCTO_ID,CANTIDAD_ACTUAL,PRECIO_VENTA) VALUES (4,1143,0,0.000000);

INSERT INTO PROVEEDOR_PRODUCTO(PROVEEDOR_ID,PRODUCTO_ID,PRECIO_COMPRA) VALUES(13,1143, 0.000000);

-- ===========PRODUCTO [1144]
INSERT INTO PRODUCTO(ID,MARCA_ID,LINEA_ID,NOMBRE,PRESENTACION,CONTENIDO,UNIDADES_POR_CAJA,COSTO,COSTO_VENTA,PRECIO_BASE,UNIDAD_MEDIDA,CODIGO_BARRAS,ABREBIATURA) VALUES(1144,74,12,'Vide Gel Antibacterial','Fresh Citrus',250.0,24.0,0.000000,0.000000,0.000000,'ML','7503007859310','Vide Gel Ant Citr 250ml');

INSERT INTO MOVIMIENTO_HISTORICO_PRODUCTO (ALMACEN_ID,PRODUCTO_ID,FECHA,TIPO_MOVIMIENTO_ID,CANTIDAD,COSTO,PRECIO,USUARIO_ID) VALUES(1,1144,now(),30,3,0.000000,0.000000,'root');
INSERT INTO ALMACEN_PRODUCTO(ALMACEN_ID,PRODUCTO_ID,CANTIDAD_ACTUAL,PRECIO_VENTA) VALUES (1,1144,3,0.000000);

INSERT INTO ALMACEN_PRODUCTO(ALMACEN_ID,PRODUCTO_ID,CANTIDAD_ACTUAL,PRECIO_VENTA) VALUES (2,1144,1,0.000000);

INSERT INTO ALMACEN_PRODUCTO(ALMACEN_ID,PRODUCTO_ID,CANTIDAD_ACTUAL,PRECIO_VENTA) VALUES (3,1144,3,0.000000);

INSERT INTO ALMACEN_PRODUCTO(ALMACEN_ID,PRODUCTO_ID,CANTIDAD_ACTUAL,PRECIO_VENTA) VALUES (4,1144,1,0.000000);

INSERT INTO PROVEEDOR_PRODUCTO(PROVEEDOR_ID,PRODUCTO_ID,PRECIO_COMPRA) VALUES(1,1144, 0.000000);

-- ===========PRODUCTO [1145]
INSERT INTO PRODUCTO(ID,MARCA_ID,LINEA_ID,NOMBRE,PRESENTACION,CONTENIDO,UNIDADES_POR_CAJA,COSTO,COSTO_VENTA,PRECIO_BASE,UNIDAD_MEDIDA,CODIGO_BARRAS,ABREBIATURA) VALUES(1145,12,12,'Ammens Gel Antibacterial','Aloe Vera',250.0,6.0,10.474138,10.474138,14.580000,'ML','7502221184451','Ammns Gel Ant Alo 250');

INSERT INTO MOVIMIENTO_HISTORICO_PRODUCTO (ALMACEN_ID,PRODUCTO_ID,FECHA,TIPO_MOVIMIENTO_ID,CANTIDAD,COSTO,PRECIO,USUARIO_ID) VALUES(1,1145,now(),30,2,10.474138,14.580000,'root');
INSERT INTO ALMACEN_PRODUCTO(ALMACEN_ID,PRODUCTO_ID,CANTIDAD_ACTUAL,PRECIO_VENTA) VALUES (1,1145,2,14.580000);

INSERT INTO ALMACEN_PRODUCTO(ALMACEN_ID,PRODUCTO_ID,CANTIDAD_ACTUAL,PRECIO_VENTA) VALUES (2,1145,5,6.000000);

INSERT INTO ALMACEN_PRODUCTO(ALMACEN_ID,PRODUCTO_ID,CANTIDAD_ACTUAL,PRECIO_VENTA) VALUES (3,1145,2,13.900000);

INSERT INTO ALMACEN_PRODUCTO(ALMACEN_ID,PRODUCTO_ID,CANTIDAD_ACTUAL,PRECIO_VENTA) VALUES (4,1145,5,6.000000);

INSERT INTO PROVEEDOR_PRODUCTO(PROVEEDOR_ID,PRODUCTO_ID,PRECIO_COMPRA) VALUES(18,1145, 10.474138);

-- ===========PRODUCTO [1146]
INSERT INTO PRODUCTO(ID,MARCA_ID,LINEA_ID,NOMBRE,PRESENTACION,CONTENIDO,UNIDADES_POR_CAJA,COSTO,COSTO_VENTA,PRECIO_BASE,UNIDAD_MEDIDA,CODIGO_BARRAS,ABREBIATURA) VALUES(1146,25,7,'Baby Braner Aceite','Vitamina E',400.0,12.0,23.850575,23.850575,33.200000,'ML','7506038311062','Baby B Acei Vita 400ml');

INSERT INTO MOVIMIENTO_HISTORICO_PRODUCTO (ALMACEN_ID,PRODUCTO_ID,FECHA,TIPO_MOVIMIENTO_ID,CANTIDAD,COSTO,PRECIO,USUARIO_ID) VALUES(1,1146,now(),30,5,23.850575,33.200000,'root');
INSERT INTO ALMACEN_PRODUCTO(ALMACEN_ID,PRODUCTO_ID,CANTIDAD_ACTUAL,PRECIO_VENTA) VALUES (1,1146,5,33.200000);

INSERT INTO ALMACEN_PRODUCTO(ALMACEN_ID,PRODUCTO_ID,CANTIDAD_ACTUAL,PRECIO_VENTA) VALUES (2,1146,0,0.000000);

INSERT INTO ALMACEN_PRODUCTO(ALMACEN_ID,PRODUCTO_ID,CANTIDAD_ACTUAL,PRECIO_VENTA) VALUES (3,1146,5,29.900000);

INSERT INTO ALMACEN_PRODUCTO(ALMACEN_ID,PRODUCTO_ID,CANTIDAD_ACTUAL,PRECIO_VENTA) VALUES (4,1146,0,0.000000);

INSERT INTO PROVEEDOR_PRODUCTO(PROVEEDOR_ID,PRODUCTO_ID,PRECIO_COMPRA) VALUES(17,1146, 23.850575);

-- ===========PRODUCTO [1147]
INSERT INTO PRODUCTO(ID,MARCA_ID,LINEA_ID,NOMBRE,PRESENTACION,CONTENIDO,UNIDADES_POR_CAJA,COSTO,COSTO_VENTA,PRECIO_BASE,UNIDAD_MEDIDA,CODIGO_BARRAS,ABREBIATURA) VALUES(1147,25,7,'Baby Braner Aceite','Aloe Vera',400.0,12.0,23.850575,23.850575,33.200000,'ML','7506038311055','Baby B Acei Aloe 400ml');

INSERT INTO MOVIMIENTO_HISTORICO_PRODUCTO (ALMACEN_ID,PRODUCTO_ID,FECHA,TIPO_MOVIMIENTO_ID,CANTIDAD,COSTO,PRECIO,USUARIO_ID) VALUES(1,1147,now(),30,4,23.850575,33.200000,'root');
INSERT INTO ALMACEN_PRODUCTO(ALMACEN_ID,PRODUCTO_ID,CANTIDAD_ACTUAL,PRECIO_VENTA) VALUES (1,1147,4,33.200000);

INSERT INTO ALMACEN_PRODUCTO(ALMACEN_ID,PRODUCTO_ID,CANTIDAD_ACTUAL,PRECIO_VENTA) VALUES (2,1147,0,0.000000);

INSERT INTO ALMACEN_PRODUCTO(ALMACEN_ID,PRODUCTO_ID,CANTIDAD_ACTUAL,PRECIO_VENTA) VALUES (3,1147,4,29.900000);

INSERT INTO ALMACEN_PRODUCTO(ALMACEN_ID,PRODUCTO_ID,CANTIDAD_ACTUAL,PRECIO_VENTA) VALUES (4,1147,0,0.000000);

INSERT INTO PROVEEDOR_PRODUCTO(PROVEEDOR_ID,PRODUCTO_ID,PRECIO_COMPRA) VALUES(17,1147, 23.850575);

-- ===========PRODUCTO [1148]
INSERT INTO PRODUCTO(ID,MARCA_ID,LINEA_ID,NOMBRE,PRESENTACION,CONTENIDO,UNIDADES_POR_CAJA,COSTO,COSTO_VENTA,PRECIO_BASE,UNIDAD_MEDIDA,CODIGO_BARRAS,ABREBIATURA) VALUES(1148,54,10,'Real Liquida','Diabeskin',380.0,24.0,0.000000,0.000000,0.000000,'ML','7501039701256','Real Liq Diabsq 400ml');

INSERT INTO MOVIMIENTO_HISTORICO_PRODUCTO (ALMACEN_ID,PRODUCTO_ID,FECHA,TIPO_MOVIMIENTO_ID,CANTIDAD,COSTO,PRECIO,USUARIO_ID) VALUES(1,1148,now(),30,20,0.000000,0.000000,'root');
INSERT INTO ALMACEN_PRODUCTO(ALMACEN_ID,PRODUCTO_ID,CANTIDAD_ACTUAL,PRECIO_VENTA) VALUES (1,1148,20,0.000000);

INSERT INTO ALMACEN_PRODUCTO(ALMACEN_ID,PRODUCTO_ID,CANTIDAD_ACTUAL,PRECIO_VENTA) VALUES (2,1148,0,0.000000);

INSERT INTO ALMACEN_PRODUCTO(ALMACEN_ID,PRODUCTO_ID,CANTIDAD_ACTUAL,PRECIO_VENTA) VALUES (3,1148,20,0.000000);

INSERT INTO ALMACEN_PRODUCTO(ALMACEN_ID,PRODUCTO_ID,CANTIDAD_ACTUAL,PRECIO_VENTA) VALUES (4,1148,0,0.000000);

INSERT INTO PROVEEDOR_PRODUCTO(PROVEEDOR_ID,PRODUCTO_ID,PRECIO_COMPRA) VALUES(26,1148, 0.000000);

-- ===========PRODUCTO [1150]
INSERT INTO PRODUCTO(ID,MARCA_ID,LINEA_ID,NOMBRE,PRESENTACION,CONTENIDO,UNIDADES_POR_CAJA,COSTO,COSTO_VENTA,PRECIO_BASE,UNIDAD_MEDIDA,CODIGO_BARRAS,ABREBIATURA) VALUES(1150,36,14,'Caprice Shampoo','Apple Temptation',220.0,15.0,0.000000,0.000000,0.000000,'ML','7509546056258','Palm Jab Cor Aple 220');

INSERT INTO MOVIMIENTO_HISTORICO_PRODUCTO (ALMACEN_ID,PRODUCTO_ID,FECHA,TIPO_MOVIMIENTO_ID,CANTIDAD,COSTO,PRECIO,USUARIO_ID) VALUES(1,1150,now(),30,15,0.000000,0.000000,'root');
INSERT INTO ALMACEN_PRODUCTO(ALMACEN_ID,PRODUCTO_ID,CANTIDAD_ACTUAL,PRECIO_VENTA) VALUES (1,1150,15,0.000000);

INSERT INTO ALMACEN_PRODUCTO(ALMACEN_ID,PRODUCTO_ID,CANTIDAD_ACTUAL,PRECIO_VENTA) VALUES (2,1150,0,0.000000);

INSERT INTO ALMACEN_PRODUCTO(ALMACEN_ID,PRODUCTO_ID,CANTIDAD_ACTUAL,PRECIO_VENTA) VALUES (3,1150,15,0.000000);

INSERT INTO ALMACEN_PRODUCTO(ALMACEN_ID,PRODUCTO_ID,CANTIDAD_ACTUAL,PRECIO_VENTA) VALUES (4,1150,0,0.000000);

INSERT INTO PROVEEDOR_PRODUCTO(PROVEEDOR_ID,PRODUCTO_ID,PRECIO_COMPRA) VALUES(6,1150, 0.000000);

-- ===========PRODUCTO [1151]
INSERT INTO PRODUCTO(ID,MARCA_ID,LINEA_ID,NOMBRE,PRESENTACION,CONTENIDO,UNIDADES_POR_CAJA,COSTO,COSTO_VENTA,PRECIO_BASE,UNIDAD_MEDIDA,CODIGO_BARRAS,ABREBIATURA) VALUES(1151,15,4,'Lady Rollon Dama','Floral Fresh',30.0,48.0,0.000000,0.000000,0.000000,'ML','75036492','Lady R-o Flor Frsh 30m');

INSERT INTO MOVIMIENTO_HISTORICO_PRODUCTO (ALMACEN_ID,PRODUCTO_ID,FECHA,TIPO_MOVIMIENTO_ID,CANTIDAD,COSTO,PRECIO,USUARIO_ID) VALUES(1,1151,now(),30,48,0.000000,0.000000,'root');
INSERT INTO ALMACEN_PRODUCTO(ALMACEN_ID,PRODUCTO_ID,CANTIDAD_ACTUAL,PRECIO_VENTA) VALUES (1,1151,48,0.000000);

INSERT INTO ALMACEN_PRODUCTO(ALMACEN_ID,PRODUCTO_ID,CANTIDAD_ACTUAL,PRECIO_VENTA) VALUES (2,1151,0,0.000000);

INSERT INTO ALMACEN_PRODUCTO(ALMACEN_ID,PRODUCTO_ID,CANTIDAD_ACTUAL,PRECIO_VENTA) VALUES (3,1151,48,0.000000);

INSERT INTO ALMACEN_PRODUCTO(ALMACEN_ID,PRODUCTO_ID,CANTIDAD_ACTUAL,PRECIO_VENTA) VALUES (4,1151,0,0.000000);

INSERT INTO PROVEEDOR_PRODUCTO(PROVEEDOR_ID,PRODUCTO_ID,PRECIO_COMPRA) VALUES(6,1151, 0.000000);

-- ===========PRODUCTO [1152]
INSERT INTO PRODUCTO(ID,MARCA_ID,LINEA_ID,NOMBRE,PRESENTACION,CONTENIDO,UNIDADES_POR_CAJA,COSTO,COSTO_VENTA,PRECIO_BASE,UNIDAD_MEDIDA,CODIGO_BARRAS,ABREBIATURA) VALUES(1152,35,11,'Colgate Pasta Dental','Maxima Proteccin Anticaries',150.0,72.0,0.000000,0.000000,0.000000,'ML','7501035911017','Clgte Max Prot Ant 150m');

INSERT INTO MOVIMIENTO_HISTORICO_PRODUCTO (ALMACEN_ID,PRODUCTO_ID,FECHA,TIPO_MOVIMIENTO_ID,CANTIDAD,COSTO,PRECIO,USUARIO_ID) VALUES(1,1152,now(),30,72,0.000000,0.000000,'root');
INSERT INTO ALMACEN_PRODUCTO(ALMACEN_ID,PRODUCTO_ID,CANTIDAD_ACTUAL,PRECIO_VENTA) VALUES (1,1152,72,0.000000);

INSERT INTO ALMACEN_PRODUCTO(ALMACEN_ID,PRODUCTO_ID,CANTIDAD_ACTUAL,PRECIO_VENTA) VALUES (2,1152,105,9.500000);

INSERT INTO ALMACEN_PRODUCTO(ALMACEN_ID,PRODUCTO_ID,CANTIDAD_ACTUAL,PRECIO_VENTA) VALUES (3,1152,72,0.000000);

INSERT INTO ALMACEN_PRODUCTO(ALMACEN_ID,PRODUCTO_ID,CANTIDAD_ACTUAL,PRECIO_VENTA) VALUES (4,1152,105,9.500000);

INSERT INTO PROVEEDOR_PRODUCTO(PROVEEDOR_ID,PRODUCTO_ID,PRECIO_COMPRA) VALUES(6,1152, 0.000000);

-- ===========PRODUCTO [1153]
INSERT INTO PRODUCTO(ID,MARCA_ID,LINEA_ID,NOMBRE,PRESENTACION,CONTENIDO,UNIDADES_POR_CAJA,COSTO,COSTO_VENTA,PRECIO_BASE,UNIDAD_MEDIDA,CODIGO_BARRAS,ABREBIATURA) VALUES(1153,35,11,'Colgate Pasta Dental','Max Fresh Capsulas Enjuague',100.0,72.0,0.000000,0.000000,0.000000,'ML','7509546048963','Clgte Caps Enj 100ml');

INSERT INTO MOVIMIENTO_HISTORICO_PRODUCTO (ALMACEN_ID,PRODUCTO_ID,FECHA,TIPO_MOVIMIENTO_ID,CANTIDAD,COSTO,PRECIO,USUARIO_ID) VALUES(1,1153,now(),30,28,0.000000,0.000000,'root');
INSERT INTO ALMACEN_PRODUCTO(ALMACEN_ID,PRODUCTO_ID,CANTIDAD_ACTUAL,PRECIO_VENTA) VALUES (1,1153,28,0.000000);

INSERT INTO ALMACEN_PRODUCTO(ALMACEN_ID,PRODUCTO_ID,CANTIDAD_ACTUAL,PRECIO_VENTA) VALUES (2,1153,15,8.500000);

INSERT INTO ALMACEN_PRODUCTO(ALMACEN_ID,PRODUCTO_ID,CANTIDAD_ACTUAL,PRECIO_VENTA) VALUES (3,1153,28,0.000000);

INSERT INTO ALMACEN_PRODUCTO(ALMACEN_ID,PRODUCTO_ID,CANTIDAD_ACTUAL,PRECIO_VENTA) VALUES (4,1153,15,8.500000);

INSERT INTO PROVEEDOR_PRODUCTO(PROVEEDOR_ID,PRODUCTO_ID,PRECIO_COMPRA) VALUES(6,1153, 0.000000);

-- ===========PRODUCTO [1154]
INSERT INTO PRODUCTO(ID,MARCA_ID,LINEA_ID,NOMBRE,PRESENTACION,CONTENIDO,UNIDADES_POR_CAJA,COSTO,COSTO_VENTA,PRECIO_BASE,UNIDAD_MEDIDA,CODIGO_BARRAS,ABREBIATURA) VALUES(1154,22,2,'Loreal Gel Studio FX','Radical',180.0,12.0,0.000000,0.000000,0.000000,'G','7501027234704','Lor Gel Radical 180g');

INSERT INTO MOVIMIENTO_HISTORICO_PRODUCTO (ALMACEN_ID,PRODUCTO_ID,FECHA,TIPO_MOVIMIENTO_ID,CANTIDAD,COSTO,PRECIO,USUARIO_ID) VALUES(1,1154,now(),30,7,0.000000,0.000000,'root');
INSERT INTO ALMACEN_PRODUCTO(ALMACEN_ID,PRODUCTO_ID,CANTIDAD_ACTUAL,PRECIO_VENTA) VALUES (1,1154,7,0.000000);

INSERT INTO ALMACEN_PRODUCTO(ALMACEN_ID,PRODUCTO_ID,CANTIDAD_ACTUAL,PRECIO_VENTA) VALUES (2,1154,0,0.000000);

INSERT INTO ALMACEN_PRODUCTO(ALMACEN_ID,PRODUCTO_ID,CANTIDAD_ACTUAL,PRECIO_VENTA) VALUES (3,1154,7,0.000000);

INSERT INTO ALMACEN_PRODUCTO(ALMACEN_ID,PRODUCTO_ID,CANTIDAD_ACTUAL,PRECIO_VENTA) VALUES (4,1154,0,0.000000);

INSERT INTO PROVEEDOR_PRODUCTO(PROVEEDOR_ID,PRODUCTO_ID,PRECIO_COMPRA) VALUES(13,1154, 0.000000);

-- ===========PRODUCTO [1155]
INSERT INTO PRODUCTO(ID,MARCA_ID,LINEA_ID,NOMBRE,PRESENTACION,CONTENIDO,UNIDADES_POR_CAJA,COSTO,COSTO_VENTA,PRECIO_BASE,UNIDAD_MEDIDA,CODIGO_BARRAS,ABREBIATURA) VALUES(1155,22,2,'Loreal Gel Studio','Fijacion Maxima',180.0,12.0,0.000000,0.000000,0.000000,'G','7501027280800','Lor Gel Fij Max 180g');

INSERT INTO MOVIMIENTO_HISTORICO_PRODUCTO (ALMACEN_ID,PRODUCTO_ID,FECHA,TIPO_MOVIMIENTO_ID,CANTIDAD,COSTO,PRECIO,USUARIO_ID) VALUES(1,1155,now(),30,4,0.000000,0.000000,'root');
INSERT INTO ALMACEN_PRODUCTO(ALMACEN_ID,PRODUCTO_ID,CANTIDAD_ACTUAL,PRECIO_VENTA) VALUES (1,1155,4,0.000000);

INSERT INTO ALMACEN_PRODUCTO(ALMACEN_ID,PRODUCTO_ID,CANTIDAD_ACTUAL,PRECIO_VENTA) VALUES (2,1155,0,0.000000);

INSERT INTO ALMACEN_PRODUCTO(ALMACEN_ID,PRODUCTO_ID,CANTIDAD_ACTUAL,PRECIO_VENTA) VALUES (3,1155,4,0.000000);

INSERT INTO ALMACEN_PRODUCTO(ALMACEN_ID,PRODUCTO_ID,CANTIDAD_ACTUAL,PRECIO_VENTA) VALUES (4,1155,0,0.000000);

INSERT INTO PROVEEDOR_PRODUCTO(PROVEEDOR_ID,PRODUCTO_ID,PRECIO_COMPRA) VALUES(13,1155, 0.000000);

-- ===========PRODUCTO [1156]
INSERT INTO PRODUCTO(ID,MARCA_ID,LINEA_ID,NOMBRE,PRESENTACION,CONTENIDO,UNIDADES_POR_CAJA,COSTO,COSTO_VENTA,PRECIO_BASE,UNIDAD_MEDIDA,CODIGO_BARRAS,ABREBIATURA) VALUES(1156,22,2,'Loreal Gel Studio FX','Invisigel Extra Fijacion',180.0,12.0,0.000000,0.000000,0.000000,'G','7501027284945','Lor Gel Invi Ext Fij 180');

INSERT INTO MOVIMIENTO_HISTORICO_PRODUCTO (ALMACEN_ID,PRODUCTO_ID,FECHA,TIPO_MOVIMIENTO_ID,CANTIDAD,COSTO,PRECIO,USUARIO_ID) VALUES(1,1156,now(),30,14,0.000000,0.000000,'root');
INSERT INTO ALMACEN_PRODUCTO(ALMACEN_ID,PRODUCTO_ID,CANTIDAD_ACTUAL,PRECIO_VENTA) VALUES (1,1156,14,0.000000);

INSERT INTO ALMACEN_PRODUCTO(ALMACEN_ID,PRODUCTO_ID,CANTIDAD_ACTUAL,PRECIO_VENTA) VALUES (2,1156,0,0.000000);

INSERT INTO ALMACEN_PRODUCTO(ALMACEN_ID,PRODUCTO_ID,CANTIDAD_ACTUAL,PRECIO_VENTA) VALUES (3,1156,14,0.000000);

INSERT INTO ALMACEN_PRODUCTO(ALMACEN_ID,PRODUCTO_ID,CANTIDAD_ACTUAL,PRECIO_VENTA) VALUES (4,1156,0,0.000000);

INSERT INTO PROVEEDOR_PRODUCTO(PROVEEDOR_ID,PRODUCTO_ID,PRECIO_COMPRA) VALUES(13,1156, 0.000000);

-- ===========PRODUCTO [1157]
INSERT INTO PRODUCTO(ID,MARCA_ID,LINEA_ID,NOMBRE,PRESENTACION,CONTENIDO,UNIDADES_POR_CAJA,COSTO,COSTO_VENTA,PRECIO_BASE,UNIDAD_MEDIDA,CODIGO_BARRAS,ABREBIATURA) VALUES(1157,22,2,'Loreal Gel Studio FX','Invisigel Ultra Fijacion',180.0,12.0,0.000000,0.000000,0.000000,'G','7501027233974','Lor Gel Invi Ultr Fij 180');

INSERT INTO MOVIMIENTO_HISTORICO_PRODUCTO (ALMACEN_ID,PRODUCTO_ID,FECHA,TIPO_MOVIMIENTO_ID,CANTIDAD,COSTO,PRECIO,USUARIO_ID) VALUES(1,1157,now(),30,12,0.000000,0.000000,'root');
INSERT INTO ALMACEN_PRODUCTO(ALMACEN_ID,PRODUCTO_ID,CANTIDAD_ACTUAL,PRECIO_VENTA) VALUES (1,1157,12,0.000000);

INSERT INTO ALMACEN_PRODUCTO(ALMACEN_ID,PRODUCTO_ID,CANTIDAD_ACTUAL,PRECIO_VENTA) VALUES (2,1157,0,0.000000);

INSERT INTO ALMACEN_PRODUCTO(ALMACEN_ID,PRODUCTO_ID,CANTIDAD_ACTUAL,PRECIO_VENTA) VALUES (3,1157,12,0.000000);

INSERT INTO ALMACEN_PRODUCTO(ALMACEN_ID,PRODUCTO_ID,CANTIDAD_ACTUAL,PRECIO_VENTA) VALUES (4,1157,0,0.000000);

INSERT INTO PROVEEDOR_PRODUCTO(PROVEEDOR_ID,PRODUCTO_ID,PRECIO_COMPRA) VALUES(13,1157, 0.000000);

-- ===========PRODUCTO [1158]
INSERT INTO PRODUCTO(ID,MARCA_ID,LINEA_ID,NOMBRE,PRESENTACION,CONTENIDO,UNIDADES_POR_CAJA,COSTO,COSTO_VENTA,PRECIO_BASE,UNIDAD_MEDIDA,CODIGO_BARRAS,ABREBIATURA) VALUES(1158,47,4,'Bio Garnier Rollon','Cool',50.0,12.0,14.137931,14.137931,19.680000,'G','7501839111989','Bio Garn R-o Cool 50g');

INSERT INTO MOVIMIENTO_HISTORICO_PRODUCTO (ALMACEN_ID,PRODUCTO_ID,FECHA,TIPO_MOVIMIENTO_ID,CANTIDAD,COSTO,PRECIO,USUARIO_ID) VALUES(1,1158,now(),30,10,14.137931,19.680000,'root');
INSERT INTO ALMACEN_PRODUCTO(ALMACEN_ID,PRODUCTO_ID,CANTIDAD_ACTUAL,PRECIO_VENTA) VALUES (1,1158,10,19.680000);

INSERT INTO ALMACEN_PRODUCTO(ALMACEN_ID,PRODUCTO_ID,CANTIDAD_ACTUAL,PRECIO_VENTA) VALUES (2,1158,0,0.000000);

INSERT INTO ALMACEN_PRODUCTO(ALMACEN_ID,PRODUCTO_ID,CANTIDAD_ACTUAL,PRECIO_VENTA) VALUES (3,1158,10,18.900000);

INSERT INTO ALMACEN_PRODUCTO(ALMACEN_ID,PRODUCTO_ID,CANTIDAD_ACTUAL,PRECIO_VENTA) VALUES (4,1158,0,0.000000);

INSERT INTO PROVEEDOR_PRODUCTO(PROVEEDOR_ID,PRODUCTO_ID,PRECIO_COMPRA) VALUES(13,1158, 14.137931);

-- ===========PRODUCTO [1159]
INSERT INTO PRODUCTO(ID,MARCA_ID,LINEA_ID,NOMBRE,PRESENTACION,CONTENIDO,UNIDADES_POR_CAJA,COSTO,COSTO_VENTA,PRECIO_BASE,UNIDAD_MEDIDA,CODIGO_BARRAS,ABREBIATURA) VALUES(1159,47,4,'Bio Garnier Rollon','Ice',50.0,12.0,14.137931,14.137931,19.680000,'G','7501839111965','Bio Garn R-o Ice 50g');

INSERT INTO MOVIMIENTO_HISTORICO_PRODUCTO (ALMACEN_ID,PRODUCTO_ID,FECHA,TIPO_MOVIMIENTO_ID,CANTIDAD,COSTO,PRECIO,USUARIO_ID) VALUES(1,1159,now(),30,13,14.137931,19.680000,'root');
INSERT INTO ALMACEN_PRODUCTO(ALMACEN_ID,PRODUCTO_ID,CANTIDAD_ACTUAL,PRECIO_VENTA) VALUES (1,1159,13,19.680000);

INSERT INTO ALMACEN_PRODUCTO(ALMACEN_ID,PRODUCTO_ID,CANTIDAD_ACTUAL,PRECIO_VENTA) VALUES (2,1159,0,0.000000);

INSERT INTO ALMACEN_PRODUCTO(ALMACEN_ID,PRODUCTO_ID,CANTIDAD_ACTUAL,PRECIO_VENTA) VALUES (3,1159,13,18.900000);

INSERT INTO ALMACEN_PRODUCTO(ALMACEN_ID,PRODUCTO_ID,CANTIDAD_ACTUAL,PRECIO_VENTA) VALUES (4,1159,0,0.000000);

INSERT INTO PROVEEDOR_PRODUCTO(PROVEEDOR_ID,PRODUCTO_ID,PRECIO_COMPRA) VALUES(13,1159, 14.137931);

-- ===========PRODUCTO [1160]
INSERT INTO PRODUCTO(ID,MARCA_ID,LINEA_ID,NOMBRE,PRESENTACION,CONTENIDO,UNIDADES_POR_CAJA,COSTO,COSTO_VENTA,PRECIO_BASE,UNIDAD_MEDIDA,CODIGO_BARRAS,ABREBIATURA) VALUES(1160,47,4,'Bio Garnier Rollon','Mineral Dry Care',50.0,12.0,14.137931,14.137931,19.680000,'G','7506078974067','Bio Garn Min Care 50g');

INSERT INTO MOVIMIENTO_HISTORICO_PRODUCTO (ALMACEN_ID,PRODUCTO_ID,FECHA,TIPO_MOVIMIENTO_ID,CANTIDAD,COSTO,PRECIO,USUARIO_ID) VALUES(1,1160,now(),30,12,14.137931,19.680000,'root');
INSERT INTO ALMACEN_PRODUCTO(ALMACEN_ID,PRODUCTO_ID,CANTIDAD_ACTUAL,PRECIO_VENTA) VALUES (1,1160,12,19.680000);

INSERT INTO ALMACEN_PRODUCTO(ALMACEN_ID,PRODUCTO_ID,CANTIDAD_ACTUAL,PRECIO_VENTA) VALUES (2,1160,0,0.000000);

INSERT INTO ALMACEN_PRODUCTO(ALMACEN_ID,PRODUCTO_ID,CANTIDAD_ACTUAL,PRECIO_VENTA) VALUES (3,1160,12,18.900000);

INSERT INTO ALMACEN_PRODUCTO(ALMACEN_ID,PRODUCTO_ID,CANTIDAD_ACTUAL,PRECIO_VENTA) VALUES (4,1160,0,0.000000);

INSERT INTO PROVEEDOR_PRODUCTO(PROVEEDOR_ID,PRODUCTO_ID,PRECIO_COMPRA) VALUES(13,1160, 14.137931);

-- ===========PRODUCTO [1161]
INSERT INTO PRODUCTO(ID,MARCA_ID,LINEA_ID,NOMBRE,PRESENTACION,CONTENIDO,UNIDADES_POR_CAJA,COSTO,COSTO_VENTA,PRECIO_BASE,UNIDAD_MEDIDA,CODIGO_BARRAS,ABREBIATURA) VALUES(1161,47,4,'Bio Garnier Rollon','Natural',50.0,12.0,14.137931,14.137931,19.680000,'G','7501839111996','Bio Garn Natural 50g');

INSERT INTO MOVIMIENTO_HISTORICO_PRODUCTO (ALMACEN_ID,PRODUCTO_ID,FECHA,TIPO_MOVIMIENTO_ID,CANTIDAD,COSTO,PRECIO,USUARIO_ID) VALUES(1,1161,now(),30,12,14.137931,19.680000,'root');
INSERT INTO ALMACEN_PRODUCTO(ALMACEN_ID,PRODUCTO_ID,CANTIDAD_ACTUAL,PRECIO_VENTA) VALUES (1,1161,12,19.680000);

INSERT INTO ALMACEN_PRODUCTO(ALMACEN_ID,PRODUCTO_ID,CANTIDAD_ACTUAL,PRECIO_VENTA) VALUES (2,1161,0,0.000000);

INSERT INTO ALMACEN_PRODUCTO(ALMACEN_ID,PRODUCTO_ID,CANTIDAD_ACTUAL,PRECIO_VENTA) VALUES (3,1161,12,18.900000);

INSERT INTO ALMACEN_PRODUCTO(ALMACEN_ID,PRODUCTO_ID,CANTIDAD_ACTUAL,PRECIO_VENTA) VALUES (4,1161,0,0.000000);

INSERT INTO PROVEEDOR_PRODUCTO(PROVEEDOR_ID,PRODUCTO_ID,PRECIO_COMPRA) VALUES(13,1161, 14.137931);

-- ===========PRODUCTO [1162]
INSERT INTO PRODUCTO(ID,MARCA_ID,LINEA_ID,NOMBRE,PRESENTACION,CONTENIDO,UNIDADES_POR_CAJA,COSTO,COSTO_VENTA,PRECIO_BASE,UNIDAD_MEDIDA,CODIGO_BARRAS,ABREBIATURA) VALUES(1162,47,4,'Bio Garnier Rollon','Mineral Dry Fresh',50.0,12.0,14.137931,14.137931,19.680000,'G','7506078974081','Bio Garn Min Fresh 50g');

INSERT INTO MOVIMIENTO_HISTORICO_PRODUCTO (ALMACEN_ID,PRODUCTO_ID,FECHA,TIPO_MOVIMIENTO_ID,CANTIDAD,COSTO,PRECIO,USUARIO_ID) VALUES(1,1162,now(),30,12,14.137931,19.680000,'root');
INSERT INTO ALMACEN_PRODUCTO(ALMACEN_ID,PRODUCTO_ID,CANTIDAD_ACTUAL,PRECIO_VENTA) VALUES (1,1162,12,19.680000);

INSERT INTO ALMACEN_PRODUCTO(ALMACEN_ID,PRODUCTO_ID,CANTIDAD_ACTUAL,PRECIO_VENTA) VALUES (2,1162,0,0.000000);

INSERT INTO ALMACEN_PRODUCTO(ALMACEN_ID,PRODUCTO_ID,CANTIDAD_ACTUAL,PRECIO_VENTA) VALUES (3,1162,12,18.900000);

INSERT INTO ALMACEN_PRODUCTO(ALMACEN_ID,PRODUCTO_ID,CANTIDAD_ACTUAL,PRECIO_VENTA) VALUES (4,1162,0,0.000000);

INSERT INTO PROVEEDOR_PRODUCTO(PROVEEDOR_ID,PRODUCTO_ID,PRECIO_COMPRA) VALUES(13,1162, 14.137931);

-- ===========PRODUCTO [1163]
INSERT INTO PRODUCTO(ID,MARCA_ID,LINEA_ID,NOMBRE,PRESENTACION,CONTENIDO,UNIDADES_POR_CAJA,COSTO,COSTO_VENTA,PRECIO_BASE,UNIDAD_MEDIDA,CODIGO_BARRAS,ABREBIATURA) VALUES(1163,2,4,'Adidas Rollon Dama','Pro Clear',50.0,12.0,14.317529,14.317529,19.930000,'G','75030063','Adid R-o Clear 50g');

INSERT INTO MOVIMIENTO_HISTORICO_PRODUCTO (ALMACEN_ID,PRODUCTO_ID,FECHA,TIPO_MOVIMIENTO_ID,CANTIDAD,COSTO,PRECIO,USUARIO_ID) VALUES(1,1163,now(),30,8,14.317529,19.930000,'root');
INSERT INTO ALMACEN_PRODUCTO(ALMACEN_ID,PRODUCTO_ID,CANTIDAD_ACTUAL,PRECIO_VENTA) VALUES (1,1163,8,19.930000);

INSERT INTO ALMACEN_PRODUCTO(ALMACEN_ID,PRODUCTO_ID,CANTIDAD_ACTUAL,PRECIO_VENTA) VALUES (2,1163,0,0.000000);

INSERT INTO ALMACEN_PRODUCTO(ALMACEN_ID,PRODUCTO_ID,CANTIDAD_ACTUAL,PRECIO_VENTA) VALUES (3,1163,8,18.900000);

INSERT INTO ALMACEN_PRODUCTO(ALMACEN_ID,PRODUCTO_ID,CANTIDAD_ACTUAL,PRECIO_VENTA) VALUES (4,1163,0,0.000000);

INSERT INTO PROVEEDOR_PRODUCTO(PROVEEDOR_ID,PRODUCTO_ID,PRECIO_COMPRA) VALUES(13,1163, 14.317529);

-- ===========PRODUCTO [1164]
INSERT INTO PRODUCTO(ID,MARCA_ID,LINEA_ID,NOMBRE,PRESENTACION,CONTENIDO,UNIDADES_POR_CAJA,COSTO,COSTO_VENTA,PRECIO_BASE,UNIDAD_MEDIDA,CODIGO_BARRAS,ABREBIATURA) VALUES(1164,2,4,'Adidas Rollon Dama','Control',50.0,12.0,14.317529,14.317529,19.930000,'G','75030087','Adid R-o Control 50g');

INSERT INTO MOVIMIENTO_HISTORICO_PRODUCTO (ALMACEN_ID,PRODUCTO_ID,FECHA,TIPO_MOVIMIENTO_ID,CANTIDAD,COSTO,PRECIO,USUARIO_ID) VALUES(1,1164,now(),30,12,14.317529,19.930000,'root');
INSERT INTO ALMACEN_PRODUCTO(ALMACEN_ID,PRODUCTO_ID,CANTIDAD_ACTUAL,PRECIO_VENTA) VALUES (1,1164,12,19.930000);

INSERT INTO ALMACEN_PRODUCTO(ALMACEN_ID,PRODUCTO_ID,CANTIDAD_ACTUAL,PRECIO_VENTA) VALUES (2,1164,0,0.000000);

INSERT INTO ALMACEN_PRODUCTO(ALMACEN_ID,PRODUCTO_ID,CANTIDAD_ACTUAL,PRECIO_VENTA) VALUES (3,1164,12,18.900000);

INSERT INTO ALMACEN_PRODUCTO(ALMACEN_ID,PRODUCTO_ID,CANTIDAD_ACTUAL,PRECIO_VENTA) VALUES (4,1164,0,0.000000);

INSERT INTO PROVEEDOR_PRODUCTO(PROVEEDOR_ID,PRODUCTO_ID,PRECIO_COMPRA) VALUES(13,1164, 14.317529);

-- ===========PRODUCTO [1165]
INSERT INTO PRODUCTO(ID,MARCA_ID,LINEA_ID,NOMBRE,PRESENTACION,CONTENIDO,UNIDADES_POR_CAJA,COSTO,COSTO_VENTA,PRECIO_BASE,UNIDAD_MEDIDA,CODIGO_BARRAS,ABREBIATURA) VALUES(1165,19,4,'Rexona Rollon Dama','Bamboo',50.0,12.0,0.000000,0.000000,0.000000,'ML','78915220','Rexon R-o Bamboo 50g');

INSERT INTO MOVIMIENTO_HISTORICO_PRODUCTO (ALMACEN_ID,PRODUCTO_ID,FECHA,TIPO_MOVIMIENTO_ID,CANTIDAD,COSTO,PRECIO,USUARIO_ID) VALUES(1,1165,now(),30,2,0.000000,0.000000,'root');
INSERT INTO ALMACEN_PRODUCTO(ALMACEN_ID,PRODUCTO_ID,CANTIDAD_ACTUAL,PRECIO_VENTA) VALUES (1,1165,2,0.000000);

INSERT INTO ALMACEN_PRODUCTO(ALMACEN_ID,PRODUCTO_ID,CANTIDAD_ACTUAL,PRECIO_VENTA) VALUES (2,1165,0,0.000000);

INSERT INTO ALMACEN_PRODUCTO(ALMACEN_ID,PRODUCTO_ID,CANTIDAD_ACTUAL,PRECIO_VENTA) VALUES (3,1165,2,15.900000);

INSERT INTO ALMACEN_PRODUCTO(ALMACEN_ID,PRODUCTO_ID,CANTIDAD_ACTUAL,PRECIO_VENTA) VALUES (4,1165,0,0.000000);

INSERT INTO PROVEEDOR_PRODUCTO(PROVEEDOR_ID,PRODUCTO_ID,PRECIO_COMPRA) VALUES(17,1165, 0.000000);

-- ===========PRODUCTO [1166]
INSERT INTO PRODUCTO(ID,MARCA_ID,LINEA_ID,NOMBRE,PRESENTACION,CONTENIDO,UNIDADES_POR_CAJA,COSTO,COSTO_VENTA,PRECIO_BASE,UNIDAD_MEDIDA,CODIGO_BARRAS,ABREBIATURA) VALUES(1166,9,1,'Coty Body Fresh Locion','Magic Dream',236.0,12.0,0.000000,0.000000,0.000000,'ML','7501737405906','Coty Loc Magic 236ml');

INSERT INTO MOVIMIENTO_HISTORICO_PRODUCTO (ALMACEN_ID,PRODUCTO_ID,FECHA,TIPO_MOVIMIENTO_ID,CANTIDAD,COSTO,PRECIO,USUARIO_ID) VALUES(1,1166,now(),30,11,0.000000,0.000000,'root');
INSERT INTO ALMACEN_PRODUCTO(ALMACEN_ID,PRODUCTO_ID,CANTIDAD_ACTUAL,PRECIO_VENTA) VALUES (1,1166,11,0.000000);

INSERT INTO ALMACEN_PRODUCTO(ALMACEN_ID,PRODUCTO_ID,CANTIDAD_ACTUAL,PRECIO_VENTA) VALUES (2,1166,0,0.000000);

INSERT INTO ALMACEN_PRODUCTO(ALMACEN_ID,PRODUCTO_ID,CANTIDAD_ACTUAL,PRECIO_VENTA) VALUES (3,1166,11,0.000000);

INSERT INTO ALMACEN_PRODUCTO(ALMACEN_ID,PRODUCTO_ID,CANTIDAD_ACTUAL,PRECIO_VENTA) VALUES (4,1166,0,0.000000);

INSERT INTO PROVEEDOR_PRODUCTO(PROVEEDOR_ID,PRODUCTO_ID,PRECIO_COMPRA) VALUES(13,1166, 0.000000);

-- ===========PRODUCTO [1167]
INSERT INTO PRODUCTO(ID,MARCA_ID,LINEA_ID,NOMBRE,PRESENTACION,CONTENIDO,UNIDADES_POR_CAJA,COSTO,COSTO_VENTA,PRECIO_BASE,UNIDAD_MEDIDA,CODIGO_BARRAS,ABREBIATURA) VALUES(1167,9,1,'Coty Body Fresh Locion','Tahitian Orchid',236.0,12.0,0.000000,0.000000,0.000000,'ML','7501737446756','Coty Loc Tahithian 236');

INSERT INTO MOVIMIENTO_HISTORICO_PRODUCTO (ALMACEN_ID,PRODUCTO_ID,FECHA,TIPO_MOVIMIENTO_ID,CANTIDAD,COSTO,PRECIO,USUARIO_ID) VALUES(1,1167,now(),30,2,0.000000,0.000000,'root');
INSERT INTO ALMACEN_PRODUCTO(ALMACEN_ID,PRODUCTO_ID,CANTIDAD_ACTUAL,PRECIO_VENTA) VALUES (1,1167,2,0.000000);

INSERT INTO ALMACEN_PRODUCTO(ALMACEN_ID,PRODUCTO_ID,CANTIDAD_ACTUAL,PRECIO_VENTA) VALUES (2,1167,0,0.000000);

INSERT INTO ALMACEN_PRODUCTO(ALMACEN_ID,PRODUCTO_ID,CANTIDAD_ACTUAL,PRECIO_VENTA) VALUES (3,1167,2,0.000000);

INSERT INTO ALMACEN_PRODUCTO(ALMACEN_ID,PRODUCTO_ID,CANTIDAD_ACTUAL,PRECIO_VENTA) VALUES (4,1167,0,0.000000);

INSERT INTO PROVEEDOR_PRODUCTO(PROVEEDOR_ID,PRODUCTO_ID,PRECIO_COMPRA) VALUES(13,1167, 0.000000);

-- ===========PRODUCTO [1168]
INSERT INTO PRODUCTO(ID,MARCA_ID,LINEA_ID,NOMBRE,PRESENTACION,CONTENIDO,UNIDADES_POR_CAJA,COSTO,COSTO_VENTA,PRECIO_BASE,UNIDAD_MEDIDA,CODIGO_BARRAS,ABREBIATURA) VALUES(1168,9,1,'Coty Body Fresh Locion','Dias de Rosas',236.0,12.0,0.000000,0.000000,0.000000,'ML','7501737420053','Coty Loc Rosas 236ml');

INSERT INTO MOVIMIENTO_HISTORICO_PRODUCTO (ALMACEN_ID,PRODUCTO_ID,FECHA,TIPO_MOVIMIENTO_ID,CANTIDAD,COSTO,PRECIO,USUARIO_ID) VALUES(1,1168,now(),30,15,0.000000,0.000000,'root');
INSERT INTO ALMACEN_PRODUCTO(ALMACEN_ID,PRODUCTO_ID,CANTIDAD_ACTUAL,PRECIO_VENTA) VALUES (1,1168,15,0.000000);

INSERT INTO ALMACEN_PRODUCTO(ALMACEN_ID,PRODUCTO_ID,CANTIDAD_ACTUAL,PRECIO_VENTA) VALUES (2,1168,0,0.000000);

INSERT INTO ALMACEN_PRODUCTO(ALMACEN_ID,PRODUCTO_ID,CANTIDAD_ACTUAL,PRECIO_VENTA) VALUES (3,1168,15,0.000000);

INSERT INTO ALMACEN_PRODUCTO(ALMACEN_ID,PRODUCTO_ID,CANTIDAD_ACTUAL,PRECIO_VENTA) VALUES (4,1168,0,0.000000);

INSERT INTO PROVEEDOR_PRODUCTO(PROVEEDOR_ID,PRODUCTO_ID,PRECIO_COMPRA) VALUES(13,1168, 0.000000);

-- ===========PRODUCTO [1169]
INSERT INTO PRODUCTO(ID,MARCA_ID,LINEA_ID,NOMBRE,PRESENTACION,CONTENIDO,UNIDADES_POR_CAJA,COSTO,COSTO_VENTA,PRECIO_BASE,UNIDAD_MEDIDA,CODIGO_BARRAS,ABREBIATURA) VALUES(1169,9,1,'Coty Body Fresh Locion','Turquoise Seas',236.0,12.0,0.000000,0.000000,0.000000,'ML','7501737405456','Coty Loc Turquoi 236ml');

INSERT INTO MOVIMIENTO_HISTORICO_PRODUCTO (ALMACEN_ID,PRODUCTO_ID,FECHA,TIPO_MOVIMIENTO_ID,CANTIDAD,COSTO,PRECIO,USUARIO_ID) VALUES(1,1169,now(),30,12,0.000000,0.000000,'root');
INSERT INTO ALMACEN_PRODUCTO(ALMACEN_ID,PRODUCTO_ID,CANTIDAD_ACTUAL,PRECIO_VENTA) VALUES (1,1169,12,0.000000);

INSERT INTO ALMACEN_PRODUCTO(ALMACEN_ID,PRODUCTO_ID,CANTIDAD_ACTUAL,PRECIO_VENTA) VALUES (2,1169,0,0.000000);

INSERT INTO ALMACEN_PRODUCTO(ALMACEN_ID,PRODUCTO_ID,CANTIDAD_ACTUAL,PRECIO_VENTA) VALUES (3,1169,12,0.000000);

INSERT INTO ALMACEN_PRODUCTO(ALMACEN_ID,PRODUCTO_ID,CANTIDAD_ACTUAL,PRECIO_VENTA) VALUES (4,1169,0,0.000000);

INSERT INTO PROVEEDOR_PRODUCTO(PROVEEDOR_ID,PRODUCTO_ID,PRECIO_COMPRA) VALUES(13,1169, 0.000000);

-- ===========PRODUCTO [1171]
INSERT INTO PRODUCTO(ID,MARCA_ID,LINEA_ID,NOMBRE,PRESENTACION,CONTENIDO,UNIDADES_POR_CAJA,COSTO,COSTO_VENTA,PRECIO_BASE,UNIDAD_MEDIDA,CODIGO_BARRAS,ABREBIATURA) VALUES(1171,9,1,'Coty Body Fresh Locion','Hawaiian Ginger',59.0,12.0,0.000000,0.000000,0.000000,'ML','7501737422170','Coty Loc Hawaian 59ml');

INSERT INTO MOVIMIENTO_HISTORICO_PRODUCTO (ALMACEN_ID,PRODUCTO_ID,FECHA,TIPO_MOVIMIENTO_ID,CANTIDAD,COSTO,PRECIO,USUARIO_ID) VALUES(1,1171,now(),30,1,0.000000,0.000000,'root');
INSERT INTO ALMACEN_PRODUCTO(ALMACEN_ID,PRODUCTO_ID,CANTIDAD_ACTUAL,PRECIO_VENTA) VALUES (1,1171,1,0.000000);

INSERT INTO ALMACEN_PRODUCTO(ALMACEN_ID,PRODUCTO_ID,CANTIDAD_ACTUAL,PRECIO_VENTA) VALUES (2,1171,0,0.000000);

INSERT INTO ALMACEN_PRODUCTO(ALMACEN_ID,PRODUCTO_ID,CANTIDAD_ACTUAL,PRECIO_VENTA) VALUES (3,1171,1,0.000000);

INSERT INTO ALMACEN_PRODUCTO(ALMACEN_ID,PRODUCTO_ID,CANTIDAD_ACTUAL,PRECIO_VENTA) VALUES (4,1171,0,0.000000);

INSERT INTO PROVEEDOR_PRODUCTO(PROVEEDOR_ID,PRODUCTO_ID,PRECIO_COMPRA) VALUES(13,1171, 0.000000);

-- ===========PRODUCTO [1172]
INSERT INTO PRODUCTO(ID,MARCA_ID,LINEA_ID,NOMBRE,PRESENTACION,CONTENIDO,UNIDADES_POR_CAJA,COSTO,COSTO_VENTA,PRECIO_BASE,UNIDAD_MEDIDA,CODIGO_BARRAS,ABREBIATURA) VALUES(1172,9,1,'Coty Body Fresh Locion','Sexy',59.0,12.0,0.000000,0.000000,0.000000,'ML','7501737406620','Coty Loc Sexy 59ml');

INSERT INTO MOVIMIENTO_HISTORICO_PRODUCTO (ALMACEN_ID,PRODUCTO_ID,FECHA,TIPO_MOVIMIENTO_ID,CANTIDAD,COSTO,PRECIO,USUARIO_ID) VALUES(1,1172,now(),30,1,0.000000,0.000000,'root');
INSERT INTO ALMACEN_PRODUCTO(ALMACEN_ID,PRODUCTO_ID,CANTIDAD_ACTUAL,PRECIO_VENTA) VALUES (1,1172,1,0.000000);

INSERT INTO ALMACEN_PRODUCTO(ALMACEN_ID,PRODUCTO_ID,CANTIDAD_ACTUAL,PRECIO_VENTA) VALUES (2,1172,0,0.000000);

INSERT INTO ALMACEN_PRODUCTO(ALMACEN_ID,PRODUCTO_ID,CANTIDAD_ACTUAL,PRECIO_VENTA) VALUES (3,1172,1,0.000000);

INSERT INTO ALMACEN_PRODUCTO(ALMACEN_ID,PRODUCTO_ID,CANTIDAD_ACTUAL,PRECIO_VENTA) VALUES (4,1172,0,0.000000);

INSERT INTO PROVEEDOR_PRODUCTO(PROVEEDOR_ID,PRODUCTO_ID,PRECIO_COMPRA) VALUES(13,1172, 0.000000);

-- ===========PRODUCTO [1173]
INSERT INTO PRODUCTO(ID,MARCA_ID,LINEA_ID,NOMBRE,PRESENTACION,CONTENIDO,UNIDADES_POR_CAJA,COSTO,COSTO_VENTA,PRECIO_BASE,UNIDAD_MEDIDA,CODIGO_BARRAS,ABREBIATURA) VALUES(1173,9,1,'Coty Body Fresh Locion','Morning Glory',59.0,12.0,0.000000,0.000000,0.000000,'ML','7501737422149','Coty Loc Morning 59ml');

INSERT INTO MOVIMIENTO_HISTORICO_PRODUCTO (ALMACEN_ID,PRODUCTO_ID,FECHA,TIPO_MOVIMIENTO_ID,CANTIDAD,COSTO,PRECIO,USUARIO_ID) VALUES(1,1173,now(),30,12,0.000000,0.000000,'root');
INSERT INTO ALMACEN_PRODUCTO(ALMACEN_ID,PRODUCTO_ID,CANTIDAD_ACTUAL,PRECIO_VENTA) VALUES (1,1173,12,0.000000);

INSERT INTO ALMACEN_PRODUCTO(ALMACEN_ID,PRODUCTO_ID,CANTIDAD_ACTUAL,PRECIO_VENTA) VALUES (2,1173,0,0.000000);

INSERT INTO ALMACEN_PRODUCTO(ALMACEN_ID,PRODUCTO_ID,CANTIDAD_ACTUAL,PRECIO_VENTA) VALUES (3,1173,12,0.000000);

INSERT INTO ALMACEN_PRODUCTO(ALMACEN_ID,PRODUCTO_ID,CANTIDAD_ACTUAL,PRECIO_VENTA) VALUES (4,1173,0,0.000000);

INSERT INTO PROVEEDOR_PRODUCTO(PROVEEDOR_ID,PRODUCTO_ID,PRECIO_COMPRA) VALUES(13,1173, 0.000000);

-- ===========PRODUCTO [1174]
INSERT INTO PRODUCTO(ID,MARCA_ID,LINEA_ID,NOMBRE,PRESENTACION,CONTENIDO,UNIDADES_POR_CAJA,COSTO,COSTO_VENTA,PRECIO_BASE,UNIDAD_MEDIDA,CODIGO_BARRAS,ABREBIATURA) VALUES(1174,28,10,'Garnier Clarify','Aclarante Hidratante UV',400.0,12.0,0.000000,0.000000,0.000000,'ML','7501839129328','Garn Cr Clarify Uv 400m');

INSERT INTO MOVIMIENTO_HISTORICO_PRODUCTO (ALMACEN_ID,PRODUCTO_ID,FECHA,TIPO_MOVIMIENTO_ID,CANTIDAD,COSTO,PRECIO,USUARIO_ID) VALUES(1,1174,now(),30,12,0.000000,0.000000,'root');
INSERT INTO ALMACEN_PRODUCTO(ALMACEN_ID,PRODUCTO_ID,CANTIDAD_ACTUAL,PRECIO_VENTA) VALUES (1,1174,12,0.000000);

INSERT INTO ALMACEN_PRODUCTO(ALMACEN_ID,PRODUCTO_ID,CANTIDAD_ACTUAL,PRECIO_VENTA) VALUES (2,1174,0,0.000000);

INSERT INTO ALMACEN_PRODUCTO(ALMACEN_ID,PRODUCTO_ID,CANTIDAD_ACTUAL,PRECIO_VENTA) VALUES (3,1174,12,0.000000);

INSERT INTO ALMACEN_PRODUCTO(ALMACEN_ID,PRODUCTO_ID,CANTIDAD_ACTUAL,PRECIO_VENTA) VALUES (4,1174,0,0.000000);

INSERT INTO PROVEEDOR_PRODUCTO(PROVEEDOR_ID,PRODUCTO_ID,PRECIO_COMPRA) VALUES(13,1174, 0.000000);

-- ===========PRODUCTO [1175]
INSERT INTO PRODUCTO(ID,MARCA_ID,LINEA_ID,NOMBRE,PRESENTACION,CONTENIDO,UNIDADES_POR_CAJA,COSTO,COSTO_VENTA,PRECIO_BASE,UNIDAD_MEDIDA,CODIGO_BARRAS,ABREBIATURA) VALUES(1175,9,1,'Coty Body Fresh Locion','Candy Care',118.0,12.0,0.000000,0.000000,0.000000,'ML','7501737402462','Coty Loc Candy Car 118');

INSERT INTO MOVIMIENTO_HISTORICO_PRODUCTO (ALMACEN_ID,PRODUCTO_ID,FECHA,TIPO_MOVIMIENTO_ID,CANTIDAD,COSTO,PRECIO,USUARIO_ID) VALUES(1,1175,now(),30,6,0.000000,0.000000,'root');
INSERT INTO ALMACEN_PRODUCTO(ALMACEN_ID,PRODUCTO_ID,CANTIDAD_ACTUAL,PRECIO_VENTA) VALUES (1,1175,6,0.000000);

INSERT INTO ALMACEN_PRODUCTO(ALMACEN_ID,PRODUCTO_ID,CANTIDAD_ACTUAL,PRECIO_VENTA) VALUES (2,1175,0,0.000000);

INSERT INTO ALMACEN_PRODUCTO(ALMACEN_ID,PRODUCTO_ID,CANTIDAD_ACTUAL,PRECIO_VENTA) VALUES (3,1175,6,0.000000);

INSERT INTO ALMACEN_PRODUCTO(ALMACEN_ID,PRODUCTO_ID,CANTIDAD_ACTUAL,PRECIO_VENTA) VALUES (4,1175,0,0.000000);

INSERT INTO PROVEEDOR_PRODUCTO(PROVEEDOR_ID,PRODUCTO_ID,PRECIO_COMPRA) VALUES(13,1175, 0.000000);

-- ===========PRODUCTO [1176]
INSERT INTO PRODUCTO(ID,MARCA_ID,LINEA_ID,NOMBRE,PRESENTACION,CONTENIDO,UNIDADES_POR_CAJA,COSTO,COSTO_VENTA,PRECIO_BASE,UNIDAD_MEDIDA,CODIGO_BARRAS,ABREBIATURA) VALUES(1176,9,1,'Coty Body Fresh Locion','Berry Crazy',118.0,12.0,0.000000,0.000000,0.000000,'ML','7501737402479','Coty Loc Berry czy 118');

INSERT INTO MOVIMIENTO_HISTORICO_PRODUCTO (ALMACEN_ID,PRODUCTO_ID,FECHA,TIPO_MOVIMIENTO_ID,CANTIDAD,COSTO,PRECIO,USUARIO_ID) VALUES(1,1176,now(),30,2,0.000000,0.000000,'root');
INSERT INTO ALMACEN_PRODUCTO(ALMACEN_ID,PRODUCTO_ID,CANTIDAD_ACTUAL,PRECIO_VENTA) VALUES (1,1176,2,0.000000);

INSERT INTO ALMACEN_PRODUCTO(ALMACEN_ID,PRODUCTO_ID,CANTIDAD_ACTUAL,PRECIO_VENTA) VALUES (2,1176,0,0.000000);

INSERT INTO ALMACEN_PRODUCTO(ALMACEN_ID,PRODUCTO_ID,CANTIDAD_ACTUAL,PRECIO_VENTA) VALUES (3,1176,2,0.000000);

INSERT INTO ALMACEN_PRODUCTO(ALMACEN_ID,PRODUCTO_ID,CANTIDAD_ACTUAL,PRECIO_VENTA) VALUES (4,1176,0,0.000000);

INSERT INTO PROVEEDOR_PRODUCTO(PROVEEDOR_ID,PRODUCTO_ID,PRECIO_COMPRA) VALUES(13,1176, 0.000000);

-- ===========PRODUCTO [1177]
INSERT INTO PRODUCTO(ID,MARCA_ID,LINEA_ID,NOMBRE,PRESENTACION,CONTENIDO,UNIDADES_POR_CAJA,COSTO,COSTO_VENTA,PRECIO_BASE,UNIDAD_MEDIDA,CODIGO_BARRAS,ABREBIATURA) VALUES(1177,95,1,'Antonio Banderas Aerosol','For Women',150.0,12.0,22.270115,22.270115,31.000000,'ML','8411061561263','Antonio Band Aer 150m');

INSERT INTO MOVIMIENTO_HISTORICO_PRODUCTO (ALMACEN_ID,PRODUCTO_ID,FECHA,TIPO_MOVIMIENTO_ID,CANTIDAD,COSTO,PRECIO,USUARIO_ID) VALUES(1,1177,now(),30,12,22.270115,31.000000,'root');
INSERT INTO ALMACEN_PRODUCTO(ALMACEN_ID,PRODUCTO_ID,CANTIDAD_ACTUAL,PRECIO_VENTA) VALUES (1,1177,12,31.000000);

INSERT INTO ALMACEN_PRODUCTO(ALMACEN_ID,PRODUCTO_ID,CANTIDAD_ACTUAL,PRECIO_VENTA) VALUES (2,1177,0,0.000000);

INSERT INTO ALMACEN_PRODUCTO(ALMACEN_ID,PRODUCTO_ID,CANTIDAD_ACTUAL,PRECIO_VENTA) VALUES (3,1177,12,29.900000);

INSERT INTO ALMACEN_PRODUCTO(ALMACEN_ID,PRODUCTO_ID,CANTIDAD_ACTUAL,PRECIO_VENTA) VALUES (4,1177,0,0.000000);

INSERT INTO PROVEEDOR_PRODUCTO(PROVEEDOR_ID,PRODUCTO_ID,PRECIO_COMPRA) VALUES(13,1177, 22.270115);

-- ===========PRODUCTO [1178]
INSERT INTO PRODUCTO(ID,MARCA_ID,LINEA_ID,NOMBRE,PRESENTACION,CONTENIDO,UNIDADES_POR_CAJA,COSTO,COSTO_VENTA,PRECIO_BASE,UNIDAD_MEDIDA,CODIGO_BARRAS,ABREBIATURA) VALUES(1178,3,1,'Celine Dion Parfums','Shower Gel',200.0,6.0,0.000000,0.000000,0.000000,'ML','3412242003010','Celin Dion Show G 200');

INSERT INTO MOVIMIENTO_HISTORICO_PRODUCTO (ALMACEN_ID,PRODUCTO_ID,FECHA,TIPO_MOVIMIENTO_ID,CANTIDAD,COSTO,PRECIO,USUARIO_ID) VALUES(1,1178,now(),30,1,0.000000,0.000000,'root');
INSERT INTO ALMACEN_PRODUCTO(ALMACEN_ID,PRODUCTO_ID,CANTIDAD_ACTUAL,PRECIO_VENTA) VALUES (1,1178,1,0.000000);

INSERT INTO ALMACEN_PRODUCTO(ALMACEN_ID,PRODUCTO_ID,CANTIDAD_ACTUAL,PRECIO_VENTA) VALUES (2,1178,0,0.000000);

INSERT INTO ALMACEN_PRODUCTO(ALMACEN_ID,PRODUCTO_ID,CANTIDAD_ACTUAL,PRECIO_VENTA) VALUES (3,1178,1,0.000000);

INSERT INTO ALMACEN_PRODUCTO(ALMACEN_ID,PRODUCTO_ID,CANTIDAD_ACTUAL,PRECIO_VENTA) VALUES (4,1178,0,0.000000);

INSERT INTO PROVEEDOR_PRODUCTO(PROVEEDOR_ID,PRODUCTO_ID,PRECIO_COMPRA) VALUES(13,1178, 0.000000);

-- ===========PRODUCTO [1179]
INSERT INTO PRODUCTO(ID,MARCA_ID,LINEA_ID,NOMBRE,PRESENTACION,CONTENIDO,UNIDADES_POR_CAJA,COSTO,COSTO_VENTA,PRECIO_BASE,UNIDAD_MEDIDA,CODIGO_BARRAS,ABREBIATURA) VALUES(1179,3,1,'Celine Dion Parfums','Crema Corporal',200.0,12.0,0.000000,0.000000,0.000000,'ML','3412242002013','Celin Dion Cr Corp 200');

INSERT INTO MOVIMIENTO_HISTORICO_PRODUCTO (ALMACEN_ID,PRODUCTO_ID,FECHA,TIPO_MOVIMIENTO_ID,CANTIDAD,COSTO,PRECIO,USUARIO_ID) VALUES(1,1179,now(),30,1,0.000000,0.000000,'root');
INSERT INTO ALMACEN_PRODUCTO(ALMACEN_ID,PRODUCTO_ID,CANTIDAD_ACTUAL,PRECIO_VENTA) VALUES (1,1179,1,0.000000);

INSERT INTO ALMACEN_PRODUCTO(ALMACEN_ID,PRODUCTO_ID,CANTIDAD_ACTUAL,PRECIO_VENTA) VALUES (2,1179,0,0.000000);

INSERT INTO ALMACEN_PRODUCTO(ALMACEN_ID,PRODUCTO_ID,CANTIDAD_ACTUAL,PRECIO_VENTA) VALUES (3,1179,1,0.000000);

INSERT INTO ALMACEN_PRODUCTO(ALMACEN_ID,PRODUCTO_ID,CANTIDAD_ACTUAL,PRECIO_VENTA) VALUES (4,1179,0,0.000000);

INSERT INTO PROVEEDOR_PRODUCTO(PROVEEDOR_ID,PRODUCTO_ID,PRECIO_COMPRA) VALUES(13,1179, 0.000000);

-- ===========PRODUCTO [886]
INSERT INTO PRODUCTO(ID,MARCA_ID,LINEA_ID,NOMBRE,PRESENTACION,CONTENIDO,UNIDADES_POR_CAJA,COSTO,COSTO_VENTA,PRECIO_BASE,UNIDAD_MEDIDA,CODIGO_BARRAS,ABREBIATURA) VALUES(886,2,1,'Adidas Estuche Col + Aerosol + Maletin','Pure Game',3.0,6.0,114.877874,114.877874,159.910000,'Pz','7501737409683','Adida Est 3PZ Pure Gam');

INSERT INTO MOVIMIENTO_HISTORICO_PRODUCTO (ALMACEN_ID,PRODUCTO_ID,FECHA,TIPO_MOVIMIENTO_ID,CANTIDAD,COSTO,PRECIO,USUARIO_ID) VALUES(1,886,now(),30,1,114.877874,159.910000,'root');
INSERT INTO ALMACEN_PRODUCTO(ALMACEN_ID,PRODUCTO_ID,CANTIDAD_ACTUAL,PRECIO_VENTA) VALUES (1,886,1,159.910000);

INSERT INTO ALMACEN_PRODUCTO(ALMACEN_ID,PRODUCTO_ID,CANTIDAD_ACTUAL,PRECIO_VENTA) VALUES (2,886,0,0.000000);

INSERT INTO ALMACEN_PRODUCTO(ALMACEN_ID,PRODUCTO_ID,CANTIDAD_ACTUAL,PRECIO_VENTA) VALUES (3,886,1,159.000000);

INSERT INTO ALMACEN_PRODUCTO(ALMACEN_ID,PRODUCTO_ID,CANTIDAD_ACTUAL,PRECIO_VENTA) VALUES (4,886,0,0.000000);

INSERT INTO PROVEEDOR_PRODUCTO(PROVEEDOR_ID,PRODUCTO_ID,PRECIO_COMPRA) VALUES(13,886, 114.877874);

-- ===========PRODUCTO [992]
INSERT INTO PRODUCTO(ID,MARCA_ID,LINEA_ID,NOMBRE,PRESENTACION,CONTENIDO,UNIDADES_POR_CAJA,COSTO,COSTO_VENTA,PRECIO_BASE,UNIDAD_MEDIDA,CODIGO_BARRAS,ABREBIATURA) VALUES(992,2,1,'Adidas Estuche Col + Aerosol + Maletin','Ice Dive',3.0,6.0,114.877874,114.877874,159.910000,'Pz','3412242690166','Adida Est 3PZ Ice Div');

INSERT INTO MOVIMIENTO_HISTORICO_PRODUCTO (ALMACEN_ID,PRODUCTO_ID,FECHA,TIPO_MOVIMIENTO_ID,CANTIDAD,COSTO,PRECIO,USUARIO_ID) VALUES(1,992,now(),30,1,114.877874,159.910000,'root');
INSERT INTO ALMACEN_PRODUCTO(ALMACEN_ID,PRODUCTO_ID,CANTIDAD_ACTUAL,PRECIO_VENTA) VALUES (1,992,1,159.910000);

INSERT INTO ALMACEN_PRODUCTO(ALMACEN_ID,PRODUCTO_ID,CANTIDAD_ACTUAL,PRECIO_VENTA) VALUES (2,992,0,0.000000);

INSERT INTO ALMACEN_PRODUCTO(ALMACEN_ID,PRODUCTO_ID,CANTIDAD_ACTUAL,PRECIO_VENTA) VALUES (3,992,1,159.000000);

INSERT INTO ALMACEN_PRODUCTO(ALMACEN_ID,PRODUCTO_ID,CANTIDAD_ACTUAL,PRECIO_VENTA) VALUES (4,992,0,0.000000);

INSERT INTO PROVEEDOR_PRODUCTO(PROVEEDOR_ID,PRODUCTO_ID,PRECIO_COMPRA) VALUES(13,992, 114.877874);

-- ===========PRODUCTO [988]
INSERT INTO PRODUCTO(ID,MARCA_ID,LINEA_ID,NOMBRE,PRESENTACION,CONTENIDO,UNIDADES_POR_CAJA,COSTO,COSTO_VENTA,PRECIO_BASE,UNIDAD_MEDIDA,CODIGO_BARRAS,ABREBIATURA) VALUES(988,2,1,'Adidas Estuche Colonia + Deo Stick','Victory League',2.0,4.0,102.952586,102.952586,143.310000,'Pz','7501737409508','Adid Est Loc/stick Vict');

INSERT INTO MOVIMIENTO_HISTORICO_PRODUCTO (ALMACEN_ID,PRODUCTO_ID,FECHA,TIPO_MOVIMIENTO_ID,CANTIDAD,COSTO,PRECIO,USUARIO_ID) VALUES(1,988,now(),30,1,102.952586,143.310000,'root');
INSERT INTO ALMACEN_PRODUCTO(ALMACEN_ID,PRODUCTO_ID,CANTIDAD_ACTUAL,PRECIO_VENTA) VALUES (1,988,1,143.310000);

INSERT INTO ALMACEN_PRODUCTO(ALMACEN_ID,PRODUCTO_ID,CANTIDAD_ACTUAL,PRECIO_VENTA) VALUES (2,988,0,0.000000);

INSERT INTO ALMACEN_PRODUCTO(ALMACEN_ID,PRODUCTO_ID,CANTIDAD_ACTUAL,PRECIO_VENTA) VALUES (3,988,1,139.000000);

INSERT INTO ALMACEN_PRODUCTO(ALMACEN_ID,PRODUCTO_ID,CANTIDAD_ACTUAL,PRECIO_VENTA) VALUES (4,988,0,0.000000);

INSERT INTO PROVEEDOR_PRODUCTO(PROVEEDOR_ID,PRODUCTO_ID,PRECIO_COMPRA) VALUES(13,988, 102.952586);

-- ===========PRODUCTO [989]
INSERT INTO PRODUCTO(ID,MARCA_ID,LINEA_ID,NOMBRE,PRESENTACION,CONTENIDO,UNIDADES_POR_CAJA,COSTO,COSTO_VENTA,PRECIO_BASE,UNIDAD_MEDIDA,CODIGO_BARRAS,ABREBIATURA) VALUES(989,96,1,'Alejandro Sanz Estuche Dama','Colonia + Deo Spray',2.0,6.0,111.350575,111.350575,155.000000,'Pz','7501046193792','Alej Snz Est Colo/Aero');

INSERT INTO MOVIMIENTO_HISTORICO_PRODUCTO (ALMACEN_ID,PRODUCTO_ID,FECHA,TIPO_MOVIMIENTO_ID,CANTIDAD,COSTO,PRECIO,USUARIO_ID) VALUES(1,989,now(),30,1,111.350575,155.000000,'root');
INSERT INTO ALMACEN_PRODUCTO(ALMACEN_ID,PRODUCTO_ID,CANTIDAD_ACTUAL,PRECIO_VENTA) VALUES (1,989,1,155.000000);

INSERT INTO ALMACEN_PRODUCTO(ALMACEN_ID,PRODUCTO_ID,CANTIDAD_ACTUAL,PRECIO_VENTA) VALUES (2,989,0,0.000000);

INSERT INTO ALMACEN_PRODUCTO(ALMACEN_ID,PRODUCTO_ID,CANTIDAD_ACTUAL,PRECIO_VENTA) VALUES (3,989,1,149.000000);

INSERT INTO ALMACEN_PRODUCTO(ALMACEN_ID,PRODUCTO_ID,CANTIDAD_ACTUAL,PRECIO_VENTA) VALUES (4,989,0,0.000000);

INSERT INTO PROVEEDOR_PRODUCTO(PROVEEDOR_ID,PRODUCTO_ID,PRECIO_COMPRA) VALUES(13,989, 111.350575);

-- ===========PRODUCTO [987]
INSERT INTO PRODUCTO(ID,MARCA_ID,LINEA_ID,NOMBRE,PRESENTACION,CONTENIDO,UNIDADES_POR_CAJA,COSTO,COSTO_VENTA,PRECIO_BASE,UNIDAD_MEDIDA,CODIGO_BARRAS,ABREBIATURA) VALUES(987,95,1,'Antonio Banderas Estuche','Colonia + Locion',2.0,6.0,0.000000,0.000000,0.000000,'Pz','8411061685457','Ant Band Est Col/Loci');

INSERT INTO MOVIMIENTO_HISTORICO_PRODUCTO (ALMACEN_ID,PRODUCTO_ID,FECHA,TIPO_MOVIMIENTO_ID,CANTIDAD,COSTO,PRECIO,USUARIO_ID) VALUES(1,987,now(),30,2,0.000000,0.000000,'root');
INSERT INTO ALMACEN_PRODUCTO(ALMACEN_ID,PRODUCTO_ID,CANTIDAD_ACTUAL,PRECIO_VENTA) VALUES (1,987,2,0.000000);

INSERT INTO ALMACEN_PRODUCTO(ALMACEN_ID,PRODUCTO_ID,CANTIDAD_ACTUAL,PRECIO_VENTA) VALUES (2,987,0,0.000000);

INSERT INTO ALMACEN_PRODUCTO(ALMACEN_ID,PRODUCTO_ID,CANTIDAD_ACTUAL,PRECIO_VENTA) VALUES (3,987,2,0.000000);

INSERT INTO ALMACEN_PRODUCTO(ALMACEN_ID,PRODUCTO_ID,CANTIDAD_ACTUAL,PRECIO_VENTA) VALUES (4,987,0,0.000000);

INSERT INTO PROVEEDOR_PRODUCTO(PROVEEDOR_ID,PRODUCTO_ID,PRECIO_COMPRA) VALUES(13,987, 0.000000);

-- ===========PRODUCTO [1149]
INSERT INTO PRODUCTO(ID,MARCA_ID,LINEA_ID,NOMBRE,PRESENTACION,CONTENIDO,UNIDADES_POR_CAJA,COSTO,COSTO_VENTA,PRECIO_BASE,UNIDAD_MEDIDA,CODIGO_BARRAS,ABREBIATURA) VALUES(1149,95,1,'Antonio Banderas Estuche','Colonia + Deo Spray',2.0,6.0,0.000000,0.000000,0.000000,'Pz','8411061685440','Anr Band Est Colo/Aer');

INSERT INTO MOVIMIENTO_HISTORICO_PRODUCTO (ALMACEN_ID,PRODUCTO_ID,FECHA,TIPO_MOVIMIENTO_ID,CANTIDAD,COSTO,PRECIO,USUARIO_ID) VALUES(1,1149,now(),30,3,0.000000,0.000000,'root');
INSERT INTO ALMACEN_PRODUCTO(ALMACEN_ID,PRODUCTO_ID,CANTIDAD_ACTUAL,PRECIO_VENTA) VALUES (1,1149,3,0.000000);

INSERT INTO ALMACEN_PRODUCTO(ALMACEN_ID,PRODUCTO_ID,CANTIDAD_ACTUAL,PRECIO_VENTA) VALUES (2,1149,0,0.000000);

INSERT INTO ALMACEN_PRODUCTO(ALMACEN_ID,PRODUCTO_ID,CANTIDAD_ACTUAL,PRECIO_VENTA) VALUES (3,1149,3,0.000000);

INSERT INTO ALMACEN_PRODUCTO(ALMACEN_ID,PRODUCTO_ID,CANTIDAD_ACTUAL,PRECIO_VENTA) VALUES (4,1149,0,0.000000);

INSERT INTO PROVEEDOR_PRODUCTO(PROVEEDOR_ID,PRODUCTO_ID,PRECIO_COMPRA) VALUES(13,1149, 0.000000);

-- ===========PRODUCTO [1170]
INSERT INTO PRODUCTO(ID,MARCA_ID,LINEA_ID,NOMBRE,PRESENTACION,CONTENIDO,UNIDADES_POR_CAJA,COSTO,COSTO_VENTA,PRECIO_BASE,UNIDAD_MEDIDA,CODIGO_BARRAS,ABREBIATURA) VALUES(1170,97,1,'Maja Estuche Dama','Gel + Crema + Colonia',3.0,6.0,0.000000,0.000000,0.000000,'Pz','8410190579026','Maja Est Gel/Cre/Colo');

INSERT INTO MOVIMIENTO_HISTORICO_PRODUCTO (ALMACEN_ID,PRODUCTO_ID,FECHA,TIPO_MOVIMIENTO_ID,CANTIDAD,COSTO,PRECIO,USUARIO_ID) VALUES(1,1170,now(),30,1,0.000000,0.000000,'root');
INSERT INTO ALMACEN_PRODUCTO(ALMACEN_ID,PRODUCTO_ID,CANTIDAD_ACTUAL,PRECIO_VENTA) VALUES (1,1170,1,0.000000);

INSERT INTO ALMACEN_PRODUCTO(ALMACEN_ID,PRODUCTO_ID,CANTIDAD_ACTUAL,PRECIO_VENTA) VALUES (2,1170,0,0.000000);

INSERT INTO ALMACEN_PRODUCTO(ALMACEN_ID,PRODUCTO_ID,CANTIDAD_ACTUAL,PRECIO_VENTA) VALUES (3,1170,1,0.000000);

INSERT INTO ALMACEN_PRODUCTO(ALMACEN_ID,PRODUCTO_ID,CANTIDAD_ACTUAL,PRECIO_VENTA) VALUES (4,1170,0,0.000000);

INSERT INTO PROVEEDOR_PRODUCTO(PROVEEDOR_ID,PRODUCTO_ID,PRECIO_COMPRA) VALUES(13,1170, 0.000000);

-- ===========PRODUCTO [1035]
INSERT INTO PRODUCTO(ID,MARCA_ID,LINEA_ID,NOMBRE,PRESENTACION,CONTENIDO,UNIDADES_POR_CAJA,COSTO,COSTO_VENTA,PRECIO_BASE,UNIDAD_MEDIDA,CODIGO_BARRAS,ABREBIATURA) VALUES(1035,1,1,'Jovan Estuche 2 Colonias','Musk Concentrada',2.0,6.0,0.000000,0.000000,0.000000,'Pz','7501737408303','Jovan Est Musk 2Pz');

INSERT INTO MOVIMIENTO_HISTORICO_PRODUCTO (ALMACEN_ID,PRODUCTO_ID,FECHA,TIPO_MOVIMIENTO_ID,CANTIDAD,COSTO,PRECIO,USUARIO_ID) VALUES(1,1035,now(),30,3,0.000000,0.000000,'root');
INSERT INTO ALMACEN_PRODUCTO(ALMACEN_ID,PRODUCTO_ID,CANTIDAD_ACTUAL,PRECIO_VENTA) VALUES (1,1035,3,0.000000);

INSERT INTO ALMACEN_PRODUCTO(ALMACEN_ID,PRODUCTO_ID,CANTIDAD_ACTUAL,PRECIO_VENTA) VALUES (2,1035,0,0.000000);

INSERT INTO ALMACEN_PRODUCTO(ALMACEN_ID,PRODUCTO_ID,CANTIDAD_ACTUAL,PRECIO_VENTA) VALUES (3,1035,3,0.000000);

INSERT INTO ALMACEN_PRODUCTO(ALMACEN_ID,PRODUCTO_ID,CANTIDAD_ACTUAL,PRECIO_VENTA) VALUES (4,1035,0,0.000000);

INSERT INTO PROVEEDOR_PRODUCTO(PROVEEDOR_ID,PRODUCTO_ID,PRECIO_COMPRA) VALUES(13,1035, 0.000000);

-- ===========PRODUCTO [965]
INSERT INTO PRODUCTO(ID,MARCA_ID,LINEA_ID,NOMBRE,PRESENTACION,CONTENIDO,UNIDADES_POR_CAJA,COSTO,COSTO_VENTA,PRECIO_BASE,UNIDAD_MEDIDA,CODIGO_BARRAS,ABREBIATURA) VALUES(965,98,1,'Exclamation Estuche 2 Colonias','Exclamation',2.0,4.0,0.000000,0.000000,0.000000,'Pz','7501737406767','Exclamat Est 2Pz');

INSERT INTO MOVIMIENTO_HISTORICO_PRODUCTO (ALMACEN_ID,PRODUCTO_ID,FECHA,TIPO_MOVIMIENTO_ID,CANTIDAD,COSTO,PRECIO,USUARIO_ID) VALUES(1,965,now(),30,3,0.000000,0.000000,'root');
INSERT INTO ALMACEN_PRODUCTO(ALMACEN_ID,PRODUCTO_ID,CANTIDAD_ACTUAL,PRECIO_VENTA) VALUES (1,965,3,0.000000);

INSERT INTO ALMACEN_PRODUCTO(ALMACEN_ID,PRODUCTO_ID,CANTIDAD_ACTUAL,PRECIO_VENTA) VALUES (2,965,0,0.000000);

INSERT INTO ALMACEN_PRODUCTO(ALMACEN_ID,PRODUCTO_ID,CANTIDAD_ACTUAL,PRECIO_VENTA) VALUES (3,965,3,0.000000);

INSERT INTO ALMACEN_PRODUCTO(ALMACEN_ID,PRODUCTO_ID,CANTIDAD_ACTUAL,PRECIO_VENTA) VALUES (4,965,0,0.000000);

INSERT INTO PROVEEDOR_PRODUCTO(PROVEEDOR_ID,PRODUCTO_ID,PRECIO_COMPRA) VALUES(13,965, 0.000000);

-- ===========PRODUCTO [966]
INSERT INTO PRODUCTO(ID,MARCA_ID,LINEA_ID,NOMBRE,PRESENTACION,CONTENIDO,UNIDADES_POR_CAJA,COSTO,COSTO_VENTA,PRECIO_BASE,UNIDAD_MEDIDA,CODIGO_BARRAS,ABREBIATURA) VALUES(966,12,6,'Ammens Talco Desodorante','Fresco Aroma',60.0,12.0,7.902299,7.902299,11.000000,'G','7502221184444','Ammns Talc Fco Ar 60g');

INSERT INTO MOVIMIENTO_HISTORICO_PRODUCTO (ALMACEN_ID,PRODUCTO_ID,FECHA,TIPO_MOVIMIENTO_ID,CANTIDAD,COSTO,PRECIO,USUARIO_ID) VALUES(1,966,now(),30,12,7.902299,11.000000,'root');
INSERT INTO ALMACEN_PRODUCTO(ALMACEN_ID,PRODUCTO_ID,CANTIDAD_ACTUAL,PRECIO_VENTA) VALUES (1,966,12,11.000000);

INSERT INTO ALMACEN_PRODUCTO(ALMACEN_ID,PRODUCTO_ID,CANTIDAD_ACTUAL,PRECIO_VENTA) VALUES (2,966,0,0.000000);

INSERT INTO ALMACEN_PRODUCTO(ALMACEN_ID,PRODUCTO_ID,CANTIDAD_ACTUAL,PRECIO_VENTA) VALUES (3,966,12,9.900000);

INSERT INTO ALMACEN_PRODUCTO(ALMACEN_ID,PRODUCTO_ID,CANTIDAD_ACTUAL,PRECIO_VENTA) VALUES (4,966,0,0.000000);

INSERT INTO PROVEEDOR_PRODUCTO(PROVEEDOR_ID,PRODUCTO_ID,PRECIO_COMPRA) VALUES(18,966, 7.902299);

-- ===========PRODUCTO [1137]
INSERT INTO PRODUCTO(ID,MARCA_ID,LINEA_ID,NOMBRE,PRESENTACION,CONTENIDO,UNIDADES_POR_CAJA,COSTO,COSTO_VENTA,PRECIO_BASE,UNIDAD_MEDIDA,CODIGO_BARRAS,ABREBIATURA) VALUES(1137,12,6,'Ammens Talco Desodorante','Pies',60.0,12.0,7.902299,7.902299,11.000000,'G','7502221184437','Ammns Talc Pies 60g');

INSERT INTO MOVIMIENTO_HISTORICO_PRODUCTO (ALMACEN_ID,PRODUCTO_ID,FECHA,TIPO_MOVIMIENTO_ID,CANTIDAD,COSTO,PRECIO,USUARIO_ID) VALUES(1,1137,now(),30,9,7.902299,11.000000,'root');
INSERT INTO ALMACEN_PRODUCTO(ALMACEN_ID,PRODUCTO_ID,CANTIDAD_ACTUAL,PRECIO_VENTA) VALUES (1,1137,9,11.000000);

INSERT INTO ALMACEN_PRODUCTO(ALMACEN_ID,PRODUCTO_ID,CANTIDAD_ACTUAL,PRECIO_VENTA) VALUES (2,1137,0,0.000000);

INSERT INTO ALMACEN_PRODUCTO(ALMACEN_ID,PRODUCTO_ID,CANTIDAD_ACTUAL,PRECIO_VENTA) VALUES (3,1137,9,9.900000);

INSERT INTO ALMACEN_PRODUCTO(ALMACEN_ID,PRODUCTO_ID,CANTIDAD_ACTUAL,PRECIO_VENTA) VALUES (4,1137,0,0.000000);

INSERT INTO PROVEEDOR_PRODUCTO(PROVEEDOR_ID,PRODUCTO_ID,PRECIO_COMPRA) VALUES(18,1137, 7.902299);

-- ===========PRODUCTO [1138]
INSERT INTO PRODUCTO(ID,MARCA_ID,LINEA_ID,NOMBRE,PRESENTACION,CONTENIDO,UNIDADES_POR_CAJA,COSTO,COSTO_VENTA,PRECIO_BASE,UNIDAD_MEDIDA,CODIGO_BARRAS,ABREBIATURA) VALUES(1138,11,1,'Brut Colonia Caballero','Classic Edicion Especial',88.0,12.0,0.000000,0.000000,0.000000,'ML','827755071051','Brut Col Edic Esp 88m');

INSERT INTO MOVIMIENTO_HISTORICO_PRODUCTO (ALMACEN_ID,PRODUCTO_ID,FECHA,TIPO_MOVIMIENTO_ID,CANTIDAD,COSTO,PRECIO,USUARIO_ID) VALUES(1,1138,now(),30,9,0.000000,0.000000,'root');
INSERT INTO ALMACEN_PRODUCTO(ALMACEN_ID,PRODUCTO_ID,CANTIDAD_ACTUAL,PRECIO_VENTA) VALUES (1,1138,9,0.000000);

INSERT INTO ALMACEN_PRODUCTO(ALMACEN_ID,PRODUCTO_ID,CANTIDAD_ACTUAL,PRECIO_VENTA) VALUES (2,1138,0,0.000000);

INSERT INTO ALMACEN_PRODUCTO(ALMACEN_ID,PRODUCTO_ID,CANTIDAD_ACTUAL,PRECIO_VENTA) VALUES (3,1138,9,0.000000);

INSERT INTO ALMACEN_PRODUCTO(ALMACEN_ID,PRODUCTO_ID,CANTIDAD_ACTUAL,PRECIO_VENTA) VALUES (4,1138,0,0.000000);

INSERT INTO PROVEEDOR_PRODUCTO(PROVEEDOR_ID,PRODUCTO_ID,PRECIO_COMPRA) VALUES(18,1138, 0.000000);

-- ===========PRODUCTO [1009]
INSERT INTO PRODUCTO(ID,MARCA_ID,LINEA_ID,NOMBRE,PRESENTACION,CONTENIDO,UNIDADES_POR_CAJA,COSTO,COSTO_VENTA,PRECIO_BASE,UNIDAD_MEDIDA,CODIGO_BARRAS,ABREBIATURA) VALUES(1009,11,8,'Brut Espuma Afeitar','Normal Skin',210.0,12.0,0.000000,0.000000,0.000000,'ML','7502221183881','Brut Esp Af Norm 210');

INSERT INTO MOVIMIENTO_HISTORICO_PRODUCTO (ALMACEN_ID,PRODUCTO_ID,FECHA,TIPO_MOVIMIENTO_ID,CANTIDAD,COSTO,PRECIO,USUARIO_ID) VALUES(1,1009,now(),30,11,0.000000,0.000000,'root');
INSERT INTO ALMACEN_PRODUCTO(ALMACEN_ID,PRODUCTO_ID,CANTIDAD_ACTUAL,PRECIO_VENTA) VALUES (1,1009,11,0.000000);

INSERT INTO ALMACEN_PRODUCTO(ALMACEN_ID,PRODUCTO_ID,CANTIDAD_ACTUAL,PRECIO_VENTA) VALUES (2,1009,1,0.000000);

INSERT INTO ALMACEN_PRODUCTO(ALMACEN_ID,PRODUCTO_ID,CANTIDAD_ACTUAL,PRECIO_VENTA) VALUES (3,1009,11,0.000000);

INSERT INTO ALMACEN_PRODUCTO(ALMACEN_ID,PRODUCTO_ID,CANTIDAD_ACTUAL,PRECIO_VENTA) VALUES (4,1009,1,0.000000);

INSERT INTO PROVEEDOR_PRODUCTO(PROVEEDOR_ID,PRODUCTO_ID,PRECIO_COMPRA) VALUES(18,1009, 0.000000);

-- ===========PRODUCTO [1008]
INSERT INTO PRODUCTO(ID,MARCA_ID,LINEA_ID,NOMBRE,PRESENTACION,CONTENIDO,UNIDADES_POR_CAJA,COSTO,COSTO_VENTA,PRECIO_BASE,UNIDAD_MEDIDA,CODIGO_BARRAS,ABREBIATURA) VALUES(1008,11,4,'Brut Aerosol','Dry Water Deep',208.0,12.0,0.000000,0.000000,0.000000,'ML','7502221181467','Brut Aer Dry Wat 208m');

INSERT INTO MOVIMIENTO_HISTORICO_PRODUCTO (ALMACEN_ID,PRODUCTO_ID,FECHA,TIPO_MOVIMIENTO_ID,CANTIDAD,COSTO,PRECIO,USUARIO_ID) VALUES(1,1008,now(),30,8,0.000000,0.000000,'root');
INSERT INTO ALMACEN_PRODUCTO(ALMACEN_ID,PRODUCTO_ID,CANTIDAD_ACTUAL,PRECIO_VENTA) VALUES (1,1008,8,0.000000);

INSERT INTO ALMACEN_PRODUCTO(ALMACEN_ID,PRODUCTO_ID,CANTIDAD_ACTUAL,PRECIO_VENTA) VALUES (2,1008,0,0.000000);

INSERT INTO ALMACEN_PRODUCTO(ALMACEN_ID,PRODUCTO_ID,CANTIDAD_ACTUAL,PRECIO_VENTA) VALUES (3,1008,8,0.000000);

INSERT INTO ALMACEN_PRODUCTO(ALMACEN_ID,PRODUCTO_ID,CANTIDAD_ACTUAL,PRECIO_VENTA) VALUES (4,1008,0,0.000000);

INSERT INTO PROVEEDOR_PRODUCTO(PROVEEDOR_ID,PRODUCTO_ID,PRECIO_COMPRA) VALUES(18,1008, 0.000000);

-- ===========PRODUCTO [1001]
INSERT INTO PRODUCTO(ID,MARCA_ID,LINEA_ID,NOMBRE,PRESENTACION,CONTENIDO,UNIDADES_POR_CAJA,COSTO,COSTO_VENTA,PRECIO_BASE,UNIDAD_MEDIDA,CODIGO_BARRAS,ABREBIATURA) VALUES(1001,11,8,'Brut Espuma Afeitar','Sensitive Skin',210.0,12.0,0.000000,0.000000,0.000000,'ML','7502221183898','Brut Esp Af Stive 210');

INSERT INTO MOVIMIENTO_HISTORICO_PRODUCTO (ALMACEN_ID,PRODUCTO_ID,FECHA,TIPO_MOVIMIENTO_ID,CANTIDAD,COSTO,PRECIO,USUARIO_ID) VALUES(1,1001,now(),30,5,0.000000,0.000000,'root');
INSERT INTO ALMACEN_PRODUCTO(ALMACEN_ID,PRODUCTO_ID,CANTIDAD_ACTUAL,PRECIO_VENTA) VALUES (1,1001,5,0.000000);

INSERT INTO ALMACEN_PRODUCTO(ALMACEN_ID,PRODUCTO_ID,CANTIDAD_ACTUAL,PRECIO_VENTA) VALUES (2,1001,0,0.000000);

INSERT INTO ALMACEN_PRODUCTO(ALMACEN_ID,PRODUCTO_ID,CANTIDAD_ACTUAL,PRECIO_VENTA) VALUES (3,1001,5,0.000000);

INSERT INTO ALMACEN_PRODUCTO(ALMACEN_ID,PRODUCTO_ID,CANTIDAD_ACTUAL,PRECIO_VENTA) VALUES (4,1001,0,0.000000);

INSERT INTO PROVEEDOR_PRODUCTO(PROVEEDOR_ID,PRODUCTO_ID,PRECIO_COMPRA) VALUES(18,1001, 0.000000);

-- ===========PRODUCTO [1003]
INSERT INTO PRODUCTO(ID,MARCA_ID,LINEA_ID,NOMBRE,PRESENTACION,CONTENIDO,UNIDADES_POR_CAJA,COSTO,COSTO_VENTA,PRECIO_BASE,UNIDAD_MEDIDA,CODIGO_BARRAS,ABREBIATURA) VALUES(1003,11,8,'Brut Espuma Afeitar','Sensitive Skin',210.0,12.0,0.000000,0.000000,0.000000,'ML','7502221184512','Brut Esp Af Stive 210');

INSERT INTO MOVIMIENTO_HISTORICO_PRODUCTO (ALMACEN_ID,PRODUCTO_ID,FECHA,TIPO_MOVIMIENTO_ID,CANTIDAD,COSTO,PRECIO,USUARIO_ID) VALUES(1,1003,now(),30,4,0.000000,0.000000,'root');
INSERT INTO ALMACEN_PRODUCTO(ALMACEN_ID,PRODUCTO_ID,CANTIDAD_ACTUAL,PRECIO_VENTA) VALUES (1,1003,4,0.000000);

INSERT INTO ALMACEN_PRODUCTO(ALMACEN_ID,PRODUCTO_ID,CANTIDAD_ACTUAL,PRECIO_VENTA) VALUES (2,1003,0,0.000000);

INSERT INTO ALMACEN_PRODUCTO(ALMACEN_ID,PRODUCTO_ID,CANTIDAD_ACTUAL,PRECIO_VENTA) VALUES (3,1003,4,0.000000);

INSERT INTO ALMACEN_PRODUCTO(ALMACEN_ID,PRODUCTO_ID,CANTIDAD_ACTUAL,PRECIO_VENTA) VALUES (4,1003,0,0.000000);

INSERT INTO PROVEEDOR_PRODUCTO(PROVEEDOR_ID,PRODUCTO_ID,PRECIO_COMPRA) VALUES(18,1003, 0.000000);

-- ===========PRODUCTO [946]
INSERT INTO PRODUCTO(ID,MARCA_ID,LINEA_ID,NOMBRE,PRESENTACION,CONTENIDO,UNIDADES_POR_CAJA,COSTO,COSTO_VENTA,PRECIO_BASE,UNIDAD_MEDIDA,CODIGO_BARRAS,ABREBIATURA) VALUES(946,11,4,'Brut Stick','Classic Deo',45.0,12.0,0.000000,0.000000,0.000000,'G','7502221184604','Brut Stk Classi Deo 45');

INSERT INTO MOVIMIENTO_HISTORICO_PRODUCTO (ALMACEN_ID,PRODUCTO_ID,FECHA,TIPO_MOVIMIENTO_ID,CANTIDAD,COSTO,PRECIO,USUARIO_ID) VALUES(1,946,now(),30,8,0.000000,0.000000,'root');
INSERT INTO ALMACEN_PRODUCTO(ALMACEN_ID,PRODUCTO_ID,CANTIDAD_ACTUAL,PRECIO_VENTA) VALUES (1,946,8,0.000000);

INSERT INTO ALMACEN_PRODUCTO(ALMACEN_ID,PRODUCTO_ID,CANTIDAD_ACTUAL,PRECIO_VENTA) VALUES (2,946,0,0.000000);

INSERT INTO ALMACEN_PRODUCTO(ALMACEN_ID,PRODUCTO_ID,CANTIDAD_ACTUAL,PRECIO_VENTA) VALUES (3,946,8,0.000000);

INSERT INTO ALMACEN_PRODUCTO(ALMACEN_ID,PRODUCTO_ID,CANTIDAD_ACTUAL,PRECIO_VENTA) VALUES (4,946,0,0.000000);

INSERT INTO PROVEEDOR_PRODUCTO(PROVEEDOR_ID,PRODUCTO_ID,PRECIO_COMPRA) VALUES(18,946, 0.000000);

-- ===========PRODUCTO [998]
INSERT INTO PRODUCTO(ID,MARCA_ID,LINEA_ID,NOMBRE,PRESENTACION,CONTENIDO,UNIDADES_POR_CAJA,COSTO,COSTO_VENTA,PRECIO_BASE,UNIDAD_MEDIDA,CODIGO_BARRAS,ABREBIATURA) VALUES(998,11,4,'Brut Rollon Caballero','Classic AP',35.0,12.0,0.000000,0.000000,0.000000,'G','7502221184598','Brut R-o Ap 35g');

INSERT INTO MOVIMIENTO_HISTORICO_PRODUCTO (ALMACEN_ID,PRODUCTO_ID,FECHA,TIPO_MOVIMIENTO_ID,CANTIDAD,COSTO,PRECIO,USUARIO_ID) VALUES(1,998,now(),30,10,0.000000,0.000000,'root');
INSERT INTO ALMACEN_PRODUCTO(ALMACEN_ID,PRODUCTO_ID,CANTIDAD_ACTUAL,PRECIO_VENTA) VALUES (1,998,10,0.000000);

INSERT INTO ALMACEN_PRODUCTO(ALMACEN_ID,PRODUCTO_ID,CANTIDAD_ACTUAL,PRECIO_VENTA) VALUES (2,998,0,0.000000);

INSERT INTO ALMACEN_PRODUCTO(ALMACEN_ID,PRODUCTO_ID,CANTIDAD_ACTUAL,PRECIO_VENTA) VALUES (3,998,10,9.900000);

INSERT INTO ALMACEN_PRODUCTO(ALMACEN_ID,PRODUCTO_ID,CANTIDAD_ACTUAL,PRECIO_VENTA) VALUES (4,998,0,0.000000);

INSERT INTO PROVEEDOR_PRODUCTO(PROVEEDOR_ID,PRODUCTO_ID,PRECIO_COMPRA) VALUES(18,998, 0.000000);

-- ===========PRODUCTO [908]
INSERT INTO PRODUCTO(ID,MARCA_ID,LINEA_ID,NOMBRE,PRESENTACION,CONTENIDO,UNIDADES_POR_CAJA,COSTO,COSTO_VENTA,PRECIO_BASE,UNIDAD_MEDIDA,CODIGO_BARRAS,ABREBIATURA) VALUES(908,2,4,'Adidas Aerosol Dama','Active Start',75.0,12.0,13.649425,13.649425,19.000000,'ML','3412240057183','Adid Aer Actv St 75ml');

INSERT INTO MOVIMIENTO_HISTORICO_PRODUCTO (ALMACEN_ID,PRODUCTO_ID,FECHA,TIPO_MOVIMIENTO_ID,CANTIDAD,COSTO,PRECIO,USUARIO_ID) VALUES(1,908,now(),30,2,13.649425,19.000000,'root');
INSERT INTO ALMACEN_PRODUCTO(ALMACEN_ID,PRODUCTO_ID,CANTIDAD_ACTUAL,PRECIO_VENTA) VALUES (1,908,2,19.000000);

INSERT INTO ALMACEN_PRODUCTO(ALMACEN_ID,PRODUCTO_ID,CANTIDAD_ACTUAL,PRECIO_VENTA) VALUES (2,908,0,0.000000);

INSERT INTO ALMACEN_PRODUCTO(ALMACEN_ID,PRODUCTO_ID,CANTIDAD_ACTUAL,PRECIO_VENTA) VALUES (3,908,2,19.900000);

INSERT INTO ALMACEN_PRODUCTO(ALMACEN_ID,PRODUCTO_ID,CANTIDAD_ACTUAL,PRECIO_VENTA) VALUES (4,908,0,0.000000);

INSERT INTO PROVEEDOR_PRODUCTO(PROVEEDOR_ID,PRODUCTO_ID,PRECIO_COMPRA) VALUES(13,908, 13.649425);

-- ===========PRODUCTO [1015]
INSERT INTO PRODUCTO(ID,MARCA_ID,LINEA_ID,NOMBRE,PRESENTACION,CONTENIDO,UNIDADES_POR_CAJA,COSTO,COSTO_VENTA,PRECIO_BASE,UNIDAD_MEDIDA,CODIGO_BARRAS,ABREBIATURA) VALUES(1015,11,4,'Brut Aerosol','Attitude',210.0,12.0,0.000000,0.000000,0.000000,'ML','7502221181245','Brut Aer Attitud 210ml');

INSERT INTO MOVIMIENTO_HISTORICO_PRODUCTO (ALMACEN_ID,PRODUCTO_ID,FECHA,TIPO_MOVIMIENTO_ID,CANTIDAD,COSTO,PRECIO,USUARIO_ID) VALUES(1,1015,now(),30,4,0.000000,0.000000,'root');
INSERT INTO ALMACEN_PRODUCTO(ALMACEN_ID,PRODUCTO_ID,CANTIDAD_ACTUAL,PRECIO_VENTA) VALUES (1,1015,4,0.000000);

INSERT INTO ALMACEN_PRODUCTO(ALMACEN_ID,PRODUCTO_ID,CANTIDAD_ACTUAL,PRECIO_VENTA) VALUES (2,1015,0,0.000000);

INSERT INTO ALMACEN_PRODUCTO(ALMACEN_ID,PRODUCTO_ID,CANTIDAD_ACTUAL,PRECIO_VENTA) VALUES (3,1015,4,0.000000);

INSERT INTO ALMACEN_PRODUCTO(ALMACEN_ID,PRODUCTO_ID,CANTIDAD_ACTUAL,PRECIO_VENTA) VALUES (4,1015,0,0.000000);

INSERT INTO PROVEEDOR_PRODUCTO(PROVEEDOR_ID,PRODUCTO_ID,PRECIO_COMPRA) VALUES(18,1015, 0.000000);

-- ===========PRODUCTO [1180]
INSERT INTO PRODUCTO(ID,MARCA_ID,LINEA_ID,NOMBRE,PRESENTACION,CONTENIDO,UNIDADES_POR_CAJA,COSTO,COSTO_VENTA,PRECIO_BASE,UNIDAD_MEDIDA,CODIGO_BARRAS,ABREBIATURA) VALUES(1180,11,1,'Brut Locion','Motion',100.0,12.0,0.000000,0.000000,0.000000,'ML','7502221182341','Brut Loc Motion 100ml');

INSERT INTO MOVIMIENTO_HISTORICO_PRODUCTO (ALMACEN_ID,PRODUCTO_ID,FECHA,TIPO_MOVIMIENTO_ID,CANTIDAD,COSTO,PRECIO,USUARIO_ID) VALUES(1,1180,now(),30,12,0.000000,0.000000,'root');
INSERT INTO ALMACEN_PRODUCTO(ALMACEN_ID,PRODUCTO_ID,CANTIDAD_ACTUAL,PRECIO_VENTA) VALUES (1,1180,12,0.000000);

INSERT INTO ALMACEN_PRODUCTO(ALMACEN_ID,PRODUCTO_ID,CANTIDAD_ACTUAL,PRECIO_VENTA) VALUES (2,1180,0,0.000000);

INSERT INTO ALMACEN_PRODUCTO(ALMACEN_ID,PRODUCTO_ID,CANTIDAD_ACTUAL,PRECIO_VENTA) VALUES (3,1180,12,0.000000);

INSERT INTO ALMACEN_PRODUCTO(ALMACEN_ID,PRODUCTO_ID,CANTIDAD_ACTUAL,PRECIO_VENTA) VALUES (4,1180,0,0.000000);

INSERT INTO PROVEEDOR_PRODUCTO(PROVEEDOR_ID,PRODUCTO_ID,PRECIO_COMPRA) VALUES(18,1180, 0.000000);

-- ===========PRODUCTO [1181]
INSERT INTO PRODUCTO(ID,MARCA_ID,LINEA_ID,NOMBRE,PRESENTACION,CONTENIDO,UNIDADES_POR_CAJA,COSTO,COSTO_VENTA,PRECIO_BASE,UNIDAD_MEDIDA,CODIGO_BARRAS,ABREBIATURA) VALUES(1181,45,4,'Obao Rollon Dama','Delicate Skin',65.0,24.0,0.000000,0.000000,0.000000,'ML','885575000002','Obao R-o Delic Ski 65g');

INSERT INTO MOVIMIENTO_HISTORICO_PRODUCTO (ALMACEN_ID,PRODUCTO_ID,FECHA,TIPO_MOVIMIENTO_ID,CANTIDAD,COSTO,PRECIO,USUARIO_ID) VALUES(1,1181,now(),30,10,0.000000,0.000000,'root');
INSERT INTO ALMACEN_PRODUCTO(ALMACEN_ID,PRODUCTO_ID,CANTIDAD_ACTUAL,PRECIO_VENTA) VALUES (1,1181,10,0.000000);

INSERT INTO ALMACEN_PRODUCTO(ALMACEN_ID,PRODUCTO_ID,CANTIDAD_ACTUAL,PRECIO_VENTA) VALUES (2,1181,0,0.000000);

INSERT INTO ALMACEN_PRODUCTO(ALMACEN_ID,PRODUCTO_ID,CANTIDAD_ACTUAL,PRECIO_VENTA) VALUES (3,1181,10,0.000000);

INSERT INTO ALMACEN_PRODUCTO(ALMACEN_ID,PRODUCTO_ID,CANTIDAD_ACTUAL,PRECIO_VENTA) VALUES (4,1181,0,0.000000);

INSERT INTO PROVEEDOR_PRODUCTO(PROVEEDOR_ID,PRODUCTO_ID,PRECIO_COMPRA) VALUES(10,1181, 0.000000);

-- ===========PRODUCTO [1182]
INSERT INTO PRODUCTO(ID,MARCA_ID,LINEA_ID,NOMBRE,PRESENTACION,CONTENIDO,UNIDADES_POR_CAJA,COSTO,COSTO_VENTA,PRECIO_BASE,UNIDAD_MEDIDA,CODIGO_BARRAS,ABREBIATURA) VALUES(1182,15,4,'Lady Speed Stick Aerosol','Stainguard',165.0,12.0,0.000000,0.000000,0.000000,'ML','7509546050935','Lady SS Aer Staing 165');

INSERT INTO MOVIMIENTO_HISTORICO_PRODUCTO (ALMACEN_ID,PRODUCTO_ID,FECHA,TIPO_MOVIMIENTO_ID,CANTIDAD,COSTO,PRECIO,USUARIO_ID) VALUES(1,1182,now(),30,12,0.000000,0.000000,'root');
INSERT INTO ALMACEN_PRODUCTO(ALMACEN_ID,PRODUCTO_ID,CANTIDAD_ACTUAL,PRECIO_VENTA) VALUES (1,1182,12,0.000000);

INSERT INTO ALMACEN_PRODUCTO(ALMACEN_ID,PRODUCTO_ID,CANTIDAD_ACTUAL,PRECIO_VENTA) VALUES (2,1182,0,0.000000);

INSERT INTO ALMACEN_PRODUCTO(ALMACEN_ID,PRODUCTO_ID,CANTIDAD_ACTUAL,PRECIO_VENTA) VALUES (3,1182,12,0.000000);

INSERT INTO ALMACEN_PRODUCTO(ALMACEN_ID,PRODUCTO_ID,CANTIDAD_ACTUAL,PRECIO_VENTA) VALUES (4,1182,0,0.000000);

INSERT INTO PROVEEDOR_PRODUCTO(PROVEEDOR_ID,PRODUCTO_ID,PRECIO_COMPRA) VALUES(6,1182, 0.000000);

-- ===========PRODUCTO [1183]
INSERT INTO PRODUCTO(ID,MARCA_ID,LINEA_ID,NOMBRE,PRESENTACION,CONTENIDO,UNIDADES_POR_CAJA,COSTO,COSTO_VENTA,PRECIO_BASE,UNIDAD_MEDIDA,CODIGO_BARRAS,ABREBIATURA) VALUES(1183,11,12,'Brut Gel Ducha','Affection',150.0,12.0,0.000000,0.000000,0.000000,'ML','78921717','Brut Show G Affec 150');

INSERT INTO MOVIMIENTO_HISTORICO_PRODUCTO (ALMACEN_ID,PRODUCTO_ID,FECHA,TIPO_MOVIMIENTO_ID,CANTIDAD,COSTO,PRECIO,USUARIO_ID) VALUES(1,1183,now(),30,1,0.000000,0.000000,'root');
INSERT INTO ALMACEN_PRODUCTO(ALMACEN_ID,PRODUCTO_ID,CANTIDAD_ACTUAL,PRECIO_VENTA) VALUES (1,1183,1,0.000000);

INSERT INTO ALMACEN_PRODUCTO(ALMACEN_ID,PRODUCTO_ID,CANTIDAD_ACTUAL,PRECIO_VENTA) VALUES (2,1183,0,0.000000);

INSERT INTO ALMACEN_PRODUCTO(ALMACEN_ID,PRODUCTO_ID,CANTIDAD_ACTUAL,PRECIO_VENTA) VALUES (3,1183,1,0.000000);

INSERT INTO ALMACEN_PRODUCTO(ALMACEN_ID,PRODUCTO_ID,CANTIDAD_ACTUAL,PRECIO_VENTA) VALUES (4,1183,0,0.000000);

INSERT INTO PROVEEDOR_PRODUCTO(PROVEEDOR_ID,PRODUCTO_ID,PRECIO_COMPRA) VALUES(18,1183, 0.000000);

-- ===========PRODUCTO [1184]
INSERT INTO PRODUCTO(ID,MARCA_ID,LINEA_ID,NOMBRE,PRESENTACION,CONTENIDO,UNIDADES_POR_CAJA,COSTO,COSTO_VENTA,PRECIO_BASE,UNIDAD_MEDIDA,CODIGO_BARRAS,ABREBIATURA) VALUES(1184,11,12,'Brut Gel Ducha','Dominant',150.0,12.0,0.000000,0.000000,0.000000,'ML','78921818','Brut Show G Domin 150');

INSERT INTO MOVIMIENTO_HISTORICO_PRODUCTO (ALMACEN_ID,PRODUCTO_ID,FECHA,TIPO_MOVIMIENTO_ID,CANTIDAD,COSTO,PRECIO,USUARIO_ID) VALUES(1,1184,now(),30,3,0.000000,0.000000,'root');
INSERT INTO ALMACEN_PRODUCTO(ALMACEN_ID,PRODUCTO_ID,CANTIDAD_ACTUAL,PRECIO_VENTA) VALUES (1,1184,3,0.000000);

INSERT INTO ALMACEN_PRODUCTO(ALMACEN_ID,PRODUCTO_ID,CANTIDAD_ACTUAL,PRECIO_VENTA) VALUES (2,1184,0,0.000000);

INSERT INTO ALMACEN_PRODUCTO(ALMACEN_ID,PRODUCTO_ID,CANTIDAD_ACTUAL,PRECIO_VENTA) VALUES (3,1184,3,0.000000);

INSERT INTO ALMACEN_PRODUCTO(ALMACEN_ID,PRODUCTO_ID,CANTIDAD_ACTUAL,PRECIO_VENTA) VALUES (4,1184,0,0.000000);

INSERT INTO PROVEEDOR_PRODUCTO(PROVEEDOR_ID,PRODUCTO_ID,PRECIO_COMPRA) VALUES(18,1184, 0.000000);

-- ===========PRODUCTO [1185]
INSERT INTO PRODUCTO(ID,MARCA_ID,LINEA_ID,NOMBRE,PRESENTACION,CONTENIDO,UNIDADES_POR_CAJA,COSTO,COSTO_VENTA,PRECIO_BASE,UNIDAD_MEDIDA,CODIGO_BARRAS,ABREBIATURA) VALUES(1185,11,12,'Brut Gel Ducha','Euphoria',150.0,12.0,0.000000,0.000000,0.000000,'ML','78921919','Brut Show G Euph 150');

INSERT INTO MOVIMIENTO_HISTORICO_PRODUCTO (ALMACEN_ID,PRODUCTO_ID,FECHA,TIPO_MOVIMIENTO_ID,CANTIDAD,COSTO,PRECIO,USUARIO_ID) VALUES(1,1185,now(),30,3,0.000000,0.000000,'root');
INSERT INTO ALMACEN_PRODUCTO(ALMACEN_ID,PRODUCTO_ID,CANTIDAD_ACTUAL,PRECIO_VENTA) VALUES (1,1185,3,0.000000);

INSERT INTO ALMACEN_PRODUCTO(ALMACEN_ID,PRODUCTO_ID,CANTIDAD_ACTUAL,PRECIO_VENTA) VALUES (2,1185,0,0.000000);

INSERT INTO ALMACEN_PRODUCTO(ALMACEN_ID,PRODUCTO_ID,CANTIDAD_ACTUAL,PRECIO_VENTA) VALUES (3,1185,3,0.000000);

INSERT INTO ALMACEN_PRODUCTO(ALMACEN_ID,PRODUCTO_ID,CANTIDAD_ACTUAL,PRECIO_VENTA) VALUES (4,1185,0,0.000000);

INSERT INTO PROVEEDOR_PRODUCTO(PROVEEDOR_ID,PRODUCTO_ID,PRECIO_COMPRA) VALUES(18,1185, 0.000000);

-- ===========PRODUCTO [661]
INSERT INTO PRODUCTO(ID,MARCA_ID,LINEA_ID,NOMBRE,PRESENTACION,CONTENIDO,UNIDADES_POR_CAJA,COSTO,COSTO_VENTA,PRECIO_BASE,UNIDAD_MEDIDA,CODIGO_BARRAS,ABREBIATURA) VALUES(661,11,4,'Brut Rollon','Addicttion',50.0,12.0,0.000000,0.000000,0.000000,'G','7502221184789','Brut R-o Addict 50g');

INSERT INTO MOVIMIENTO_HISTORICO_PRODUCTO (ALMACEN_ID,PRODUCTO_ID,FECHA,TIPO_MOVIMIENTO_ID,CANTIDAD,COSTO,PRECIO,USUARIO_ID) VALUES(1,661,now(),30,0,0.000000,0.000000,'root');
INSERT INTO ALMACEN_PRODUCTO(ALMACEN_ID,PRODUCTO_ID,CANTIDAD_ACTUAL,PRECIO_VENTA) VALUES (1,661,0,0.000000);

INSERT INTO ALMACEN_PRODUCTO(ALMACEN_ID,PRODUCTO_ID,CANTIDAD_ACTUAL,PRECIO_VENTA) VALUES (2,661,1,0.000000);

INSERT INTO PROVEEDOR_PRODUCTO(PROVEEDOR_ID,PRODUCTO_ID,PRECIO_COMPRA) VALUES(18,661, 0.000000);

-- ===========PRODUCTO [1186]
INSERT INTO PRODUCTO(ID,MARCA_ID,LINEA_ID,NOMBRE,PRESENTACION,CONTENIDO,UNIDADES_POR_CAJA,COSTO,COSTO_VENTA,PRECIO_BASE,UNIDAD_MEDIDA,CODIGO_BARRAS,ABREBIATURA) VALUES(1186,11,1,'Brut Locion','Attitude',100.0,12.0,0.000000,0.000000,0.000000,'ML','7502221181306','Brut Loc Attitud 100ml');

INSERT INTO MOVIMIENTO_HISTORICO_PRODUCTO (ALMACEN_ID,PRODUCTO_ID,FECHA,TIPO_MOVIMIENTO_ID,CANTIDAD,COSTO,PRECIO,USUARIO_ID) VALUES(1,1186,now(),30,0,0.000000,0.000000,'root');
INSERT INTO ALMACEN_PRODUCTO(ALMACEN_ID,PRODUCTO_ID,CANTIDAD_ACTUAL,PRECIO_VENTA) VALUES (1,1186,0,0.000000);

INSERT INTO ALMACEN_PRODUCTO(ALMACEN_ID,PRODUCTO_ID,CANTIDAD_ACTUAL,PRECIO_VENTA) VALUES (2,1186,1,0.000000);

INSERT INTO PROVEEDOR_PRODUCTO(PROVEEDOR_ID,PRODUCTO_ID,PRECIO_COMPRA) VALUES(18,1186, 0.000000);

-- ===========PRODUCTO [1187]
INSERT INTO PRODUCTO(ID,MARCA_ID,LINEA_ID,NOMBRE,PRESENTACION,CONTENIDO,UNIDADES_POR_CAJA,COSTO,COSTO_VENTA,PRECIO_BASE,UNIDAD_MEDIDA,CODIGO_BARRAS,ABREBIATURA) VALUES(1187,11,1,'Brut Locion','Success',100.0,12.0,0.000000,0.000000,0.000000,'ML','7502221181320','Brut Loc Success 100ml');

INSERT INTO MOVIMIENTO_HISTORICO_PRODUCTO (ALMACEN_ID,PRODUCTO_ID,FECHA,TIPO_MOVIMIENTO_ID,CANTIDAD,COSTO,PRECIO,USUARIO_ID) VALUES(1,1187,now(),30,0,0.000000,0.000000,'root');
INSERT INTO ALMACEN_PRODUCTO(ALMACEN_ID,PRODUCTO_ID,CANTIDAD_ACTUAL,PRECIO_VENTA) VALUES (1,1187,0,0.000000);

INSERT INTO ALMACEN_PRODUCTO(ALMACEN_ID,PRODUCTO_ID,CANTIDAD_ACTUAL,PRECIO_VENTA) VALUES (2,1187,3,0.000000);

INSERT INTO PROVEEDOR_PRODUCTO(PROVEEDOR_ID,PRODUCTO_ID,PRECIO_COMPRA) VALUES(18,1187, 0.000000);

-- ===========PRODUCTO [1188]
INSERT INTO PRODUCTO(ID,MARCA_ID,LINEA_ID,NOMBRE,PRESENTACION,CONTENIDO,UNIDADES_POR_CAJA,COSTO,COSTO_VENTA,PRECIO_BASE,UNIDAD_MEDIDA,CODIGO_BARRAS,ABREBIATURA) VALUES(1188,12,7,'Ammens Talco Desodorante','Bebe',250.0,12.0,20.725575,20.725575,28.850000,'G','7502221182174','Ammns Talc Baby 250');

INSERT INTO MOVIMIENTO_HISTORICO_PRODUCTO (ALMACEN_ID,PRODUCTO_ID,FECHA,TIPO_MOVIMIENTO_ID,CANTIDAD,COSTO,PRECIO,USUARIO_ID) VALUES(1,1188,now(),30,0,20.725575,28.850000,'root');
INSERT INTO ALMACEN_PRODUCTO(ALMACEN_ID,PRODUCTO_ID,CANTIDAD_ACTUAL,PRECIO_VENTA) VALUES (1,1188,0,28.850000);

INSERT INTO ALMACEN_PRODUCTO(ALMACEN_ID,PRODUCTO_ID,CANTIDAD_ACTUAL,PRECIO_VENTA) VALUES (2,1188,37,9.500000);

INSERT INTO PROVEEDOR_PRODUCTO(PROVEEDOR_ID,PRODUCTO_ID,PRECIO_COMPRA) VALUES(18,1188, 20.725575);

-- ===========PRODUCTO [1189]
INSERT INTO PRODUCTO(ID,MARCA_ID,LINEA_ID,NOMBRE,PRESENTACION,CONTENIDO,UNIDADES_POR_CAJA,COSTO,COSTO_VENTA,PRECIO_BASE,UNIDAD_MEDIDA,CODIGO_BARRAS,ABREBIATURA) VALUES(1189,36,2,'Caprice Fijador Spray Profesional','Acti Ceramidas',352.0,12.0,18.728448,18.728448,26.070000,'ML','7509546050294','Capric Spry Ceram 352');

INSERT INTO MOVIMIENTO_HISTORICO_PRODUCTO (ALMACEN_ID,PRODUCTO_ID,FECHA,TIPO_MOVIMIENTO_ID,CANTIDAD,COSTO,PRECIO,USUARIO_ID) VALUES(1,1189,now(),30,0,18.728448,26.070000,'root');
INSERT INTO ALMACEN_PRODUCTO(ALMACEN_ID,PRODUCTO_ID,CANTIDAD_ACTUAL,PRECIO_VENTA) VALUES (1,1189,0,26.070000);

INSERT INTO ALMACEN_PRODUCTO(ALMACEN_ID,PRODUCTO_ID,CANTIDAD_ACTUAL,PRECIO_VENTA) VALUES (2,1189,2,0.000000);

INSERT INTO PROVEEDOR_PRODUCTO(PROVEEDOR_ID,PRODUCTO_ID,PRECIO_COMPRA) VALUES(6,1189, 18.728448);

-- ===========PRODUCTO [1190]
INSERT INTO PRODUCTO(ID,MARCA_ID,LINEA_ID,NOMBRE,PRESENTACION,CONTENIDO,UNIDADES_POR_CAJA,COSTO,COSTO_VENTA,PRECIO_BASE,UNIDAD_MEDIDA,CODIGO_BARRAS,ABREBIATURA) VALUES(1190,82,9,'Fabuloso Limpiador','Frutos Navideos',1000.0,12.0,0.000000,0.000000,0.000000,'ML','7509546057033','Fabuloso Frut Nav 1lt');

INSERT INTO MOVIMIENTO_HISTORICO_PRODUCTO (ALMACEN_ID,PRODUCTO_ID,FECHA,TIPO_MOVIMIENTO_ID,CANTIDAD,COSTO,PRECIO,USUARIO_ID) VALUES(1,1190,now(),30,12,0.000000,0.000000,'root');
INSERT INTO ALMACEN_PRODUCTO(ALMACEN_ID,PRODUCTO_ID,CANTIDAD_ACTUAL,PRECIO_VENTA) VALUES (1,1190,12,0.000000);

INSERT INTO ALMACEN_PRODUCTO(ALMACEN_ID,PRODUCTO_ID,CANTIDAD_ACTUAL,PRECIO_VENTA) VALUES (2,1190,0,0.000000);

INSERT INTO ALMACEN_PRODUCTO(ALMACEN_ID,PRODUCTO_ID,CANTIDAD_ACTUAL,PRECIO_VENTA) VALUES (3,1190,12,11.500000);

INSERT INTO ALMACEN_PRODUCTO(ALMACEN_ID,PRODUCTO_ID,CANTIDAD_ACTUAL,PRECIO_VENTA) VALUES (4,1190,0,0.000000);

INSERT INTO PROVEEDOR_PRODUCTO(PROVEEDOR_ID,PRODUCTO_ID,PRECIO_COMPRA) VALUES(6,1190, 0.000000);

-- ===========PRODUCTO [1191]
INSERT INTO PRODUCTO(ID,MARCA_ID,LINEA_ID,NOMBRE,PRESENTACION,CONTENIDO,UNIDADES_POR_CAJA,COSTO,COSTO_VENTA,PRECIO_BASE,UNIDAD_MEDIDA,CODIGO_BARRAS,ABREBIATURA) VALUES(1191,82,9,'Fabuloso Limpiador','Mar Fresco',1000.0,12.0,0.000000,0.000000,0.000000,'ML','7501035910041','Fabuloso Mar Fco 1Lt');

INSERT INTO MOVIMIENTO_HISTORICO_PRODUCTO (ALMACEN_ID,PRODUCTO_ID,FECHA,TIPO_MOVIMIENTO_ID,CANTIDAD,COSTO,PRECIO,USUARIO_ID) VALUES(1,1191,now(),30,12,0.000000,0.000000,'root');
INSERT INTO ALMACEN_PRODUCTO(ALMACEN_ID,PRODUCTO_ID,CANTIDAD_ACTUAL,PRECIO_VENTA) VALUES (1,1191,12,0.000000);

INSERT INTO ALMACEN_PRODUCTO(ALMACEN_ID,PRODUCTO_ID,CANTIDAD_ACTUAL,PRECIO_VENTA) VALUES (2,1191,0,0.000000);

INSERT INTO ALMACEN_PRODUCTO(ALMACEN_ID,PRODUCTO_ID,CANTIDAD_ACTUAL,PRECIO_VENTA) VALUES (3,1191,12,12.900000);

INSERT INTO ALMACEN_PRODUCTO(ALMACEN_ID,PRODUCTO_ID,CANTIDAD_ACTUAL,PRECIO_VENTA) VALUES (4,1191,0,0.000000);

INSERT INTO PROVEEDOR_PRODUCTO(PROVEEDOR_ID,PRODUCTO_ID,PRECIO_COMPRA) VALUES(6,1191, 0.000000);

-- ===========PRODUCTO [1192]
INSERT INTO PRODUCTO(ID,MARCA_ID,LINEA_ID,NOMBRE,PRESENTACION,CONTENIDO,UNIDADES_POR_CAJA,COSTO,COSTO_VENTA,PRECIO_BASE,UNIDAD_MEDIDA,CODIGO_BARRAS,ABREBIATURA) VALUES(1192,35,11,'Colgate Cepillo Pack','Twister Medio',2.0,36.0,0.000000,0.000000,0.000000,'PZ','99176316367','Clgte Cep Twst Med 1P');

INSERT INTO MOVIMIENTO_HISTORICO_PRODUCTO (ALMACEN_ID,PRODUCTO_ID,FECHA,TIPO_MOVIMIENTO_ID,CANTIDAD,COSTO,PRECIO,USUARIO_ID) VALUES(1,1192,now(),30,36,0.000000,0.000000,'root');
INSERT INTO ALMACEN_PRODUCTO(ALMACEN_ID,PRODUCTO_ID,CANTIDAD_ACTUAL,PRECIO_VENTA) VALUES (1,1192,36,0.000000);

INSERT INTO ALMACEN_PRODUCTO(ALMACEN_ID,PRODUCTO_ID,CANTIDAD_ACTUAL,PRECIO_VENTA) VALUES (2,1192,0,0.000000);

INSERT INTO ALMACEN_PRODUCTO(ALMACEN_ID,PRODUCTO_ID,CANTIDAD_ACTUAL,PRECIO_VENTA) VALUES (3,1192,36,0.000000);

INSERT INTO ALMACEN_PRODUCTO(ALMACEN_ID,PRODUCTO_ID,CANTIDAD_ACTUAL,PRECIO_VENTA) VALUES (4,1192,0,0.000000);

INSERT INTO PROVEEDOR_PRODUCTO(PROVEEDOR_ID,PRODUCTO_ID,PRECIO_COMPRA) VALUES(6,1192, 0.000000);

-- ===========PRODUCTO [1193]
INSERT INTO PRODUCTO(ID,MARCA_ID,LINEA_ID,NOMBRE,PRESENTACION,CONTENIDO,UNIDADES_POR_CAJA,COSTO,COSTO_VENTA,PRECIO_BASE,UNIDAD_MEDIDA,CODIGO_BARRAS,ABREBIATURA) VALUES(1193,35,11,'Colgate Cepillo Pack','Max Fresh',2.0,12.0,0.000000,0.000000,0.000000,'PZ','7509546042343','Clgte Cep Max Frsh 2Pz');

INSERT INTO MOVIMIENTO_HISTORICO_PRODUCTO (ALMACEN_ID,PRODUCTO_ID,FECHA,TIPO_MOVIMIENTO_ID,CANTIDAD,COSTO,PRECIO,USUARIO_ID) VALUES(1,1193,now(),30,12,0.000000,0.000000,'root');
INSERT INTO ALMACEN_PRODUCTO(ALMACEN_ID,PRODUCTO_ID,CANTIDAD_ACTUAL,PRECIO_VENTA) VALUES (1,1193,12,0.000000);

INSERT INTO ALMACEN_PRODUCTO(ALMACEN_ID,PRODUCTO_ID,CANTIDAD_ACTUAL,PRECIO_VENTA) VALUES (2,1193,0,0.000000);

INSERT INTO ALMACEN_PRODUCTO(ALMACEN_ID,PRODUCTO_ID,CANTIDAD_ACTUAL,PRECIO_VENTA) VALUES (3,1193,12,0.000000);

INSERT INTO ALMACEN_PRODUCTO(ALMACEN_ID,PRODUCTO_ID,CANTIDAD_ACTUAL,PRECIO_VENTA) VALUES (4,1193,0,0.000000);

INSERT INTO PROVEEDOR_PRODUCTO(PROVEEDOR_ID,PRODUCTO_ID,PRECIO_COMPRA) VALUES(6,1193, 0.000000);

-- ===========PRODUCTO [1194]
INSERT INTO PRODUCTO(ID,MARCA_ID,LINEA_ID,NOMBRE,PRESENTACION,CONTENIDO,UNIDADES_POR_CAJA,COSTO,COSTO_VENTA,PRECIO_BASE,UNIDAD_MEDIDA,CODIGO_BARRAS,ABREBIATURA) VALUES(1194,35,11,'Colgate Cepillo Dental','Classic Clean',1.0,48.0,0.000000,0.000000,0.000000,'PZ','99176369141','Clgte Cep Clas Clea 1P');

INSERT INTO MOVIMIENTO_HISTORICO_PRODUCTO (ALMACEN_ID,PRODUCTO_ID,FECHA,TIPO_MOVIMIENTO_ID,CANTIDAD,COSTO,PRECIO,USUARIO_ID) VALUES(1,1194,now(),30,48,0.000000,0.000000,'root');
INSERT INTO ALMACEN_PRODUCTO(ALMACEN_ID,PRODUCTO_ID,CANTIDAD_ACTUAL,PRECIO_VENTA) VALUES (1,1194,48,0.000000);

INSERT INTO ALMACEN_PRODUCTO(ALMACEN_ID,PRODUCTO_ID,CANTIDAD_ACTUAL,PRECIO_VENTA) VALUES (2,1194,0,0.000000);

INSERT INTO ALMACEN_PRODUCTO(ALMACEN_ID,PRODUCTO_ID,CANTIDAD_ACTUAL,PRECIO_VENTA) VALUES (3,1194,48,0.000000);

INSERT INTO ALMACEN_PRODUCTO(ALMACEN_ID,PRODUCTO_ID,CANTIDAD_ACTUAL,PRECIO_VENTA) VALUES (4,1194,0,0.000000);

INSERT INTO PROVEEDOR_PRODUCTO(PROVEEDOR_ID,PRODUCTO_ID,PRECIO_COMPRA) VALUES(6,1194, 0.000000);

-- ===========PRODUCTO [1195]
INSERT INTO PRODUCTO(ID,MARCA_ID,LINEA_ID,NOMBRE,PRESENTACION,CONTENIDO,UNIDADES_POR_CAJA,COSTO,COSTO_VENTA,PRECIO_BASE,UNIDAD_MEDIDA,CODIGO_BARRAS,ABREBIATURA) VALUES(1195,35,11,'Colgate Cepillo Dental','360 Surround Sonic Power',1.0,12.0,0.000000,0.000000,0.000000,'PZ','7509546056159','Colgt Cep 360 Sonic 1P');

INSERT INTO MOVIMIENTO_HISTORICO_PRODUCTO (ALMACEN_ID,PRODUCTO_ID,FECHA,TIPO_MOVIMIENTO_ID,CANTIDAD,COSTO,PRECIO,USUARIO_ID) VALUES(1,1195,now(),30,12,0.000000,0.000000,'root');
INSERT INTO ALMACEN_PRODUCTO(ALMACEN_ID,PRODUCTO_ID,CANTIDAD_ACTUAL,PRECIO_VENTA) VALUES (1,1195,12,0.000000);

INSERT INTO ALMACEN_PRODUCTO(ALMACEN_ID,PRODUCTO_ID,CANTIDAD_ACTUAL,PRECIO_VENTA) VALUES (2,1195,0,0.000000);

INSERT INTO ALMACEN_PRODUCTO(ALMACEN_ID,PRODUCTO_ID,CANTIDAD_ACTUAL,PRECIO_VENTA) VALUES (3,1195,12,0.000000);

INSERT INTO ALMACEN_PRODUCTO(ALMACEN_ID,PRODUCTO_ID,CANTIDAD_ACTUAL,PRECIO_VENTA) VALUES (4,1195,0,0.000000);

INSERT INTO PROVEEDOR_PRODUCTO(PROVEEDOR_ID,PRODUCTO_ID,PRECIO_COMPRA) VALUES(6,1195, 0.000000);

-- ===========PRODUCTO [1196]
INSERT INTO PRODUCTO(ID,MARCA_ID,LINEA_ID,NOMBRE,PRESENTACION,CONTENIDO,UNIDADES_POR_CAJA,COSTO,COSTO_VENTA,PRECIO_BASE,UNIDAD_MEDIDA,CODIGO_BARRAS,ABREBIATURA) VALUES(1196,35,11,'Colgate Cepillo Dental Exibidor','Premier Clean',6.0,24.0,0.000000,0.000000,0.000000,'PZ','7509546047676','Colgte Cep Ex Pr Cl 6Pz');

INSERT INTO MOVIMIENTO_HISTORICO_PRODUCTO (ALMACEN_ID,PRODUCTO_ID,FECHA,TIPO_MOVIMIENTO_ID,CANTIDAD,COSTO,PRECIO,USUARIO_ID) VALUES(1,1196,now(),30,6,0.000000,0.000000,'root');
INSERT INTO ALMACEN_PRODUCTO(ALMACEN_ID,PRODUCTO_ID,CANTIDAD_ACTUAL,PRECIO_VENTA) VALUES (1,1196,6,0.000000);

INSERT INTO ALMACEN_PRODUCTO(ALMACEN_ID,PRODUCTO_ID,CANTIDAD_ACTUAL,PRECIO_VENTA) VALUES (2,1196,0,0.000000);

INSERT INTO ALMACEN_PRODUCTO(ALMACEN_ID,PRODUCTO_ID,CANTIDAD_ACTUAL,PRECIO_VENTA) VALUES (3,1196,6,0.000000);

INSERT INTO ALMACEN_PRODUCTO(ALMACEN_ID,PRODUCTO_ID,CANTIDAD_ACTUAL,PRECIO_VENTA) VALUES (4,1196,0,0.000000);

INSERT INTO PROVEEDOR_PRODUCTO(PROVEEDOR_ID,PRODUCTO_ID,PRECIO_COMPRA) VALUES(6,1196, 0.000000);

-- ===========PRODUCTO [1197]
INSERT INTO PRODUCTO(ID,MARCA_ID,LINEA_ID,NOMBRE,PRESENTACION,CONTENIDO,UNIDADES_POR_CAJA,COSTO,COSTO_VENTA,PRECIO_BASE,UNIDAD_MEDIDA,CODIGO_BARRAS,ABREBIATURA) VALUES(1197,69,9,'Axion Liquido','Dulce Navidad',750.0,12.0,0.000000,0.000000,0.000000,'ML','7509546057316','Axion Liq Navidad 750');

INSERT INTO MOVIMIENTO_HISTORICO_PRODUCTO (ALMACEN_ID,PRODUCTO_ID,FECHA,TIPO_MOVIMIENTO_ID,CANTIDAD,COSTO,PRECIO,USUARIO_ID) VALUES(1,1197,now(),30,12,0.000000,0.000000,'root');
INSERT INTO ALMACEN_PRODUCTO(ALMACEN_ID,PRODUCTO_ID,CANTIDAD_ACTUAL,PRECIO_VENTA) VALUES (1,1197,12,0.000000);

INSERT INTO ALMACEN_PRODUCTO(ALMACEN_ID,PRODUCTO_ID,CANTIDAD_ACTUAL,PRECIO_VENTA) VALUES (2,1197,0,0.000000);

INSERT INTO ALMACEN_PRODUCTO(ALMACEN_ID,PRODUCTO_ID,CANTIDAD_ACTUAL,PRECIO_VENTA) VALUES (3,1197,12,19.900000);

INSERT INTO ALMACEN_PRODUCTO(ALMACEN_ID,PRODUCTO_ID,CANTIDAD_ACTUAL,PRECIO_VENTA) VALUES (4,1197,0,0.000000);

INSERT INTO PROVEEDOR_PRODUCTO(PROVEEDOR_ID,PRODUCTO_ID,PRECIO_COMPRA) VALUES(6,1197, 0.000000);

-- ===========PRODUCTO [1198]
INSERT INTO PRODUCTO(ID,MARCA_ID,LINEA_ID,NOMBRE,PRESENTACION,CONTENIDO,UNIDADES_POR_CAJA,COSTO,COSTO_VENTA,PRECIO_BASE,UNIDAD_MEDIDA,CODIGO_BARRAS,ABREBIATURA) VALUES(1198,26,4,'Speed Stick Barra Caballero','ADN Original',50.0,12.0,0.000000,0.000000,0.000000,'G','7509546056425','Speed S Bar ADN 50g');

INSERT INTO MOVIMIENTO_HISTORICO_PRODUCTO (ALMACEN_ID,PRODUCTO_ID,FECHA,TIPO_MOVIMIENTO_ID,CANTIDAD,COSTO,PRECIO,USUARIO_ID) VALUES(1,1198,now(),30,12,0.000000,0.000000,'root');
INSERT INTO ALMACEN_PRODUCTO(ALMACEN_ID,PRODUCTO_ID,CANTIDAD_ACTUAL,PRECIO_VENTA) VALUES (1,1198,12,0.000000);

INSERT INTO ALMACEN_PRODUCTO(ALMACEN_ID,PRODUCTO_ID,CANTIDAD_ACTUAL,PRECIO_VENTA) VALUES (2,1198,0,0.000000);

INSERT INTO ALMACEN_PRODUCTO(ALMACEN_ID,PRODUCTO_ID,CANTIDAD_ACTUAL,PRECIO_VENTA) VALUES (3,1198,12,23.900000);

INSERT INTO ALMACEN_PRODUCTO(ALMACEN_ID,PRODUCTO_ID,CANTIDAD_ACTUAL,PRECIO_VENTA) VALUES (4,1198,0,0.000000);

INSERT INTO PROVEEDOR_PRODUCTO(PROVEEDOR_ID,PRODUCTO_ID,PRECIO_COMPRA) VALUES(6,1198, 0.000000);

-- ===========PRODUCTO [1199]
INSERT INTO PRODUCTO(ID,MARCA_ID,LINEA_ID,NOMBRE,PRESENTACION,CONTENIDO,UNIDADES_POR_CAJA,COSTO,COSTO_VENTA,PRECIO_BASE,UNIDAD_MEDIDA,CODIGO_BARRAS,ABREBIATURA) VALUES(1199,15,4,'Lady Speed Stick Barra Dama','Neutro',45.0,12.0,0.000000,0.000000,0.000000,'G','7509546056449','Lady SS Bar Neutr 45g');

INSERT INTO MOVIMIENTO_HISTORICO_PRODUCTO (ALMACEN_ID,PRODUCTO_ID,FECHA,TIPO_MOVIMIENTO_ID,CANTIDAD,COSTO,PRECIO,USUARIO_ID) VALUES(1,1199,now(),30,12,0.000000,0.000000,'root');
INSERT INTO ALMACEN_PRODUCTO(ALMACEN_ID,PRODUCTO_ID,CANTIDAD_ACTUAL,PRECIO_VENTA) VALUES (1,1199,12,0.000000);

INSERT INTO ALMACEN_PRODUCTO(ALMACEN_ID,PRODUCTO_ID,CANTIDAD_ACTUAL,PRECIO_VENTA) VALUES (2,1199,0,0.000000);

INSERT INTO ALMACEN_PRODUCTO(ALMACEN_ID,PRODUCTO_ID,CANTIDAD_ACTUAL,PRECIO_VENTA) VALUES (3,1199,12,24.900000);

INSERT INTO ALMACEN_PRODUCTO(ALMACEN_ID,PRODUCTO_ID,CANTIDAD_ACTUAL,PRECIO_VENTA) VALUES (4,1199,0,0.000000);

INSERT INTO PROVEEDOR_PRODUCTO(PROVEEDOR_ID,PRODUCTO_ID,PRECIO_COMPRA) VALUES(6,1199, 0.000000);

-- ===========PRODUCTO [1200]
INSERT INTO PRODUCTO(ID,MARCA_ID,LINEA_ID,NOMBRE,PRESENTACION,CONTENIDO,UNIDADES_POR_CAJA,COSTO,COSTO_VENTA,PRECIO_BASE,UNIDAD_MEDIDA,CODIGO_BARRAS,ABREBIATURA) VALUES(1200,26,4,'Speed Stick Gel','ADN Original',85.0,12.0,0.000000,0.000000,0.000000,'G','7509546056432','Speed S Gel ADN 85g');

INSERT INTO MOVIMIENTO_HISTORICO_PRODUCTO (ALMACEN_ID,PRODUCTO_ID,FECHA,TIPO_MOVIMIENTO_ID,CANTIDAD,COSTO,PRECIO,USUARIO_ID) VALUES(1,1200,now(),30,12,0.000000,0.000000,'root');
INSERT INTO ALMACEN_PRODUCTO(ALMACEN_ID,PRODUCTO_ID,CANTIDAD_ACTUAL,PRECIO_VENTA) VALUES (1,1200,12,0.000000);

INSERT INTO ALMACEN_PRODUCTO(ALMACEN_ID,PRODUCTO_ID,CANTIDAD_ACTUAL,PRECIO_VENTA) VALUES (2,1200,0,0.000000);

INSERT INTO ALMACEN_PRODUCTO(ALMACEN_ID,PRODUCTO_ID,CANTIDAD_ACTUAL,PRECIO_VENTA) VALUES (3,1200,12,0.000000);

INSERT INTO ALMACEN_PRODUCTO(ALMACEN_ID,PRODUCTO_ID,CANTIDAD_ACTUAL,PRECIO_VENTA) VALUES (4,1200,0,0.000000);

INSERT INTO PROVEEDOR_PRODUCTO(PROVEEDOR_ID,PRODUCTO_ID,PRECIO_COMPRA) VALUES(6,1200, 0.000000);

-- ===========PRODUCTO [1201]
INSERT INTO PRODUCTO(ID,MARCA_ID,LINEA_ID,NOMBRE,PRESENTACION,CONTENIDO,UNIDADES_POR_CAJA,COSTO,COSTO_VENTA,PRECIO_BASE,UNIDAD_MEDIDA,CODIGO_BARRAS,ABREBIATURA) VALUES(1201,26,4,'Speed Stick Aerosol Caballero','Multi Protect X5',165.0,12.0,0.000000,0.000000,0.000000,'ML','7509546052564','Speed S Aer Mul X5 165');

INSERT INTO MOVIMIENTO_HISTORICO_PRODUCTO (ALMACEN_ID,PRODUCTO_ID,FECHA,TIPO_MOVIMIENTO_ID,CANTIDAD,COSTO,PRECIO,USUARIO_ID) VALUES(1,1201,now(),30,11,0.000000,0.000000,'root');
INSERT INTO ALMACEN_PRODUCTO(ALMACEN_ID,PRODUCTO_ID,CANTIDAD_ACTUAL,PRECIO_VENTA) VALUES (1,1201,11,0.000000);

INSERT INTO ALMACEN_PRODUCTO(ALMACEN_ID,PRODUCTO_ID,CANTIDAD_ACTUAL,PRECIO_VENTA) VALUES (2,1201,0,0.000000);

INSERT INTO ALMACEN_PRODUCTO(ALMACEN_ID,PRODUCTO_ID,CANTIDAD_ACTUAL,PRECIO_VENTA) VALUES (3,1201,11,0.000000);

INSERT INTO ALMACEN_PRODUCTO(ALMACEN_ID,PRODUCTO_ID,CANTIDAD_ACTUAL,PRECIO_VENTA) VALUES (4,1201,0,0.000000);

INSERT INTO PROVEEDOR_PRODUCTO(PROVEEDOR_ID,PRODUCTO_ID,PRECIO_COMPRA) VALUES(6,1201, 0.000000);

-- ===========PRODUCTO [1202]
INSERT INTO PRODUCTO(ID,MARCA_ID,LINEA_ID,NOMBRE,PRESENTACION,CONTENIDO,UNIDADES_POR_CAJA,COSTO,COSTO_VENTA,PRECIO_BASE,UNIDAD_MEDIDA,CODIGO_BARRAS,ABREBIATURA) VALUES(1202,17,10,'Palmolive Hydra Natura','Granada',400.0,12.0,25.416667,25.416667,35.380000,'ML','7509546054520','Palm Cr Granada 400m');

INSERT INTO MOVIMIENTO_HISTORICO_PRODUCTO (ALMACEN_ID,PRODUCTO_ID,FECHA,TIPO_MOVIMIENTO_ID,CANTIDAD,COSTO,PRECIO,USUARIO_ID) VALUES(1,1202,now(),30,12,25.416667,35.380000,'root');
INSERT INTO ALMACEN_PRODUCTO(ALMACEN_ID,PRODUCTO_ID,CANTIDAD_ACTUAL,PRECIO_VENTA) VALUES (1,1202,12,35.380000);

INSERT INTO ALMACEN_PRODUCTO(ALMACEN_ID,PRODUCTO_ID,CANTIDAD_ACTUAL,PRECIO_VENTA) VALUES (2,1202,0,0.000000);

INSERT INTO ALMACEN_PRODUCTO(ALMACEN_ID,PRODUCTO_ID,CANTIDAD_ACTUAL,PRECIO_VENTA) VALUES (3,1202,12,34.900000);

INSERT INTO ALMACEN_PRODUCTO(ALMACEN_ID,PRODUCTO_ID,CANTIDAD_ACTUAL,PRECIO_VENTA) VALUES (4,1202,0,0.000000);

INSERT INTO PROVEEDOR_PRODUCTO(PROVEEDOR_ID,PRODUCTO_ID,PRECIO_COMPRA) VALUES(6,1202, 25.416667);

-- ===========PRODUCTO [1203]
INSERT INTO PRODUCTO(ID,MARCA_ID,LINEA_ID,NOMBRE,PRESENTACION,CONTENIDO,UNIDADES_POR_CAJA,COSTO,COSTO_VENTA,PRECIO_BASE,UNIDAD_MEDIDA,CODIGO_BARRAS,ABREBIATURA) VALUES(1203,17,14,'Palmolive Pack Sh 700ml + Toc 130g','4Extra Intenso',2.0,10.0,0.000000,0.000000,0.000000,'PZ','7509546056692','Palm Sh 700 + Neutr 180');

INSERT INTO MOVIMIENTO_HISTORICO_PRODUCTO (ALMACEN_ID,PRODUCTO_ID,FECHA,TIPO_MOVIMIENTO_ID,CANTIDAD,COSTO,PRECIO,USUARIO_ID) VALUES(1,1203,now(),30,0,0.000000,0.000000,'root');
INSERT INTO ALMACEN_PRODUCTO(ALMACEN_ID,PRODUCTO_ID,CANTIDAD_ACTUAL,PRECIO_VENTA) VALUES (1,1203,0,0.000000);

INSERT INTO ALMACEN_PRODUCTO(ALMACEN_ID,PRODUCTO_ID,CANTIDAD_ACTUAL,PRECIO_VENTA) VALUES (2,1203,0,0.000000);

INSERT INTO PROVEEDOR_PRODUCTO(PROVEEDOR_ID,PRODUCTO_ID,PRECIO_COMPRA) VALUES(6,1203, 0.000000);

-- ===========PRODUCTO [1204]
INSERT INTO PRODUCTO(ID,MARCA_ID,LINEA_ID,NOMBRE,PRESENTACION,CONTENIDO,UNIDADES_POR_CAJA,COSTO,COSTO_VENTA,PRECIO_BASE,UNIDAD_MEDIDA,CODIGO_BARRAS,ABREBIATURA) VALUES(1204,69,9,'Axion Liquido','Tricloro',900.0,12.0,0.000000,0.000000,0.000000,'ML','7509546056418','Axion Liq Tricloro 900m');

INSERT INTO MOVIMIENTO_HISTORICO_PRODUCTO (ALMACEN_ID,PRODUCTO_ID,FECHA,TIPO_MOVIMIENTO_ID,CANTIDAD,COSTO,PRECIO,USUARIO_ID) VALUES(1,1204,now(),30,12,0.000000,0.000000,'root');
INSERT INTO ALMACEN_PRODUCTO(ALMACEN_ID,PRODUCTO_ID,CANTIDAD_ACTUAL,PRECIO_VENTA) VALUES (1,1204,12,0.000000);

INSERT INTO ALMACEN_PRODUCTO(ALMACEN_ID,PRODUCTO_ID,CANTIDAD_ACTUAL,PRECIO_VENTA) VALUES (2,1204,0,0.000000);

INSERT INTO ALMACEN_PRODUCTO(ALMACEN_ID,PRODUCTO_ID,CANTIDAD_ACTUAL,PRECIO_VENTA) VALUES (3,1204,12,20.900000);

INSERT INTO ALMACEN_PRODUCTO(ALMACEN_ID,PRODUCTO_ID,CANTIDAD_ACTUAL,PRECIO_VENTA) VALUES (4,1204,0,0.000000);

INSERT INTO PROVEEDOR_PRODUCTO(PROVEEDOR_ID,PRODUCTO_ID,PRECIO_COMPRA) VALUES(6,1204, 0.000000);

-- ===========PRODUCTO [1205]
INSERT INTO PRODUCTO(ID,MARCA_ID,LINEA_ID,NOMBRE,PRESENTACION,CONTENIDO,UNIDADES_POR_CAJA,COSTO,COSTO_VENTA,PRECIO_BASE,UNIDAD_MEDIDA,CODIGO_BARRAS,ABREBIATURA) VALUES(1205,35,11,'Colgate Pack Cep + Pasta + Plax 250ml','Triple Accion',3.0,24.0,0.000000,0.000000,0.000000,'Pz','7509546054056','Clgte Pck Cep/Past/plx');

INSERT INTO MOVIMIENTO_HISTORICO_PRODUCTO (ALMACEN_ID,PRODUCTO_ID,FECHA,TIPO_MOVIMIENTO_ID,CANTIDAD,COSTO,PRECIO,USUARIO_ID) VALUES(1,1205,now(),30,6,0.000000,0.000000,'root');
INSERT INTO ALMACEN_PRODUCTO(ALMACEN_ID,PRODUCTO_ID,CANTIDAD_ACTUAL,PRECIO_VENTA) VALUES (1,1205,6,0.000000);

INSERT INTO ALMACEN_PRODUCTO(ALMACEN_ID,PRODUCTO_ID,CANTIDAD_ACTUAL,PRECIO_VENTA) VALUES (2,1205,0,0.000000);

INSERT INTO ALMACEN_PRODUCTO(ALMACEN_ID,PRODUCTO_ID,CANTIDAD_ACTUAL,PRECIO_VENTA) VALUES (3,1205,6,0.000000);

INSERT INTO ALMACEN_PRODUCTO(ALMACEN_ID,PRODUCTO_ID,CANTIDAD_ACTUAL,PRECIO_VENTA) VALUES (4,1205,0,0.000000);

INSERT INTO PROVEEDOR_PRODUCTO(PROVEEDOR_ID,PRODUCTO_ID,PRECIO_COMPRA) VALUES(6,1205, 0.000000);

-- ===========PRODUCTO [1206]
INSERT INTO PRODUCTO(ID,MARCA_ID,LINEA_ID,NOMBRE,PRESENTACION,CONTENIDO,UNIDADES_POR_CAJA,COSTO,COSTO_VENTA,PRECIO_BASE,UNIDAD_MEDIDA,CODIGO_BARRAS,ABREBIATURA) VALUES(1206,68,9,'Suavitel Liquido','Anochecer',1.0,12.0,0.000000,0.000000,0.000000,'Lt','7509546057187','Suavitel Anoch 1.Lt');

INSERT INTO MOVIMIENTO_HISTORICO_PRODUCTO (ALMACEN_ID,PRODUCTO_ID,FECHA,TIPO_MOVIMIENTO_ID,CANTIDAD,COSTO,PRECIO,USUARIO_ID) VALUES(1,1206,now(),30,11,0.000000,0.000000,'root');
INSERT INTO ALMACEN_PRODUCTO(ALMACEN_ID,PRODUCTO_ID,CANTIDAD_ACTUAL,PRECIO_VENTA) VALUES (1,1206,11,0.000000);

INSERT INTO ALMACEN_PRODUCTO(ALMACEN_ID,PRODUCTO_ID,CANTIDAD_ACTUAL,PRECIO_VENTA) VALUES (2,1206,0,0.000000);

INSERT INTO ALMACEN_PRODUCTO(ALMACEN_ID,PRODUCTO_ID,CANTIDAD_ACTUAL,PRECIO_VENTA) VALUES (3,1206,11,17.500000);

INSERT INTO ALMACEN_PRODUCTO(ALMACEN_ID,PRODUCTO_ID,CANTIDAD_ACTUAL,PRECIO_VENTA) VALUES (4,1206,0,0.000000);

INSERT INTO PROVEEDOR_PRODUCTO(PROVEEDOR_ID,PRODUCTO_ID,PRECIO_COMPRA) VALUES(6,1206, 0.000000);

-- ===========PRODUCTO [1207]
INSERT INTO PRODUCTO(ID,MARCA_ID,LINEA_ID,NOMBRE,PRESENTACION,CONTENIDO,UNIDADES_POR_CAJA,COSTO,COSTO_VENTA,PRECIO_BASE,UNIDAD_MEDIDA,CODIGO_BARRAS,ABREBIATURA) VALUES(1207,35,11,'Colgate Crema Dental','Pro Alivio',22.0,192.0,0.000000,0.000000,0.000000,'ML','12333','Clgte Pro Alivio 22ml');

INSERT INTO MOVIMIENTO_HISTORICO_PRODUCTO (ALMACEN_ID,PRODUCTO_ID,FECHA,TIPO_MOVIMIENTO_ID,CANTIDAD,COSTO,PRECIO,USUARIO_ID) VALUES(1,1207,now(),30,0,0.000000,0.000000,'root');
INSERT INTO ALMACEN_PRODUCTO(ALMACEN_ID,PRODUCTO_ID,CANTIDAD_ACTUAL,PRECIO_VENTA) VALUES (1,1207,0,0.000000);

INSERT INTO ALMACEN_PRODUCTO(ALMACEN_ID,PRODUCTO_ID,CANTIDAD_ACTUAL,PRECIO_VENTA) VALUES (2,1207,0,0.000000);

INSERT INTO PROVEEDOR_PRODUCTO(PROVEEDOR_ID,PRODUCTO_ID,PRECIO_COMPRA) VALUES(6,1207, 0.000000);

-- ===========PRODUCTO [1208]
INSERT INTO PRODUCTO(ID,MARCA_ID,LINEA_ID,NOMBRE,PRESENTACION,CONTENIDO,UNIDADES_POR_CAJA,COSTO,COSTO_VENTA,PRECIO_BASE,UNIDAD_MEDIDA,CODIGO_BARRAS,ABREBIATURA) VALUES(1208,35,11,'Colgate Pack Cep + Pasta + Plax 250ml','Total Professional whitening',3.0,24.0,0.000000,0.000000,0.000000,'Pz','7509546051246','Clgte Cep/Past/Plx Wht');

INSERT INTO MOVIMIENTO_HISTORICO_PRODUCTO (ALMACEN_ID,PRODUCTO_ID,FECHA,TIPO_MOVIMIENTO_ID,CANTIDAD,COSTO,PRECIO,USUARIO_ID) VALUES(1,1208,now(),30,6,0.000000,0.000000,'root');
INSERT INTO ALMACEN_PRODUCTO(ALMACEN_ID,PRODUCTO_ID,CANTIDAD_ACTUAL,PRECIO_VENTA) VALUES (1,1208,6,0.000000);

INSERT INTO ALMACEN_PRODUCTO(ALMACEN_ID,PRODUCTO_ID,CANTIDAD_ACTUAL,PRECIO_VENTA) VALUES (2,1208,0,0.000000);

INSERT INTO ALMACEN_PRODUCTO(ALMACEN_ID,PRODUCTO_ID,CANTIDAD_ACTUAL,PRECIO_VENTA) VALUES (3,1208,6,0.000000);

INSERT INTO ALMACEN_PRODUCTO(ALMACEN_ID,PRODUCTO_ID,CANTIDAD_ACTUAL,PRECIO_VENTA) VALUES (4,1208,0,0.000000);

INSERT INTO PROVEEDOR_PRODUCTO(PROVEEDOR_ID,PRODUCTO_ID,PRECIO_COMPRA) VALUES(6,1208, 0.000000);

-- ===========PRODUCTO [1209]
INSERT INTO PRODUCTO(ID,MARCA_ID,LINEA_ID,NOMBRE,PRESENTACION,CONTENIDO,UNIDADES_POR_CAJA,COSTO,COSTO_VENTA,PRECIO_BASE,UNIDAD_MEDIDA,CODIGO_BARRAS,ABREBIATURA) VALUES(1209,35,11,'Colgate Crema Dental','Luminous White',75.0,48.0,0.000000,0.000000,0.000000,'ML','7509546054650','Clgte Luminu Wht 75m');

INSERT INTO MOVIMIENTO_HISTORICO_PRODUCTO (ALMACEN_ID,PRODUCTO_ID,FECHA,TIPO_MOVIMIENTO_ID,CANTIDAD,COSTO,PRECIO,USUARIO_ID) VALUES(1,1209,now(),30,48,0.000000,0.000000,'root');
INSERT INTO ALMACEN_PRODUCTO(ALMACEN_ID,PRODUCTO_ID,CANTIDAD_ACTUAL,PRECIO_VENTA) VALUES (1,1209,48,0.000000);

INSERT INTO ALMACEN_PRODUCTO(ALMACEN_ID,PRODUCTO_ID,CANTIDAD_ACTUAL,PRECIO_VENTA) VALUES (2,1209,0,0.000000);

INSERT INTO ALMACEN_PRODUCTO(ALMACEN_ID,PRODUCTO_ID,CANTIDAD_ACTUAL,PRECIO_VENTA) VALUES (3,1209,48,0.000000);

INSERT INTO ALMACEN_PRODUCTO(ALMACEN_ID,PRODUCTO_ID,CANTIDAD_ACTUAL,PRECIO_VENTA) VALUES (4,1209,0,0.000000);

INSERT INTO PROVEEDOR_PRODUCTO(PROVEEDOR_ID,PRODUCTO_ID,PRECIO_COMPRA) VALUES(6,1209, 0.000000);

-- ===========PRODUCTO [1210]
INSERT INTO PRODUCTO(ID,MARCA_ID,LINEA_ID,NOMBRE,PRESENTACION,CONTENIDO,UNIDADES_POR_CAJA,COSTO,COSTO_VENTA,PRECIO_BASE,UNIDAD_MEDIDA,CODIGO_BARRAS,ABREBIATURA) VALUES(1210,35,11,'Colgate Crema Dental','Luminous White',22.0,144.0,0.000000,0.000000,0.000000,'ML','7509546054032','Clgte Luminu Wht 22m');

INSERT INTO MOVIMIENTO_HISTORICO_PRODUCTO (ALMACEN_ID,PRODUCTO_ID,FECHA,TIPO_MOVIMIENTO_ID,CANTIDAD,COSTO,PRECIO,USUARIO_ID) VALUES(1,1210,now(),30,144,0.000000,0.000000,'root');
INSERT INTO ALMACEN_PRODUCTO(ALMACEN_ID,PRODUCTO_ID,CANTIDAD_ACTUAL,PRECIO_VENTA) VALUES (1,1210,144,0.000000);

INSERT INTO ALMACEN_PRODUCTO(ALMACEN_ID,PRODUCTO_ID,CANTIDAD_ACTUAL,PRECIO_VENTA) VALUES (2,1210,0,0.000000);

INSERT INTO ALMACEN_PRODUCTO(ALMACEN_ID,PRODUCTO_ID,CANTIDAD_ACTUAL,PRECIO_VENTA) VALUES (3,1210,144,0.000000);

INSERT INTO ALMACEN_PRODUCTO(ALMACEN_ID,PRODUCTO_ID,CANTIDAD_ACTUAL,PRECIO_VENTA) VALUES (4,1210,0,0.000000);

INSERT INTO PROVEEDOR_PRODUCTO(PROVEEDOR_ID,PRODUCTO_ID,PRECIO_COMPRA) VALUES(6,1210, 0.000000);

-- ===========PRODUCTO [1211]
INSERT INTO PRODUCTO(ID,MARCA_ID,LINEA_ID,NOMBRE,PRESENTACION,CONTENIDO,UNIDADES_POR_CAJA,COSTO,COSTO_VENTA,PRECIO_BASE,UNIDAD_MEDIDA,CODIGO_BARRAS,ABREBIATURA) VALUES(1211,35,11,'Colgate Cepillo Dental','Extra Clean Firme',1.0,48.0,0.000000,0.000000,0.000000,'Pz','7509546031767','Clgte Cep Ex Cl Fme 1P');

INSERT INTO MOVIMIENTO_HISTORICO_PRODUCTO (ALMACEN_ID,PRODUCTO_ID,FECHA,TIPO_MOVIMIENTO_ID,CANTIDAD,COSTO,PRECIO,USUARIO_ID) VALUES(1,1211,now(),30,48,0.000000,0.000000,'root');
INSERT INTO ALMACEN_PRODUCTO(ALMACEN_ID,PRODUCTO_ID,CANTIDAD_ACTUAL,PRECIO_VENTA) VALUES (1,1211,48,0.000000);

INSERT INTO ALMACEN_PRODUCTO(ALMACEN_ID,PRODUCTO_ID,CANTIDAD_ACTUAL,PRECIO_VENTA) VALUES (2,1211,0,0.000000);

INSERT INTO ALMACEN_PRODUCTO(ALMACEN_ID,PRODUCTO_ID,CANTIDAD_ACTUAL,PRECIO_VENTA) VALUES (3,1211,48,0.000000);

INSERT INTO ALMACEN_PRODUCTO(ALMACEN_ID,PRODUCTO_ID,CANTIDAD_ACTUAL,PRECIO_VENTA) VALUES (4,1211,0,0.000000);

INSERT INTO PROVEEDOR_PRODUCTO(PROVEEDOR_ID,PRODUCTO_ID,PRECIO_COMPRA) VALUES(6,1211, 0.000000);

-- ===========PRODUCTO [1212]
INSERT INTO PRODUCTO(ID,MARCA_ID,LINEA_ID,NOMBRE,PRESENTACION,CONTENIDO,UNIDADES_POR_CAJA,COSTO,COSTO_VENTA,PRECIO_BASE,UNIDAD_MEDIDA,CODIGO_BARRAS,ABREBIATURA) VALUES(1212,35,11,'Colgate Cepillo Dental','360 Sensitive Pro Alivio',1.0,12.0,0.000000,0.000000,0.000000,'Pz','7702010130342','Clgte Cep 360 Pr Aliv 1P');

INSERT INTO MOVIMIENTO_HISTORICO_PRODUCTO (ALMACEN_ID,PRODUCTO_ID,FECHA,TIPO_MOVIMIENTO_ID,CANTIDAD,COSTO,PRECIO,USUARIO_ID) VALUES(1,1212,now(),30,12,0.000000,0.000000,'root');
INSERT INTO ALMACEN_PRODUCTO(ALMACEN_ID,PRODUCTO_ID,CANTIDAD_ACTUAL,PRECIO_VENTA) VALUES (1,1212,12,0.000000);

INSERT INTO ALMACEN_PRODUCTO(ALMACEN_ID,PRODUCTO_ID,CANTIDAD_ACTUAL,PRECIO_VENTA) VALUES (2,1212,0,0.000000);

INSERT INTO ALMACEN_PRODUCTO(ALMACEN_ID,PRODUCTO_ID,CANTIDAD_ACTUAL,PRECIO_VENTA) VALUES (3,1212,12,0.000000);

INSERT INTO ALMACEN_PRODUCTO(ALMACEN_ID,PRODUCTO_ID,CANTIDAD_ACTUAL,PRECIO_VENTA) VALUES (4,1212,0,0.000000);

INSERT INTO PROVEEDOR_PRODUCTO(PROVEEDOR_ID,PRODUCTO_ID,PRECIO_COMPRA) VALUES(6,1212, 0.000000);

-- ===========PRODUCTO [1213]
INSERT INTO PRODUCTO(ID,MARCA_ID,LINEA_ID,NOMBRE,PRESENTACION,CONTENIDO,UNIDADES_POR_CAJA,COSTO,COSTO_VENTA,PRECIO_BASE,UNIDAD_MEDIDA,CODIGO_BARRAS,ABREBIATURA) VALUES(1213,82,9,'Fabuloso Limpiador','Floral',2.0,6.0,0.000000,0.000000,0.000000,'Lt','7509546051840','Fabuloso Floral 2Lto');

INSERT INTO MOVIMIENTO_HISTORICO_PRODUCTO (ALMACEN_ID,PRODUCTO_ID,FECHA,TIPO_MOVIMIENTO_ID,CANTIDAD,COSTO,PRECIO,USUARIO_ID) VALUES(1,1213,now(),30,6,0.000000,0.000000,'root');
INSERT INTO ALMACEN_PRODUCTO(ALMACEN_ID,PRODUCTO_ID,CANTIDAD_ACTUAL,PRECIO_VENTA) VALUES (1,1213,6,0.000000);

INSERT INTO ALMACEN_PRODUCTO(ALMACEN_ID,PRODUCTO_ID,CANTIDAD_ACTUAL,PRECIO_VENTA) VALUES (2,1213,0,0.000000);

INSERT INTO ALMACEN_PRODUCTO(ALMACEN_ID,PRODUCTO_ID,CANTIDAD_ACTUAL,PRECIO_VENTA) VALUES (3,1213,6,21.900000);

INSERT INTO ALMACEN_PRODUCTO(ALMACEN_ID,PRODUCTO_ID,CANTIDAD_ACTUAL,PRECIO_VENTA) VALUES (4,1213,0,0.000000);

INSERT INTO PROVEEDOR_PRODUCTO(PROVEEDOR_ID,PRODUCTO_ID,PRECIO_COMPRA) VALUES(6,1213, 0.000000);

-- ===========PRODUCTO [1214]
INSERT INTO PRODUCTO(ID,MARCA_ID,LINEA_ID,NOMBRE,PRESENTACION,CONTENIDO,UNIDADES_POR_CAJA,COSTO,COSTO_VENTA,PRECIO_BASE,UNIDAD_MEDIDA,CODIGO_BARRAS,ABREBIATURA) VALUES(1214,82,9,'Fabuloso Limpiador','Lavanda',1.65,6.0,0.000000,0.000000,0.000000,'Lt','7509546052021','Fabuloso Lavnda 1.65Lt');

INSERT INTO MOVIMIENTO_HISTORICO_PRODUCTO (ALMACEN_ID,PRODUCTO_ID,FECHA,TIPO_MOVIMIENTO_ID,CANTIDAD,COSTO,PRECIO,USUARIO_ID) VALUES(1,1214,now(),30,12,0.000000,0.000000,'root');
INSERT INTO ALMACEN_PRODUCTO(ALMACEN_ID,PRODUCTO_ID,CANTIDAD_ACTUAL,PRECIO_VENTA) VALUES (1,1214,12,0.000000);

INSERT INTO ALMACEN_PRODUCTO(ALMACEN_ID,PRODUCTO_ID,CANTIDAD_ACTUAL,PRECIO_VENTA) VALUES (2,1214,0,0.000000);

INSERT INTO ALMACEN_PRODUCTO(ALMACEN_ID,PRODUCTO_ID,CANTIDAD_ACTUAL,PRECIO_VENTA) VALUES (3,1214,12,18.900000);

INSERT INTO ALMACEN_PRODUCTO(ALMACEN_ID,PRODUCTO_ID,CANTIDAD_ACTUAL,PRECIO_VENTA) VALUES (4,1214,0,0.000000);

INSERT INTO PROVEEDOR_PRODUCTO(PROVEEDOR_ID,PRODUCTO_ID,PRECIO_COMPRA) VALUES(6,1214, 0.000000);

-- ===========PRODUCTO [1215]
INSERT INTO PRODUCTO(ID,MARCA_ID,LINEA_ID,NOMBRE,PRESENTACION,CONTENIDO,UNIDADES_POR_CAJA,COSTO,COSTO_VENTA,PRECIO_BASE,UNIDAD_MEDIDA,CODIGO_BARRAS,ABREBIATURA) VALUES(1215,82,9,'Fabuloso Limpiador','Canela Navidad',1.0,12.0,0.000000,0.000000,0.000000,'Lt','7509546057071','Fabuloso Canel Nav 1Lt');

INSERT INTO MOVIMIENTO_HISTORICO_PRODUCTO (ALMACEN_ID,PRODUCTO_ID,FECHA,TIPO_MOVIMIENTO_ID,CANTIDAD,COSTO,PRECIO,USUARIO_ID) VALUES(1,1215,now(),30,24,0.000000,0.000000,'root');
INSERT INTO ALMACEN_PRODUCTO(ALMACEN_ID,PRODUCTO_ID,CANTIDAD_ACTUAL,PRECIO_VENTA) VALUES (1,1215,24,0.000000);

INSERT INTO ALMACEN_PRODUCTO(ALMACEN_ID,PRODUCTO_ID,CANTIDAD_ACTUAL,PRECIO_VENTA) VALUES (2,1215,0,0.000000);

INSERT INTO ALMACEN_PRODUCTO(ALMACEN_ID,PRODUCTO_ID,CANTIDAD_ACTUAL,PRECIO_VENTA) VALUES (3,1215,24,11.500000);

INSERT INTO ALMACEN_PRODUCTO(ALMACEN_ID,PRODUCTO_ID,CANTIDAD_ACTUAL,PRECIO_VENTA) VALUES (4,1215,0,0.000000);

INSERT INTO PROVEEDOR_PRODUCTO(PROVEEDOR_ID,PRODUCTO_ID,PRECIO_COMPRA) VALUES(6,1215, 0.000000);

-- ===========PRODUCTO [1216]
INSERT INTO PRODUCTO(ID,MARCA_ID,LINEA_ID,NOMBRE,PRESENTACION,CONTENIDO,UNIDADES_POR_CAJA,COSTO,COSTO_VENTA,PRECIO_BASE,UNIDAD_MEDIDA,CODIGO_BARRAS,ABREBIATURA) VALUES(1216,35,11,'Pack Negocio MFP, Total Triple Acc','Surtido',9.0,9.0,0.000000,0.000000,0.000000,'Pz','7509546057507','Pck MFP/To/Tr Nego');

INSERT INTO MOVIMIENTO_HISTORICO_PRODUCTO (ALMACEN_ID,PRODUCTO_ID,FECHA,TIPO_MOVIMIENTO_ID,CANTIDAD,COSTO,PRECIO,USUARIO_ID) VALUES(1,1216,now(),30,0,0.000000,0.000000,'root');
INSERT INTO ALMACEN_PRODUCTO(ALMACEN_ID,PRODUCTO_ID,CANTIDAD_ACTUAL,PRECIO_VENTA) VALUES (1,1216,0,0.000000);

INSERT INTO ALMACEN_PRODUCTO(ALMACEN_ID,PRODUCTO_ID,CANTIDAD_ACTUAL,PRECIO_VENTA) VALUES (2,1216,0,0.000000);

INSERT INTO PROVEEDOR_PRODUCTO(PROVEEDOR_ID,PRODUCTO_ID,PRECIO_COMPRA) VALUES(6,1216, 0.000000);

-- ===========PRODUCTO [1224]
INSERT INTO PRODUCTO(ID,MARCA_ID,LINEA_ID,NOMBRE,PRESENTACION,CONTENIDO,UNIDADES_POR_CAJA,COSTO,COSTO_VENTA,PRECIO_BASE,UNIDAD_MEDIDA,CODIGO_BARRAS,ABREBIATURA) VALUES(1224,17,14,'Palmolive Sachet Exhibidor 12ml','4 Extra Intensivo',30.0,24.0,0.000000,0.000000,0.000000,'Pz','7509546055848','Palm Sh Exib 30/12ml');

INSERT INTO MOVIMIENTO_HISTORICO_PRODUCTO (ALMACEN_ID,PRODUCTO_ID,FECHA,TIPO_MOVIMIENTO_ID,CANTIDAD,COSTO,PRECIO,USUARIO_ID) VALUES(1,1224,now(),30,0,0.000000,0.000000,'root');
INSERT INTO ALMACEN_PRODUCTO(ALMACEN_ID,PRODUCTO_ID,CANTIDAD_ACTUAL,PRECIO_VENTA) VALUES (1,1224,0,0.000000);

INSERT INTO ALMACEN_PRODUCTO(ALMACEN_ID,PRODUCTO_ID,CANTIDAD_ACTUAL,PRECIO_VENTA) VALUES (2,1224,0,0.000000);

INSERT INTO PROVEEDOR_PRODUCTO(PROVEEDOR_ID,PRODUCTO_ID,PRECIO_COMPRA) VALUES(6,1224, 0.000000);

-- ===========PRODUCTO [1217]
INSERT INTO PRODUCTO(ID,MARCA_ID,LINEA_ID,NOMBRE,PRESENTACION,CONTENIDO,UNIDADES_POR_CAJA,COSTO,COSTO_VENTA,PRECIO_BASE,UNIDAD_MEDIDA,CODIGO_BARRAS,ABREBIATURA) VALUES(1217,17,14,'Palmolive Sachet','4 Extra Intensivo',12.0,30.0,0.000000,0.000000,0.000000,'ML','7509546057125','Palm Sh Sachet 12ml');

INSERT INTO MOVIMIENTO_HISTORICO_PRODUCTO (ALMACEN_ID,PRODUCTO_ID,FECHA,TIPO_MOVIMIENTO_ID,CANTIDAD,COSTO,PRECIO,USUARIO_ID) VALUES(1,1217,now(),30,0,0.000000,0.000000,'root');
INSERT INTO ALMACEN_PRODUCTO(ALMACEN_ID,PRODUCTO_ID,CANTIDAD_ACTUAL,PRECIO_VENTA) VALUES (1,1217,0,0.000000);

INSERT INTO ALMACEN_PRODUCTO(ALMACEN_ID,PRODUCTO_ID,CANTIDAD_ACTUAL,PRECIO_VENTA) VALUES (2,1217,0,0.000000);

INSERT INTO PROVEEDOR_PRODUCTO(PROVEEDOR_ID,PRODUCTO_ID,PRECIO_COMPRA) VALUES(6,1217, 0.000000);

-- ===========PRODUCTO [1218]
INSERT INTO PRODUCTO(ID,MARCA_ID,LINEA_ID,NOMBRE,PRESENTACION,CONTENIDO,UNIDADES_POR_CAJA,COSTO,COSTO_VENTA,PRECIO_BASE,UNIDAD_MEDIDA,CODIGO_BARRAS,ABREBIATURA) VALUES(1218,99,15,'Nordiko Jabon Tocador','Original',130.0,96.0,0.000000,0.000000,0.000000,'G','7509546032399','Nordiko Jab Orig 130g');

INSERT INTO MOVIMIENTO_HISTORICO_PRODUCTO (ALMACEN_ID,PRODUCTO_ID,FECHA,TIPO_MOVIMIENTO_ID,CANTIDAD,COSTO,PRECIO,USUARIO_ID) VALUES(1,1218,now(),30,0,0.000000,0.000000,'root');
INSERT INTO ALMACEN_PRODUCTO(ALMACEN_ID,PRODUCTO_ID,CANTIDAD_ACTUAL,PRECIO_VENTA) VALUES (1,1218,0,0.000000);

INSERT INTO ALMACEN_PRODUCTO(ALMACEN_ID,PRODUCTO_ID,CANTIDAD_ACTUAL,PRECIO_VENTA) VALUES (2,1218,0,0.000000);

INSERT INTO PROVEEDOR_PRODUCTO(PROVEEDOR_ID,PRODUCTO_ID,PRECIO_COMPRA) VALUES(6,1218, 0.000000);

-- ===========PRODUCTO [1219]
INSERT INTO PRODUCTO(ID,MARCA_ID,LINEA_ID,NOMBRE,PRESENTACION,CONTENIDO,UNIDADES_POR_CAJA,COSTO,COSTO_VENTA,PRECIO_BASE,UNIDAD_MEDIDA,CODIGO_BARRAS,ABREBIATURA) VALUES(1219,35,11,'Colgate Cepillo Dental','360 Surround 360 Suave',1.0,12.0,0.000000,0.000000,0.000000,'Pz','7702010130472','Clgte Cep 360 Surr Sve');

INSERT INTO MOVIMIENTO_HISTORICO_PRODUCTO (ALMACEN_ID,PRODUCTO_ID,FECHA,TIPO_MOVIMIENTO_ID,CANTIDAD,COSTO,PRECIO,USUARIO_ID) VALUES(1,1219,now(),30,11,0.000000,0.000000,'root');
INSERT INTO ALMACEN_PRODUCTO(ALMACEN_ID,PRODUCTO_ID,CANTIDAD_ACTUAL,PRECIO_VENTA) VALUES (1,1219,11,0.000000);

INSERT INTO ALMACEN_PRODUCTO(ALMACEN_ID,PRODUCTO_ID,CANTIDAD_ACTUAL,PRECIO_VENTA) VALUES (2,1219,0,0.000000);

INSERT INTO ALMACEN_PRODUCTO(ALMACEN_ID,PRODUCTO_ID,CANTIDAD_ACTUAL,PRECIO_VENTA) VALUES (3,1219,11,0.000000);

INSERT INTO ALMACEN_PRODUCTO(ALMACEN_ID,PRODUCTO_ID,CANTIDAD_ACTUAL,PRECIO_VENTA) VALUES (4,1219,0,0.000000);

INSERT INTO PROVEEDOR_PRODUCTO(PROVEEDOR_ID,PRODUCTO_ID,PRECIO_COMPRA) VALUES(6,1219, 0.000000);

-- ===========PRODUCTO [1220]
INSERT INTO PRODUCTO(ID,MARCA_ID,LINEA_ID,NOMBRE,PRESENTACION,CONTENIDO,UNIDADES_POR_CAJA,COSTO,COSTO_VENTA,PRECIO_BASE,UNIDAD_MEDIDA,CODIGO_BARRAS,ABREBIATURA) VALUES(1220,35,11,'Colgate Cepillo Dental','360 Medio Sonic Power',1.0,12.0,0.000000,0.000000,0.000000,'Pz','7702010130366','Clgte Cep 360 Sonic Pw');

INSERT INTO MOVIMIENTO_HISTORICO_PRODUCTO (ALMACEN_ID,PRODUCTO_ID,FECHA,TIPO_MOVIMIENTO_ID,CANTIDAD,COSTO,PRECIO,USUARIO_ID) VALUES(1,1220,now(),30,8,0.000000,0.000000,'root');
INSERT INTO ALMACEN_PRODUCTO(ALMACEN_ID,PRODUCTO_ID,CANTIDAD_ACTUAL,PRECIO_VENTA) VALUES (1,1220,8,0.000000);

INSERT INTO ALMACEN_PRODUCTO(ALMACEN_ID,PRODUCTO_ID,CANTIDAD_ACTUAL,PRECIO_VENTA) VALUES (2,1220,0,0.000000);

INSERT INTO ALMACEN_PRODUCTO(ALMACEN_ID,PRODUCTO_ID,CANTIDAD_ACTUAL,PRECIO_VENTA) VALUES (3,1220,8,0.000000);

INSERT INTO ALMACEN_PRODUCTO(ALMACEN_ID,PRODUCTO_ID,CANTIDAD_ACTUAL,PRECIO_VENTA) VALUES (4,1220,0,0.000000);

INSERT INTO PROVEEDOR_PRODUCTO(PROVEEDOR_ID,PRODUCTO_ID,PRECIO_COMPRA) VALUES(6,1220, 0.000000);

-- ===========PRODUCTO [1221]
INSERT INTO PRODUCTO(ID,MARCA_ID,LINEA_ID,NOMBRE,PRESENTACION,CONTENIDO,UNIDADES_POR_CAJA,COSTO,COSTO_VENTA,PRECIO_BASE,UNIDAD_MEDIDA,CODIGO_BARRAS,ABREBIATURA) VALUES(1221,73,12,'Blumen Jabon Antibacterial','Coco',990.0,12.0,16.738506,16.738506,23.300000,'ML','7503016269469','Blum Jab Coco 990ml');

INSERT INTO MOVIMIENTO_HISTORICO_PRODUCTO (ALMACEN_ID,PRODUCTO_ID,FECHA,TIPO_MOVIMIENTO_ID,CANTIDAD,COSTO,PRECIO,USUARIO_ID) VALUES(1,1221,now(),30,12,16.738506,23.300000,'root');
INSERT INTO ALMACEN_PRODUCTO(ALMACEN_ID,PRODUCTO_ID,CANTIDAD_ACTUAL,PRECIO_VENTA) VALUES (1,1221,12,23.300000);

INSERT INTO ALMACEN_PRODUCTO(ALMACEN_ID,PRODUCTO_ID,CANTIDAD_ACTUAL,PRECIO_VENTA) VALUES (2,1221,0,0.000000);

INSERT INTO ALMACEN_PRODUCTO(ALMACEN_ID,PRODUCTO_ID,CANTIDAD_ACTUAL,PRECIO_VENTA) VALUES (3,1221,12,24.900000);

INSERT INTO ALMACEN_PRODUCTO(ALMACEN_ID,PRODUCTO_ID,CANTIDAD_ACTUAL,PRECIO_VENTA) VALUES (4,1221,0,0.000000);

INSERT INTO PROVEEDOR_PRODUCTO(PROVEEDOR_ID,PRODUCTO_ID,PRECIO_COMPRA) VALUES(1,1221, 16.738506);

-- ===========PRODUCTO [1222]
INSERT INTO PRODUCTO(ID,MARCA_ID,LINEA_ID,NOMBRE,PRESENTACION,CONTENIDO,UNIDADES_POR_CAJA,COSTO,COSTO_VENTA,PRECIO_BASE,UNIDAD_MEDIDA,CODIGO_BARRAS,ABREBIATURA) VALUES(1222,73,12,'Blumen Jabon Antibacterial','Kiwi',990.0,12.0,16.738506,16.738506,23.300000,'ML','7503016269476','Blum Jab Kiwi 990ml');

INSERT INTO MOVIMIENTO_HISTORICO_PRODUCTO (ALMACEN_ID,PRODUCTO_ID,FECHA,TIPO_MOVIMIENTO_ID,CANTIDAD,COSTO,PRECIO,USUARIO_ID) VALUES(1,1222,now(),30,12,16.738506,23.300000,'root');
INSERT INTO ALMACEN_PRODUCTO(ALMACEN_ID,PRODUCTO_ID,CANTIDAD_ACTUAL,PRECIO_VENTA) VALUES (1,1222,12,23.300000);

INSERT INTO ALMACEN_PRODUCTO(ALMACEN_ID,PRODUCTO_ID,CANTIDAD_ACTUAL,PRECIO_VENTA) VALUES (2,1222,0,0.000000);

INSERT INTO ALMACEN_PRODUCTO(ALMACEN_ID,PRODUCTO_ID,CANTIDAD_ACTUAL,PRECIO_VENTA) VALUES (3,1222,12,24.900000);

INSERT INTO ALMACEN_PRODUCTO(ALMACEN_ID,PRODUCTO_ID,CANTIDAD_ACTUAL,PRECIO_VENTA) VALUES (4,1222,0,0.000000);

INSERT INTO PROVEEDOR_PRODUCTO(PROVEEDOR_ID,PRODUCTO_ID,PRECIO_COMPRA) VALUES(1,1222, 16.738506);

-- ===========PRODUCTO [1223]
INSERT INTO PRODUCTO(ID,MARCA_ID,LINEA_ID,NOMBRE,PRESENTACION,CONTENIDO,UNIDADES_POR_CAJA,COSTO,COSTO_VENTA,PRECIO_BASE,UNIDAD_MEDIDA,CODIGO_BARRAS,ABREBIATURA) VALUES(1223,73,12,'Blumen Jabon Antibacterial','Cherry',990.0,12.0,16.738506,16.738506,23.300000,'ML','7503016269452','Blum Jab Cherry 990ml');

INSERT INTO MOVIMIENTO_HISTORICO_PRODUCTO (ALMACEN_ID,PRODUCTO_ID,FECHA,TIPO_MOVIMIENTO_ID,CANTIDAD,COSTO,PRECIO,USUARIO_ID) VALUES(1,1223,now(),30,12,16.738506,23.300000,'root');
INSERT INTO ALMACEN_PRODUCTO(ALMACEN_ID,PRODUCTO_ID,CANTIDAD_ACTUAL,PRECIO_VENTA) VALUES (1,1223,12,23.300000);

INSERT INTO ALMACEN_PRODUCTO(ALMACEN_ID,PRODUCTO_ID,CANTIDAD_ACTUAL,PRECIO_VENTA) VALUES (2,1223,0,0.000000);

INSERT INTO ALMACEN_PRODUCTO(ALMACEN_ID,PRODUCTO_ID,CANTIDAD_ACTUAL,PRECIO_VENTA) VALUES (3,1223,12,24.900000);

INSERT INTO ALMACEN_PRODUCTO(ALMACEN_ID,PRODUCTO_ID,CANTIDAD_ACTUAL,PRECIO_VENTA) VALUES (4,1223,0,0.000000);

INSERT INTO PROVEEDOR_PRODUCTO(PROVEEDOR_ID,PRODUCTO_ID,PRECIO_COMPRA) VALUES(1,1223, 16.738506);

-- ===========PRODUCTO [1225]
INSERT INTO PRODUCTO(ID,MARCA_ID,LINEA_ID,NOMBRE,PRESENTACION,CONTENIDO,UNIDADES_POR_CAJA,COSTO,COSTO_VENTA,PRECIO_BASE,UNIDAD_MEDIDA,CODIGO_BARRAS,ABREBIATURA) VALUES(1225,68,9,'Suavitel Liquido','Dulce Navidad',850.0,12.0,0.000000,0.000000,0.000000,'ML','7509546057170','Suavitel Navidad 850ml');

INSERT INTO MOVIMIENTO_HISTORICO_PRODUCTO (ALMACEN_ID,PRODUCTO_ID,FECHA,TIPO_MOVIMIENTO_ID,CANTIDAD,COSTO,PRECIO,USUARIO_ID) VALUES(1,1225,now(),30,24,0.000000,0.000000,'root');
INSERT INTO ALMACEN_PRODUCTO(ALMACEN_ID,PRODUCTO_ID,CANTIDAD_ACTUAL,PRECIO_VENTA) VALUES (1,1225,24,0.000000);

INSERT INTO ALMACEN_PRODUCTO(ALMACEN_ID,PRODUCTO_ID,CANTIDAD_ACTUAL,PRECIO_VENTA) VALUES (2,1225,0,0.000000);

INSERT INTO ALMACEN_PRODUCTO(ALMACEN_ID,PRODUCTO_ID,CANTIDAD_ACTUAL,PRECIO_VENTA) VALUES (3,1225,24,0.000000);

INSERT INTO ALMACEN_PRODUCTO(ALMACEN_ID,PRODUCTO_ID,CANTIDAD_ACTUAL,PRECIO_VENTA) VALUES (4,1225,0,0.000000);

INSERT INTO PROVEEDOR_PRODUCTO(PROVEEDOR_ID,PRODUCTO_ID,PRECIO_COMPRA) VALUES(6,1225, 0.000000);

-- ===========PRODUCTO [1226]
INSERT INTO PRODUCTO(ID,MARCA_ID,LINEA_ID,NOMBRE,PRESENTACION,CONTENIDO,UNIDADES_POR_CAJA,COSTO,COSTO_VENTA,PRECIO_BASE,UNIDAD_MEDIDA,CODIGO_BARRAS,ABREBIATURA) VALUES(1226,82,9,'Fabuloso Limpiador','Alternativa Cloro',828.0,12.0,0.000000,0.000000,0.000000,'ML','7509546055077','Fabuloso ALt Clor 828');

INSERT INTO MOVIMIENTO_HISTORICO_PRODUCTO (ALMACEN_ID,PRODUCTO_ID,FECHA,TIPO_MOVIMIENTO_ID,CANTIDAD,COSTO,PRECIO,USUARIO_ID) VALUES(1,1226,now(),30,24,0.000000,0.000000,'root');
INSERT INTO ALMACEN_PRODUCTO(ALMACEN_ID,PRODUCTO_ID,CANTIDAD_ACTUAL,PRECIO_VENTA) VALUES (1,1226,24,0.000000);

INSERT INTO ALMACEN_PRODUCTO(ALMACEN_ID,PRODUCTO_ID,CANTIDAD_ACTUAL,PRECIO_VENTA) VALUES (2,1226,0,0.000000);

INSERT INTO ALMACEN_PRODUCTO(ALMACEN_ID,PRODUCTO_ID,CANTIDAD_ACTUAL,PRECIO_VENTA) VALUES (3,1226,24,0.000000);

INSERT INTO ALMACEN_PRODUCTO(ALMACEN_ID,PRODUCTO_ID,CANTIDAD_ACTUAL,PRECIO_VENTA) VALUES (4,1226,0,0.000000);

INSERT INTO PROVEEDOR_PRODUCTO(PROVEEDOR_ID,PRODUCTO_ID,PRECIO_COMPRA) VALUES(6,1226, 0.000000);

-- ===========PRODUCTO [1227]
INSERT INTO PRODUCTO(ID,MARCA_ID,LINEA_ID,NOMBRE,PRESENTACION,CONTENIDO,UNIDADES_POR_CAJA,COSTO,COSTO_VENTA,PRECIO_BASE,UNIDAD_MEDIDA,CODIGO_BARRAS,ABREBIATURA) VALUES(1227,100,19,'Revlon Secadora','Turbo Style',1.0,4.0,0.000000,0.000000,0.000000,'Pz','761318004738','Revlon Sec Turb Styl 1P');

INSERT INTO MOVIMIENTO_HISTORICO_PRODUCTO (ALMACEN_ID,PRODUCTO_ID,FECHA,TIPO_MOVIMIENTO_ID,CANTIDAD,COSTO,PRECIO,USUARIO_ID) VALUES(1,1227,now(),30,3,0.000000,0.000000,'root');
INSERT INTO ALMACEN_PRODUCTO(ALMACEN_ID,PRODUCTO_ID,CANTIDAD_ACTUAL,PRECIO_VENTA) VALUES (1,1227,3,0.000000);

INSERT INTO ALMACEN_PRODUCTO(ALMACEN_ID,PRODUCTO_ID,CANTIDAD_ACTUAL,PRECIO_VENTA) VALUES (2,1227,0,0.000000);

INSERT INTO ALMACEN_PRODUCTO(ALMACEN_ID,PRODUCTO_ID,CANTIDAD_ACTUAL,PRECIO_VENTA) VALUES (3,1227,3,0.000000);

INSERT INTO ALMACEN_PRODUCTO(ALMACEN_ID,PRODUCTO_ID,CANTIDAD_ACTUAL,PRECIO_VENTA) VALUES (4,1227,0,0.000000);

INSERT INTO PROVEEDOR_PRODUCTO(PROVEEDOR_ID,PRODUCTO_ID,PRECIO_COMPRA) VALUES(18,1227, 0.000000);

-- ===========PRODUCTO [1228]
INSERT INTO PRODUCTO(ID,MARCA_ID,LINEA_ID,NOMBRE,PRESENTACION,CONTENIDO,UNIDADES_POR_CAJA,COSTO,COSTO_VENTA,PRECIO_BASE,UNIDAD_MEDIDA,CODIGO_BARRAS,ABREBIATURA) VALUES(1228,101,19,'Vidal Sassoon Secadora','Profesional',1.0,4.0,0.000000,0.000000,0.000000,'Pz','78729607732','Vidal S Sec Profes 1Pz');

INSERT INTO MOVIMIENTO_HISTORICO_PRODUCTO (ALMACEN_ID,PRODUCTO_ID,FECHA,TIPO_MOVIMIENTO_ID,CANTIDAD,COSTO,PRECIO,USUARIO_ID) VALUES(1,1228,now(),30,3,0.000000,0.000000,'root');
INSERT INTO ALMACEN_PRODUCTO(ALMACEN_ID,PRODUCTO_ID,CANTIDAD_ACTUAL,PRECIO_VENTA) VALUES (1,1228,3,0.000000);

INSERT INTO ALMACEN_PRODUCTO(ALMACEN_ID,PRODUCTO_ID,CANTIDAD_ACTUAL,PRECIO_VENTA) VALUES (2,1228,0,0.000000);

INSERT INTO ALMACEN_PRODUCTO(ALMACEN_ID,PRODUCTO_ID,CANTIDAD_ACTUAL,PRECIO_VENTA) VALUES (3,1228,3,0.000000);

INSERT INTO ALMACEN_PRODUCTO(ALMACEN_ID,PRODUCTO_ID,CANTIDAD_ACTUAL,PRECIO_VENTA) VALUES (4,1228,0,0.000000);

INSERT INTO PROVEEDOR_PRODUCTO(PROVEEDOR_ID,PRODUCTO_ID,PRECIO_COMPRA) VALUES(18,1228, 0.000000);

-- ===========PRODUCTO [1229]
INSERT INTO PRODUCTO(ID,MARCA_ID,LINEA_ID,NOMBRE,PRESENTACION,CONTENIDO,UNIDADES_POR_CAJA,COSTO,COSTO_VENTA,PRECIO_BASE,UNIDAD_MEDIDA,CODIGO_BARRAS,ABREBIATURA) VALUES(1229,100,19,'Revlon Secadora','Ionica',1.0,4.0,0.000000,0.000000,0.000000,'Pz','761318004028','Revlon Sec Ionica 1Pz');

INSERT INTO MOVIMIENTO_HISTORICO_PRODUCTO (ALMACEN_ID,PRODUCTO_ID,FECHA,TIPO_MOVIMIENTO_ID,CANTIDAD,COSTO,PRECIO,USUARIO_ID) VALUES(1,1229,now(),30,3,0.000000,0.000000,'root');
INSERT INTO ALMACEN_PRODUCTO(ALMACEN_ID,PRODUCTO_ID,CANTIDAD_ACTUAL,PRECIO_VENTA) VALUES (1,1229,3,0.000000);

INSERT INTO ALMACEN_PRODUCTO(ALMACEN_ID,PRODUCTO_ID,CANTIDAD_ACTUAL,PRECIO_VENTA) VALUES (2,1229,0,0.000000);

INSERT INTO ALMACEN_PRODUCTO(ALMACEN_ID,PRODUCTO_ID,CANTIDAD_ACTUAL,PRECIO_VENTA) VALUES (3,1229,3,0.000000);

INSERT INTO ALMACEN_PRODUCTO(ALMACEN_ID,PRODUCTO_ID,CANTIDAD_ACTUAL,PRECIO_VENTA) VALUES (4,1229,0,0.000000);

INSERT INTO PROVEEDOR_PRODUCTO(PROVEEDOR_ID,PRODUCTO_ID,PRECIO_COMPRA) VALUES(18,1229, 0.000000);

-- ===========PRODUCTO [1230]
INSERT INTO PRODUCTO(ID,MARCA_ID,LINEA_ID,NOMBRE,PRESENTACION,CONTENIDO,UNIDADES_POR_CAJA,COSTO,COSTO_VENTA,PRECIO_BASE,UNIDAD_MEDIDA,CODIGO_BARRAS,ABREBIATURA) VALUES(1230,100,19,'Revlon Secadora','Viaje',1.0,3.0,0.000000,0.000000,0.000000,'Pz','761318050100','Revlon Sec Viaje 1Pz');

INSERT INTO MOVIMIENTO_HISTORICO_PRODUCTO (ALMACEN_ID,PRODUCTO_ID,FECHA,TIPO_MOVIMIENTO_ID,CANTIDAD,COSTO,PRECIO,USUARIO_ID) VALUES(1,1230,now(),30,3,0.000000,0.000000,'root');
INSERT INTO ALMACEN_PRODUCTO(ALMACEN_ID,PRODUCTO_ID,CANTIDAD_ACTUAL,PRECIO_VENTA) VALUES (1,1230,3,0.000000);

INSERT INTO ALMACEN_PRODUCTO(ALMACEN_ID,PRODUCTO_ID,CANTIDAD_ACTUAL,PRECIO_VENTA) VALUES (2,1230,0,0.000000);

INSERT INTO ALMACEN_PRODUCTO(ALMACEN_ID,PRODUCTO_ID,CANTIDAD_ACTUAL,PRECIO_VENTA) VALUES (3,1230,3,0.000000);

INSERT INTO ALMACEN_PRODUCTO(ALMACEN_ID,PRODUCTO_ID,CANTIDAD_ACTUAL,PRECIO_VENTA) VALUES (4,1230,0,0.000000);

INSERT INTO PROVEEDOR_PRODUCTO(PROVEEDOR_ID,PRODUCTO_ID,PRECIO_COMPRA) VALUES(18,1230, 0.000000);

-- ===========PRODUCTO [1231]
INSERT INTO PRODUCTO(ID,MARCA_ID,LINEA_ID,NOMBRE,PRESENTACION,CONTENIDO,UNIDADES_POR_CAJA,COSTO,COSTO_VENTA,PRECIO_BASE,UNIDAD_MEDIDA,CODIGO_BARRAS,ABREBIATURA) VALUES(1231,11,19,'Brut Rasuradora','Nariz y Orejas',1.0,4.0,0.000000,0.000000,0.000000,'Pz','827755810100','Brut Rasurad Nariz 1P');

INSERT INTO MOVIMIENTO_HISTORICO_PRODUCTO (ALMACEN_ID,PRODUCTO_ID,FECHA,TIPO_MOVIMIENTO_ID,CANTIDAD,COSTO,PRECIO,USUARIO_ID) VALUES(1,1231,now(),30,4,0.000000,0.000000,'root');
INSERT INTO ALMACEN_PRODUCTO(ALMACEN_ID,PRODUCTO_ID,CANTIDAD_ACTUAL,PRECIO_VENTA) VALUES (1,1231,4,0.000000);

INSERT INTO ALMACEN_PRODUCTO(ALMACEN_ID,PRODUCTO_ID,CANTIDAD_ACTUAL,PRECIO_VENTA) VALUES (2,1231,0,0.000000);

INSERT INTO ALMACEN_PRODUCTO(ALMACEN_ID,PRODUCTO_ID,CANTIDAD_ACTUAL,PRECIO_VENTA) VALUES (3,1231,4,0.000000);

INSERT INTO ALMACEN_PRODUCTO(ALMACEN_ID,PRODUCTO_ID,CANTIDAD_ACTUAL,PRECIO_VENTA) VALUES (4,1231,0,0.000000);

INSERT INTO PROVEEDOR_PRODUCTO(PROVEEDOR_ID,PRODUCTO_ID,PRECIO_COMPRA) VALUES(18,1231, 0.000000);

-- ===========PRODUCTO [1232]
INSERT INTO PRODUCTO(ID,MARCA_ID,LINEA_ID,NOMBRE,PRESENTACION,CONTENIDO,UNIDADES_POR_CAJA,COSTO,COSTO_VENTA,PRECIO_BASE,UNIDAD_MEDIDA,CODIGO_BARRAS,ABREBIATURA) VALUES(1232,101,19,'Vidal Sassoon Juego Peluqueria','Maxima Potencia',16.0,4.0,0.000000,0.000000,0.000000,'Pz','78729083192','Vidal S Kit Peluq 16Pz');

INSERT INTO MOVIMIENTO_HISTORICO_PRODUCTO (ALMACEN_ID,PRODUCTO_ID,FECHA,TIPO_MOVIMIENTO_ID,CANTIDAD,COSTO,PRECIO,USUARIO_ID) VALUES(1,1232,now(),30,2,0.000000,0.000000,'root');
INSERT INTO ALMACEN_PRODUCTO(ALMACEN_ID,PRODUCTO_ID,CANTIDAD_ACTUAL,PRECIO_VENTA) VALUES (1,1232,2,0.000000);

INSERT INTO ALMACEN_PRODUCTO(ALMACEN_ID,PRODUCTO_ID,CANTIDAD_ACTUAL,PRECIO_VENTA) VALUES (2,1232,0,0.000000);

INSERT INTO ALMACEN_PRODUCTO(ALMACEN_ID,PRODUCTO_ID,CANTIDAD_ACTUAL,PRECIO_VENTA) VALUES (3,1232,2,0.000000);

INSERT INTO ALMACEN_PRODUCTO(ALMACEN_ID,PRODUCTO_ID,CANTIDAD_ACTUAL,PRECIO_VENTA) VALUES (4,1232,0,0.000000);

INSERT INTO PROVEEDOR_PRODUCTO(PROVEEDOR_ID,PRODUCTO_ID,PRECIO_COMPRA) VALUES(18,1232, 0.000000);

-- ===========PRODUCTO [1233]
INSERT INTO PRODUCTO(ID,MARCA_ID,LINEA_ID,NOMBRE,PRESENTACION,CONTENIDO,UNIDADES_POR_CAJA,COSTO,COSTO_VENTA,PRECIO_BASE,UNIDAD_MEDIDA,CODIGO_BARRAS,ABREBIATURA) VALUES(1233,100,19,'Revlon Rizadora','2 en 1',3.0,3.0,0.000000,0.000000,0.000000,'Pz','761318930075','Revlon Rizadora 2 en 1');

INSERT INTO MOVIMIENTO_HISTORICO_PRODUCTO (ALMACEN_ID,PRODUCTO_ID,FECHA,TIPO_MOVIMIENTO_ID,CANTIDAD,COSTO,PRECIO,USUARIO_ID) VALUES(1,1233,now(),30,3,0.000000,0.000000,'root');
INSERT INTO ALMACEN_PRODUCTO(ALMACEN_ID,PRODUCTO_ID,CANTIDAD_ACTUAL,PRECIO_VENTA) VALUES (1,1233,3,0.000000);

INSERT INTO ALMACEN_PRODUCTO(ALMACEN_ID,PRODUCTO_ID,CANTIDAD_ACTUAL,PRECIO_VENTA) VALUES (2,1233,0,0.000000);

INSERT INTO ALMACEN_PRODUCTO(ALMACEN_ID,PRODUCTO_ID,CANTIDAD_ACTUAL,PRECIO_VENTA) VALUES (3,1233,3,0.000000);

INSERT INTO ALMACEN_PRODUCTO(ALMACEN_ID,PRODUCTO_ID,CANTIDAD_ACTUAL,PRECIO_VENTA) VALUES (4,1233,0,0.000000);

INSERT INTO PROVEEDOR_PRODUCTO(PROVEEDOR_ID,PRODUCTO_ID,PRECIO_COMPRA) VALUES(18,1233, 0.000000);

-- ===========PRODUCTO [1234]
INSERT INTO PRODUCTO(ID,MARCA_ID,LINEA_ID,NOMBRE,PRESENTACION,CONTENIDO,UNIDADES_POR_CAJA,COSTO,COSTO_VENTA,PRECIO_BASE,UNIDAD_MEDIDA,CODIGO_BARRAS,ABREBIATURA) VALUES(1234,100,19,'Revlon Pinza Rizadora','1 Pulgada',1.0,3.0,0.000000,0.000000,0.000000,'Pz','78729715321','Vidal S Pinza Rizadora');

INSERT INTO MOVIMIENTO_HISTORICO_PRODUCTO (ALMACEN_ID,PRODUCTO_ID,FECHA,TIPO_MOVIMIENTO_ID,CANTIDAD,COSTO,PRECIO,USUARIO_ID) VALUES(1,1234,now(),30,3,0.000000,0.000000,'root');
INSERT INTO ALMACEN_PRODUCTO(ALMACEN_ID,PRODUCTO_ID,CANTIDAD_ACTUAL,PRECIO_VENTA) VALUES (1,1234,3,0.000000);

INSERT INTO ALMACEN_PRODUCTO(ALMACEN_ID,PRODUCTO_ID,CANTIDAD_ACTUAL,PRECIO_VENTA) VALUES (2,1234,0,0.000000);

INSERT INTO ALMACEN_PRODUCTO(ALMACEN_ID,PRODUCTO_ID,CANTIDAD_ACTUAL,PRECIO_VENTA) VALUES (3,1234,3,0.000000);

INSERT INTO ALMACEN_PRODUCTO(ALMACEN_ID,PRODUCTO_ID,CANTIDAD_ACTUAL,PRECIO_VENTA) VALUES (4,1234,0,0.000000);

INSERT INTO PROVEEDOR_PRODUCTO(PROVEEDOR_ID,PRODUCTO_ID,PRECIO_COMPRA) VALUES(18,1234, 0.000000);

-- ===========PRODUCTO [1235]
INSERT INTO PRODUCTO(ID,MARCA_ID,LINEA_ID,NOMBRE,PRESENTACION,CONTENIDO,UNIDADES_POR_CAJA,COSTO,COSTO_VENTA,PRECIO_BASE,UNIDAD_MEDIDA,CODIGO_BARRAS,ABREBIATURA) VALUES(1235,101,19,'Vidal Sassoon Alaciadora Ceramica','Azul',1.0,3.0,0.000000,0.000000,0.000000,'Pz','78729525050','Vidal S Alaciador Azul');

INSERT INTO MOVIMIENTO_HISTORICO_PRODUCTO (ALMACEN_ID,PRODUCTO_ID,FECHA,TIPO_MOVIMIENTO_ID,CANTIDAD,COSTO,PRECIO,USUARIO_ID) VALUES(1,1235,now(),30,3,0.000000,0.000000,'root');
INSERT INTO ALMACEN_PRODUCTO(ALMACEN_ID,PRODUCTO_ID,CANTIDAD_ACTUAL,PRECIO_VENTA) VALUES (1,1235,3,0.000000);

INSERT INTO ALMACEN_PRODUCTO(ALMACEN_ID,PRODUCTO_ID,CANTIDAD_ACTUAL,PRECIO_VENTA) VALUES (2,1235,0,0.000000);

INSERT INTO ALMACEN_PRODUCTO(ALMACEN_ID,PRODUCTO_ID,CANTIDAD_ACTUAL,PRECIO_VENTA) VALUES (3,1235,3,0.000000);

INSERT INTO ALMACEN_PRODUCTO(ALMACEN_ID,PRODUCTO_ID,CANTIDAD_ACTUAL,PRECIO_VENTA) VALUES (4,1235,0,0.000000);

INSERT INTO PROVEEDOR_PRODUCTO(PROVEEDOR_ID,PRODUCTO_ID,PRECIO_COMPRA) VALUES(18,1235, 0.000000);

-- ===========PRODUCTO [1236]
INSERT INTO PRODUCTO(ID,MARCA_ID,LINEA_ID,NOMBRE,PRESENTACION,CONTENIDO,UNIDADES_POR_CAJA,COSTO,COSTO_VENTA,PRECIO_BASE,UNIDAD_MEDIDA,CODIGO_BARRAS,ABREBIATURA) VALUES(1236,101,19,'Vidal Sassoon Alaciadora Ceramica','Rosa',1.0,3.0,0.000000,0.000000,0.000000,'Pz','78729925058','Vidal S Alaciador Rosa');

INSERT INTO MOVIMIENTO_HISTORICO_PRODUCTO (ALMACEN_ID,PRODUCTO_ID,FECHA,TIPO_MOVIMIENTO_ID,CANTIDAD,COSTO,PRECIO,USUARIO_ID) VALUES(1,1236,now(),30,3,0.000000,0.000000,'root');
INSERT INTO ALMACEN_PRODUCTO(ALMACEN_ID,PRODUCTO_ID,CANTIDAD_ACTUAL,PRECIO_VENTA) VALUES (1,1236,3,0.000000);

INSERT INTO ALMACEN_PRODUCTO(ALMACEN_ID,PRODUCTO_ID,CANTIDAD_ACTUAL,PRECIO_VENTA) VALUES (2,1236,0,0.000000);

INSERT INTO ALMACEN_PRODUCTO(ALMACEN_ID,PRODUCTO_ID,CANTIDAD_ACTUAL,PRECIO_VENTA) VALUES (3,1236,3,0.000000);

INSERT INTO ALMACEN_PRODUCTO(ALMACEN_ID,PRODUCTO_ID,CANTIDAD_ACTUAL,PRECIO_VENTA) VALUES (4,1236,0,0.000000);

INSERT INTO PROVEEDOR_PRODUCTO(PROVEEDOR_ID,PRODUCTO_ID,PRECIO_COMPRA) VALUES(18,1236, 0.000000);

-- ===========PRODUCTO [1237]
INSERT INTO PRODUCTO(ID,MARCA_ID,LINEA_ID,NOMBRE,PRESENTACION,CONTENIDO,UNIDADES_POR_CAJA,COSTO,COSTO_VENTA,PRECIO_BASE,UNIDAD_MEDIDA,CODIGO_BARRAS,ABREBIATURA) VALUES(1237,101,19,'Vidal Sassoon Alaciadora Ceramica','Morada',1.0,3.0,0.000000,0.000000,0.000000,'Pz','78729625057','Vidal S Alaciador Morad');

INSERT INTO MOVIMIENTO_HISTORICO_PRODUCTO (ALMACEN_ID,PRODUCTO_ID,FECHA,TIPO_MOVIMIENTO_ID,CANTIDAD,COSTO,PRECIO,USUARIO_ID) VALUES(1,1237,now(),30,3,0.000000,0.000000,'root');
INSERT INTO ALMACEN_PRODUCTO(ALMACEN_ID,PRODUCTO_ID,CANTIDAD_ACTUAL,PRECIO_VENTA) VALUES (1,1237,3,0.000000);

INSERT INTO ALMACEN_PRODUCTO(ALMACEN_ID,PRODUCTO_ID,CANTIDAD_ACTUAL,PRECIO_VENTA) VALUES (2,1237,0,0.000000);

INSERT INTO ALMACEN_PRODUCTO(ALMACEN_ID,PRODUCTO_ID,CANTIDAD_ACTUAL,PRECIO_VENTA) VALUES (3,1237,3,0.000000);

INSERT INTO ALMACEN_PRODUCTO(ALMACEN_ID,PRODUCTO_ID,CANTIDAD_ACTUAL,PRECIO_VENTA) VALUES (4,1237,0,0.000000);

INSERT INTO PROVEEDOR_PRODUCTO(PROVEEDOR_ID,PRODUCTO_ID,PRECIO_COMPRA) VALUES(18,1237, 0.000000);

-- ===========PRODUCTO [1238]
INSERT INTO PRODUCTO(ID,MARCA_ID,LINEA_ID,NOMBRE,PRESENTACION,CONTENIDO,UNIDADES_POR_CAJA,COSTO,COSTO_VENTA,PRECIO_BASE,UNIDAD_MEDIDA,CODIGO_BARRAS,ABREBIATURA) VALUES(1238,100,19,'Revlon Alaciadora','Perfect Heat',1.0,3.0,0.000000,0.000000,0.000000,'Pz','761318001829','Revl Alac Perfect Head');

INSERT INTO MOVIMIENTO_HISTORICO_PRODUCTO (ALMACEN_ID,PRODUCTO_ID,FECHA,TIPO_MOVIMIENTO_ID,CANTIDAD,COSTO,PRECIO,USUARIO_ID) VALUES(1,1238,now(),30,3,0.000000,0.000000,'root');
INSERT INTO ALMACEN_PRODUCTO(ALMACEN_ID,PRODUCTO_ID,CANTIDAD_ACTUAL,PRECIO_VENTA) VALUES (1,1238,3,0.000000);

INSERT INTO ALMACEN_PRODUCTO(ALMACEN_ID,PRODUCTO_ID,CANTIDAD_ACTUAL,PRECIO_VENTA) VALUES (2,1238,0,0.000000);

INSERT INTO ALMACEN_PRODUCTO(ALMACEN_ID,PRODUCTO_ID,CANTIDAD_ACTUAL,PRECIO_VENTA) VALUES (3,1238,3,0.000000);

INSERT INTO ALMACEN_PRODUCTO(ALMACEN_ID,PRODUCTO_ID,CANTIDAD_ACTUAL,PRECIO_VENTA) VALUES (4,1238,0,0.000000);

INSERT INTO PROVEEDOR_PRODUCTO(PROVEEDOR_ID,PRODUCTO_ID,PRECIO_COMPRA) VALUES(18,1238, 0.000000);

-- ===========
-- ============================= END EXPORT
