-- ========================== SCRIPT DE IMPORTACION =============================
DELETE FROM MOVIMIENTO_HISTORICO_PRODUCTO;
DELETE FROM PEDIDO_VENTA_DETALLE; 
DELETE FROM PEDIDO_VENTA_ESTADO; 
DELETE FROM PEDIDO_VENTA;
DELETE FROM CLIENTE_CONTACTO;
DELETE FROM PROVEEDOR_CONTACTO;
DELETE FROM CONTACTO;
DELETE FROM CLIENTE;
DELETE FROM PROVEEDOR_PRODUCTO;
DELETE FROM PRODUCTO_MULTIMEDIO;
DELETE FROM PROVEEDOR;
DELETE FROM MULTIMEDIO;
DELETE FROM ALMACEN_PRODUCTO;
DELETE FROM PRODUCTO;
DELETE FROM MARCA;
DELETE FROM LINEA;
DELETE FROM INDUSTRIA;

-- =================================================================================

-- ==================== PROVEEDOR: 8 ITEMS
INSERT INTO PROVEEDOR(ID,RAZON_SOCIAL,RFC,TELEFONOS,TELEFONOS_MOVILES,FAXES,CALLE,NUM_EXTERIOR,NUM_INTERIOR,POBLACION_ID,EMAIL,URL) VALUES(1,'PROVEEDORA DE PRODUCTOS Y SERVICIOS GRUPO KAJESKA, S. DE R.L. DE C.V.','KAJE010101XXX','55-1234-5678,55-1234-5678','55-1234-5678,55-1234-5678','55-1234-5678,55-1234-5678','CALLE XX','IN','EX',60180,'nomail@mail.com','http://pagina.com');
INSERT INTO PROVEEDOR(ID,RAZON_SOCIAL,RFC,TELEFONOS,TELEFONOS_MOVILES,FAXES,CALLE,NUM_EXTERIOR,NUM_INTERIOR,POBLACION_ID,EMAIL,URL) VALUES(2,'GP POWERCELL DE MEXICO, S.A. DE C.V.','POWE010101XX1','55-1234-5678,55-1234-5678','55-1234-5678,55-1234-5678','55-1234-5678,55-1234-5678','CALLE XX','IN','EX',60180,'nomail@mail.com','http://pagina.com');
INSERT INTO PROVEEDOR(ID,RAZON_SOCIAL,RFC,TELEFONOS,TELEFONOS_MOVILES,FAXES,CALLE,NUM_EXTERIOR,NUM_INTERIOR,POBLACION_ID,EMAIL,URL) VALUES(3,'UNILEVER DE MEXICO, S.A. DE C.V.','GPPW010101XX2','55-1234-5678,55-1234-5678','55-1234-5678,55-1234-5678','55-1234-5678,55-1234-5678','CALLE XX','IN','EX',60180,'nomail@mail.com','http://pagina.com');
INSERT INTO PROVEEDOR(ID,RAZON_SOCIAL,RFC,TELEFONOS,TELEFONOS_MOVILES,FAXES,CALLE,NUM_EXTERIOR,NUM_INTERIOR,POBLACION_ID,EMAIL,URL) VALUES(4,'HELEN OF TROY DE MEXICO, S.A. DE C.V.','HTMX010101XX3','55-1234-5678,55-1234-5678','55-1234-5678,55-1234-5678','55-1234-5678,55-1234-5678','CALLE XX','IN','EX',60180,'nomail@mail.com','http://pagina.com');
INSERT INTO PROVEEDOR(ID,RAZON_SOCIAL,RFC,TELEFONOS,TELEFONOS_MOVILES,FAXES,CALLE,NUM_EXTERIOR,NUM_INTERIOR,POBLACION_ID,EMAIL,URL) VALUES(5,'COLGATE PALMILIVE, S.A. DE C.V.','CPMX010101XX4','55-1234-5678,55-1234-5678','55-1234-5678,55-1234-5678','55-1234-5678,55-1234-5678','CALLE XX','IN','EX',60180,'nomail@mail.com','http://pagina.com');
INSERT INTO PROVEEDOR(ID,RAZON_SOCIAL,RFC,TELEFONOS,TELEFONOS_MOVILES,FAXES,CALLE,NUM_EXTERIOR,NUM_INTERIOR,POBLACION_ID,EMAIL,URL) VALUES(6,'ELIAS HADID VERDUZCO','EVHZ010101XX5','55-1234-5678,55-1234-5678','55-1234-5678,55-1234-5678','55-1234-5678,55-1234-5678','CALLE XX','IN','EX',60180,'nomail@mail.com','http://pagina.com');
INSERT INTO PROVEEDOR(ID,RAZON_SOCIAL,RFC,TELEFONOS,TELEFONOS_MOVILES,FAXES,CALLE,NUM_EXTERIOR,NUM_INTERIOR,POBLACION_ID,EMAIL,URL) VALUES(7,'COMERCIALIZADORA 4 TODAY, S.A. DE C.V.','C4TM010101XX6','55-1234-5678,55-1234-5678','55-1234-5678,55-1234-5678','55-1234-5678,55-1234-5678','CALLE XX','IN','EX',60180,'nomail@mail.com','http://pagina.com');
INSERT INTO PROVEEDOR(ID,RAZON_SOCIAL,RFC,TELEFONOS,TELEFONOS_MOVILES,FAXES,CALLE,NUM_EXTERIOR,NUM_INTERIOR,POBLACION_ID,EMAIL,URL) VALUES(8,'MEDIKAVA, S.A. DE C.V.','MEDK010101XX9','55-1234-5678,55-1234-5678','55-1234-5678,55-1234-5678','55-1234-5678,55-1234-5678','CALLE XX','IN','EX',60180,'nomail@mail.com','http://pagina.com');
-- ==================== CLIENTE: 2 ITEMS
INSERT INTO CLIENTE(ID,RAZON_SOCIAL,RFC,TELEFONOS,TELEFONOS_MOVILES,FAXES,CALLE,NUM_EXTERIOR,NUM_INTERIOR,POBLACION_ID,EMAIL,URL) VALUES(1,'MOSTRADOR','','','','','','','',60180,'','');
INSERT INTO CLIENTE(ID,RAZON_SOCIAL,RFC,TELEFONOS,TELEFONOS_MOVILES,FAXES,CALLE,NUM_EXTERIOR,NUM_INTERIOR,POBLACION_ID,EMAIL,URL) VALUES(2,'PROVEEDORA DE PRODUCTOS Y SERVICIOS GRUPO KAJESKA, S. DE R.L. DE C.V.','KAJE010101XXX','55-1234-5678,55-1234-5678','55-1234-5678,55-1234-5678','55-1234-5678,55-1234-5678','CALLE XX','IN','EX',60180,'nomail@mail.com','http://pagina.com');
INSERT INTO CLIENTE(ID,RAZON_SOCIAL,RFC,TELEFONOS,TELEFONOS_MOVILES,FAXES,CALLE,NUM_EXTERIOR,NUM_INTERIOR,POBLACION_ID,EMAIL,URL) VALUES(3,'GP POWERCELL DE MEXICO, S.A. DE C.V.','POWE010101XX1','55-1234-5678,55-1234-5678','55-1234-5678,55-1234-5678','55-1234-5678,55-1234-5678','CALLE XX','IN','EX',60180,'nomail@mail.com','http://pagina.com');
-- ==================== INDUSTRIA: 8 ITEMS
INSERT INTO INDUSTRIA(ID,NOMBRE) VALUES (1,'UNILEVER DE MEXICO, S.A. DE C.V.');
INSERT INTO INDUSTRIA(ID,NOMBRE) VALUES (2,'HELEN OF TROY DE MEXICO, S.A. DE C.V.');
INSERT INTO INDUSTRIA(ID,NOMBRE) VALUES (3,'COLGATE PALMILIVE, S.A. DE C.V.');
INSERT INTO INDUSTRIA(ID,NOMBRE) VALUES (4,'COSBEL, S.A. DE C.V.');
INSERT INTO INDUSTRIA(ID,NOMBRE) VALUES (5,'MOCHILAS Y NOVEDADES DEL NORTE, S.A. DE C.V.');
INSERT INTO INDUSTRIA(ID,NOMBRE) VALUES (6,'CONDOMI ERFURT');
INSERT INTO INDUSTRIA(ID,NOMBRE) VALUES (7,'WHPM INC');
INSERT INTO INDUSTRIA(ID,NOMBRE) VALUES (8,'GP POWERCELL DE MEXICO, S.A. DE C.V.');
-- ==================== LINEA: 9 ITEMS
INSERT INTO LINEA(ID,NOMBRE) VALUES (1, 'DESODORANTES');
INSERT INTO LINEA(ID,NOMBRE) VALUES (2, 'CREMA DENTAL');
INSERT INTO LINEA(ID,NOMBRE) VALUES (3, 'ENJUAGUE BUCAL');
INSERT INTO LINEA(ID,NOMBRE) VALUES (4, 'SHAMPOO');
INSERT INTO LINEA(ID,NOMBRE) VALUES (5, 'CREMAS');
INSERT INTO LINEA(ID,NOMBRE) VALUES (6, 'CEPILLO DENTAL');
INSERT INTO LINEA(ID,NOMBRE) VALUES (7, 'CONDONES');
INSERT INTO LINEA(ID,NOMBRE) VALUES (8, 'PRUEBA DE EMBARAZO');
INSERT INTO LINEA(ID,NOMBRE) VALUES (9, 'PILAS');
-- ==================== MARCA: 11 ITEMS
INSERT INTO MARCA(ID,LINEA_ID,INDUSTRIA_ID,NOMBRE) VALUES (1,1,1, 'AXE');
INSERT INTO MARCA(ID,LINEA_ID,INDUSTRIA_ID,NOMBRE) VALUES (2,1,1, 'REXONA');
INSERT INTO MARCA(ID,LINEA_ID,INDUSTRIA_ID,NOMBRE) VALUES (3,1,2, 'BRUT');
INSERT INTO MARCA(ID,LINEA_ID,INDUSTRIA_ID,NOMBRE) VALUES (4,1,3, 'LADY SPEED STICK');
INSERT INTO MARCA(ID,LINEA_ID,INDUSTRIA_ID,NOMBRE) VALUES (5,2,3, 'COLGATE');
INSERT INTO MARCA(ID,LINEA_ID,INDUSTRIA_ID,NOMBRE) VALUES (6,4,4, 'FRUCTIS');
INSERT INTO MARCA(ID,LINEA_ID,INDUSTRIA_ID,NOMBRE) VALUES (7,5,4, 'GARNIER');
INSERT INTO MARCA(ID,LINEA_ID,INDUSTRIA_ID,NOMBRE) VALUES (8,6,5, '4 TODAY');
INSERT INTO MARCA(ID,LINEA_ID,INDUSTRIA_ID,NOMBRE) VALUES (9,7,6, 'VIVE MAS');
INSERT INTO MARCA(ID,LINEA_ID,INDUSTRIA_ID,NOMBRE) VALUES (10,8,7, 'EXACTITUDE');
INSERT INTO MARCA(ID,LINEA_ID,INDUSTRIA_ID,NOMBRE) VALUES (11,9,8, 'GP POWERCELL');
INSERT INTO MARCA(ID,LINEA_ID,INDUSTRIA_ID,NOMBRE) VALUES (12,3,3, 'COLGATE');

-- ==================== PRODUCTO: 19 ITEMS
-- ===========PRODUCTO [1]
INSERT INTO PRODUCTO(ID,MARCA_ID,NOMBRE,PRESENTACION,CONTENIDO,UNIDADES_POR_CAJA,COSTO,COSTO_VENTA,PRECIO_BASE,UNIDAD_MEDIDA,CODIGO_BARRAS) VALUES(1,1,'Axe Spray caballero','Music Star',160,12.0,10.500000,13.715090,19.444950,'ML',7.791293005362E12);

INSERT INTO MOVIMIENTO_HISTORICO_PRODUCTO (ALMACEN_ID,PRODUCTO_ID,FECHA,TIPO_MOVIMIENTO_ID,CANTIDAD,COSTO,PRECIO,USUARIO_ID) VALUES(1,1,now(),30,828,13.715090,19.444950,'root');
INSERT INTO ALMACEN_PRODUCTO(ALMACEN_ID,PRODUCTO_ID,CANTIDAD_ACTUAL,CANTIDAD_MINIMA,PRECIO_VENTA) VALUES (1,1,828,0,19.444950);

INSERT INTO ALMACEN_PRODUCTO(ALMACEN_ID,PRODUCTO_ID,CANTIDAD_ACTUAL,CANTIDAD_MINIMA,PRECIO_VENTA) VALUES (2,1,0,0,15.000000);

INSERT INTO ALMACEN_PRODUCTO(ALMACEN_ID,PRODUCTO_ID,CANTIDAD_ACTUAL,CANTIDAD_MINIMA,PRECIO_VENTA) VALUES (3,1,12,0,18.900000);

INSERT INTO ALMACEN_PRODUCTO(ALMACEN_ID,PRODUCTO_ID,CANTIDAD_ACTUAL,CANTIDAD_MINIMA,PRECIO_VENTA) VALUES (4,1,828,0,15.000000);

INSERT INTO PROVEEDOR_PRODUCTO(PROVEEDOR_ID,PRODUCTO_ID,PRECIO_COMPRA) VALUES(3,1, 13.715090);

-- ===========PRODUCTO [2]
INSERT INTO PRODUCTO(ID,MARCA_ID,NOMBRE,PRESENTACION,CONTENIDO,UNIDADES_POR_CAJA,COSTO,COSTO_VENTA,PRECIO_BASE,UNIDAD_MEDIDA,CODIGO_BARRAS) VALUES(2,2,'Rexona Spray Dama','Power',179,12.0,10.500000,13.715090,19.444950,'ML',7.79129399947E12);

INSERT INTO MOVIMIENTO_HISTORICO_PRODUCTO (ALMACEN_ID,PRODUCTO_ID,FECHA,TIPO_MOVIMIENTO_ID,CANTIDAD,COSTO,PRECIO,USUARIO_ID) VALUES(1,2,now(),30,2400,13.715090,19.444950,'root');
INSERT INTO ALMACEN_PRODUCTO(ALMACEN_ID,PRODUCTO_ID,CANTIDAD_ACTUAL,CANTIDAD_MINIMA,PRECIO_VENTA) VALUES (1,2,2400,0,19.444950);

INSERT INTO ALMACEN_PRODUCTO(ALMACEN_ID,PRODUCTO_ID,CANTIDAD_ACTUAL,CANTIDAD_MINIMA,PRECIO_VENTA) VALUES (2,2,0,0,15.000000);

INSERT INTO ALMACEN_PRODUCTO(ALMACEN_ID,PRODUCTO_ID,CANTIDAD_ACTUAL,CANTIDAD_MINIMA,PRECIO_VENTA) VALUES (3,2,12,0,18.900000);

INSERT INTO ALMACEN_PRODUCTO(ALMACEN_ID,PRODUCTO_ID,CANTIDAD_ACTUAL,CANTIDAD_MINIMA,PRECIO_VENTA) VALUES (4,2,2400,0,15.000000);

INSERT INTO PROVEEDOR_PRODUCTO(PROVEEDOR_ID,PRODUCTO_ID,PRECIO_COMPRA) VALUES(3,2, 13.715090);

-- ===========PRODUCTO [3]
INSERT INTO PRODUCTO(ID,MARCA_ID,NOMBRE,PRESENTACION,CONTENIDO,UNIDADES_POR_CAJA,COSTO,COSTO_VENTA,PRECIO_BASE,UNIDAD_MEDIDA,CODIGO_BARRAS) VALUES(3,2,'Rexona Spray Caballero','Extreme',175,12.0,10.500000,13.715090,19.444950,'ML',7.791293990583E12);

INSERT INTO MOVIMIENTO_HISTORICO_PRODUCTO (ALMACEN_ID,PRODUCTO_ID,FECHA,TIPO_MOVIMIENTO_ID,CANTIDAD,COSTO,PRECIO,USUARIO_ID) VALUES(1,3,now(),30,2400,13.715090,19.444950,'root');
INSERT INTO ALMACEN_PRODUCTO(ALMACEN_ID,PRODUCTO_ID,CANTIDAD_ACTUAL,CANTIDAD_MINIMA,PRECIO_VENTA) VALUES (1,3,2400,0,19.444950);

INSERT INTO ALMACEN_PRODUCTO(ALMACEN_ID,PRODUCTO_ID,CANTIDAD_ACTUAL,CANTIDAD_MINIMA,PRECIO_VENTA) VALUES (2,3,0,0,15.000000);

INSERT INTO ALMACEN_PRODUCTO(ALMACEN_ID,PRODUCTO_ID,CANTIDAD_ACTUAL,CANTIDAD_MINIMA,PRECIO_VENTA) VALUES (3,3,12,0,18.900000);

INSERT INTO ALMACEN_PRODUCTO(ALMACEN_ID,PRODUCTO_ID,CANTIDAD_ACTUAL,CANTIDAD_MINIMA,PRECIO_VENTA) VALUES (4,3,2400,0,15.000000);

INSERT INTO PROVEEDOR_PRODUCTO(PROVEEDOR_ID,PRODUCTO_ID,PRECIO_COMPRA) VALUES(3,3, 13.715090);

-- ===========PRODUCTO [4]
INSERT INTO PRODUCTO(ID,MARCA_ID,NOMBRE,PRESENTACION,CONTENIDO,UNIDADES_POR_CAJA,COSTO,COSTO_VENTA,PRECIO_BASE,UNIDAD_MEDIDA,CODIGO_BARRAS) VALUES(4,3,'Brut Spray Caballero','Dominant',210,12.0,10.500000,13.715090,19.444950,'ML',7.502221184291E12);

INSERT INTO MOVIMIENTO_HISTORICO_PRODUCTO (ALMACEN_ID,PRODUCTO_ID,FECHA,TIPO_MOVIMIENTO_ID,CANTIDAD,COSTO,PRECIO,USUARIO_ID) VALUES(1,4,now(),30,828,13.715090,19.444950,'root');
INSERT INTO ALMACEN_PRODUCTO(ALMACEN_ID,PRODUCTO_ID,CANTIDAD_ACTUAL,CANTIDAD_MINIMA,PRECIO_VENTA) VALUES (1,4,828,0,19.444950);

INSERT INTO ALMACEN_PRODUCTO(ALMACEN_ID,PRODUCTO_ID,CANTIDAD_ACTUAL,CANTIDAD_MINIMA,PRECIO_VENTA) VALUES (2,4,0,0,15.000000);

INSERT INTO ALMACEN_PRODUCTO(ALMACEN_ID,PRODUCTO_ID,CANTIDAD_ACTUAL,CANTIDAD_MINIMA,PRECIO_VENTA) VALUES (3,4,12,0,18.900000);

INSERT INTO ALMACEN_PRODUCTO(ALMACEN_ID,PRODUCTO_ID,CANTIDAD_ACTUAL,CANTIDAD_MINIMA,PRECIO_VENTA) VALUES (4,4,828,0,15.000000);

INSERT INTO PROVEEDOR_PRODUCTO(PROVEEDOR_ID,PRODUCTO_ID,PRECIO_COMPRA) VALUES(4,4, 13.715090);

-- ===========PRODUCTO [5]
INSERT INTO PRODUCTO(ID,MARCA_ID,NOMBRE,PRESENTACION,CONTENIDO,UNIDADES_POR_CAJA,COSTO,COSTO_VENTA,PRECIO_BASE,UNIDAD_MEDIDA,CODIGO_BARRAS) VALUES(5,4,'Lady Speed Stick Barra','Invisible Floral',45,12.0,7.500000,13.715090,19.444950,'G',7.501035908925E12);

INSERT INTO MOVIMIENTO_HISTORICO_PRODUCTO (ALMACEN_ID,PRODUCTO_ID,FECHA,TIPO_MOVIMIENTO_ID,CANTIDAD,COSTO,PRECIO,USUARIO_ID) VALUES(1,5,now(),30,1200,13.715090,19.444950,'root');
INSERT INTO ALMACEN_PRODUCTO(ALMACEN_ID,PRODUCTO_ID,CANTIDAD_ACTUAL,CANTIDAD_MINIMA,PRECIO_VENTA) VALUES (1,5,1200,0,19.444950);

INSERT INTO ALMACEN_PRODUCTO(ALMACEN_ID,PRODUCTO_ID,CANTIDAD_ACTUAL,CANTIDAD_MINIMA,PRECIO_VENTA) VALUES (2,5,0,0,15.000000);

INSERT INTO ALMACEN_PRODUCTO(ALMACEN_ID,PRODUCTO_ID,CANTIDAD_ACTUAL,CANTIDAD_MINIMA,PRECIO_VENTA) VALUES (3,5,12,0,18.900000);

INSERT INTO ALMACEN_PRODUCTO(ALMACEN_ID,PRODUCTO_ID,CANTIDAD_ACTUAL,CANTIDAD_MINIMA,PRECIO_VENTA) VALUES (4,5,1200,0,15.000000);

INSERT INTO PROVEEDOR_PRODUCTO(PROVEEDOR_ID,PRODUCTO_ID,PRECIO_COMPRA) VALUES(5,5, 13.715090);

-- ===========PRODUCTO [6]
INSERT INTO PRODUCTO(ID,MARCA_ID,NOMBRE,PRESENTACION,CONTENIDO,UNIDADES_POR_CAJA,COSTO,COSTO_VENTA,PRECIO_BASE,UNIDAD_MEDIDA,CODIGO_BARRAS) VALUES(6,4,'Lady Speed Stick Barra','Ph Active',65,12.0,8.500000,13.715090,19.444950,'G',7.50954605267E12);

INSERT INTO MOVIMIENTO_HISTORICO_PRODUCTO (ALMACEN_ID,PRODUCTO_ID,FECHA,TIPO_MOVIMIENTO_ID,CANTIDAD,COSTO,PRECIO,USUARIO_ID) VALUES(1,6,now(),30,1200,13.715090,19.444950,'root');
INSERT INTO ALMACEN_PRODUCTO(ALMACEN_ID,PRODUCTO_ID,CANTIDAD_ACTUAL,CANTIDAD_MINIMA,PRECIO_VENTA) VALUES (1,6,1200,0,19.444950);

INSERT INTO ALMACEN_PRODUCTO(ALMACEN_ID,PRODUCTO_ID,CANTIDAD_ACTUAL,CANTIDAD_MINIMA,PRECIO_VENTA) VALUES (2,6,0,0,15.000000);

INSERT INTO ALMACEN_PRODUCTO(ALMACEN_ID,PRODUCTO_ID,CANTIDAD_ACTUAL,CANTIDAD_MINIMA,PRECIO_VENTA) VALUES (3,6,12,0,18.900000);

INSERT INTO ALMACEN_PRODUCTO(ALMACEN_ID,PRODUCTO_ID,CANTIDAD_ACTUAL,CANTIDAD_MINIMA,PRECIO_VENTA) VALUES (4,6,1200,0,15.000000);

INSERT INTO PROVEEDOR_PRODUCTO(PROVEEDOR_ID,PRODUCTO_ID,PRECIO_COMPRA) VALUES(5,6, 13.715090);

-- ===========PRODUCTO [7]
INSERT INTO PRODUCTO(ID,MARCA_ID,NOMBRE,PRESENTACION,CONTENIDO,UNIDADES_POR_CAJA,COSTO,COSTO_VENTA,PRECIO_BASE,UNIDAD_MEDIDA,CODIGO_BARRAS) VALUES(7,5,'Crema Dental Colgate','Luminous White',125,12.0,20.000000,13.715090,19.444950,'ML',7.509546053875E12);

INSERT INTO MOVIMIENTO_HISTORICO_PRODUCTO (ALMACEN_ID,PRODUCTO_ID,FECHA,TIPO_MOVIMIENTO_ID,CANTIDAD,COSTO,PRECIO,USUARIO_ID) VALUES(1,7,now(),30,1200,13.715090,19.444950,'root');
INSERT INTO ALMACEN_PRODUCTO(ALMACEN_ID,PRODUCTO_ID,CANTIDAD_ACTUAL,CANTIDAD_MINIMA,PRECIO_VENTA) VALUES (1,7,1200,0,19.444950);

INSERT INTO ALMACEN_PRODUCTO(ALMACEN_ID,PRODUCTO_ID,CANTIDAD_ACTUAL,CANTIDAD_MINIMA,PRECIO_VENTA) VALUES (2,7,0,0,15.000000);

INSERT INTO ALMACEN_PRODUCTO(ALMACEN_ID,PRODUCTO_ID,CANTIDAD_ACTUAL,CANTIDAD_MINIMA,PRECIO_VENTA) VALUES (3,7,12,0,18.900000);

INSERT INTO ALMACEN_PRODUCTO(ALMACEN_ID,PRODUCTO_ID,CANTIDAD_ACTUAL,CANTIDAD_MINIMA,PRECIO_VENTA) VALUES (4,7,1200,0,15.000000);

INSERT INTO PROVEEDOR_PRODUCTO(PROVEEDOR_ID,PRODUCTO_ID,PRECIO_COMPRA) VALUES(5,7, 13.715090);

-- ===========PRODUCTO [8]
INSERT INTO PRODUCTO(ID,MARCA_ID,NOMBRE,PRESENTACION,CONTENIDO,UNIDADES_POR_CAJA,COSTO,COSTO_VENTA,PRECIO_BASE,UNIDAD_MEDIDA,CODIGO_BARRAS) VALUES(8,12,'Enjuague Bucal Colgate Plax','Complete Care',250,12.0,15.000000,13.715090,19.444950,'ML',7.891024136614E12);

INSERT INTO MOVIMIENTO_HISTORICO_PRODUCTO (ALMACEN_ID,PRODUCTO_ID,FECHA,TIPO_MOVIMIENTO_ID,CANTIDAD,COSTO,PRECIO,USUARIO_ID) VALUES(1,8,now(),30,1200,13.715090,19.444950,'root');
INSERT INTO ALMACEN_PRODUCTO(ALMACEN_ID,PRODUCTO_ID,CANTIDAD_ACTUAL,CANTIDAD_MINIMA,PRECIO_VENTA) VALUES (1,8,1200,0,19.444950);

INSERT INTO ALMACEN_PRODUCTO(ALMACEN_ID,PRODUCTO_ID,CANTIDAD_ACTUAL,CANTIDAD_MINIMA,PRECIO_VENTA) VALUES (2,8,0,0,15.000000);

INSERT INTO ALMACEN_PRODUCTO(ALMACEN_ID,PRODUCTO_ID,CANTIDAD_ACTUAL,CANTIDAD_MINIMA,PRECIO_VENTA) VALUES (3,8,12,0,18.900000);

INSERT INTO ALMACEN_PRODUCTO(ALMACEN_ID,PRODUCTO_ID,CANTIDAD_ACTUAL,CANTIDAD_MINIMA,PRECIO_VENTA) VALUES (4,8,1200,0,15.000000);

INSERT INTO PROVEEDOR_PRODUCTO(PROVEEDOR_ID,PRODUCTO_ID,PRECIO_COMPRA) VALUES(5,8, 13.715090);

-- ===========PRODUCTO [9]
INSERT INTO PRODUCTO(ID,MARCA_ID,NOMBRE,PRESENTACION,CONTENIDO,UNIDADES_POR_CAJA,COSTO,COSTO_VENTA,PRECIO_BASE,UNIDAD_MEDIDA,CODIGO_BARRAS) VALUES(9,6,'Shampoo Fructis Garnier','Seco 2 en 1',750,12.0,20.000000,18.980090,26.909550,'ML',7.501839105384E12);

INSERT INTO MOVIMIENTO_HISTORICO_PRODUCTO (ALMACEN_ID,PRODUCTO_ID,FECHA,TIPO_MOVIMIENTO_ID,CANTIDAD,COSTO,PRECIO,USUARIO_ID) VALUES(1,9,now(),30,1200,18.980090,26.909550,'root');
INSERT INTO ALMACEN_PRODUCTO(ALMACEN_ID,PRODUCTO_ID,CANTIDAD_ACTUAL,CANTIDAD_MINIMA,PRECIO_VENTA) VALUES (1,9,1200,0,26.909550);

INSERT INTO ALMACEN_PRODUCTO(ALMACEN_ID,PRODUCTO_ID,CANTIDAD_ACTUAL,CANTIDAD_MINIMA,PRECIO_VENTA) VALUES (2,9,0,0,20.000000);

INSERT INTO ALMACEN_PRODUCTO(ALMACEN_ID,PRODUCTO_ID,CANTIDAD_ACTUAL,CANTIDAD_MINIMA,PRECIO_VENTA) VALUES (3,9,12,0,26.910000);

INSERT INTO ALMACEN_PRODUCTO(ALMACEN_ID,PRODUCTO_ID,CANTIDAD_ACTUAL,CANTIDAD_MINIMA,PRECIO_VENTA) VALUES (4,9,1200,0,20.000000);

INSERT INTO PROVEEDOR_PRODUCTO(PROVEEDOR_ID,PRODUCTO_ID,PRECIO_COMPRA) VALUES(6,9, 18.980090);

-- ===========PRODUCTO [10]
INSERT INTO PRODUCTO(ID,MARCA_ID,NOMBRE,PRESENTACION,CONTENIDO,UNIDADES_POR_CAJA,COSTO,COSTO_VENTA,PRECIO_BASE,UNIDAD_MEDIDA,CODIGO_BARRAS) VALUES(10,7,'Garnier Clarify','Cuidado Aclarante',50,12.0,100.000000,18.347092,26.012100,'ML',7.50183919559E12);

INSERT INTO MOVIMIENTO_HISTORICO_PRODUCTO (ALMACEN_ID,PRODUCTO_ID,FECHA,TIPO_MOVIMIENTO_ID,CANTIDAD,COSTO,PRECIO,USUARIO_ID) VALUES(1,10,now(),30,1440,18.347092,26.012100,'root');
INSERT INTO ALMACEN_PRODUCTO(ALMACEN_ID,PRODUCTO_ID,CANTIDAD_ACTUAL,CANTIDAD_MINIMA,PRECIO_VENTA) VALUES (1,10,1440,0,26.012100);

INSERT INTO ALMACEN_PRODUCTO(ALMACEN_ID,PRODUCTO_ID,CANTIDAD_ACTUAL,CANTIDAD_MINIMA,PRECIO_VENTA) VALUES (2,10,0,0,20.000000);

INSERT INTO ALMACEN_PRODUCTO(ALMACEN_ID,PRODUCTO_ID,CANTIDAD_ACTUAL,CANTIDAD_MINIMA,PRECIO_VENTA) VALUES (3,10,12,0,23.900000);

INSERT INTO ALMACEN_PRODUCTO(ALMACEN_ID,PRODUCTO_ID,CANTIDAD_ACTUAL,CANTIDAD_MINIMA,PRECIO_VENTA) VALUES (4,10,1440,0,20.000000);

INSERT INTO PROVEEDOR_PRODUCTO(PROVEEDOR_ID,PRODUCTO_ID,PRECIO_COMPRA) VALUES(6,10, 18.347092);

-- ===========PRODUCTO [11]
INSERT INTO PRODUCTO(ID,MARCA_ID,NOMBRE,PRESENTACION,CONTENIDO,UNIDADES_POR_CAJA,COSTO,COSTO_VENTA,PRECIO_BASE,UNIDAD_MEDIDA,CODIGO_BARRAS) VALUES(11,8,'Cepillo Dental 4Today','Masajeador T201',1,12.0,3.000000,18.980090,26.909550,'Pz',6.926360982012E12);

INSERT INTO MOVIMIENTO_HISTORICO_PRODUCTO (ALMACEN_ID,PRODUCTO_ID,FECHA,TIPO_MOVIMIENTO_ID,CANTIDAD,COSTO,PRECIO,USUARIO_ID) VALUES(1,11,now(),30,1200,18.980090,26.909550,'root');
INSERT INTO ALMACEN_PRODUCTO(ALMACEN_ID,PRODUCTO_ID,CANTIDAD_ACTUAL,CANTIDAD_MINIMA,PRECIO_VENTA) VALUES (1,11,1200,0,26.909550);

INSERT INTO ALMACEN_PRODUCTO(ALMACEN_ID,PRODUCTO_ID,CANTIDAD_ACTUAL,CANTIDAD_MINIMA,PRECIO_VENTA) VALUES (2,11,0,0,20.000000);

INSERT INTO ALMACEN_PRODUCTO(ALMACEN_ID,PRODUCTO_ID,CANTIDAD_ACTUAL,CANTIDAD_MINIMA,PRECIO_VENTA) VALUES (3,11,12,0,26.910000);

INSERT INTO ALMACEN_PRODUCTO(ALMACEN_ID,PRODUCTO_ID,CANTIDAD_ACTUAL,CANTIDAD_MINIMA,PRECIO_VENTA) VALUES (4,11,1200,0,20.000000);

INSERT INTO PROVEEDOR_PRODUCTO(PROVEEDOR_ID,PRODUCTO_ID,PRECIO_COMPRA) VALUES(7,11, 18.980090);

-- ===========PRODUCTO [12]
INSERT INTO PRODUCTO(ID,MARCA_ID,NOMBRE,PRESENTACION,CONTENIDO,UNIDADES_POR_CAJA,COSTO,COSTO_VENTA,PRECIO_BASE,UNIDAD_MEDIDA,CODIGO_BARRAS) VALUES(12,9,'Condones Vive','Mas',3,12.0,14.000000,13.143527,18.634600,'Pz',7.404001750231E12);

INSERT INTO MOVIMIENTO_HISTORICO_PRODUCTO (ALMACEN_ID,PRODUCTO_ID,FECHA,TIPO_MOVIMIENTO_ID,CANTIDAD,COSTO,PRECIO,USUARIO_ID) VALUES(1,12,now(),30,1200,13.143527,18.634600,'root');
INSERT INTO ALMACEN_PRODUCTO(ALMACEN_ID,PRODUCTO_ID,CANTIDAD_ACTUAL,CANTIDAD_MINIMA,PRECIO_VENTA) VALUES (1,12,1200,0,18.634600);

INSERT INTO ALMACEN_PRODUCTO(ALMACEN_ID,PRODUCTO_ID,CANTIDAD_ACTUAL,CANTIDAD_MINIMA,PRECIO_VENTA) VALUES (2,12,0,0,14.500000);

INSERT INTO ALMACEN_PRODUCTO(ALMACEN_ID,PRODUCTO_ID,CANTIDAD_ACTUAL,CANTIDAD_MINIMA,PRECIO_VENTA) VALUES (3,12,12,0,16.900000);

INSERT INTO ALMACEN_PRODUCTO(ALMACEN_ID,PRODUCTO_ID,CANTIDAD_ACTUAL,CANTIDAD_MINIMA,PRECIO_VENTA) VALUES (4,12,1200,0,14.500000);

INSERT INTO PROVEEDOR_PRODUCTO(PROVEEDOR_ID,PRODUCTO_ID,PRECIO_COMPRA) VALUES(8,12, 13.143527);

-- ===========PRODUCTO [13]
INSERT INTO PRODUCTO(ID,MARCA_ID,NOMBRE,PRESENTACION,CONTENIDO,UNIDADES_POR_CAJA,COSTO,COSTO_VENTA,PRECIO_BASE,UNIDAD_MEDIDA,CODIGO_BARRAS) VALUES(13,9,'Condones Vive','Colors',3,12.0,14.000000,13.143527,18.634600,'Pz',7.404001750347E12);

INSERT INTO MOVIMIENTO_HISTORICO_PRODUCTO (ALMACEN_ID,PRODUCTO_ID,FECHA,TIPO_MOVIMIENTO_ID,CANTIDAD,COSTO,PRECIO,USUARIO_ID) VALUES(1,13,now(),30,1200,13.143527,18.634600,'root');
INSERT INTO ALMACEN_PRODUCTO(ALMACEN_ID,PRODUCTO_ID,CANTIDAD_ACTUAL,CANTIDAD_MINIMA,PRECIO_VENTA) VALUES (1,13,1200,0,18.634600);

INSERT INTO ALMACEN_PRODUCTO(ALMACEN_ID,PRODUCTO_ID,CANTIDAD_ACTUAL,CANTIDAD_MINIMA,PRECIO_VENTA) VALUES (2,13,0,0,14.500000);

INSERT INTO ALMACEN_PRODUCTO(ALMACEN_ID,PRODUCTO_ID,CANTIDAD_ACTUAL,CANTIDAD_MINIMA,PRECIO_VENTA) VALUES (3,13,12,0,16.900000);

INSERT INTO ALMACEN_PRODUCTO(ALMACEN_ID,PRODUCTO_ID,CANTIDAD_ACTUAL,CANTIDAD_MINIMA,PRECIO_VENTA) VALUES (4,13,1200,0,14.500000);

INSERT INTO PROVEEDOR_PRODUCTO(PROVEEDOR_ID,PRODUCTO_ID,PRECIO_COMPRA) VALUES(8,13, 13.143527);

-- ===========PRODUCTO [14]
INSERT INTO PRODUCTO(ID,MARCA_ID,NOMBRE,PRESENTACION,CONTENIDO,UNIDADES_POR_CAJA,COSTO,COSTO_VENTA,PRECIO_BASE,UNIDAD_MEDIDA,CODIGO_BARRAS) VALUES(14,10,'Prueba de Embarazo Exactitude','0.99',1,100.0,4.000000,4.898088,6.944400,'Pz',9.660188770037E12);

INSERT INTO MOVIMIENTO_HISTORICO_PRODUCTO (ALMACEN_ID,PRODUCTO_ID,FECHA,TIPO_MOVIMIENTO_ID,CANTIDAD,COSTO,PRECIO,USUARIO_ID) VALUES(1,14,now(),30,100,4.898088,6.944400,'root');
INSERT INTO ALMACEN_PRODUCTO(ALMACEN_ID,PRODUCTO_ID,CANTIDAD_ACTUAL,CANTIDAD_MINIMA,PRECIO_VENTA) VALUES (1,14,100,0,6.944400);

INSERT INTO ALMACEN_PRODUCTO(ALMACEN_ID,PRODUCTO_ID,CANTIDAD_ACTUAL,CANTIDAD_MINIMA,PRECIO_VENTA) VALUES (2,14,0,0,1.490000);

INSERT INTO ALMACEN_PRODUCTO(ALMACEN_ID,PRODUCTO_ID,CANTIDAD_ACTUAL,CANTIDAD_MINIMA,PRECIO_VENTA) VALUES (3,14,12,0,1.900000);

INSERT INTO ALMACEN_PRODUCTO(ALMACEN_ID,PRODUCTO_ID,CANTIDAD_ACTUAL,CANTIDAD_MINIMA,PRECIO_VENTA) VALUES (4,14,100,0,1.490000);

INSERT INTO PROVEEDOR_PRODUCTO(PROVEEDOR_ID,PRODUCTO_ID,PRECIO_COMPRA) VALUES(8,14, 4.898088);

-- ===========PRODUCTO [657]
INSERT INTO PRODUCTO(ID,MARCA_ID,NOMBRE,PRESENTACION,CONTENIDO,UNIDADES_POR_CAJA,COSTO,COSTO_VENTA,PRECIO_BASE,UNIDAD_MEDIDA,CODIGO_BARRAS) VALUES(657,11,'GP PowerCell Battery','Heavy Duty "AA"',5,100.0,4.000000,4.898088,6.944400,'Pz',4.891199103391E12);

INSERT INTO MOVIMIENTO_HISTORICO_PRODUCTO (ALMACEN_ID,PRODUCTO_ID,FECHA,TIPO_MOVIMIENTO_ID,CANTIDAD,COSTO,PRECIO,USUARIO_ID) VALUES(1,657,now(),30,100,4.898088,6.944400,'root');
INSERT INTO ALMACEN_PRODUCTO(ALMACEN_ID,PRODUCTO_ID,CANTIDAD_ACTUAL,CANTIDAD_MINIMA,PRECIO_VENTA) VALUES (1,657,100,0,6.944400);

INSERT INTO ALMACEN_PRODUCTO(ALMACEN_ID,PRODUCTO_ID,CANTIDAD_ACTUAL,CANTIDAD_MINIMA,PRECIO_VENTA) VALUES (2,657,0,0,1.490000);

INSERT INTO ALMACEN_PRODUCTO(ALMACEN_ID,PRODUCTO_ID,CANTIDAD_ACTUAL,CANTIDAD_MINIMA,PRECIO_VENTA) VALUES (3,657,12,0,1.900000);

INSERT INTO ALMACEN_PRODUCTO(ALMACEN_ID,PRODUCTO_ID,CANTIDAD_ACTUAL,CANTIDAD_MINIMA,PRECIO_VENTA) VALUES (4,657,100,0,1.490000);

INSERT INTO PROVEEDOR_PRODUCTO(PROVEEDOR_ID,PRODUCTO_ID,PRECIO_COMPRA) VALUES(2,657, 4.898088);

-- ===========PRODUCTO [658]
INSERT INTO PRODUCTO(ID,MARCA_ID,NOMBRE,PRESENTACION,CONTENIDO,UNIDADES_POR_CAJA,COSTO,COSTO_VENTA,PRECIO_BASE,UNIDAD_MEDIDA,CODIGO_BARRAS) VALUES(658,11,'GP PowerCell Battery','Extra Heavy Duty "AA"',5,100.0,6.000000,6.857492,9.722400,'Pz',4.891199061943E12);

INSERT INTO MOVIMIENTO_HISTORICO_PRODUCTO (ALMACEN_ID,PRODUCTO_ID,FECHA,TIPO_MOVIMIENTO_ID,CANTIDAD,COSTO,PRECIO,USUARIO_ID) VALUES(1,658,now(),30,100,6.857492,9.722400,'root');
INSERT INTO ALMACEN_PRODUCTO(ALMACEN_ID,PRODUCTO_ID,CANTIDAD_ACTUAL,CANTIDAD_MINIMA,PRECIO_VENTA) VALUES (1,658,100,0,9.722400);

INSERT INTO ALMACEN_PRODUCTO(ALMACEN_ID,PRODUCTO_ID,CANTIDAD_ACTUAL,CANTIDAD_MINIMA,PRECIO_VENTA) VALUES (2,658,0,0,1.990000);

INSERT INTO ALMACEN_PRODUCTO(ALMACEN_ID,PRODUCTO_ID,CANTIDAD_ACTUAL,CANTIDAD_MINIMA,PRECIO_VENTA) VALUES (3,658,12,0,2.900000);

INSERT INTO ALMACEN_PRODUCTO(ALMACEN_ID,PRODUCTO_ID,CANTIDAD_ACTUAL,CANTIDAD_MINIMA,PRECIO_VENTA) VALUES (4,658,100,0,1.990000);

INSERT INTO PROVEEDOR_PRODUCTO(PROVEEDOR_ID,PRODUCTO_ID,PRECIO_COMPRA) VALUES(2,658, 6.857492);

-- ===========PRODUCTO [659]
INSERT INTO PRODUCTO(ID,MARCA_ID,NOMBRE,PRESENTACION,CONTENIDO,UNIDADES_POR_CAJA,COSTO,COSTO_VENTA,PRECIO_BASE,UNIDAD_MEDIDA,CODIGO_BARRAS) VALUES(659,11,'GP PowerCell Battery','Super Alkaline "AA"',10,100.0,38.500000,39.288103,55.701800,'Pz',4.891199095436E12);

INSERT INTO MOVIMIENTO_HISTORICO_PRODUCTO (ALMACEN_ID,PRODUCTO_ID,FECHA,TIPO_MOVIMIENTO_ID,CANTIDAD,COSTO,PRECIO,USUARIO_ID) VALUES(1,659,now(),30,100,39.288103,55.701800,'root');
INSERT INTO ALMACEN_PRODUCTO(ALMACEN_ID,PRODUCTO_ID,CANTIDAD_ACTUAL,CANTIDAD_MINIMA,PRECIO_VENTA) VALUES (1,659,100,0,55.701800);

INSERT INTO ALMACEN_PRODUCTO(ALMACEN_ID,PRODUCTO_ID,CANTIDAD_ACTUAL,CANTIDAD_MINIMA,PRECIO_VENTA) VALUES (2,659,0,0,4.990000);

INSERT INTO ALMACEN_PRODUCTO(ALMACEN_ID,PRODUCTO_ID,CANTIDAD_ACTUAL,CANTIDAD_MINIMA,PRECIO_VENTA) VALUES (3,659,12,0,5.900000);

INSERT INTO ALMACEN_PRODUCTO(ALMACEN_ID,PRODUCTO_ID,CANTIDAD_ACTUAL,CANTIDAD_MINIMA,PRECIO_VENTA) VALUES (4,659,100,0,4.990000);

INSERT INTO PROVEEDOR_PRODUCTO(PROVEEDOR_ID,PRODUCTO_ID,PRECIO_COMPRA) VALUES(2,659, 39.288103);

-- ===========PRODUCTO [660]
INSERT INTO PRODUCTO(ID,MARCA_ID,NOMBRE,PRESENTACION,CONTENIDO,UNIDADES_POR_CAJA,COSTO,COSTO_VENTA,PRECIO_BASE,UNIDAD_MEDIDA,CODIGO_BARRAS) VALUES(660,11,'GP PowerCell Battery','Super Alkaline "AAA"',10,100.0,38.500000,40.857672,57.927100,'Pz',4.891199095443E12);

INSERT INTO MOVIMIENTO_HISTORICO_PRODUCTO (ALMACEN_ID,PRODUCTO_ID,FECHA,TIPO_MOVIMIENTO_ID,CANTIDAD,COSTO,PRECIO,USUARIO_ID) VALUES(1,660,now(),30,100,40.857672,57.927100,'root');
INSERT INTO ALMACEN_PRODUCTO(ALMACEN_ID,PRODUCTO_ID,CANTIDAD_ACTUAL,CANTIDAD_MINIMA,PRECIO_VENTA) VALUES (1,660,100,0,57.927100);

INSERT INTO ALMACEN_PRODUCTO(ALMACEN_ID,PRODUCTO_ID,CANTIDAD_ACTUAL,CANTIDAD_MINIMA,PRECIO_VENTA) VALUES (2,660,0,0,5.990000);

INSERT INTO ALMACEN_PRODUCTO(ALMACEN_ID,PRODUCTO_ID,CANTIDAD_ACTUAL,CANTIDAD_MINIMA,PRECIO_VENTA) VALUES (3,660,12,0,6.500000);

INSERT INTO ALMACEN_PRODUCTO(ALMACEN_ID,PRODUCTO_ID,CANTIDAD_ACTUAL,CANTIDAD_MINIMA,PRECIO_VENTA) VALUES (4,660,100,0,5.990000);

INSERT INTO PROVEEDOR_PRODUCTO(PROVEEDOR_ID,PRODUCTO_ID,PRECIO_COMPRA) VALUES(2,660, 40.857672);

-- ===========PRODUCTO [662]
INSERT INTO PRODUCTO(ID,MARCA_ID,NOMBRE,PRESENTACION,CONTENIDO,UNIDADES_POR_CAJA,COSTO,COSTO_VENTA,PRECIO_BASE,UNIDAD_MEDIDA,CODIGO_BARRAS) VALUES(662,11,'GP PowerCell Battery','Super Alkaline "D"',2,100.0,22.500000,22.960580,32.553000,'Pz',4.891199000003E12);

INSERT INTO MOVIMIENTO_HISTORICO_PRODUCTO (ALMACEN_ID,PRODUCTO_ID,FECHA,TIPO_MOVIMIENTO_ID,CANTIDAD,COSTO,PRECIO,USUARIO_ID) VALUES(1,662,now(),30,100,22.960580,32.553000,'root');
INSERT INTO ALMACEN_PRODUCTO(ALMACEN_ID,PRODUCTO_ID,CANTIDAD_ACTUAL,CANTIDAD_MINIMA,PRECIO_VENTA) VALUES (1,662,100,0,32.553000);

INSERT INTO ALMACEN_PRODUCTO(ALMACEN_ID,PRODUCTO_ID,CANTIDAD_ACTUAL,CANTIDAD_MINIMA,PRECIO_VENTA) VALUES (2,662,0,0,28.900000);

INSERT INTO ALMACEN_PRODUCTO(ALMACEN_ID,PRODUCTO_ID,CANTIDAD_ACTUAL,CANTIDAD_MINIMA,PRECIO_VENTA) VALUES (3,662,12,0,32.900000);

INSERT INTO ALMACEN_PRODUCTO(ALMACEN_ID,PRODUCTO_ID,CANTIDAD_ACTUAL,CANTIDAD_MINIMA,PRECIO_VENTA) VALUES (4,662,100,0,28.900000);

INSERT INTO PROVEEDOR_PRODUCTO(PROVEEDOR_ID,PRODUCTO_ID,PRECIO_COMPRA) VALUES(2,662, 22.960580);

-- ===========
-- ============================= END EXPORT
